INSERT INTO master_list (id, name, code, description, is_active) VALUES ('43491ce9-bc89-4ee5-988d-9dbb2856e398', 'gaps_items', 'gaps_items', 'All Items automatically create for Cold Chain Gap Analysis', true) ON CONFLICT DO NOTHING;
INSERT INTO master_list_name_join (id, master_list_id, name_link_id) SELECT uuid_in(md5(random()::text || random()::text)::cstring), '43491ce9-bc89-4ee5-988d-9dbb2856e398', id FROM name_link WHERE id NOT IN (select name_link_id from master_list_name_join WHERE master_list_id = '43491ce9-bc89-4ee5-988d-9dbb2856e398');
INSERT INTO item (id, name, code, ven_category, type, legacy_record, is_active, is_vaccine, vaccine_doses, default_pack_size) VALUES ('c3ae5cd9-363d-4560-8e96-d2cc343c022c', 'BCG', 'BCG', 'NOT_ASSIGNED', 'STOCK', '', 'True', 'True', 1, 1) ON CONFLICT DO NOTHING;
INSERT INTO item_link (id, item_id) VALUES ('c3ae5cd9-363d-4560-8e96-d2cc343c022c', 'c3ae5cd9-363d-4560-8e96-d2cc343c022c') ON CONFLICT DO NOTHING;
INSERT INTO changelog (record_id, table_name, row_action) VALUES ('c3ae5cd9-363d-4560-8e96-d2cc343c022c', 'item', 'UPSERT');
INSERT INTO master_list_line (id, master_list_id, item_link_id) VALUES (uuid_in(md5(random()::text || random()::text)::cstring), '43491ce9-bc89-4ee5-988d-9dbb2856e398', 'c3ae5cd9-363d-4560-8e96-d2cc343c022c') ON CONFLICT DO NOTHING;
INSERT INTO item_variant (id, name, item_link_id, cold_storage_type_id, doses_per_unit) VALUES ('76bf066b-fe16-4977-9c99-e07c12fcdf3e', 'BCG BCG Vaccine', 'c3ae5cd9-363d-4560-8e96-d2cc343c022c', (SELECT id FROM cold_storage_type WHERE name = '+5' or min_temperature = 2 and max_temperature = 8 LIMIT 1), 10) ON CONFLICT DO NOTHING;
INSERT INTO changelog (record_id, table_name, row_action) VALUES ('76bf066b-fe16-4977-9c99-e07c12fcdf3e', 'item_variant', 'UPSERT');
INSERT INTO packaging_variant (id, item_variant_id, name, packaging_level, volume_per_unit) VALUES ('f9dd6403-a8ea-452e-8d5a-f7ac17bd59b0', '76bf066b-fe16-4977-9c99-e07c12fcdf3e', 'Primary', 1, 2.25) ON CONFLICT DO NOTHING;
INSERT INTO packaging_variant (id, item_variant_id, name, packaging_level, volume_per_unit) VALUES ('3bef6e0c-9183-43da-849e-2686ca572202', '76bf066b-fe16-4977-9c99-e07c12fcdf3e', 'Secondary', 2, 2.25) ON CONFLICT DO NOTHING;
INSERT INTO packaging_variant (id, item_variant_id, name, packaging_level, volume_per_unit) VALUES ('714ed61f-bde4-4f7b-93a6-854ff5894fc3', '76bf066b-fe16-4977-9c99-e07c12fcdf3e', 'Tertiary', 3, 3.37) ON CONFLICT DO NOTHING;
INSERT INTO item (id, name, code, ven_category, type, legacy_record, is_active, is_vaccine, vaccine_doses, default_pack_size) VALUES ('0f1eb292-c149-46c0-a224-c226475e3bc9', 'BCG Diluent', 'BCG_DILUENT', 'NOT_ASSIGNED', 'STOCK', '', 'True', 'False', 0, 1) ON CONFLICT DO NOTHING;
INSERT INTO item_link (id, item_id) VALUES ('0f1eb292-c149-46c0-a224-c226475e3bc9', '0f1eb292-c149-46c0-a224-c226475e3bc9') ON CONFLICT DO NOTHING;
INSERT INTO changelog (record_id, table_name, row_action) VALUES ('0f1eb292-c149-46c0-a224-c226475e3bc9', 'item', 'UPSERT');
INSERT INTO item_variant (id, name, item_link_id, cold_storage_type_id, doses_per_unit) VALUES ('69dae993-6e65-4443-838d-d789b7ec258d', 'BCG BCG Vaccine Diluent', '0f1eb292-c149-46c0-a224-c226475e3bc9', (SELECT id FROM cold_storage_type WHERE name = '+5' or min_temperature = 2 and max_temperature = 8 LIMIT 1), 10) ON CONFLICT DO NOTHING;
INSERT INTO changelog (record_id, table_name, row_action) VALUES ('69dae993-6e65-4443-838d-d789b7ec258d', 'item_variant', 'UPSERT');
INSERT INTO packaging_variant (id, item_variant_id, name, packaging_level, volume_per_unit) VALUES ('beb168fa-a91d-4d6e-ab5d-32bb19cffab2', '69dae993-6e65-4443-838d-d789b7ec258d', 'Primary', 1, 1.1) ON CONFLICT DO NOTHING;
INSERT INTO packaging_variant (id, item_variant_id, name, packaging_level, volume_per_unit) VALUES ('2d5ce369-5f45-4299-a67a-18777c17f287', '69dae993-6e65-4443-838d-d789b7ec258d', 'Secondary', 2, 1.1) ON CONFLICT DO NOTHING;
INSERT INTO packaging_variant (id, item_variant_id, name, packaging_level, volume_per_unit) VALUES ('ac7218f6-ad4f-40ab-aec5-9317667a48c8', '69dae993-6e65-4443-838d-d789b7ec258d', 'Tertiary', 3, 1.1) ON CONFLICT DO NOTHING;
INSERT INTO bundled_item (id, principal_item_variant_id, bundled_item_variant_id, ratio) VALUES ('91a9f63c-a7dd-480b-983d-5e0705d32b23', '76bf066b-fe16-4977-9c99-e07c12fcdf3e', '69dae993-6e65-4443-838d-d789b7ec258d', 1) ON CONFLICT DO NOTHING;
INSERT INTO changelog (record_id, table_name, row_action) VALUES ('91a9f63c-a7dd-480b-983d-5e0705d32b23', 'bundled_item', 'UPSERT');
INSERT INTO item_variant (id, name, item_link_id, cold_storage_type_id, doses_per_unit) VALUES ('0dd92900-6c8f-45a7-bd27-03be38b6815c', 'BCG BCG Vaccine SSI', 'c3ae5cd9-363d-4560-8e96-d2cc343c022c', (SELECT id FROM cold_storage_type WHERE name = '+5' or min_temperature = 2 and max_temperature = 8 LIMIT 1), 10) ON CONFLICT DO NOTHING;
INSERT INTO changelog (record_id, table_name, row_action) VALUES ('0dd92900-6c8f-45a7-bd27-03be38b6815c', 'item_variant', 'UPSERT');
INSERT INTO packaging_variant (id, item_variant_id, name, packaging_level, volume_per_unit) VALUES ('ce857342-e8d8-42d9-8985-8193be0b72ca', '0dd92900-6c8f-45a7-bd27-03be38b6815c', 'Primary', 1, 1.33) ON CONFLICT DO NOTHING;
INSERT INTO packaging_variant (id, item_variant_id, name, packaging_level, volume_per_unit) VALUES ('e46adce8-44aa-444e-818f-4d8f3167cab9', '0dd92900-6c8f-45a7-bd27-03be38b6815c', 'Secondary', 2, 1.33) ON CONFLICT DO NOTHING;
INSERT INTO packaging_variant (id, item_variant_id, name, packaging_level, volume_per_unit) VALUES ('9122f004-730d-4440-8b29-cef4f4b13d10', '0dd92900-6c8f-45a7-bd27-03be38b6815c', 'Tertiary', 3, 1.33) ON CONFLICT DO NOTHING;
INSERT INTO item_variant (id, name, item_link_id, cold_storage_type_id, doses_per_unit) VALUES ('313eb41c-0bd7-40df-b6aa-48219f8af88e', 'BCG BCG Freezed Dried Glutamate vaccine', 'c3ae5cd9-363d-4560-8e96-d2cc343c022c', (SELECT id FROM cold_storage_type WHERE name = '+5' or min_temperature = 2 and max_temperature = 8 LIMIT 1), 10) ON CONFLICT DO NOTHING;
INSERT INTO changelog (record_id, table_name, row_action) VALUES ('313eb41c-0bd7-40df-b6aa-48219f8af88e', 'item_variant', 'UPSERT');
INSERT INTO packaging_variant (id, item_variant_id, name, packaging_level, volume_per_unit) VALUES ('a97af3f1-0090-4900-b26e-e59a27e60fb0', '313eb41c-0bd7-40df-b6aa-48219f8af88e', 'Primary', 1, 1.44) ON CONFLICT DO NOTHING;
INSERT INTO packaging_variant (id, item_variant_id, name, packaging_level, volume_per_unit) VALUES ('9175a7a3-a20d-4519-8b20-efb43c09db26', '313eb41c-0bd7-40df-b6aa-48219f8af88e', 'Secondary', 2, 1.44) ON CONFLICT DO NOTHING;
INSERT INTO packaging_variant (id, item_variant_id, name, packaging_level, volume_per_unit) VALUES ('9829caf6-954a-4b6a-9632-7ae4e50435ae', '313eb41c-0bd7-40df-b6aa-48219f8af88e', 'Tertiary', 3, 4.98) ON CONFLICT DO NOTHING;
INSERT INTO item_variant (id, name, item_link_id, cold_storage_type_id, doses_per_unit) VALUES ('2f59ef96-8f87-4c4d-89be-215eb2a8ae3c', 'BCG BCG Freeze Dried Glutamate vaccine', 'c3ae5cd9-363d-4560-8e96-d2cc343c022c', (SELECT id FROM cold_storage_type WHERE name = '+5' or min_temperature = 2 and max_temperature = 8 LIMIT 1), 20) ON CONFLICT DO NOTHING;
INSERT INTO changelog (record_id, table_name, row_action) VALUES ('2f59ef96-8f87-4c4d-89be-215eb2a8ae3c', 'item_variant', 'UPSERT');
INSERT INTO packaging_variant (id, item_variant_id, name, packaging_level, volume_per_unit) VALUES ('0d9f2e57-3cf7-4af5-9042-51ed55d0a0fb', '2f59ef96-8f87-4c4d-89be-215eb2a8ae3c', 'Primary', 1, 0.72) ON CONFLICT DO NOTHING;
INSERT INTO packaging_variant (id, item_variant_id, name, packaging_level, volume_per_unit) VALUES ('72644cb8-fa53-439a-9533-ac14658c66c9', '2f59ef96-8f87-4c4d-89be-215eb2a8ae3c', 'Secondary', 2, 0.72) ON CONFLICT DO NOTHING;
INSERT INTO packaging_variant (id, item_variant_id, name, packaging_level, volume_per_unit) VALUES ('94186280-2253-4171-9230-4d6b05104287', '2f59ef96-8f87-4c4d-89be-215eb2a8ae3c', 'Tertiary', 3, 2.49) ON CONFLICT DO NOTHING;
INSERT INTO item_variant (id, name, item_link_id, cold_storage_type_id, doses_per_unit) VALUES ('b330b775-c010-49fb-9f11-df69b000c9eb', 'BCG BCG Vaccine', 'c3ae5cd9-363d-4560-8e96-d2cc343c022c', (SELECT id FROM cold_storage_type WHERE name = '+5' or min_temperature = 2 and max_temperature = 8 LIMIT 1), 20) ON CONFLICT DO NOTHING;
INSERT INTO changelog (record_id, table_name, row_action) VALUES ('b330b775-c010-49fb-9f11-df69b000c9eb', 'item_variant', 'UPSERT');
INSERT INTO packaging_variant (id, item_variant_id, name, packaging_level, volume_per_unit) VALUES ('644cd521-b316-4ff0-a51c-a71ba0e1ecb1', 'b330b775-c010-49fb-9f11-df69b000c9eb', 'Primary', 1, 1.13) ON CONFLICT DO NOTHING;
INSERT INTO packaging_variant (id, item_variant_id, name, packaging_level, volume_per_unit) VALUES ('0a05c015-e56a-4bee-9120-aedae45ea575', 'b330b775-c010-49fb-9f11-df69b000c9eb', 'Secondary', 2, 1.13) ON CONFLICT DO NOTHING;
INSERT INTO packaging_variant (id, item_variant_id, name, packaging_level, volume_per_unit) VALUES ('309d4fb8-9e47-4780-b1a8-558acca0fd1f', 'b330b775-c010-49fb-9f11-df69b000c9eb', 'Tertiary', 3, 2.25) ON CONFLICT DO NOTHING;
INSERT INTO item_variant (id, name, item_link_id, cold_storage_type_id, doses_per_unit) VALUES ('56288da7-7d81-4956-aacb-96e00141824f', 'BCG BCG Vaccine', 'c3ae5cd9-363d-4560-8e96-d2cc343c022c', (SELECT id FROM cold_storage_type WHERE name = '+5' or min_temperature = 2 and max_temperature = 8 LIMIT 1), 20) ON CONFLICT DO NOTHING;
INSERT INTO changelog (record_id, table_name, row_action) VALUES ('56288da7-7d81-4956-aacb-96e00141824f', 'item_variant', 'UPSERT');
INSERT INTO packaging_variant (id, item_variant_id, name, packaging_level, volume_per_unit) VALUES ('3ac5c9e2-997a-4aad-8641-5ec50a969848', '56288da7-7d81-4956-aacb-96e00141824f', 'Primary', 1, 0.88) ON CONFLICT DO NOTHING;
INSERT INTO packaging_variant (id, item_variant_id, name, packaging_level, volume_per_unit) VALUES ('2b43ce81-6756-40f1-aac5-28d59e52f7c1', '56288da7-7d81-4956-aacb-96e00141824f', 'Secondary', 2, 0.88) ON CONFLICT DO NOTHING;
INSERT INTO packaging_variant (id, item_variant_id, name, packaging_level, volume_per_unit) VALUES ('e358e2ab-b7ac-498e-9192-a829501827d3', '56288da7-7d81-4956-aacb-96e00141824f', 'Tertiary', 3, 4.32) ON CONFLICT DO NOTHING;
INSERT INTO item_variant (id, name, item_link_id, cold_storage_type_id, doses_per_unit) VALUES ('a802a7a6-de6e-4c0b-b0f5-4450914dc804', 'BCG BCG vaccine (Freeze Dried) - Intradermal', 'c3ae5cd9-363d-4560-8e96-d2cc343c022c', (SELECT id FROM cold_storage_type WHERE name = '+5' or min_temperature = 2 and max_temperature = 8 LIMIT 1), 20) ON CONFLICT DO NOTHING;
INSERT INTO changelog (record_id, table_name, row_action) VALUES ('a802a7a6-de6e-4c0b-b0f5-4450914dc804', 'item_variant', 'UPSERT');
INSERT INTO packaging_variant (id, item_variant_id, name, packaging_level, volume_per_unit) VALUES ('c95564e5-bddc-463f-8523-3d574271fbe8', 'a802a7a6-de6e-4c0b-b0f5-4450914dc804', 'Primary', 1, 0.54) ON CONFLICT DO NOTHING;
INSERT INTO packaging_variant (id, item_variant_id, name, packaging_level, volume_per_unit) VALUES ('f0784c54-11c5-4669-a53e-032c02021597', 'a802a7a6-de6e-4c0b-b0f5-4450914dc804', 'Secondary', 2, 0.54) ON CONFLICT DO NOTHING;
INSERT INTO packaging_variant (id, item_variant_id, name, packaging_level, volume_per_unit) VALUES ('26a71cf4-9bf0-4557-974d-3e6e129e5d8e', 'a802a7a6-de6e-4c0b-b0f5-4450914dc804', 'Tertiary', 3, 0.87) ON CONFLICT DO NOTHING;
INSERT INTO item (id, name, code, ven_category, type, legacy_record, is_active, is_vaccine, vaccine_doses, default_pack_size) VALUES ('cf3881c8-3184-4f16-a1e3-f42aeb62415a', 'Polio Vaccine - Oral (OPV) Bivalent Types 1 and 3', 'bOPV', 'NOT_ASSIGNED', 'STOCK', '', 'True', 'True', 1, 1) ON CONFLICT DO NOTHING;
INSERT INTO item_link (id, item_id) VALUES ('cf3881c8-3184-4f16-a1e3-f42aeb62415a', 'cf3881c8-3184-4f16-a1e3-f42aeb62415a') ON CONFLICT DO NOTHING;
INSERT INTO changelog (record_id, table_name, row_action) VALUES ('cf3881c8-3184-4f16-a1e3-f42aeb62415a', 'item', 'UPSERT');
INSERT INTO master_list_line (id, master_list_id, item_link_id) VALUES (uuid_in(md5(random()::text || random()::text)::cstring), '43491ce9-bc89-4ee5-988d-9dbb2856e398', 'cf3881c8-3184-4f16-a1e3-f42aeb62415a') ON CONFLICT DO NOTHING;
INSERT INTO item_variant (id, name, item_link_id, cold_storage_type_id, doses_per_unit) VALUES ('ad6369bc-19f0-460f-a57c-ee131e37afdb', 'bOPV Polio Sabin One and Three', 'cf3881c8-3184-4f16-a1e3-f42aeb62415a', (SELECT id FROM cold_storage_type WHERE name = '-20' or min_temperature = -20 and max_temperature = -20 LIMIT 1), 10) ON CONFLICT DO NOTHING;
INSERT INTO changelog (record_id, table_name, row_action) VALUES ('ad6369bc-19f0-460f-a57c-ee131e37afdb', 'item_variant', 'UPSERT');
INSERT INTO packaging_variant (id, item_variant_id, name, packaging_level, volume_per_unit) VALUES ('ed85a889-6af6-45d4-9c31-8ff9405bf9ad', 'ad6369bc-19f0-460f-a57c-ee131e37afdb', 'Primary', 1, 0.97) ON CONFLICT DO NOTHING;
INSERT INTO packaging_variant (id, item_variant_id, name, packaging_level, volume_per_unit) VALUES ('413e2a0d-74c3-4ce2-ba46-0a9479932b85', 'ad6369bc-19f0-460f-a57c-ee131e37afdb', 'Secondary', 2, 0.97) ON CONFLICT DO NOTHING;
INSERT INTO packaging_variant (id, item_variant_id, name, packaging_level, volume_per_unit) VALUES ('473577ce-7fc5-4e99-9d96-cd4d9b4e2923', 'ad6369bc-19f0-460f-a57c-ee131e37afdb', 'Tertiary', 3, 3.98) ON CONFLICT DO NOTHING;
INSERT INTO item_variant (id, name, item_link_id, cold_storage_type_id, doses_per_unit) VALUES ('a269e1e4-9ac8-498f-a29a-84f4e9733052', 'bOPV Poliomyelitis Vaccine (Oral), Bivalent types 1 and 3', 'cf3881c8-3184-4f16-a1e3-f42aeb62415a', (SELECT id FROM cold_storage_type WHERE name = '-20' or min_temperature = -20 and max_temperature = -20 LIMIT 1), 10) ON CONFLICT DO NOTHING;
INSERT INTO changelog (record_id, table_name, row_action) VALUES ('a269e1e4-9ac8-498f-a29a-84f4e9733052', 'item_variant', 'UPSERT');
INSERT INTO packaging_variant (id, item_variant_id, name, packaging_level, volume_per_unit) VALUES ('8702d49e-5f62-4c09-8580-d84eb76a0c46', 'a269e1e4-9ac8-498f-a29a-84f4e9733052', 'Primary', 1, 1.76) ON CONFLICT DO NOTHING;
INSERT INTO packaging_variant (id, item_variant_id, name, packaging_level, volume_per_unit) VALUES ('01a3f1c4-f6d8-40fa-9dad-ab5aa28ceb27', 'a269e1e4-9ac8-498f-a29a-84f4e9733052', 'Secondary', 2, 1.76) ON CONFLICT DO NOTHING;
INSERT INTO packaging_variant (id, item_variant_id, name, packaging_level, volume_per_unit) VALUES ('616fcd72-5e14-45d4-8191-a2ccd21677fa', 'a269e1e4-9ac8-498f-a29a-84f4e9733052', 'Tertiary', 3, 11.52) ON CONFLICT DO NOTHING;
INSERT INTO item_variant (id, name, item_link_id, cold_storage_type_id, doses_per_unit) VALUES ('c2a6d1eb-65f8-440f-b335-97925b418c47', 'bOPV Bivalent Oral Poliomyelitis Vaccine Type 1&3 (bOPV 1&3)', 'cf3881c8-3184-4f16-a1e3-f42aeb62415a', (SELECT id FROM cold_storage_type WHERE name = '-20' or min_temperature = -20 and max_temperature = -20 LIMIT 1), 10) ON CONFLICT DO NOTHING;
INSERT INTO changelog (record_id, table_name, row_action) VALUES ('c2a6d1eb-65f8-440f-b335-97925b418c47', 'item_variant', 'UPSERT');
INSERT INTO packaging_variant (id, item_variant_id, name, packaging_level, volume_per_unit) VALUES ('22fa83cf-c1fc-4b1c-9335-a42da4ede679', 'c2a6d1eb-65f8-440f-b335-97925b418c47', 'Primary', 1, 1.4) ON CONFLICT DO NOTHING;
INSERT INTO packaging_variant (id, item_variant_id, name, packaging_level, volume_per_unit) VALUES ('9d11b81c-b5cb-4e5a-bb74-2eef5c38822a', 'c2a6d1eb-65f8-440f-b335-97925b418c47', 'Secondary', 2, 1.4) ON CONFLICT DO NOTHING;
INSERT INTO packaging_variant (id, item_variant_id, name, packaging_level, volume_per_unit) VALUES ('7923bd4b-4a8b-422e-9c46-011561e3ef8e', 'c2a6d1eb-65f8-440f-b335-97925b418c47', 'Tertiary', 3, 6.22) ON CONFLICT DO NOTHING;
INSERT INTO item_variant (id, name, item_link_id, cold_storage_type_id, doses_per_unit) VALUES ('99483ddc-15e3-45f7-80e9-9976a6536594', 'bOPV BIOPOLIO B1/3', 'cf3881c8-3184-4f16-a1e3-f42aeb62415a', (SELECT id FROM cold_storage_type WHERE name = '-20' or min_temperature = -20 and max_temperature = -20 LIMIT 1), 10) ON CONFLICT DO NOTHING;
INSERT INTO changelog (record_id, table_name, row_action) VALUES ('99483ddc-15e3-45f7-80e9-9976a6536594', 'item_variant', 'UPSERT');
INSERT INTO packaging_variant (id, item_variant_id, name, packaging_level, volume_per_unit) VALUES ('f487d7cd-8f47-4001-a809-021088632a6c', '99483ddc-15e3-45f7-80e9-9976a6536594', 'Primary', 1, 0) ON CONFLICT DO NOTHING;
INSERT INTO packaging_variant (id, item_variant_id, name, packaging_level, volume_per_unit) VALUES ('2ef0b930-5916-4612-8706-d2f51862de85', '99483ddc-15e3-45f7-80e9-9976a6536594', 'Secondary', 2, 0) ON CONFLICT DO NOTHING;
INSERT INTO packaging_variant (id, item_variant_id, name, packaging_level, volume_per_unit) VALUES ('e8541ff5-b603-4de1-bda8-2853d0f5d0c1', '99483ddc-15e3-45f7-80e9-9976a6536594', 'Tertiary', 3, 0) ON CONFLICT DO NOTHING;
INSERT INTO item_variant (id, name, item_link_id, cold_storage_type_id, doses_per_unit) VALUES ('bcc84850-3037-48e4-9922-dee0ab90e03c', 'bOPV Polio Sabin One and Three', 'cf3881c8-3184-4f16-a1e3-f42aeb62415a', (SELECT id FROM cold_storage_type WHERE name = '-20' or min_temperature = -20 and max_temperature = -20 LIMIT 1), 20) ON CONFLICT DO NOTHING;
INSERT INTO changelog (record_id, table_name, row_action) VALUES ('bcc84850-3037-48e4-9922-dee0ab90e03c', 'item_variant', 'UPSERT');
INSERT INTO packaging_variant (id, item_variant_id, name, packaging_level, volume_per_unit) VALUES ('b95b7af3-5b45-4db2-b5f9-cf6ba39e0534', 'bcc84850-3037-48e4-9922-dee0ab90e03c', 'Primary', 1, 0.48) ON CONFLICT DO NOTHING;
INSERT INTO packaging_variant (id, item_variant_id, name, packaging_level, volume_per_unit) VALUES ('93ff7b1d-9f9a-4840-a48b-1192b85283aa', 'bcc84850-3037-48e4-9922-dee0ab90e03c', 'Secondary', 2, 0.48) ON CONFLICT DO NOTHING;
INSERT INTO packaging_variant (id, item_variant_id, name, packaging_level, volume_per_unit) VALUES ('d3ad911f-66b5-4448-aa4a-d8c7d0bb80d9', 'bcc84850-3037-48e4-9922-dee0ab90e03c', 'Tertiary', 3, 1.99) ON CONFLICT DO NOTHING;
INSERT INTO item_variant (id, name, item_link_id, cold_storage_type_id, doses_per_unit) VALUES ('d19187f4-c593-4cd4-80f5-9ee3e08c914d', 'bOPV Bivalent Oral Poliomyelitis Vaccine Type 1&3 (bOPV 1&3)', 'cf3881c8-3184-4f16-a1e3-f42aeb62415a', (SELECT id FROM cold_storage_type WHERE name = '-20' or min_temperature = -20 and max_temperature = -20 LIMIT 1), 20) ON CONFLICT DO NOTHING;
INSERT INTO changelog (record_id, table_name, row_action) VALUES ('d19187f4-c593-4cd4-80f5-9ee3e08c914d', 'item_variant', 'UPSERT');
INSERT INTO packaging_variant (id, item_variant_id, name, packaging_level, volume_per_unit) VALUES ('96f28df1-2176-413f-a6e5-43b5b66fd772', 'd19187f4-c593-4cd4-80f5-9ee3e08c914d', 'Primary', 1, 0.55) ON CONFLICT DO NOTHING;
INSERT INTO packaging_variant (id, item_variant_id, name, packaging_level, volume_per_unit) VALUES ('5705e2f2-cc0b-4e37-bb09-a89a4155e9a2', 'd19187f4-c593-4cd4-80f5-9ee3e08c914d', 'Secondary', 2, 0.55) ON CONFLICT DO NOTHING;
INSERT INTO packaging_variant (id, item_variant_id, name, packaging_level, volume_per_unit) VALUES ('0db662b7-7be1-48ba-becf-3f866b17d901', 'd19187f4-c593-4cd4-80f5-9ee3e08c914d', 'Tertiary', 3, 4.14) ON CONFLICT DO NOTHING;
INSERT INTO item_variant (id, name, item_link_id, cold_storage_type_id, doses_per_unit) VALUES ('c4d7652f-572f-4b41-a137-669545644ead', 'bOPV Bivalent type 1&3 Oral Poliomyelitis vaccine, IP (bOPV1&3)', 'cf3881c8-3184-4f16-a1e3-f42aeb62415a', (SELECT id FROM cold_storage_type WHERE name = '-20' or min_temperature = -20 and max_temperature = -20 LIMIT 1), 20) ON CONFLICT DO NOTHING;
INSERT INTO changelog (record_id, table_name, row_action) VALUES ('c4d7652f-572f-4b41-a137-669545644ead', 'item_variant', 'UPSERT');
INSERT INTO packaging_variant (id, item_variant_id, name, packaging_level, volume_per_unit) VALUES ('a7cffb80-3d4b-453f-b23f-09ed7bd5dbc7', 'c4d7652f-572f-4b41-a137-669545644ead', 'Primary', 1, 1) ON CONFLICT DO NOTHING;
INSERT INTO packaging_variant (id, item_variant_id, name, packaging_level, volume_per_unit) VALUES ('676c36c3-397b-434e-a528-a52b4307e4c2', 'c4d7652f-572f-4b41-a137-669545644ead', 'Secondary', 2, 1) ON CONFLICT DO NOTHING;
INSERT INTO packaging_variant (id, item_variant_id, name, packaging_level, volume_per_unit) VALUES ('0f72c6f7-d567-4ca1-b62a-5e8335ed575a', 'c4d7652f-572f-4b41-a137-669545644ead', 'Tertiary', 3, 1) ON CONFLICT DO NOTHING;
INSERT INTO item_variant (id, name, item_link_id, cold_storage_type_id, doses_per_unit) VALUES ('8115d7ca-4ed0-4690-b949-6a032e4d2e63', 'bOPV BIOPOLIO B1/3', 'cf3881c8-3184-4f16-a1e3-f42aeb62415a', (SELECT id FROM cold_storage_type WHERE name = '-20' or min_temperature = -20 and max_temperature = -20 LIMIT 1), 20) ON CONFLICT DO NOTHING;
INSERT INTO changelog (record_id, table_name, row_action) VALUES ('8115d7ca-4ed0-4690-b949-6a032e4d2e63', 'item_variant', 'UPSERT');
INSERT INTO packaging_variant (id, item_variant_id, name, packaging_level, volume_per_unit) VALUES ('724067e4-8cdc-4a6a-9fc7-064f2c7f1f81', '8115d7ca-4ed0-4690-b949-6a032e4d2e63', 'Primary', 1, 0.85) ON CONFLICT DO NOTHING;
INSERT INTO packaging_variant (id, item_variant_id, name, packaging_level, volume_per_unit) VALUES ('68cc6ca7-02e2-44b4-a0df-6c394ec71005', '8115d7ca-4ed0-4690-b949-6a032e4d2e63', 'Secondary', 2, 0.85) ON CONFLICT DO NOTHING;
INSERT INTO packaging_variant (id, item_variant_id, name, packaging_level, volume_per_unit) VALUES ('693dbe21-8f47-466e-ab34-b6dfc57db113', '8115d7ca-4ed0-4690-b949-6a032e4d2e63', 'Tertiary', 3, 5.42) ON CONFLICT DO NOTHING;
INSERT INTO item_variant (id, name, item_link_id, cold_storage_type_id, doses_per_unit) VALUES ('1a17dcaa-b28f-404e-a217-e184af2b0cf5', 'bOPV none', 'cf3881c8-3184-4f16-a1e3-f42aeb62415a', (SELECT id FROM cold_storage_type WHERE name = '-20' or min_temperature = -20 and max_temperature = -20 LIMIT 1), 20) ON CONFLICT DO NOTHING;
INSERT INTO changelog (record_id, table_name, row_action) VALUES ('1a17dcaa-b28f-404e-a217-e184af2b0cf5', 'item_variant', 'UPSERT');
INSERT INTO packaging_variant (id, item_variant_id, name, packaging_level, volume_per_unit) VALUES ('0655c8c0-65e7-44f3-9005-54bdacfb4cfd', '1a17dcaa-b28f-404e-a217-e184af2b0cf5', 'Primary', 1, 0.49) ON CONFLICT DO NOTHING;
INSERT INTO packaging_variant (id, item_variant_id, name, packaging_level, volume_per_unit) VALUES ('cb84fab4-c71a-4c88-9d49-5d966edeb4b7', '1a17dcaa-b28f-404e-a217-e184af2b0cf5', 'Secondary', 2, 0.49) ON CONFLICT DO NOTHING;
INSERT INTO packaging_variant (id, item_variant_id, name, packaging_level, volume_per_unit) VALUES ('03d5cc8d-6019-40e1-a6e5-00c160c13869', '1a17dcaa-b28f-404e-a217-e184af2b0cf5', 'Tertiary', 3, 2.42) ON CONFLICT DO NOTHING;
INSERT INTO item_variant (id, name, item_link_id, cold_storage_type_id, doses_per_unit) VALUES ('a3e7c3b1-3649-4e26-876d-42fb12fd2b8d', 'bOPV Poliomyelitis Vaccine (Oral), Bivalent types 1 and 3', 'cf3881c8-3184-4f16-a1e3-f42aeb62415a', (SELECT id FROM cold_storage_type WHERE name = '-20' or min_temperature = -20 and max_temperature = -20 LIMIT 1), 20) ON CONFLICT DO NOTHING;
INSERT INTO changelog (record_id, table_name, row_action) VALUES ('a3e7c3b1-3649-4e26-876d-42fb12fd2b8d', 'item_variant', 'UPSERT');
INSERT INTO packaging_variant (id, item_variant_id, name, packaging_level, volume_per_unit) VALUES ('e476acf3-49fe-4aba-997f-de4598315d25', 'a3e7c3b1-3649-4e26-876d-42fb12fd2b8d', 'Primary', 1, 0.88) ON CONFLICT DO NOTHING;
INSERT INTO packaging_variant (id, item_variant_id, name, packaging_level, volume_per_unit) VALUES ('fc619346-20d6-4826-bb25-7a0418c130bd', 'a3e7c3b1-3649-4e26-876d-42fb12fd2b8d', 'Secondary', 2, 0.88) ON CONFLICT DO NOTHING;
INSERT INTO packaging_variant (id, item_variant_id, name, packaging_level, volume_per_unit) VALUES ('908fd18d-d16a-4af5-9ce9-dacb7e019368', 'a3e7c3b1-3649-4e26-876d-42fb12fd2b8d', 'Tertiary', 3, 5.76) ON CONFLICT DO NOTHING;
INSERT INTO item (id, name, code, ven_category, type, legacy_record, is_active, is_vaccine, vaccine_doses, default_pack_size) VALUES ('f798ebc7-c7e7-4bc8-83fc-24466cbcfca0', 'Dengue Tetravalent (live, attenuated)', 'Dengue', 'NOT_ASSIGNED', 'STOCK', '', 'True', 'True', 1, 1) ON CONFLICT DO NOTHING;
INSERT INTO item_link (id, item_id) VALUES ('f798ebc7-c7e7-4bc8-83fc-24466cbcfca0', 'f798ebc7-c7e7-4bc8-83fc-24466cbcfca0') ON CONFLICT DO NOTHING;
INSERT INTO changelog (record_id, table_name, row_action) VALUES ('f798ebc7-c7e7-4bc8-83fc-24466cbcfca0', 'item', 'UPSERT');
INSERT INTO master_list_line (id, master_list_id, item_link_id) VALUES (uuid_in(md5(random()::text || random()::text)::cstring), '43491ce9-bc89-4ee5-988d-9dbb2856e398', 'f798ebc7-c7e7-4bc8-83fc-24466cbcfca0') ON CONFLICT DO NOTHING;
INSERT INTO item_variant (id, name, item_link_id, cold_storage_type_id, doses_per_unit) VALUES ('e88bbd8c-dad0-4e17-83a7-e82175366015', 'Dengue Dengvaxia', 'f798ebc7-c7e7-4bc8-83fc-24466cbcfca0', (SELECT id FROM cold_storage_type WHERE name = '+5' or min_temperature = 2 and max_temperature = 8 LIMIT 1), 5) ON CONFLICT DO NOTHING;
INSERT INTO changelog (record_id, table_name, row_action) VALUES ('e88bbd8c-dad0-4e17-83a7-e82175366015', 'item_variant', 'UPSERT');
INSERT INTO packaging_variant (id, item_variant_id, name, packaging_level, volume_per_unit) VALUES ('4888b542-5b42-4f66-9315-fd38a7d046ad', 'e88bbd8c-dad0-4e17-83a7-e82175366015', 'Primary', 1, 5.22) ON CONFLICT DO NOTHING;
INSERT INTO packaging_variant (id, item_variant_id, name, packaging_level, volume_per_unit) VALUES ('747271cf-5107-4a5c-ae38-ee2611fa858d', 'e88bbd8c-dad0-4e17-83a7-e82175366015', 'Secondary', 2, 5.22) ON CONFLICT DO NOTHING;
INSERT INTO packaging_variant (id, item_variant_id, name, packaging_level, volume_per_unit) VALUES ('48a1aab7-90c2-41a9-9764-416fd0c3c9e3', 'e88bbd8c-dad0-4e17-83a7-e82175366015', 'Tertiary', 3, 5.98) ON CONFLICT DO NOTHING;
INSERT INTO item (id, name, code, ven_category, type, legacy_record, is_active, is_vaccine, vaccine_doses, default_pack_size) VALUES ('6acb67c7-7025-40a9-809c-8d0a93e9bb42', 'Diphtheria-Tetanus', 'DT', 'NOT_ASSIGNED', 'STOCK', '', 'True', 'True', 1, 1) ON CONFLICT DO NOTHING;
INSERT INTO item_link (id, item_id) VALUES ('6acb67c7-7025-40a9-809c-8d0a93e9bb42', '6acb67c7-7025-40a9-809c-8d0a93e9bb42') ON CONFLICT DO NOTHING;
INSERT INTO changelog (record_id, table_name, row_action) VALUES ('6acb67c7-7025-40a9-809c-8d0a93e9bb42', 'item', 'UPSERT');
INSERT INTO master_list_line (id, master_list_id, item_link_id) VALUES (uuid_in(md5(random()::text || random()::text)::cstring), '43491ce9-bc89-4ee5-988d-9dbb2856e398', '6acb67c7-7025-40a9-809c-8d0a93e9bb42') ON CONFLICT DO NOTHING;
INSERT INTO item_variant (id, name, item_link_id, cold_storage_type_id, doses_per_unit) VALUES ('8defbfd4-ab74-4710-a1ef-286c47125757', 'DT Diphtheria and Tetanus Vaccine Adsorbed (Paediatric)', '6acb67c7-7025-40a9-809c-8d0a93e9bb42', (SELECT id FROM cold_storage_type WHERE name = '+5' or min_temperature = 2 and max_temperature = 8 LIMIT 1), 1) ON CONFLICT DO NOTHING;
INSERT INTO changelog (record_id, table_name, row_action) VALUES ('8defbfd4-ab74-4710-a1ef-286c47125757', 'item_variant', 'UPSERT');
INSERT INTO packaging_variant (id, item_variant_id, name, packaging_level, volume_per_unit) VALUES ('4064b122-2a5f-4186-b1f3-317d647030de', '8defbfd4-ab74-4710-a1ef-286c47125757', 'Primary', 1, 12.18) ON CONFLICT DO NOTHING;
INSERT INTO packaging_variant (id, item_variant_id, name, packaging_level, volume_per_unit) VALUES ('3a9cb910-3fdb-472c-b62e-5ee1c1906b4d', '8defbfd4-ab74-4710-a1ef-286c47125757', 'Secondary', 2, 12.18) ON CONFLICT DO NOTHING;
INSERT INTO packaging_variant (id, item_variant_id, name, packaging_level, volume_per_unit) VALUES ('25586137-25cf-4f25-bd06-1daea28de2a8', '8defbfd4-ab74-4710-a1ef-286c47125757', 'Tertiary', 3, 9.84) ON CONFLICT DO NOTHING;
INSERT INTO item_variant (id, name, item_link_id, cold_storage_type_id, doses_per_unit) VALUES ('5ac549cf-d8bb-4383-b0eb-68e2f2ec8b51', 'DT Adsorbed DT Vaccine', '6acb67c7-7025-40a9-809c-8d0a93e9bb42', (SELECT id FROM cold_storage_type WHERE name = '+5' or min_temperature = 2 and max_temperature = 8 LIMIT 1), 10) ON CONFLICT DO NOTHING;
INSERT INTO changelog (record_id, table_name, row_action) VALUES ('5ac549cf-d8bb-4383-b0eb-68e2f2ec8b51', 'item_variant', 'UPSERT');
INSERT INTO packaging_variant (id, item_variant_id, name, packaging_level, volume_per_unit) VALUES ('a7916f34-ab3a-4f25-bea5-b575ff3e07f5', '5ac549cf-d8bb-4383-b0eb-68e2f2ec8b51', 'Primary', 1, 2.38) ON CONFLICT DO NOTHING;
INSERT INTO packaging_variant (id, item_variant_id, name, packaging_level, volume_per_unit) VALUES ('5df0a2e0-add5-4ca1-9d92-7d4d90b95639', '5ac549cf-d8bb-4383-b0eb-68e2f2ec8b51', 'Secondary', 2, 2.38) ON CONFLICT DO NOTHING;
INSERT INTO packaging_variant (id, item_variant_id, name, packaging_level, volume_per_unit) VALUES ('195bed95-d458-4df8-b6c4-cfbc646ca446', '5ac549cf-d8bb-4383-b0eb-68e2f2ec8b51', 'Tertiary', 3, 9.47) ON CONFLICT DO NOTHING;
INSERT INTO item_variant (id, name, item_link_id, cold_storage_type_id, doses_per_unit) VALUES ('c821759c-9150-4165-bcac-8b70a7392ae5', 'DT Diftet', '6acb67c7-7025-40a9-809c-8d0a93e9bb42', (SELECT id FROM cold_storage_type WHERE name = '+5' or min_temperature = 2 and max_temperature = 8 LIMIT 1), 10) ON CONFLICT DO NOTHING;
INSERT INTO changelog (record_id, table_name, row_action) VALUES ('c821759c-9150-4165-bcac-8b70a7392ae5', 'item_variant', 'UPSERT');
INSERT INTO packaging_variant (id, item_variant_id, name, packaging_level, volume_per_unit) VALUES ('c9ffec7b-4f42-4e50-8e83-eeb7d94b1990', 'c821759c-9150-4165-bcac-8b70a7392ae5', 'Primary', 1, 3.78) ON CONFLICT DO NOTHING;
INSERT INTO packaging_variant (id, item_variant_id, name, packaging_level, volume_per_unit) VALUES ('60e17c19-6809-4d16-b375-6656acf6c873', 'c821759c-9150-4165-bcac-8b70a7392ae5', 'Secondary', 2, 3.78) ON CONFLICT DO NOTHING;
INSERT INTO packaging_variant (id, item_variant_id, name, packaging_level, volume_per_unit) VALUES ('6163a331-4f1b-46dd-a20b-be408bd578be', 'c821759c-9150-4165-bcac-8b70a7392ae5', 'Tertiary', 3, 9.29) ON CONFLICT DO NOTHING;
INSERT INTO item_variant (id, name, item_link_id, cold_storage_type_id, doses_per_unit) VALUES ('ba570674-c76c-4219-bb02-9b1bb82a8dd1', 'DT Diphtheria and Tetanus Vaccine Adsorbed (Pediatric)', '6acb67c7-7025-40a9-809c-8d0a93e9bb42', (SELECT id FROM cold_storage_type WHERE name = '+5' or min_temperature = 2 and max_temperature = 8 LIMIT 1), 10) ON CONFLICT DO NOTHING;
INSERT INTO changelog (record_id, table_name, row_action) VALUES ('ba570674-c76c-4219-bb02-9b1bb82a8dd1', 'item_variant', 'UPSERT');
INSERT INTO packaging_variant (id, item_variant_id, name, packaging_level, volume_per_unit) VALUES ('18b42023-3739-4c39-9eb4-445126f93880', 'ba570674-c76c-4219-bb02-9b1bb82a8dd1', 'Primary', 1, 2.11) ON CONFLICT DO NOTHING;
INSERT INTO packaging_variant (id, item_variant_id, name, packaging_level, volume_per_unit) VALUES ('2ec3a3be-a09a-4401-9856-4a23fb6116ef', 'ba570674-c76c-4219-bb02-9b1bb82a8dd1', 'Secondary', 2, 2.11) ON CONFLICT DO NOTHING;
INSERT INTO packaging_variant (id, item_variant_id, name, packaging_level, volume_per_unit) VALUES ('dbfbe11b-edce-4ae4-bf14-9c0fa3f96d42', 'ba570674-c76c-4219-bb02-9b1bb82a8dd1', 'Tertiary', 3, 9.84) ON CONFLICT DO NOTHING;
INSERT INTO item_variant (id, name, item_link_id, cold_storage_type_id, doses_per_unit) VALUES ('ac1cbfea-221d-4ef5-ad45-606402323ee9', 'DT Diftet', '6acb67c7-7025-40a9-809c-8d0a93e9bb42', (SELECT id FROM cold_storage_type WHERE name = '+5' or min_temperature = 2 and max_temperature = 8 LIMIT 1), 20) ON CONFLICT DO NOTHING;
INSERT INTO changelog (record_id, table_name, row_action) VALUES ('ac1cbfea-221d-4ef5-ad45-606402323ee9', 'item_variant', 'UPSERT');
INSERT INTO packaging_variant (id, item_variant_id, name, packaging_level, volume_per_unit) VALUES ('14b104a0-615f-426a-b2c5-033d7ae941e7', 'ac1cbfea-221d-4ef5-ad45-606402323ee9', 'Primary', 1, 1.89) ON CONFLICT DO NOTHING;
INSERT INTO packaging_variant (id, item_variant_id, name, packaging_level, volume_per_unit) VALUES ('331bcd50-eece-4bbc-8540-9d57c2c5e15c', 'ac1cbfea-221d-4ef5-ad45-606402323ee9', 'Secondary', 2, 1.89) ON CONFLICT DO NOTHING;
INSERT INTO packaging_variant (id, item_variant_id, name, packaging_level, volume_per_unit) VALUES ('28b67704-ebe8-49e5-b1cf-9e37fddf6ae5', 'ac1cbfea-221d-4ef5-ad45-606402323ee9', 'Tertiary', 3, 1.89) ON CONFLICT DO NOTHING;
INSERT INTO item_variant (id, name, item_link_id, cold_storage_type_id, doses_per_unit) VALUES ('6e2c79f7-0bf9-4705-ad87-1c7b018b9022', 'DT Diphtheria and Tetanus Vaccine Adsorbed (Pediatric)', '6acb67c7-7025-40a9-809c-8d0a93e9bb42', (SELECT id FROM cold_storage_type WHERE name = '+5' or min_temperature = 2 and max_temperature = 8 LIMIT 1), 20) ON CONFLICT DO NOTHING;
INSERT INTO changelog (record_id, table_name, row_action) VALUES ('6e2c79f7-0bf9-4705-ad87-1c7b018b9022', 'item_variant', 'UPSERT');
INSERT INTO packaging_variant (id, item_variant_id, name, packaging_level, volume_per_unit) VALUES ('a861ffda-be9a-49d8-9700-aac75796fdbf', '6e2c79f7-0bf9-4705-ad87-1c7b018b9022', 'Primary', 1, 2.12) ON CONFLICT DO NOTHING;
INSERT INTO packaging_variant (id, item_variant_id, name, packaging_level, volume_per_unit) VALUES ('9f73df55-05f4-4ba2-bfb5-95802ace92aa', '6e2c79f7-0bf9-4705-ad87-1c7b018b9022', 'Secondary', 2, 2.12) ON CONFLICT DO NOTHING;
INSERT INTO packaging_variant (id, item_variant_id, name, packaging_level, volume_per_unit) VALUES ('829abe64-9839-4c89-a514-6b6fb8ed35f5', '6e2c79f7-0bf9-4705-ad87-1c7b018b9022', 'Tertiary', 3, 9.84) ON CONFLICT DO NOTHING;
INSERT INTO item (id, name, code, ven_category, type, legacy_record, is_active, is_vaccine, vaccine_doses, default_pack_size) VALUES ('4e4f75a6-aa5a-426a-aea8-416390c5eccf', 'Diphtheria-Tetanus-Pertussis (acellular)', 'DTaP', 'NOT_ASSIGNED', 'STOCK', '', 'True', 'True', 1, 1) ON CONFLICT DO NOTHING;
INSERT INTO item_link (id, item_id) VALUES ('4e4f75a6-aa5a-426a-aea8-416390c5eccf', '4e4f75a6-aa5a-426a-aea8-416390c5eccf') ON CONFLICT DO NOTHING;
INSERT INTO changelog (record_id, table_name, row_action) VALUES ('4e4f75a6-aa5a-426a-aea8-416390c5eccf', 'item', 'UPSERT');
INSERT INTO master_list_line (id, master_list_id, item_link_id) VALUES (uuid_in(md5(random()::text || random()::text)::cstring), '43491ce9-bc89-4ee5-988d-9dbb2856e398', '4e4f75a6-aa5a-426a-aea8-416390c5eccf') ON CONFLICT DO NOTHING;
INSERT INTO item_variant (id, name, item_link_id, cold_storage_type_id, doses_per_unit) VALUES ('c9c186b0-fc06-4a0a-bb35-139d8414a3cb', 'DTaP Boostrix', '4e4f75a6-aa5a-426a-aea8-416390c5eccf', (SELECT id FROM cold_storage_type WHERE name = '+5' or min_temperature = 2 and max_temperature = 8 LIMIT 1), 1) ON CONFLICT DO NOTHING;
INSERT INTO changelog (record_id, table_name, row_action) VALUES ('c9c186b0-fc06-4a0a-bb35-139d8414a3cb', 'item_variant', 'UPSERT');
INSERT INTO packaging_variant (id, item_variant_id, name, packaging_level, volume_per_unit) VALUES ('d7a346fe-87b7-4e7c-b25d-fe3e31df1106', 'c9c186b0-fc06-4a0a-bb35-139d8414a3cb', 'Primary', 1, 9.7) ON CONFLICT DO NOTHING;
INSERT INTO packaging_variant (id, item_variant_id, name, packaging_level, volume_per_unit) VALUES ('75cc704a-fe4b-47a7-ae1b-5754e4ec1921', 'c9c186b0-fc06-4a0a-bb35-139d8414a3cb', 'Secondary', 2, 9.7) ON CONFLICT DO NOTHING;
INSERT INTO packaging_variant (id, item_variant_id, name, packaging_level, volume_per_unit) VALUES ('ce1b578d-a7aa-404a-97c8-addaf0583c56', 'c9c186b0-fc06-4a0a-bb35-139d8414a3cb', 'Tertiary', 3, 15.23) ON CONFLICT DO NOTHING;
INSERT INTO item_variant (id, name, item_link_id, cold_storage_type_id, doses_per_unit) VALUES ('d5adaf71-dfa1-4eb9-bcc6-429ba1bcaa7a', 'DTaP Adacel', '4e4f75a6-aa5a-426a-aea8-416390c5eccf', (SELECT id FROM cold_storage_type WHERE name = '+5' or min_temperature = 2 and max_temperature = 8 LIMIT 1), 1) ON CONFLICT DO NOTHING;
INSERT INTO changelog (record_id, table_name, row_action) VALUES ('d5adaf71-dfa1-4eb9-bcc6-429ba1bcaa7a', 'item_variant', 'UPSERT');
INSERT INTO packaging_variant (id, item_variant_id, name, packaging_level, volume_per_unit) VALUES ('4970965f-cf2b-4c3e-95d6-b4d03758b215', 'd5adaf71-dfa1-4eb9-bcc6-429ba1bcaa7a', 'Primary', 1, 19.5) ON CONFLICT DO NOTHING;
INSERT INTO packaging_variant (id, item_variant_id, name, packaging_level, volume_per_unit) VALUES ('54ab56b7-2329-4f55-8b1e-117db1b24929', 'd5adaf71-dfa1-4eb9-bcc6-429ba1bcaa7a', 'Secondary', 2, 19.5) ON CONFLICT DO NOTHING;
INSERT INTO packaging_variant (id, item_variant_id, name, packaging_level, volume_per_unit) VALUES ('43c4029b-b9b6-45c3-883b-9d6863716b5d', 'd5adaf71-dfa1-4eb9-bcc6-429ba1bcaa7a', 'Tertiary', 3, 128.6) ON CONFLICT DO NOTHING;
INSERT INTO item (id, name, code, ven_category, type, legacy_record, is_active, is_vaccine, vaccine_doses, default_pack_size) VALUES ('0151398e-707a-46e4-b2cb-fe644d745fba', 'Diphtheria-Tetanus-Pertussis (acellular)-Hepatitis B-Haemophilus influenzae type b-Polio (Inactivated)', 'DTaP-HepB-Hib-IPV', 'NOT_ASSIGNED', 'STOCK', '', 'True', 'True', 1, 1) ON CONFLICT DO NOTHING;
INSERT INTO item_link (id, item_id) VALUES ('0151398e-707a-46e4-b2cb-fe644d745fba', '0151398e-707a-46e4-b2cb-fe644d745fba') ON CONFLICT DO NOTHING;
INSERT INTO changelog (record_id, table_name, row_action) VALUES ('0151398e-707a-46e4-b2cb-fe644d745fba', 'item', 'UPSERT');
INSERT INTO master_list_line (id, master_list_id, item_link_id) VALUES (uuid_in(md5(random()::text || random()::text)::cstring), '43491ce9-bc89-4ee5-988d-9dbb2856e398', '0151398e-707a-46e4-b2cb-fe644d745fba') ON CONFLICT DO NOTHING;
INSERT INTO item_variant (id, name, item_link_id, cold_storage_type_id, doses_per_unit) VALUES ('d39bc395-e576-498b-a85a-162ab2215d02', 'DTaP-HepB-Hib-IPV Hexaxim', '0151398e-707a-46e4-b2cb-fe644d745fba', (SELECT id FROM cold_storage_type WHERE name = '+5' or min_temperature = 2 and max_temperature = 8 LIMIT 1), 1) ON CONFLICT DO NOTHING;
INSERT INTO changelog (record_id, table_name, row_action) VALUES ('d39bc395-e576-498b-a85a-162ab2215d02', 'item_variant', 'UPSERT');
INSERT INTO packaging_variant (id, item_variant_id, name, packaging_level, volume_per_unit) VALUES ('bcb3b95a-6f22-4edb-91e8-f9d3c5da5d57', 'd39bc395-e576-498b-a85a-162ab2215d02', 'Primary', 1, 11.32) ON CONFLICT DO NOTHING;
INSERT INTO packaging_variant (id, item_variant_id, name, packaging_level, volume_per_unit) VALUES ('3e21b1ce-8c03-494d-8636-6349eb635b24', 'd39bc395-e576-498b-a85a-162ab2215d02', 'Secondary', 2, 11.32) ON CONFLICT DO NOTHING;
INSERT INTO packaging_variant (id, item_variant_id, name, packaging_level, volume_per_unit) VALUES ('2002b8ce-ddd2-4ec3-8530-c21961af8827', 'd39bc395-e576-498b-a85a-162ab2215d02', 'Tertiary', 3, 67.51) ON CONFLICT DO NOTHING;
INSERT INTO item (id, name, code, ven_category, type, legacy_record, is_active, is_vaccine, vaccine_doses, default_pack_size) VALUES ('d9d4ab55-bdb8-4a2c-ad4f-29c9c189f5dc', 'Diphtheria-Tetanus-Pertussis (whole cell)', 'DTwP', 'NOT_ASSIGNED', 'STOCK', '', 'True', 'True', 1, 1) ON CONFLICT DO NOTHING;
INSERT INTO item_link (id, item_id) VALUES ('d9d4ab55-bdb8-4a2c-ad4f-29c9c189f5dc', 'd9d4ab55-bdb8-4a2c-ad4f-29c9c189f5dc') ON CONFLICT DO NOTHING;
INSERT INTO changelog (record_id, table_name, row_action) VALUES ('d9d4ab55-bdb8-4a2c-ad4f-29c9c189f5dc', 'item', 'UPSERT');
INSERT INTO master_list_line (id, master_list_id, item_link_id) VALUES (uuid_in(md5(random()::text || random()::text)::cstring), '43491ce9-bc89-4ee5-988d-9dbb2856e398', 'd9d4ab55-bdb8-4a2c-ad4f-29c9c189f5dc') ON CONFLICT DO NOTHING;
INSERT INTO item_variant (id, name, item_link_id, cold_storage_type_id, doses_per_unit) VALUES ('68bc9fdc-3344-4055-b146-9bc8ad5c8fb1', 'DTwP DT COQ', 'd9d4ab55-bdb8-4a2c-ad4f-29c9c189f5dc', (SELECT id FROM cold_storage_type WHERE name = '+5' or min_temperature = 2 and max_temperature = 8 LIMIT 1), 1) ON CONFLICT DO NOTHING;
INSERT INTO changelog (record_id, table_name, row_action) VALUES ('68bc9fdc-3344-4055-b146-9bc8ad5c8fb1', 'item_variant', 'UPSERT');
INSERT INTO packaging_variant (id, item_variant_id, name, packaging_level, volume_per_unit) VALUES ('f020bc7a-223e-44ee-ad7b-b1df4c66f958', '68bc9fdc-3344-4055-b146-9bc8ad5c8fb1', 'Primary', 1, 26.1) ON CONFLICT DO NOTHING;
INSERT INTO packaging_variant (id, item_variant_id, name, packaging_level, volume_per_unit) VALUES ('23fc83a0-9827-4ccc-86f8-1e765803c8fd', '68bc9fdc-3344-4055-b146-9bc8ad5c8fb1', 'Secondary', 2, 26.1) ON CONFLICT DO NOTHING;
INSERT INTO packaging_variant (id, item_variant_id, name, packaging_level, volume_per_unit) VALUES ('1d7c8b25-cc03-48bd-83d7-392e9aaeb1f0', '68bc9fdc-3344-4055-b146-9bc8ad5c8fb1', 'Tertiary', 3, 26.1) ON CONFLICT DO NOTHING;
INSERT INTO item_variant (id, name, item_link_id, cold_storage_type_id, doses_per_unit) VALUES ('f735fb7e-dca4-4180-8fbe-1cd137fb32b6', 'DTwP Diphtheria-Tetanus-Pertussis Vaccine Adsorbed', 'd9d4ab55-bdb8-4a2c-ad4f-29c9c189f5dc', (SELECT id FROM cold_storage_type WHERE name = '+5' or min_temperature = 2 and max_temperature = 8 LIMIT 1), 1) ON CONFLICT DO NOTHING;
INSERT INTO changelog (record_id, table_name, row_action) VALUES ('f735fb7e-dca4-4180-8fbe-1cd137fb32b6', 'item_variant', 'UPSERT');
INSERT INTO packaging_variant (id, item_variant_id, name, packaging_level, volume_per_unit) VALUES ('878b9cb8-a12c-4fb9-9a91-2aa4339d0885', 'f735fb7e-dca4-4180-8fbe-1cd137fb32b6', 'Primary', 1, 12.18) ON CONFLICT DO NOTHING;
INSERT INTO packaging_variant (id, item_variant_id, name, packaging_level, volume_per_unit) VALUES ('25a61c0e-57fb-4a9c-91da-aaad81a53786', 'f735fb7e-dca4-4180-8fbe-1cd137fb32b6', 'Secondary', 2, 12.18) ON CONFLICT DO NOTHING;
INSERT INTO packaging_variant (id, item_variant_id, name, packaging_level, volume_per_unit) VALUES ('bf4ca0f5-af33-4fe9-9748-6283f9d9e04a', 'f735fb7e-dca4-4180-8fbe-1cd137fb32b6', 'Tertiary', 3, 65.6) ON CONFLICT DO NOTHING;
INSERT INTO item_variant (id, name, item_link_id, cold_storage_type_id, doses_per_unit) VALUES ('b41e2b9b-e84a-471f-b4cb-f5f284622a17', 'DTwP None used on labelling for supply through UN agencies.     Also marketed with labelled commercial name  TRIPVAC', 'd9d4ab55-bdb8-4a2c-ad4f-29c9c189f5dc', (SELECT id FROM cold_storage_type WHERE name = '+5' or min_temperature = 2 and max_temperature = 8 LIMIT 1), 1) ON CONFLICT DO NOTHING;
INSERT INTO changelog (record_id, table_name, row_action) VALUES ('b41e2b9b-e84a-471f-b4cb-f5f284622a17', 'item_variant', 'UPSERT');
INSERT INTO packaging_variant (id, item_variant_id, name, packaging_level, volume_per_unit) VALUES ('e91ee1ec-a3aa-4a65-a08b-cd9a014d8333', 'b41e2b9b-e84a-471f-b4cb-f5f284622a17', 'Primary', 1, 14.68) ON CONFLICT DO NOTHING;
INSERT INTO packaging_variant (id, item_variant_id, name, packaging_level, volume_per_unit) VALUES ('6aa4b284-1d0a-45cb-bf90-f36c51413874', 'b41e2b9b-e84a-471f-b4cb-f5f284622a17', 'Secondary', 2, 14.68) ON CONFLICT DO NOTHING;
INSERT INTO packaging_variant (id, item_variant_id, name, packaging_level, volume_per_unit) VALUES ('28e02bf9-d812-48bb-b64b-c2483921751c', 'b41e2b9b-e84a-471f-b4cb-f5f284622a17', 'Tertiary', 3, 93.08) ON CONFLICT DO NOTHING;
INSERT INTO item_variant (id, name, item_link_id, cold_storage_type_id, doses_per_unit) VALUES ('03633022-4170-4b91-857d-24d875d34b84', 'DTwP DTP Vaccine', 'd9d4ab55-bdb8-4a2c-ad4f-29c9c189f5dc', (SELECT id FROM cold_storage_type WHERE name = '+5' or min_temperature = 2 and max_temperature = 8 LIMIT 1), 10) ON CONFLICT DO NOTHING;
INSERT INTO changelog (record_id, table_name, row_action) VALUES ('03633022-4170-4b91-857d-24d875d34b84', 'item_variant', 'UPSERT');
INSERT INTO packaging_variant (id, item_variant_id, name, packaging_level, volume_per_unit) VALUES ('880337bc-b5ae-41c1-9fec-f539390d112e', '03633022-4170-4b91-857d-24d875d34b84', 'Primary', 1, 2.38) ON CONFLICT DO NOTHING;
INSERT INTO packaging_variant (id, item_variant_id, name, packaging_level, volume_per_unit) VALUES ('a4d564bb-d123-440f-a1b3-03d00c4aa475', '03633022-4170-4b91-857d-24d875d34b84', 'Secondary', 2, 2.38) ON CONFLICT DO NOTHING;
INSERT INTO packaging_variant (id, item_variant_id, name, packaging_level, volume_per_unit) VALUES ('8746ab66-f4cf-4f43-95e7-41a7da1e81af', '03633022-4170-4b91-857d-24d875d34b84', 'Tertiary', 3, 9.56) ON CONFLICT DO NOTHING;
INSERT INTO item_variant (id, name, item_link_id, cold_storage_type_id, doses_per_unit) VALUES ('a5a764d7-be83-4def-941c-f27fff514f23', 'DTwP DT COQ', 'd9d4ab55-bdb8-4a2c-ad4f-29c9c189f5dc', (SELECT id FROM cold_storage_type WHERE name = '+5' or min_temperature = 2 and max_temperature = 8 LIMIT 1), 10) ON CONFLICT DO NOTHING;
INSERT INTO changelog (record_id, table_name, row_action) VALUES ('a5a764d7-be83-4def-941c-f27fff514f23', 'item_variant', 'UPSERT');
INSERT INTO packaging_variant (id, item_variant_id, name, packaging_level, volume_per_unit) VALUES ('abd490d3-69fe-40ef-93f3-58a767d70801', 'a5a764d7-be83-4def-941c-f27fff514f23', 'Primary', 1, 2.46) ON CONFLICT DO NOTHING;
INSERT INTO packaging_variant (id, item_variant_id, name, packaging_level, volume_per_unit) VALUES ('29908295-dad2-44c0-ab24-566d423ba358', 'a5a764d7-be83-4def-941c-f27fff514f23', 'Secondary', 2, 2.46) ON CONFLICT DO NOTHING;
INSERT INTO packaging_variant (id, item_variant_id, name, packaging_level, volume_per_unit) VALUES ('4569ea88-f75d-4210-bcb3-f39cbbd3b249', 'a5a764d7-be83-4def-941c-f27fff514f23', 'Tertiary', 3, 2.46) ON CONFLICT DO NOTHING;
INSERT INTO item_variant (id, name, item_link_id, cold_storage_type_id, doses_per_unit) VALUES ('039d35d2-5f8a-4d21-b252-50ebf0709477', 'DTwP Diphtheria-Tetanus-Pertussis Vaccine Adsorbed', 'd9d4ab55-bdb8-4a2c-ad4f-29c9c189f5dc', (SELECT id FROM cold_storage_type WHERE name = '+5' or min_temperature = 2 and max_temperature = 8 LIMIT 1), 10) ON CONFLICT DO NOTHING;
INSERT INTO changelog (record_id, table_name, row_action) VALUES ('039d35d2-5f8a-4d21-b252-50ebf0709477', 'item_variant', 'UPSERT');
INSERT INTO packaging_variant (id, item_variant_id, name, packaging_level, volume_per_unit) VALUES ('c15e3c26-4dad-4328-9626-a956e291cb59', '039d35d2-5f8a-4d21-b252-50ebf0709477', 'Primary', 1, 2.11) ON CONFLICT DO NOTHING;
INSERT INTO packaging_variant (id, item_variant_id, name, packaging_level, volume_per_unit) VALUES ('e82100a5-3335-447d-b858-89d6311a08bc', '039d35d2-5f8a-4d21-b252-50ebf0709477', 'Secondary', 2, 2.11) ON CONFLICT DO NOTHING;
INSERT INTO packaging_variant (id, item_variant_id, name, packaging_level, volume_per_unit) VALUES ('7f99045e-dd81-48e9-849b-09336265a6d8', '039d35d2-5f8a-4d21-b252-50ebf0709477', 'Tertiary', 3, 9.84) ON CONFLICT DO NOTHING;
INSERT INTO item_variant (id, name, item_link_id, cold_storage_type_id, doses_per_unit) VALUES ('6b4d93db-49d9-461d-8504-092ed5ac30e5', 'DTwP None used on labelling for supply through UN agencies.     Also marketed with labelled commercial name  TRIPVAC', 'd9d4ab55-bdb8-4a2c-ad4f-29c9c189f5dc', (SELECT id FROM cold_storage_type WHERE name = '+5' or min_temperature = 2 and max_temperature = 8 LIMIT 1), 10) ON CONFLICT DO NOTHING;
INSERT INTO changelog (record_id, table_name, row_action) VALUES ('6b4d93db-49d9-461d-8504-092ed5ac30e5', 'item_variant', 'UPSERT');
INSERT INTO packaging_variant (id, item_variant_id, name, packaging_level, volume_per_unit) VALUES ('8774e36f-98a8-46f0-a60b-d01c98e913fa', '6b4d93db-49d9-461d-8504-092ed5ac30e5', 'Primary', 1, 1.78) ON CONFLICT DO NOTHING;
INSERT INTO packaging_variant (id, item_variant_id, name, packaging_level, volume_per_unit) VALUES ('8b6d6a7c-7892-4f45-8c59-04f0a3941464', '6b4d93db-49d9-461d-8504-092ed5ac30e5', 'Secondary', 2, 1.78) ON CONFLICT DO NOTHING;
INSERT INTO packaging_variant (id, item_variant_id, name, packaging_level, volume_per_unit) VALUES ('1ae001df-7a5c-44cc-b983-36ea6e03e883', '6b4d93db-49d9-461d-8504-092ed5ac30e5', 'Tertiary', 3, 8.94) ON CONFLICT DO NOTHING;
INSERT INTO item_variant (id, name, item_link_id, cold_storage_type_id, doses_per_unit) VALUES ('e89bb185-4871-4fc0-aeea-4fa4b52122ae', 'DTwP Diphtheria-Tetanus-Pertussis Vaccine Adsorbed', 'd9d4ab55-bdb8-4a2c-ad4f-29c9c189f5dc', (SELECT id FROM cold_storage_type WHERE name = '+5' or min_temperature = 2 and max_temperature = 8 LIMIT 1), 20) ON CONFLICT DO NOTHING;
INSERT INTO changelog (record_id, table_name, row_action) VALUES ('e89bb185-4871-4fc0-aeea-4fa4b52122ae', 'item_variant', 'UPSERT');
INSERT INTO packaging_variant (id, item_variant_id, name, packaging_level, volume_per_unit) VALUES ('39ef21e9-8100-40bd-b6d0-c32163e35ba9', 'e89bb185-4871-4fc0-aeea-4fa4b52122ae', 'Primary', 1, 2.12) ON CONFLICT DO NOTHING;
INSERT INTO packaging_variant (id, item_variant_id, name, packaging_level, volume_per_unit) VALUES ('4511bebf-8cf6-4127-8c86-92f83680698a', 'e89bb185-4871-4fc0-aeea-4fa4b52122ae', 'Secondary', 2, 2.12) ON CONFLICT DO NOTHING;
INSERT INTO packaging_variant (id, item_variant_id, name, packaging_level, volume_per_unit) VALUES ('11d992a3-b529-4c7b-9419-cd3b0b03b203', 'e89bb185-4871-4fc0-aeea-4fa4b52122ae', 'Tertiary', 3, 9.84) ON CONFLICT DO NOTHING;
INSERT INTO item (id, name, code, ven_category, type, legacy_record, is_active, is_vaccine, vaccine_doses, default_pack_size) VALUES ('9cc2d068-bec4-4649-a1c8-1ccfcc6880fb', 'Diphtheria-Tetanus-Pertussis (whole cell)-Haemophilus influenzae type b', 'DTwP+Hib', 'NOT_ASSIGNED', 'STOCK', '', 'True', 'True', 1, 1) ON CONFLICT DO NOTHING;
INSERT INTO item_link (id, item_id) VALUES ('9cc2d068-bec4-4649-a1c8-1ccfcc6880fb', '9cc2d068-bec4-4649-a1c8-1ccfcc6880fb') ON CONFLICT DO NOTHING;
INSERT INTO changelog (record_id, table_name, row_action) VALUES ('9cc2d068-bec4-4649-a1c8-1ccfcc6880fb', 'item', 'UPSERT');
INSERT INTO master_list_line (id, master_list_id, item_link_id) VALUES (uuid_in(md5(random()::text || random()::text)::cstring), '43491ce9-bc89-4ee5-988d-9dbb2856e398', '9cc2d068-bec4-4649-a1c8-1ccfcc6880fb') ON CONFLICT DO NOTHING;
INSERT INTO item_variant (id, name, item_link_id, cold_storage_type_id, doses_per_unit) VALUES ('43e07320-fb4d-4ce5-99ff-1dc546392194', 'DTwP+Hib TETRAct-HIB', '9cc2d068-bec4-4649-a1c8-1ccfcc6880fb', (SELECT id FROM cold_storage_type WHERE name = '+5' or min_temperature = 2 and max_temperature = 8 LIMIT 1), 1) ON CONFLICT DO NOTHING;
INSERT INTO changelog (record_id, table_name, row_action) VALUES ('43e07320-fb4d-4ce5-99ff-1dc546392194', 'item_variant', 'UPSERT');
INSERT INTO packaging_variant (id, item_variant_id, name, packaging_level, volume_per_unit) VALUES ('2ec4d3ab-4504-4c5c-a2ea-94c0c9b2d2ca', '43e07320-fb4d-4ce5-99ff-1dc546392194', 'Primary', 1, 44.72) ON CONFLICT DO NOTHING;
INSERT INTO packaging_variant (id, item_variant_id, name, packaging_level, volume_per_unit) VALUES ('ba6347c6-a288-4749-b4ea-317a28101b3a', '43e07320-fb4d-4ce5-99ff-1dc546392194', 'Secondary', 2, 44.72) ON CONFLICT DO NOTHING;
INSERT INTO packaging_variant (id, item_variant_id, name, packaging_level, volume_per_unit) VALUES ('6fcee983-0e1b-44b1-985e-1f9dd65eb9f2', '43e07320-fb4d-4ce5-99ff-1dc546392194', 'Tertiary', 3, 44.72) ON CONFLICT DO NOTHING;
INSERT INTO item_variant (id, name, item_link_id, cold_storage_type_id, doses_per_unit) VALUES ('995623b7-e7fd-4fb1-baeb-54df79e55c82', 'DTwP+Hib Diphtheria, Tetanus, Pertussis and Haemophilus influenzae type b Conjugate Vaccine', '9cc2d068-bec4-4649-a1c8-1ccfcc6880fb', (SELECT id FROM cold_storage_type WHERE name = '+5' or min_temperature = 2 and max_temperature = 8 LIMIT 1), 1) ON CONFLICT DO NOTHING;
INSERT INTO changelog (record_id, table_name, row_action) VALUES ('995623b7-e7fd-4fb1-baeb-54df79e55c82', 'item_variant', 'UPSERT');
INSERT INTO packaging_variant (id, item_variant_id, name, packaging_level, volume_per_unit) VALUES ('3427a9a5-dbf0-4808-bbe8-22e22f5d2c30', '995623b7-e7fd-4fb1-baeb-54df79e55c82', 'Primary', 1, 21.09) ON CONFLICT DO NOTHING;
INSERT INTO packaging_variant (id, item_variant_id, name, packaging_level, volume_per_unit) VALUES ('76e6f80e-d7b2-4c9b-be9c-5b84a2e9657e', '995623b7-e7fd-4fb1-baeb-54df79e55c82', 'Secondary', 2, 21.09) ON CONFLICT DO NOTHING;
INSERT INTO packaging_variant (id, item_variant_id, name, packaging_level, volume_per_unit) VALUES ('52d80c43-f4e0-4612-a2f5-17a9de21d3cf', '995623b7-e7fd-4fb1-baeb-54df79e55c82', 'Tertiary', 3, 147.6) ON CONFLICT DO NOTHING;
INSERT INTO item_variant (id, name, item_link_id, cold_storage_type_id, doses_per_unit) VALUES ('0434597b-b48f-497a-b467-ee8faa6a735a', 'DTwP+Hib TETRAct-HIB', '9cc2d068-bec4-4649-a1c8-1ccfcc6880fb', (SELECT id FROM cold_storage_type WHERE name = '+5' or min_temperature = 2 and max_temperature = 8 LIMIT 1), 10) ON CONFLICT DO NOTHING;
INSERT INTO changelog (record_id, table_name, row_action) VALUES ('0434597b-b48f-497a-b467-ee8faa6a735a', 'item_variant', 'UPSERT');
INSERT INTO packaging_variant (id, item_variant_id, name, packaging_level, volume_per_unit) VALUES ('c54fa3dd-44ef-47f3-8a14-31554de4d699', '0434597b-b48f-497a-b467-ee8faa6a735a', 'Primary', 1, 12.39) ON CONFLICT DO NOTHING;
INSERT INTO packaging_variant (id, item_variant_id, name, packaging_level, volume_per_unit) VALUES ('d6b051c6-059a-4d38-8910-ab4ed168ae7e', '0434597b-b48f-497a-b467-ee8faa6a735a', 'Secondary', 2, 12.39) ON CONFLICT DO NOTHING;
INSERT INTO packaging_variant (id, item_variant_id, name, packaging_level, volume_per_unit) VALUES ('f571b4f9-ad27-4a90-916e-2a1828d1922f', '0434597b-b48f-497a-b467-ee8faa6a735a', 'Tertiary', 3, 12.39) ON CONFLICT DO NOTHING;
INSERT INTO item (id, name, code, ven_category, type, legacy_record, is_active, is_vaccine, vaccine_doses, default_pack_size) VALUES ('2715bebf-1da3-4cf3-a28c-4aeea5fa8ff5', 'Diphtheria-Tetanus-Pertussis (whole cell)-Hepatitis B', 'DTwP-HepB', 'NOT_ASSIGNED', 'STOCK', '', 'True', 'True', 1, 1) ON CONFLICT DO NOTHING;
INSERT INTO item_link (id, item_id) VALUES ('2715bebf-1da3-4cf3-a28c-4aeea5fa8ff5', '2715bebf-1da3-4cf3-a28c-4aeea5fa8ff5') ON CONFLICT DO NOTHING;
INSERT INTO changelog (record_id, table_name, row_action) VALUES ('2715bebf-1da3-4cf3-a28c-4aeea5fa8ff5', 'item', 'UPSERT');
INSERT INTO master_list_line (id, master_list_id, item_link_id) VALUES (uuid_in(md5(random()::text || random()::text)::cstring), '43491ce9-bc89-4ee5-988d-9dbb2856e398', '2715bebf-1da3-4cf3-a28c-4aeea5fa8ff5') ON CONFLICT DO NOTHING;
INSERT INTO item_variant (id, name, item_link_id, cold_storage_type_id, doses_per_unit) VALUES ('34437c70-9170-4917-9928-7ceb39a2430b', 'DTwP-HepB Diphtheria ,Tetanus, Pertussis and Hepatitis B Vaccine Adsorbed', '2715bebf-1da3-4cf3-a28c-4aeea5fa8ff5', (SELECT id FROM cold_storage_type WHERE name = '+5' or min_temperature = 2 and max_temperature = 8 LIMIT 1), 1) ON CONFLICT DO NOTHING;
INSERT INTO changelog (record_id, table_name, row_action) VALUES ('34437c70-9170-4917-9928-7ceb39a2430b', 'item_variant', 'UPSERT');
INSERT INTO packaging_variant (id, item_variant_id, name, packaging_level, volume_per_unit) VALUES ('6287663f-61cd-4d29-9e86-ead6b30584c4', '34437c70-9170-4917-9928-7ceb39a2430b', 'Primary', 1, 12.18) ON CONFLICT DO NOTHING;
INSERT INTO packaging_variant (id, item_variant_id, name, packaging_level, volume_per_unit) VALUES ('dfd23c1b-09eb-4cda-bbb6-e191370b5fb4', '34437c70-9170-4917-9928-7ceb39a2430b', 'Secondary', 2, 12.18) ON CONFLICT DO NOTHING;
INSERT INTO packaging_variant (id, item_variant_id, name, packaging_level, volume_per_unit) VALUES ('6271177c-70f8-444e-858c-2b0b1b3b4981', '34437c70-9170-4917-9928-7ceb39a2430b', 'Tertiary', 3, 65.6) ON CONFLICT DO NOTHING;
INSERT INTO item_variant (id, name, item_link_id, cold_storage_type_id, doses_per_unit) VALUES ('5c5ba933-a3df-47e2-9ce4-11f35276ee24', 'DTwP-HepB DTP - Hep B 5', '2715bebf-1da3-4cf3-a28c-4aeea5fa8ff5', (SELECT id FROM cold_storage_type WHERE name = '+5' or min_temperature = 2 and max_temperature = 8 LIMIT 1), 5) ON CONFLICT DO NOTHING;
INSERT INTO changelog (record_id, table_name, row_action) VALUES ('5c5ba933-a3df-47e2-9ce4-11f35276ee24', 'item_variant', 'UPSERT');
INSERT INTO packaging_variant (id, item_variant_id, name, packaging_level, volume_per_unit) VALUES ('826209bc-9fc2-471f-8748-0c25fe8c6bd1', '5c5ba933-a3df-47e2-9ce4-11f35276ee24', 'Primary', 1, 4.2) ON CONFLICT DO NOTHING;
INSERT INTO packaging_variant (id, item_variant_id, name, packaging_level, volume_per_unit) VALUES ('198bed62-82fa-4035-85f0-67101286366a', '5c5ba933-a3df-47e2-9ce4-11f35276ee24', 'Secondary', 2, 4.2) ON CONFLICT DO NOTHING;
INSERT INTO packaging_variant (id, item_variant_id, name, packaging_level, volume_per_unit) VALUES ('65378c64-2116-48f9-9113-a0c345357708', '5c5ba933-a3df-47e2-9ce4-11f35276ee24', 'Tertiary', 3, 4.2) ON CONFLICT DO NOTHING;
INSERT INTO item_variant (id, name, item_link_id, cold_storage_type_id, doses_per_unit) VALUES ('f9f7d0cd-89b7-414f-b3b1-2679013dbced', 'DTwP-HepB DTP - Hep B 10', '2715bebf-1da3-4cf3-a28c-4aeea5fa8ff5', (SELECT id FROM cold_storage_type WHERE name = '+5' or min_temperature = 2 and max_temperature = 8 LIMIT 1), 10) ON CONFLICT DO NOTHING;
INSERT INTO changelog (record_id, table_name, row_action) VALUES ('f9f7d0cd-89b7-414f-b3b1-2679013dbced', 'item_variant', 'UPSERT');
INSERT INTO packaging_variant (id, item_variant_id, name, packaging_level, volume_per_unit) VALUES ('f4d8be03-5697-497d-bb15-10c8ec1976e8', 'f9f7d0cd-89b7-414f-b3b1-2679013dbced', 'Primary', 1, 2.1) ON CONFLICT DO NOTHING;
INSERT INTO packaging_variant (id, item_variant_id, name, packaging_level, volume_per_unit) VALUES ('cebd2de7-5120-4054-bcad-81d48bb98e02', 'f9f7d0cd-89b7-414f-b3b1-2679013dbced', 'Secondary', 2, 2.1) ON CONFLICT DO NOTHING;
INSERT INTO packaging_variant (id, item_variant_id, name, packaging_level, volume_per_unit) VALUES ('2ec4bdb8-1dc3-4967-b297-b7605ec37615', 'f9f7d0cd-89b7-414f-b3b1-2679013dbced', 'Tertiary', 3, 2.1) ON CONFLICT DO NOTHING;
INSERT INTO item_variant (id, name, item_link_id, cold_storage_type_id, doses_per_unit) VALUES ('31672f67-b4f5-42ac-b413-244baa02b0fb', 'DTwP-HepB Diphtheria ,Tetanus, Pertussis and Hepatitis B Vaccine Adsorbed', '2715bebf-1da3-4cf3-a28c-4aeea5fa8ff5', (SELECT id FROM cold_storage_type WHERE name = '+5' or min_temperature = 2 and max_temperature = 8 LIMIT 1), 10) ON CONFLICT DO NOTHING;
INSERT INTO changelog (record_id, table_name, row_action) VALUES ('31672f67-b4f5-42ac-b413-244baa02b0fb', 'item_variant', 'UPSERT');
INSERT INTO packaging_variant (id, item_variant_id, name, packaging_level, volume_per_unit) VALUES ('86533756-3caa-418c-abd7-8728f3ae2008', '31672f67-b4f5-42ac-b413-244baa02b0fb', 'Primary', 1, 2.11) ON CONFLICT DO NOTHING;
INSERT INTO packaging_variant (id, item_variant_id, name, packaging_level, volume_per_unit) VALUES ('b6352b1b-f304-4b8b-b736-cd2cfbcd81d9', '31672f67-b4f5-42ac-b413-244baa02b0fb', 'Secondary', 2, 2.11) ON CONFLICT DO NOTHING;
INSERT INTO packaging_variant (id, item_variant_id, name, packaging_level, volume_per_unit) VALUES ('398b8a4c-d4d2-44ee-96b4-d2e320313f4d', '31672f67-b4f5-42ac-b413-244baa02b0fb', 'Tertiary', 3, 9.84) ON CONFLICT DO NOTHING;
INSERT INTO item_variant (id, name, item_link_id, cold_storage_type_id, doses_per_unit) VALUES ('d32b3b93-17fa-46e8-8aa9-fc36605d456d', 'DTwP-HepB Diphtheria ,Tetanus, Pertussis and Hepatitis B Vaccine Adsorbed', '2715bebf-1da3-4cf3-a28c-4aeea5fa8ff5', (SELECT id FROM cold_storage_type WHERE name = '+5' or min_temperature = 2 and max_temperature = 8 LIMIT 1), 20) ON CONFLICT DO NOTHING;
INSERT INTO changelog (record_id, table_name, row_action) VALUES ('d32b3b93-17fa-46e8-8aa9-fc36605d456d', 'item_variant', 'UPSERT');
INSERT INTO packaging_variant (id, item_variant_id, name, packaging_level, volume_per_unit) VALUES ('3c9a1b44-9ffe-43ac-8843-7e02070fc6ed', 'd32b3b93-17fa-46e8-8aa9-fc36605d456d', 'Primary', 1, 2.12) ON CONFLICT DO NOTHING;
INSERT INTO packaging_variant (id, item_variant_id, name, packaging_level, volume_per_unit) VALUES ('15cc5747-2a8e-47fd-a998-2bbc57de9ddd', 'd32b3b93-17fa-46e8-8aa9-fc36605d456d', 'Secondary', 2, 2.12) ON CONFLICT DO NOTHING;
INSERT INTO packaging_variant (id, item_variant_id, name, packaging_level, volume_per_unit) VALUES ('ca7993fd-8ad2-4da3-95fc-ddcd0cb69bf1', 'd32b3b93-17fa-46e8-8aa9-fc36605d456d', 'Tertiary', 3, 9.84) ON CONFLICT DO NOTHING;
INSERT INTO item (id, name, code, ven_category, type, legacy_record, is_active, is_vaccine, vaccine_doses, default_pack_size) VALUES ('1ca3aedc-e4c6-466e-83fc-d0995f876b02', 'Diphtheria-Tetanus-Pertussis (whole cell)-Hepatitis B-Haemophilus influenzae type b', 'DTwP-HepB+Hib', 'NOT_ASSIGNED', 'STOCK', '', 'True', 'True', 1, 1) ON CONFLICT DO NOTHING;
INSERT INTO item_link (id, item_id) VALUES ('1ca3aedc-e4c6-466e-83fc-d0995f876b02', '1ca3aedc-e4c6-466e-83fc-d0995f876b02') ON CONFLICT DO NOTHING;
INSERT INTO changelog (record_id, table_name, row_action) VALUES ('1ca3aedc-e4c6-466e-83fc-d0995f876b02', 'item', 'UPSERT');
INSERT INTO master_list_line (id, master_list_id, item_link_id) VALUES (uuid_in(md5(random()::text || random()::text)::cstring), '43491ce9-bc89-4ee5-988d-9dbb2856e398', '1ca3aedc-e4c6-466e-83fc-d0995f876b02') ON CONFLICT DO NOTHING;
INSERT INTO item_variant (id, name, item_link_id, cold_storage_type_id, doses_per_unit) VALUES ('0e1e8eb8-611f-443d-bdd4-cdb39f1c80e1', 'DTwP-HepB+Hib Tritanrix HB+Hib', '1ca3aedc-e4c6-466e-83fc-d0995f876b02', (SELECT id FROM cold_storage_type WHERE name = '+5' or min_temperature = 2 and max_temperature = 8 LIMIT 1), 1) ON CONFLICT DO NOTHING;
INSERT INTO changelog (record_id, table_name, row_action) VALUES ('0e1e8eb8-611f-443d-bdd4-cdb39f1c80e1', 'item_variant', 'UPSERT');
INSERT INTO packaging_variant (id, item_variant_id, name, packaging_level, volume_per_unit) VALUES ('095815e3-45b8-4a64-8bbb-fb367d8bbf39', '0e1e8eb8-611f-443d-bdd4-cdb39f1c80e1', 'Primary', 1, 14.54) ON CONFLICT DO NOTHING;
INSERT INTO packaging_variant (id, item_variant_id, name, packaging_level, volume_per_unit) VALUES ('001252e0-1a8d-4a2a-bdf3-a75a798c7786', '0e1e8eb8-611f-443d-bdd4-cdb39f1c80e1', 'Secondary', 2, 14.54) ON CONFLICT DO NOTHING;
INSERT INTO packaging_variant (id, item_variant_id, name, packaging_level, volume_per_unit) VALUES ('07017e3c-a7db-478a-af96-ce5edc8ca230', '0e1e8eb8-611f-443d-bdd4-cdb39f1c80e1', 'Tertiary', 3, 14.54) ON CONFLICT DO NOTHING;
INSERT INTO item_variant (id, name, item_link_id, cold_storage_type_id, doses_per_unit) VALUES ('dbc0c0a5-bd89-4c8d-a30a-c10e40e3c675', 'DTwP-HepB+Hib Diphtheria, Tetanus, Pertussis, Hepatitis B and Haemophilus influenzae type b Conjugate Vaccine', '1ca3aedc-e4c6-466e-83fc-d0995f876b02', (SELECT id FROM cold_storage_type WHERE name = '+5' or min_temperature = 2 and max_temperature = 8 LIMIT 1), 1) ON CONFLICT DO NOTHING;
INSERT INTO changelog (record_id, table_name, row_action) VALUES ('dbc0c0a5-bd89-4c8d-a30a-c10e40e3c675', 'item_variant', 'UPSERT');
INSERT INTO packaging_variant (id, item_variant_id, name, packaging_level, volume_per_unit) VALUES ('d1930a0e-1015-4637-b4bc-43937d6be31a', 'dbc0c0a5-bd89-4c8d-a30a-c10e40e3c675', 'Primary', 1, 33.27) ON CONFLICT DO NOTHING;
INSERT INTO packaging_variant (id, item_variant_id, name, packaging_level, volume_per_unit) VALUES ('c50d9194-62c0-43af-9afd-5b7e3a6abc35', 'dbc0c0a5-bd89-4c8d-a30a-c10e40e3c675', 'Secondary', 2, 33.27) ON CONFLICT DO NOTHING;
INSERT INTO packaging_variant (id, item_variant_id, name, packaging_level, volume_per_unit) VALUES ('88b21a0b-c8ef-4464-9ac0-22d46e6934a9', 'dbc0c0a5-bd89-4c8d-a30a-c10e40e3c675', 'Tertiary', 3, 147.6) ON CONFLICT DO NOTHING;
INSERT INTO item_variant (id, name, item_link_id, cold_storage_type_id, doses_per_unit) VALUES ('67688f4f-9247-4bd1-adc5-55058167d54b', 'DTwP-HepB+Hib None used on labelling for supply through UN agencies.     Also marketed with labelled commercial name  ComBE Five (Reconstituted).', '1ca3aedc-e4c6-466e-83fc-d0995f876b02', (SELECT id FROM cold_storage_type WHERE name = '+5' or min_temperature = 2 and max_temperature = 8 LIMIT 1), 1) ON CONFLICT DO NOTHING;
INSERT INTO changelog (record_id, table_name, row_action) VALUES ('67688f4f-9247-4bd1-adc5-55058167d54b', 'item_variant', 'UPSERT');
INSERT INTO packaging_variant (id, item_variant_id, name, packaging_level, volume_per_unit) VALUES ('916eb4c3-06fd-43b6-9c34-1539fd3f8320', '67688f4f-9247-4bd1-adc5-55058167d54b', 'Primary', 1, 58.7) ON CONFLICT DO NOTHING;
INSERT INTO packaging_variant (id, item_variant_id, name, packaging_level, volume_per_unit) VALUES ('04256ba4-6c4d-4615-92f7-148a782f6aa6', '67688f4f-9247-4bd1-adc5-55058167d54b', 'Secondary', 2, 58.7) ON CONFLICT DO NOTHING;
INSERT INTO packaging_variant (id, item_variant_id, name, packaging_level, volume_per_unit) VALUES ('f2a44dc1-f7c1-47a8-8b2d-e168b711a768', '67688f4f-9247-4bd1-adc5-55058167d54b', 'Tertiary', 3, 58.7) ON CONFLICT DO NOTHING;
INSERT INTO item_variant (id, name, item_link_id, cold_storage_type_id, doses_per_unit) VALUES ('08aca0ef-980d-40dc-a65f-a35686ba4721', 'DTwP-HepB+Hib Euforvac-Hib Inj', '1ca3aedc-e4c6-466e-83fc-d0995f876b02', (SELECT id FROM cold_storage_type WHERE name = '+5' or min_temperature = 2 and max_temperature = 8 LIMIT 1), 1) ON CONFLICT DO NOTHING;
INSERT INTO changelog (record_id, table_name, row_action) VALUES ('08aca0ef-980d-40dc-a65f-a35686ba4721', 'item_variant', 'UPSERT');
INSERT INTO packaging_variant (id, item_variant_id, name, packaging_level, volume_per_unit) VALUES ('ab08e1ce-38e7-4136-8986-e7836dbd129e', '08aca0ef-980d-40dc-a65f-a35686ba4721', 'Primary', 1, 29.07) ON CONFLICT DO NOTHING;
INSERT INTO packaging_variant (id, item_variant_id, name, packaging_level, volume_per_unit) VALUES ('5337bca8-f68f-4d7b-9338-a2c14b1cb6cd', '08aca0ef-980d-40dc-a65f-a35686ba4721', 'Secondary', 2, 29.07) ON CONFLICT DO NOTHING;
INSERT INTO packaging_variant (id, item_variant_id, name, packaging_level, volume_per_unit) VALUES ('b4d8dd76-7f78-4f59-b6a5-96c13785bf6d', '08aca0ef-980d-40dc-a65f-a35686ba4721', 'Tertiary', 3, 149.77) ON CONFLICT DO NOTHING;
INSERT INTO item_variant (id, name, item_link_id, cold_storage_type_id, doses_per_unit) VALUES ('e05e1444-6664-4e0c-a321-fdc098cf633b', 'DTwP-HepB+Hib Tritanrix HB+Hib', '1ca3aedc-e4c6-466e-83fc-d0995f876b02', (SELECT id FROM cold_storage_type WHERE name = '+5' or min_temperature = 2 and max_temperature = 8 LIMIT 1), 2) ON CONFLICT DO NOTHING;
INSERT INTO changelog (record_id, table_name, row_action) VALUES ('e05e1444-6664-4e0c-a321-fdc098cf633b', 'item_variant', 'UPSERT');
INSERT INTO packaging_variant (id, item_variant_id, name, packaging_level, volume_per_unit) VALUES ('6f6bb7ac-5016-4399-92a3-228d104a6e91', 'e05e1444-6664-4e0c-a321-fdc098cf633b', 'Primary', 1, 7.27) ON CONFLICT DO NOTHING;
INSERT INTO packaging_variant (id, item_variant_id, name, packaging_level, volume_per_unit) VALUES ('a7dce2de-2a2d-4790-8fee-01b33d01c3b6', 'e05e1444-6664-4e0c-a321-fdc098cf633b', 'Secondary', 2, 7.27) ON CONFLICT DO NOTHING;
INSERT INTO packaging_variant (id, item_variant_id, name, packaging_level, volume_per_unit) VALUES ('6ef0a3e2-cc7c-4868-bd59-33f8972b1809', 'e05e1444-6664-4e0c-a321-fdc098cf633b', 'Tertiary', 3, 7.27) ON CONFLICT DO NOTHING;
INSERT INTO item_variant (id, name, item_link_id, cold_storage_type_id, doses_per_unit) VALUES ('51abc386-744d-4360-bcd0-398c135485c8', 'DTwP-HepB+Hib Diphtheria, Tetanus, Pertussis, Hepatitis B and Haemophilus influenzae type b Conjugate Vaccine', '1ca3aedc-e4c6-466e-83fc-d0995f876b02', (SELECT id FROM cold_storage_type WHERE name = '+5' or min_temperature = 2 and max_temperature = 8 LIMIT 1), 2) ON CONFLICT DO NOTHING;
INSERT INTO changelog (record_id, table_name, row_action) VALUES ('51abc386-744d-4360-bcd0-398c135485c8', 'item_variant', 'UPSERT');
INSERT INTO packaging_variant (id, item_variant_id, name, packaging_level, volume_per_unit) VALUES ('a4350ccc-7483-49d6-98f0-f108c9c29337', '51abc386-744d-4360-bcd0-398c135485c8', 'Primary', 1, 11.15) ON CONFLICT DO NOTHING;
INSERT INTO packaging_variant (id, item_variant_id, name, packaging_level, volume_per_unit) VALUES ('27380327-3e2a-49b4-b0b7-cbe437676d35', '51abc386-744d-4360-bcd0-398c135485c8', 'Secondary', 2, 11.15) ON CONFLICT DO NOTHING;
INSERT INTO packaging_variant (id, item_variant_id, name, packaging_level, volume_per_unit) VALUES ('dad18731-0276-4ad6-8d26-5cb47f17a7f9', '51abc386-744d-4360-bcd0-398c135485c8', 'Tertiary', 3, 147.6) ON CONFLICT DO NOTHING;
INSERT INTO item_variant (id, name, item_link_id, cold_storage_type_id, doses_per_unit) VALUES ('4a48c701-dd8c-44c6-ba99-e128afc5ac67', 'DTwP-HepB+Hib Euforvac-Hib Inj.', '1ca3aedc-e4c6-466e-83fc-d0995f876b02', (SELECT id FROM cold_storage_type WHERE name = '+5' or min_temperature = 2 and max_temperature = 8 LIMIT 1), 2) ON CONFLICT DO NOTHING;
INSERT INTO changelog (record_id, table_name, row_action) VALUES ('4a48c701-dd8c-44c6-ba99-e128afc5ac67', 'item_variant', 'UPSERT');
INSERT INTO packaging_variant (id, item_variant_id, name, packaging_level, volume_per_unit) VALUES ('2a67c56b-f394-4fed-9fcb-3658d8bc4019', '4a48c701-dd8c-44c6-ba99-e128afc5ac67', 'Primary', 1, 14.54) ON CONFLICT DO NOTHING;
INSERT INTO packaging_variant (id, item_variant_id, name, packaging_level, volume_per_unit) VALUES ('330c9b14-58a9-4a61-9983-d7f8336e4451', '4a48c701-dd8c-44c6-ba99-e128afc5ac67', 'Secondary', 2, 14.54) ON CONFLICT DO NOTHING;
INSERT INTO packaging_variant (id, item_variant_id, name, packaging_level, volume_per_unit) VALUES ('56e0e65c-b247-4c49-aca9-fb2e40971a16', '4a48c701-dd8c-44c6-ba99-e128afc5ac67', 'Tertiary', 3, 74.88) ON CONFLICT DO NOTHING;
INSERT INTO item_variant (id, name, item_link_id, cold_storage_type_id, doses_per_unit) VALUES ('6916fe24-0a55-4a95-b16b-5f87c616ad33', 'DTwP-HepB+Hib Diphtheria, Tetanus, Pertussis, Hepatitis B and Haemophilus influenzae type b Conjugate Vaccine', '1ca3aedc-e4c6-466e-83fc-d0995f876b02', (SELECT id FROM cold_storage_type WHERE name = '+5' or min_temperature = 2 and max_temperature = 8 LIMIT 1), 10) ON CONFLICT DO NOTHING;
INSERT INTO changelog (record_id, table_name, row_action) VALUES ('6916fe24-0a55-4a95-b16b-5f87c616ad33', 'item_variant', 'UPSERT');
INSERT INTO packaging_variant (id, item_variant_id, name, packaging_level, volume_per_unit) VALUES ('c541bc51-f0a5-44f7-99b6-b4c6c152a4b3', '6916fe24-0a55-4a95-b16b-5f87c616ad33', 'Primary', 1, 2.11) ON CONFLICT DO NOTHING;
INSERT INTO packaging_variant (id, item_variant_id, name, packaging_level, volume_per_unit) VALUES ('77165c8b-7133-4f93-ad25-47db46f661dd', '6916fe24-0a55-4a95-b16b-5f87c616ad33', 'Secondary', 2, 2.11) ON CONFLICT DO NOTHING;
INSERT INTO packaging_variant (id, item_variant_id, name, packaging_level, volume_per_unit) VALUES ('3d4ec481-d358-4b68-90be-1eb01268b089', '6916fe24-0a55-4a95-b16b-5f87c616ad33', 'Tertiary', 3, 196.8) ON CONFLICT DO NOTHING;
INSERT INTO item_variant (id, name, item_link_id, cold_storage_type_id, doses_per_unit) VALUES ('d2c12ac0-9f36-4745-ad2c-7483bbf0746f', 'DTwP-HepB+Hib None used on labelling for supply through UN agencies.     Also marketed with labelled commercial name  ComBE Five (Reconstituted).', '1ca3aedc-e4c6-466e-83fc-d0995f876b02', (SELECT id FROM cold_storage_type WHERE name = '+5' or min_temperature = 2 and max_temperature = 8 LIMIT 1), 10) ON CONFLICT DO NOTHING;
INSERT INTO changelog (record_id, table_name, row_action) VALUES ('d2c12ac0-9f36-4745-ad2c-7483bbf0746f', 'item_variant', 'UPSERT');
INSERT INTO packaging_variant (id, item_variant_id, name, packaging_level, volume_per_unit) VALUES ('341621d4-3895-4a6e-80fc-d9c99f8c4845', 'd2c12ac0-9f36-4745-ad2c-7483bbf0746f', 'Primary', 1, 7.5) ON CONFLICT DO NOTHING;
INSERT INTO packaging_variant (id, item_variant_id, name, packaging_level, volume_per_unit) VALUES ('8637e3c9-d5c1-438f-ba70-87cf451ac0ac', 'd2c12ac0-9f36-4745-ad2c-7483bbf0746f', 'Secondary', 2, 7.5) ON CONFLICT DO NOTHING;
INSERT INTO packaging_variant (id, item_variant_id, name, packaging_level, volume_per_unit) VALUES ('642b47b9-7e00-46be-b34a-b3d105e8d92f', 'd2c12ac0-9f36-4745-ad2c-7483bbf0746f', 'Tertiary', 3, 7.5) ON CONFLICT DO NOTHING;
INSERT INTO item (id, name, code, ven_category, type, legacy_record, is_active, is_vaccine, vaccine_doses, default_pack_size) VALUES ('dbcce1cd-b359-4937-b54b-6b9ffbc2aa6d', 'Diphtheria-Tetanus-Pertussis (whole cell)-Hepatitis B-Haemophilus influenzae type b', 'DTwP-HepB-Hib', 'NOT_ASSIGNED', 'STOCK', '', 'True', 'True', 1, 1) ON CONFLICT DO NOTHING;
INSERT INTO item_link (id, item_id) VALUES ('dbcce1cd-b359-4937-b54b-6b9ffbc2aa6d', 'dbcce1cd-b359-4937-b54b-6b9ffbc2aa6d') ON CONFLICT DO NOTHING;
INSERT INTO changelog (record_id, table_name, row_action) VALUES ('dbcce1cd-b359-4937-b54b-6b9ffbc2aa6d', 'item', 'UPSERT');
INSERT INTO master_list_line (id, master_list_id, item_link_id) VALUES (uuid_in(md5(random()::text || random()::text)::cstring), '43491ce9-bc89-4ee5-988d-9dbb2856e398', 'dbcce1cd-b359-4937-b54b-6b9ffbc2aa6d') ON CONFLICT DO NOTHING;
INSERT INTO item_variant (id, name, item_link_id, cold_storage_type_id, doses_per_unit) VALUES ('6ac7d949-a054-4882-882f-03d86ec06937', 'DTwP-HepB-Hib Quinvaxem', 'dbcce1cd-b359-4937-b54b-6b9ffbc2aa6d', (SELECT id FROM cold_storage_type WHERE name = '+5' or min_temperature = 2 and max_temperature = 8 LIMIT 1), 1) ON CONFLICT DO NOTHING;
INSERT INTO changelog (record_id, table_name, row_action) VALUES ('6ac7d949-a054-4882-882f-03d86ec06937', 'item_variant', 'UPSERT');
INSERT INTO packaging_variant (id, item_variant_id, name, packaging_level, volume_per_unit) VALUES ('429c3705-5ed8-4fea-9b60-a312a6d19526', '6ac7d949-a054-4882-882f-03d86ec06937', 'Primary', 1, 10.3) ON CONFLICT DO NOTHING;
INSERT INTO packaging_variant (id, item_variant_id, name, packaging_level, volume_per_unit) VALUES ('9391ebb0-696f-4516-ae7c-af635d5f50d3', '6ac7d949-a054-4882-882f-03d86ec06937', 'Secondary', 2, 10.3) ON CONFLICT DO NOTHING;
INSERT INTO packaging_variant (id, item_variant_id, name, packaging_level, volume_per_unit) VALUES ('2dfb4b2d-5d6a-4d7c-b549-997fa70e6bf6', '6ac7d949-a054-4882-882f-03d86ec06937', 'Tertiary', 3, 54.32) ON CONFLICT DO NOTHING;
INSERT INTO item_variant (id, name, item_link_id, cold_storage_type_id, doses_per_unit) VALUES ('2540942f-f559-43e6-a744-dd3272b4628c', 'DTwP-HepB-Hib Shan-5', 'dbcce1cd-b359-4937-b54b-6b9ffbc2aa6d', (SELECT id FROM cold_storage_type WHERE name = '+5' or min_temperature = 2 and max_temperature = 8 LIMIT 1), 1) ON CONFLICT DO NOTHING;
INSERT INTO changelog (record_id, table_name, row_action) VALUES ('2540942f-f559-43e6-a744-dd3272b4628c', 'item_variant', 'UPSERT');
INSERT INTO packaging_variant (id, item_variant_id, name, packaging_level, volume_per_unit) VALUES ('ea62e5ba-54d6-402f-8a2a-0f2b062dd110', '2540942f-f559-43e6-a744-dd3272b4628c', 'Primary', 1, 16.8) ON CONFLICT DO NOTHING;
INSERT INTO packaging_variant (id, item_variant_id, name, packaging_level, volume_per_unit) VALUES ('f9a6fcd9-efcc-4e7d-9477-54001cf7e283', '2540942f-f559-43e6-a744-dd3272b4628c', 'Secondary', 2, 16.8) ON CONFLICT DO NOTHING;
INSERT INTO packaging_variant (id, item_variant_id, name, packaging_level, volume_per_unit) VALUES ('1edc57b0-d4cf-46f5-b31c-3789d5ff5aea', '2540942f-f559-43e6-a744-dd3272b4628c', 'Tertiary', 3, 63.95) ON CONFLICT DO NOTHING;
INSERT INTO item_variant (id, name, item_link_id, cold_storage_type_id, doses_per_unit) VALUES ('fe209c31-232e-4f2f-ae36-4cf6a495d467', 'DTwP-HepB-Hib Diphtheria, Tetanus, Pertussis, Hepatitis B and Haemophilus influenzae type b Conjugate Vaccine Adsorbed', 'dbcce1cd-b359-4937-b54b-6b9ffbc2aa6d', (SELECT id FROM cold_storage_type WHERE name = '+5' or min_temperature = 2 and max_temperature = 8 LIMIT 1), 1) ON CONFLICT DO NOTHING;
INSERT INTO changelog (record_id, table_name, row_action) VALUES ('fe209c31-232e-4f2f-ae36-4cf6a495d467', 'item_variant', 'UPSERT');
INSERT INTO packaging_variant (id, item_variant_id, name, packaging_level, volume_per_unit) VALUES ('db88635e-627f-43b0-a795-eddd3b318d7c', 'fe209c31-232e-4f2f-ae36-4cf6a495d467', 'Primary', 1, 14.06) ON CONFLICT DO NOTHING;
INSERT INTO packaging_variant (id, item_variant_id, name, packaging_level, volume_per_unit) VALUES ('7f23a1aa-335d-48f9-8c77-0468ccc8cdb8', 'fe209c31-232e-4f2f-ae36-4cf6a495d467', 'Secondary', 2, 14.06) ON CONFLICT DO NOTHING;
INSERT INTO packaging_variant (id, item_variant_id, name, packaging_level, volume_per_unit) VALUES ('3bf68c26-4b3c-4d07-bdae-5e77e6f5c097', 'fe209c31-232e-4f2f-ae36-4cf6a495d467', 'Tertiary', 3, 77.6) ON CONFLICT DO NOTHING;
INSERT INTO item_variant (id, name, item_link_id, cold_storage_type_id, doses_per_unit) VALUES ('b504f882-1e1b-4d73-a629-f52b2d64a64b', 'DTwP-HepB-Hib Easyfive-TT', 'dbcce1cd-b359-4937-b54b-6b9ffbc2aa6d', (SELECT id FROM cold_storage_type WHERE name = '+5' or min_temperature = 2 and max_temperature = 8 LIMIT 1), 1) ON CONFLICT DO NOTHING;
INSERT INTO changelog (record_id, table_name, row_action) VALUES ('b504f882-1e1b-4d73-a629-f52b2d64a64b', 'item_variant', 'UPSERT');
INSERT INTO packaging_variant (id, item_variant_id, name, packaging_level, volume_per_unit) VALUES ('2b1f4ec1-cf7f-48a7-a3d7-4827372fa93b', 'b504f882-1e1b-4d73-a629-f52b2d64a64b', 'Primary', 1, 15.3) ON CONFLICT DO NOTHING;
INSERT INTO packaging_variant (id, item_variant_id, name, packaging_level, volume_per_unit) VALUES ('29323571-7f33-47f1-81e8-9446b0fb9801', 'b504f882-1e1b-4d73-a629-f52b2d64a64b', 'Secondary', 2, 15.3) ON CONFLICT DO NOTHING;
INSERT INTO packaging_variant (id, item_variant_id, name, packaging_level, volume_per_unit) VALUES ('2124b261-afa9-49f3-bb7d-99227fa52429', 'b504f882-1e1b-4d73-a629-f52b2d64a64b', 'Tertiary', 3, 83.12) ON CONFLICT DO NOTHING;
INSERT INTO item_variant (id, name, item_link_id, cold_storage_type_id, doses_per_unit) VALUES ('33d4022a-a646-4e20-b559-fdc167ece7da', 'DTwP-HepB-Hib None used on labelling for supply through UN agencies.     Also marketed with labelled commercial name  ComBE Five (Liquid).', 'dbcce1cd-b359-4937-b54b-6b9ffbc2aa6d', (SELECT id FROM cold_storage_type WHERE name = '+5' or min_temperature = 2 and max_temperature = 8 LIMIT 1), 1) ON CONFLICT DO NOTHING;
INSERT INTO changelog (record_id, table_name, row_action) VALUES ('33d4022a-a646-4e20-b559-fdc167ece7da', 'item_variant', 'UPSERT');
INSERT INTO packaging_variant (id, item_variant_id, name, packaging_level, volume_per_unit) VALUES ('5439865f-fc35-42ae-9454-1f2186060c01', '33d4022a-a646-4e20-b559-fdc167ece7da', 'Primary', 1, 14.7) ON CONFLICT DO NOTHING;
INSERT INTO packaging_variant (id, item_variant_id, name, packaging_level, volume_per_unit) VALUES ('daf5ca89-1940-4e0f-86a7-8d153a7b8dde', '33d4022a-a646-4e20-b559-fdc167ece7da', 'Secondary', 2, 14.7) ON CONFLICT DO NOTHING;
INSERT INTO packaging_variant (id, item_variant_id, name, packaging_level, volume_per_unit) VALUES ('797f7ff9-2ee1-4285-a4b9-a2e58aaf6bcc', '33d4022a-a646-4e20-b559-fdc167ece7da', 'Tertiary', 3, 93.08) ON CONFLICT DO NOTHING;
INSERT INTO item_variant (id, name, item_link_id, cold_storage_type_id, doses_per_unit) VALUES ('56393ce6-8ee5-4e9f-a628-7731da927cf0', 'DTwP-HepB-Hib Eupenta', 'dbcce1cd-b359-4937-b54b-6b9ffbc2aa6d', (SELECT id FROM cold_storage_type WHERE name = '+5' or min_temperature = 2 and max_temperature = 8 LIMIT 1), 1) ON CONFLICT DO NOTHING;
INSERT INTO changelog (record_id, table_name, row_action) VALUES ('56393ce6-8ee5-4e9f-a628-7731da927cf0', 'item_variant', 'UPSERT');
INSERT INTO packaging_variant (id, item_variant_id, name, packaging_level, volume_per_unit) VALUES ('8cdf504d-cfe2-401f-90d1-74963a868255', '56393ce6-8ee5-4e9f-a628-7731da927cf0', 'Primary', 1, 14.53) ON CONFLICT DO NOTHING;
INSERT INTO packaging_variant (id, item_variant_id, name, packaging_level, volume_per_unit) VALUES ('768a72be-5a88-42b8-8082-f9955dbfc6f8', '56393ce6-8ee5-4e9f-a628-7731da927cf0', 'Secondary', 2, 14.53) ON CONFLICT DO NOTHING;
INSERT INTO packaging_variant (id, item_variant_id, name, packaging_level, volume_per_unit) VALUES ('80901771-da48-4e3c-9891-340eb794818e', '56393ce6-8ee5-4e9f-a628-7731da927cf0', 'Tertiary', 3, 75.13) ON CONFLICT DO NOTHING;
INSERT INTO item_variant (id, name, item_link_id, cold_storage_type_id, doses_per_unit) VALUES ('51d2ec95-bc2f-4823-b52c-b54bf847bc65', 'DTwP-HepB-Hib Diphtheria, Tetanus, Pertussis, Hepatitis B and Haemophilus influenzae type b Conjugate Vaccine Adsorbed', 'dbcce1cd-b359-4937-b54b-6b9ffbc2aa6d', (SELECT id FROM cold_storage_type WHERE name = '+5' or min_temperature = 2 and max_temperature = 8 LIMIT 1), 2) ON CONFLICT DO NOTHING;
INSERT INTO changelog (record_id, table_name, row_action) VALUES ('51d2ec95-bc2f-4823-b52c-b54bf847bc65', 'item_variant', 'UPSERT');
INSERT INTO packaging_variant (id, item_variant_id, name, packaging_level, volume_per_unit) VALUES ('f73e11f9-8244-493a-8d5f-5e06cb577471', '51d2ec95-bc2f-4823-b52c-b54bf847bc65', 'Primary', 1, 8.79) ON CONFLICT DO NOTHING;
INSERT INTO packaging_variant (id, item_variant_id, name, packaging_level, volume_per_unit) VALUES ('a490547e-bea6-4c80-b9ff-ab83dcb9abfb', '51d2ec95-bc2f-4823-b52c-b54bf847bc65', 'Secondary', 2, 8.79) ON CONFLICT DO NOTHING;
INSERT INTO packaging_variant (id, item_variant_id, name, packaging_level, volume_per_unit) VALUES ('a50850c6-7fb0-472a-98eb-4868161a7442', '51d2ec95-bc2f-4823-b52c-b54bf847bc65', 'Tertiary', 3, 43.2) ON CONFLICT DO NOTHING;
INSERT INTO item_variant (id, name, item_link_id, cold_storage_type_id, doses_per_unit) VALUES ('3edc2e30-e104-4a28-8e74-310f8ba47653', 'DTwP-HepB-Hib None used on labelling for supply through UN agencies.     Also marketed with labelled commercial name  ComBE Five (Liquid).', 'dbcce1cd-b359-4937-b54b-6b9ffbc2aa6d', (SELECT id FROM cold_storage_type WHERE name = '+5' or min_temperature = 2 and max_temperature = 8 LIMIT 1), 2) ON CONFLICT DO NOTHING;
INSERT INTO changelog (record_id, table_name, row_action) VALUES ('3edc2e30-e104-4a28-8e74-310f8ba47653', 'item_variant', 'UPSERT');
INSERT INTO packaging_variant (id, item_variant_id, name, packaging_level, volume_per_unit) VALUES ('e90948e5-158f-4786-be5b-04efd6e524bb', '3edc2e30-e104-4a28-8e74-310f8ba47653', 'Primary', 1, 7.3) ON CONFLICT DO NOTHING;
INSERT INTO packaging_variant (id, item_variant_id, name, packaging_level, volume_per_unit) VALUES ('e662fe6d-ec84-47e7-83a4-65adadf41aef', '3edc2e30-e104-4a28-8e74-310f8ba47653', 'Secondary', 2, 7.3) ON CONFLICT DO NOTHING;
INSERT INTO packaging_variant (id, item_variant_id, name, packaging_level, volume_per_unit) VALUES ('cf1d1dbb-7535-47a0-9a97-f0d1627528b4', '3edc2e30-e104-4a28-8e74-310f8ba47653', 'Tertiary', 3, 46.54) ON CONFLICT DO NOTHING;
INSERT INTO item_variant (id, name, item_link_id, cold_storage_type_id, doses_per_unit) VALUES ('cafc2241-a8ee-4b63-a893-bec7f946603e', 'DTwP-HepB-Hib None used on labelling for supply through UN agencies.     Also marketed with labelled commercial name  ComBE Five (Liquid).', 'dbcce1cd-b359-4937-b54b-6b9ffbc2aa6d', (SELECT id FROM cold_storage_type WHERE name = '+5' or min_temperature = 2 and max_temperature = 8 LIMIT 1), 5) ON CONFLICT DO NOTHING;
INSERT INTO changelog (record_id, table_name, row_action) VALUES ('cafc2241-a8ee-4b63-a893-bec7f946603e', 'item_variant', 'UPSERT');
INSERT INTO packaging_variant (id, item_variant_id, name, packaging_level, volume_per_unit) VALUES ('05d72edc-1b4d-4e13-a333-f5bb61dede62', 'cafc2241-a8ee-4b63-a893-bec7f946603e', 'Primary', 1, 2.9) ON CONFLICT DO NOTHING;
INSERT INTO packaging_variant (id, item_variant_id, name, packaging_level, volume_per_unit) VALUES ('3e6a30da-5397-4ff9-9737-4b62206b029a', 'cafc2241-a8ee-4b63-a893-bec7f946603e', 'Secondary', 2, 2.9) ON CONFLICT DO NOTHING;
INSERT INTO packaging_variant (id, item_variant_id, name, packaging_level, volume_per_unit) VALUES ('20f4291f-f931-49b1-8e39-5c6f9eb9baa8', 'cafc2241-a8ee-4b63-a893-bec7f946603e', 'Tertiary', 3, 18.62) ON CONFLICT DO NOTHING;
INSERT INTO item_variant (id, name, item_link_id, cold_storage_type_id, doses_per_unit) VALUES ('e1f09d25-6c98-4490-9d41-28dc50063e8a', 'DTwP-HepB-Hib Pentabio', 'dbcce1cd-b359-4937-b54b-6b9ffbc2aa6d', (SELECT id FROM cold_storage_type WHERE name = '+5' or min_temperature = 2 and max_temperature = 8 LIMIT 1), 5) ON CONFLICT DO NOTHING;
INSERT INTO changelog (record_id, table_name, row_action) VALUES ('e1f09d25-6c98-4490-9d41-28dc50063e8a', 'item_variant', 'UPSERT');
INSERT INTO packaging_variant (id, item_variant_id, name, packaging_level, volume_per_unit) VALUES ('ede72330-26cb-413c-b874-2fa75205c359', 'e1f09d25-6c98-4490-9d41-28dc50063e8a', 'Primary', 1, 8) ON CONFLICT DO NOTHING;
INSERT INTO packaging_variant (id, item_variant_id, name, packaging_level, volume_per_unit) VALUES ('025e20c9-e3c9-4263-99c2-f95a729b3227', 'e1f09d25-6c98-4490-9d41-28dc50063e8a', 'Secondary', 2, 8) ON CONFLICT DO NOTHING;
INSERT INTO packaging_variant (id, item_variant_id, name, packaging_level, volume_per_unit) VALUES ('f995c2b3-f66d-4811-a341-e3146885d7ab', 'e1f09d25-6c98-4490-9d41-28dc50063e8a', 'Tertiary', 3, 33.15) ON CONFLICT DO NOTHING;
INSERT INTO item_variant (id, name, item_link_id, cold_storage_type_id, doses_per_unit) VALUES ('f63d3348-f25d-4bd0-ba4e-f4000e2629eb', 'DTwP-HepB-Hib Easyfive-TT', 'dbcce1cd-b359-4937-b54b-6b9ffbc2aa6d', (SELECT id FROM cold_storage_type WHERE name = '+5' or min_temperature = 2 and max_temperature = 8 LIMIT 1), 10) ON CONFLICT DO NOTHING;
INSERT INTO changelog (record_id, table_name, row_action) VALUES ('f63d3348-f25d-4bd0-ba4e-f4000e2629eb', 'item_variant', 'UPSERT');
INSERT INTO packaging_variant (id, item_variant_id, name, packaging_level, volume_per_unit) VALUES ('20ced618-0633-482c-9365-4d74998684a1', 'f63d3348-f25d-4bd0-ba4e-f4000e2629eb', 'Primary', 1, 3.2) ON CONFLICT DO NOTHING;
INSERT INTO packaging_variant (id, item_variant_id, name, packaging_level, volume_per_unit) VALUES ('21b2b2ff-9698-48fe-819e-1f1e504340b7', 'f63d3348-f25d-4bd0-ba4e-f4000e2629eb', 'Secondary', 2, 3.2) ON CONFLICT DO NOTHING;
INSERT INTO packaging_variant (id, item_variant_id, name, packaging_level, volume_per_unit) VALUES ('97505c86-31cb-453d-8b7f-cfddea49460c', 'f63d3348-f25d-4bd0-ba4e-f4000e2629eb', 'Tertiary', 3, 16.65) ON CONFLICT DO NOTHING;
INSERT INTO item_variant (id, name, item_link_id, cold_storage_type_id, doses_per_unit) VALUES ('70f5b915-b1d1-4636-9487-86e47fba17b5', 'DTwP-HepB-Hib Shan-5', 'dbcce1cd-b359-4937-b54b-6b9ffbc2aa6d', (SELECT id FROM cold_storage_type WHERE name = '+5' or min_temperature = 2 and max_temperature = 8 LIMIT 1), 10) ON CONFLICT DO NOTHING;
INSERT INTO changelog (record_id, table_name, row_action) VALUES ('70f5b915-b1d1-4636-9487-86e47fba17b5', 'item_variant', 'UPSERT');
INSERT INTO packaging_variant (id, item_variant_id, name, packaging_level, volume_per_unit) VALUES ('0b45d41f-418e-4328-b964-aa57e63c344f', '70f5b915-b1d1-4636-9487-86e47fba17b5', 'Primary', 1, 4.4) ON CONFLICT DO NOTHING;
INSERT INTO packaging_variant (id, item_variant_id, name, packaging_level, volume_per_unit) VALUES ('43ffdeec-f297-4765-8511-678b4bf92bad', '70f5b915-b1d1-4636-9487-86e47fba17b5', 'Secondary', 2, 4.4) ON CONFLICT DO NOTHING;
INSERT INTO packaging_variant (id, item_variant_id, name, packaging_level, volume_per_unit) VALUES ('5c938c6a-8470-4453-95a8-0e89a322de2b', '70f5b915-b1d1-4636-9487-86e47fba17b5', 'Tertiary', 3, 17.15) ON CONFLICT DO NOTHING;
INSERT INTO item_variant (id, name, item_link_id, cold_storage_type_id, doses_per_unit) VALUES ('2826de5f-7ad6-461a-8141-d0877e0375bf', 'DTwP-HepB-Hib Diphtheria, Tetanus, Pertussis, Hepatitis B and Haemophilus influenzae type b Conjugate Vaccine Adsorbed', 'dbcce1cd-b359-4937-b54b-6b9ffbc2aa6d', (SELECT id FROM cold_storage_type WHERE name = '+5' or min_temperature = 2 and max_temperature = 8 LIMIT 1), 10) ON CONFLICT DO NOTHING;
INSERT INTO changelog (record_id, table_name, row_action) VALUES ('2826de5f-7ad6-461a-8141-d0877e0375bf', 'item_variant', 'UPSERT');
INSERT INTO packaging_variant (id, item_variant_id, name, packaging_level, volume_per_unit) VALUES ('e9f3fcf9-5b1c-487a-8b76-e80fca318566', '2826de5f-7ad6-461a-8141-d0877e0375bf', 'Primary', 1, 2.11) ON CONFLICT DO NOTHING;
INSERT INTO packaging_variant (id, item_variant_id, name, packaging_level, volume_per_unit) VALUES ('ea65d78c-d160-4f0f-9a35-59a90d3e3ea3', '2826de5f-7ad6-461a-8141-d0877e0375bf', 'Secondary', 2, 2.11) ON CONFLICT DO NOTHING;
INSERT INTO packaging_variant (id, item_variant_id, name, packaging_level, volume_per_unit) VALUES ('000549fe-a928-40ce-8af5-99c8f4d575d9', '2826de5f-7ad6-461a-8141-d0877e0375bf', 'Tertiary', 3, 9.84) ON CONFLICT DO NOTHING;
INSERT INTO item_variant (id, name, item_link_id, cold_storage_type_id, doses_per_unit) VALUES ('77068e0b-79d7-4f23-be9d-b63396e67571', 'DTwP-HepB-Hib None used on labelling for supply through UN agencies.     Also marketed with labelled commercial name  ComBE Five (Liquid).', 'dbcce1cd-b359-4937-b54b-6b9ffbc2aa6d', (SELECT id FROM cold_storage_type WHERE name = '+5' or min_temperature = 2 and max_temperature = 8 LIMIT 1), 10) ON CONFLICT DO NOTHING;
INSERT INTO changelog (record_id, table_name, row_action) VALUES ('77068e0b-79d7-4f23-be9d-b63396e67571', 'item_variant', 'UPSERT');
INSERT INTO packaging_variant (id, item_variant_id, name, packaging_level, volume_per_unit) VALUES ('9e4613d7-f869-407a-850b-aaa43a29f599', '77068e0b-79d7-4f23-be9d-b63396e67571', 'Primary', 1, 2.9) ON CONFLICT DO NOTHING;
INSERT INTO packaging_variant (id, item_variant_id, name, packaging_level, volume_per_unit) VALUES ('dc4b5a4b-1f4d-4f8b-a074-54e65f05474d', '77068e0b-79d7-4f23-be9d-b63396e67571', 'Secondary', 2, 2.9) ON CONFLICT DO NOTHING;
INSERT INTO packaging_variant (id, item_variant_id, name, packaging_level, volume_per_unit) VALUES ('cda64378-d252-423c-9c3b-bbcfe3fac9d9', '77068e0b-79d7-4f23-be9d-b63396e67571', 'Tertiary', 3, 21.13) ON CONFLICT DO NOTHING;
INSERT INTO item_variant (id, name, item_link_id, cold_storage_type_id, doses_per_unit) VALUES ('51f4e41b-265d-4d42-b3f9-97377c99b270', 'DTwP-HepB-Hib Eupenta', 'dbcce1cd-b359-4937-b54b-6b9ffbc2aa6d', (SELECT id FROM cold_storage_type WHERE name = '+5' or min_temperature = 2 and max_temperature = 8 LIMIT 1), 10) ON CONFLICT DO NOTHING;
INSERT INTO changelog (record_id, table_name, row_action) VALUES ('51f4e41b-265d-4d42-b3f9-97377c99b270', 'item_variant', 'UPSERT');
INSERT INTO packaging_variant (id, item_variant_id, name, packaging_level, volume_per_unit) VALUES ('edc3f5e7-4b96-4d29-99ed-984da5f24419', '51f4e41b-265d-4d42-b3f9-97377c99b270', 'Primary', 1, 2.9) ON CONFLICT DO NOTHING;
INSERT INTO packaging_variant (id, item_variant_id, name, packaging_level, volume_per_unit) VALUES ('985dba8f-f3a1-4b0f-9cae-3f2f4715be32', '51f4e41b-265d-4d42-b3f9-97377c99b270', 'Secondary', 2, 2.9) ON CONFLICT DO NOTHING;
INSERT INTO packaging_variant (id, item_variant_id, name, packaging_level, volume_per_unit) VALUES ('1209f32c-59fa-48f1-870d-ed3d4b2881f0', '51f4e41b-265d-4d42-b3f9-97377c99b270', 'Tertiary', 3, 16.7) ON CONFLICT DO NOTHING;
INSERT INTO item_variant (id, name, item_link_id, cold_storage_type_id, doses_per_unit) VALUES ('c760a1ca-a022-4009-92ad-813fcdec69b4', 'DTwP-HepB-Hib Pentabio', 'dbcce1cd-b359-4937-b54b-6b9ffbc2aa6d', (SELECT id FROM cold_storage_type WHERE name = '+5' or min_temperature = 2 and max_temperature = 8 LIMIT 1), 10) ON CONFLICT DO NOTHING;
INSERT INTO changelog (record_id, table_name, row_action) VALUES ('c760a1ca-a022-4009-92ad-813fcdec69b4', 'item_variant', 'UPSERT');
INSERT INTO packaging_variant (id, item_variant_id, name, packaging_level, volume_per_unit) VALUES ('a677d478-e882-4370-8983-651cdc7212e0', 'c760a1ca-a022-4009-92ad-813fcdec69b4', 'Primary', 1, 4) ON CONFLICT DO NOTHING;
INSERT INTO packaging_variant (id, item_variant_id, name, packaging_level, volume_per_unit) VALUES ('f9ef0b6f-6db8-48c4-b8ba-f0c0601537a2', 'c760a1ca-a022-4009-92ad-813fcdec69b4', 'Secondary', 2, 4) ON CONFLICT DO NOTHING;
INSERT INTO packaging_variant (id, item_variant_id, name, packaging_level, volume_per_unit) VALUES ('783b93ef-9845-4d4e-812b-bd770471ca53', 'c760a1ca-a022-4009-92ad-813fcdec69b4', 'Tertiary', 3, 16.58) ON CONFLICT DO NOTHING;
INSERT INTO item (id, name, code, ven_category, type, legacy_record, is_active, is_vaccine, vaccine_doses, default_pack_size) VALUES ('4e491551-7a6e-4cf4-859e-da98b33e279a', 'Diphtheria-Tetanus-Pertussis (whole cell)-Hepatitis B-Haemophilus influenzae type b', 'DTwP-HepB-Hib-IPV', 'NOT_ASSIGNED', 'STOCK', '', 'True', 'True', 1, 1) ON CONFLICT DO NOTHING;
INSERT INTO item_link (id, item_id) VALUES ('4e491551-7a6e-4cf4-859e-da98b33e279a', '4e491551-7a6e-4cf4-859e-da98b33e279a') ON CONFLICT DO NOTHING;
INSERT INTO changelog (record_id, table_name, row_action) VALUES ('4e491551-7a6e-4cf4-859e-da98b33e279a', 'item', 'UPSERT');
INSERT INTO master_list_line (id, master_list_id, item_link_id) VALUES (uuid_in(md5(random()::text || random()::text)::cstring), '43491ce9-bc89-4ee5-988d-9dbb2856e398', '4e491551-7a6e-4cf4-859e-da98b33e279a') ON CONFLICT DO NOTHING;
INSERT INTO item_variant (id, name, item_link_id, cold_storage_type_id, doses_per_unit) VALUES ('c049ddd0-9da9-4348-a753-22ae3b2e9094', 'DTwP-HepB-Hib-IPV Shan6', '4e491551-7a6e-4cf4-859e-da98b33e279a', (SELECT id FROM cold_storage_type WHERE name = '+5' or min_temperature = 2 and max_temperature = 8 LIMIT 1), 1) ON CONFLICT DO NOTHING;
INSERT INTO changelog (record_id, table_name, row_action) VALUES ('c049ddd0-9da9-4348-a753-22ae3b2e9094', 'item_variant', 'UPSERT');
INSERT INTO packaging_variant (id, item_variant_id, name, packaging_level, volume_per_unit) VALUES ('d292fc93-6bc7-442d-82c1-9eb51751ae12', 'c049ddd0-9da9-4348-a753-22ae3b2e9094', 'Primary', 1, 11.09) ON CONFLICT DO NOTHING;
INSERT INTO packaging_variant (id, item_variant_id, name, packaging_level, volume_per_unit) VALUES ('0f7cdb66-c142-4e7b-bc1c-fbd178885145', 'c049ddd0-9da9-4348-a753-22ae3b2e9094', 'Secondary', 2, 11.09) ON CONFLICT DO NOTHING;
INSERT INTO packaging_variant (id, item_variant_id, name, packaging_level, volume_per_unit) VALUES ('863790b0-7209-4582-9257-3c54e7607ff7', 'c049ddd0-9da9-4348-a753-22ae3b2e9094', 'Tertiary', 3, 62.27) ON CONFLICT DO NOTHING;
INSERT INTO item_variant (id, name, item_link_id, cold_storage_type_id, doses_per_unit) VALUES ('559107f5-b4d6-4aa3-acfd-62ef7e6334f7', 'DTwP-HepB-Hib-IPV Shan6', '4e491551-7a6e-4cf4-859e-da98b33e279a', (SELECT id FROM cold_storage_type WHERE name = '+5' or min_temperature = 2 and max_temperature = 8 LIMIT 1), 5) ON CONFLICT DO NOTHING;
INSERT INTO changelog (record_id, table_name, row_action) VALUES ('559107f5-b4d6-4aa3-acfd-62ef7e6334f7', 'item_variant', 'UPSERT');
INSERT INTO packaging_variant (id, item_variant_id, name, packaging_level, volume_per_unit) VALUES ('57fd32e9-877d-4afd-9509-43d37186f700', '559107f5-b4d6-4aa3-acfd-62ef7e6334f7', 'Primary', 1, 3.04) ON CONFLICT DO NOTHING;
INSERT INTO packaging_variant (id, item_variant_id, name, packaging_level, volume_per_unit) VALUES ('962af611-1015-485e-aaaf-eeeaf803d610', '559107f5-b4d6-4aa3-acfd-62ef7e6334f7', 'Secondary', 2, 3.04) ON CONFLICT DO NOTHING;
INSERT INTO packaging_variant (id, item_variant_id, name, packaging_level, volume_per_unit) VALUES ('e690f481-6b21-4fef-9a71-7c36e9804134', '559107f5-b4d6-4aa3-acfd-62ef7e6334f7', 'Tertiary', 3, 20.76) ON CONFLICT DO NOTHING;
INSERT INTO item (id, name, code, ven_category, type, legacy_record, is_active, is_vaccine, vaccine_doses, default_pack_size) VALUES ('d9f82741-22cf-4874-b9b1-db3f08a40ecd', 'Ebola Zaire (rVSVG-ZEBOV-GP, live attenuated)', 'Ebola-Vax (rVSVG-ZEBOV-GP, live attenuated)', 'NOT_ASSIGNED', 'STOCK', '', 'True', 'True', 1, 1) ON CONFLICT DO NOTHING;
INSERT INTO item_link (id, item_id) VALUES ('d9f82741-22cf-4874-b9b1-db3f08a40ecd', 'd9f82741-22cf-4874-b9b1-db3f08a40ecd') ON CONFLICT DO NOTHING;
INSERT INTO changelog (record_id, table_name, row_action) VALUES ('d9f82741-22cf-4874-b9b1-db3f08a40ecd', 'item', 'UPSERT');
INSERT INTO master_list_line (id, master_list_id, item_link_id) VALUES (uuid_in(md5(random()::text || random()::text)::cstring), '43491ce9-bc89-4ee5-988d-9dbb2856e398', 'd9f82741-22cf-4874-b9b1-db3f08a40ecd') ON CONFLICT DO NOTHING;
INSERT INTO item_variant (id, name, item_link_id, cold_storage_type_id, doses_per_unit) VALUES ('eba181ec-eb51-4e96-9088-d5d9fc138f2d', 'Ebola-Vax (rVSVG-ZEBOV-GP, live attenuated) ERVEBO', 'd9f82741-22cf-4874-b9b1-db3f08a40ecd', (SELECT id FROM cold_storage_type WHERE name = '-70' or min_temperature = -70 and max_temperature = -70 LIMIT 1), 1) ON CONFLICT DO NOTHING;
INSERT INTO changelog (record_id, table_name, row_action) VALUES ('eba181ec-eb51-4e96-9088-d5d9fc138f2d', 'item_variant', 'UPSERT');
INSERT INTO packaging_variant (id, item_variant_id, name, packaging_level, volume_per_unit) VALUES ('8f60d4e0-2fcd-4bd0-a7a5-fc7f84d8ac8c', 'eba181ec-eb51-4e96-9088-d5d9fc138f2d', 'Primary', 1, 16.42) ON CONFLICT DO NOTHING;
INSERT INTO packaging_variant (id, item_variant_id, name, packaging_level, volume_per_unit) VALUES ('cd9e0471-37d6-4ddf-9c38-2552be8ceb7b', 'eba181ec-eb51-4e96-9088-d5d9fc138f2d', 'Secondary', 2, 16.42) ON CONFLICT DO NOTHING;
INSERT INTO packaging_variant (id, item_variant_id, name, packaging_level, volume_per_unit) VALUES ('093f2095-c496-4e5e-8237-988524a4c761', 'eba181ec-eb51-4e96-9088-d5d9fc138f2d', 'Tertiary', 3, 249.01) ON CONFLICT DO NOTHING;
INSERT INTO item (id, name, code, ven_category, type, legacy_record, is_active, is_vaccine, vaccine_doses, default_pack_size) VALUES ('f3c94c6b-34a8-4460-8d53-ecc356686299', 'Ebola vaccine (MVA-BN-Filo [recombinant])', 'Ebola-Vax (MVA-BN-Filo [recombinant])', 'NOT_ASSIGNED', 'STOCK', '', 'True', 'True', 1, 1) ON CONFLICT DO NOTHING;
INSERT INTO item_link (id, item_id) VALUES ('f3c94c6b-34a8-4460-8d53-ecc356686299', 'f3c94c6b-34a8-4460-8d53-ecc356686299') ON CONFLICT DO NOTHING;
INSERT INTO changelog (record_id, table_name, row_action) VALUES ('f3c94c6b-34a8-4460-8d53-ecc356686299', 'item', 'UPSERT');
INSERT INTO master_list_line (id, master_list_id, item_link_id) VALUES (uuid_in(md5(random()::text || random()::text)::cstring), '43491ce9-bc89-4ee5-988d-9dbb2856e398', 'f3c94c6b-34a8-4460-8d53-ecc356686299') ON CONFLICT DO NOTHING;
INSERT INTO item_variant (id, name, item_link_id, cold_storage_type_id, doses_per_unit) VALUES ('408f8262-5ebd-455b-b7a3-c8670d164727', 'Ebola-Vax (MVA-BN-Filo [recombinant]) Mvabea', 'f3c94c6b-34a8-4460-8d53-ecc356686299', (SELECT id FROM cold_storage_type WHERE name = '-70' or min_temperature = -70 and max_temperature = -70 LIMIT 1), 1) ON CONFLICT DO NOTHING;
INSERT INTO changelog (record_id, table_name, row_action) VALUES ('408f8262-5ebd-455b-b7a3-c8670d164727', 'item_variant', 'UPSERT');
INSERT INTO packaging_variant (id, item_variant_id, name, packaging_level, volume_per_unit) VALUES ('82b89bc5-cad3-4acf-a772-ed4f4019f613', '408f8262-5ebd-455b-b7a3-c8670d164727', 'Primary', 1, 24.51) ON CONFLICT DO NOTHING;
INSERT INTO packaging_variant (id, item_variant_id, name, packaging_level, volume_per_unit) VALUES ('21fa2e67-7fe9-41b2-86e5-01cdecdace69', '408f8262-5ebd-455b-b7a3-c8670d164727', 'Secondary', 2, 24.51) ON CONFLICT DO NOTHING;
INSERT INTO packaging_variant (id, item_variant_id, name, packaging_level, volume_per_unit) VALUES ('edbb545d-a432-4b68-a862-b6832ba3362b', '408f8262-5ebd-455b-b7a3-c8670d164727', 'Tertiary', 3, 25.49) ON CONFLICT DO NOTHING;
INSERT INTO item (id, name, code, ven_category, type, legacy_record, is_active, is_vaccine, vaccine_doses, default_pack_size) VALUES ('a2e26e3f-3f3a-4939-b779-f94ce5a3c602', 'Ebola vaccine (Ad26.ZEBOV-GP [recombinant])', 'Ebola-Vax (Ad26.ZEBOV-GP [recombinant])', 'NOT_ASSIGNED', 'STOCK', '', 'True', 'True', 1, 1) ON CONFLICT DO NOTHING;
INSERT INTO item_link (id, item_id) VALUES ('a2e26e3f-3f3a-4939-b779-f94ce5a3c602', 'a2e26e3f-3f3a-4939-b779-f94ce5a3c602') ON CONFLICT DO NOTHING;
INSERT INTO changelog (record_id, table_name, row_action) VALUES ('a2e26e3f-3f3a-4939-b779-f94ce5a3c602', 'item', 'UPSERT');
INSERT INTO master_list_line (id, master_list_id, item_link_id) VALUES (uuid_in(md5(random()::text || random()::text)::cstring), '43491ce9-bc89-4ee5-988d-9dbb2856e398', 'a2e26e3f-3f3a-4939-b779-f94ce5a3c602') ON CONFLICT DO NOTHING;
INSERT INTO item_variant (id, name, item_link_id, cold_storage_type_id, doses_per_unit) VALUES ('63c46f2a-3d6d-41c8-b04d-7ec386c6cfc5', 'Ebola-Vax (Ad26.ZEBOV-GP [recombinant]) Zabdeno', 'a2e26e3f-3f3a-4939-b779-f94ce5a3c602', (SELECT id FROM cold_storage_type WHERE name = '-70' or min_temperature = -70 and max_temperature = -70 LIMIT 1), 1) ON CONFLICT DO NOTHING;
INSERT INTO changelog (record_id, table_name, row_action) VALUES ('63c46f2a-3d6d-41c8-b04d-7ec386c6cfc5', 'item_variant', 'UPSERT');
INSERT INTO packaging_variant (id, item_variant_id, name, packaging_level, volume_per_unit) VALUES ('4a2342be-dca1-44f0-8b8e-4bd12cb994ba', '63c46f2a-3d6d-41c8-b04d-7ec386c6cfc5', 'Primary', 1, 24.51) ON CONFLICT DO NOTHING;
INSERT INTO packaging_variant (id, item_variant_id, name, packaging_level, volume_per_unit) VALUES ('fd917524-648c-4bcb-a2e0-a8266e33ff0c', '63c46f2a-3d6d-41c8-b04d-7ec386c6cfc5', 'Secondary', 2, 24.51) ON CONFLICT DO NOTHING;
INSERT INTO packaging_variant (id, item_variant_id, name, packaging_level, volume_per_unit) VALUES ('caf887f9-a134-4147-8496-953870690f03', '63c46f2a-3d6d-41c8-b04d-7ec386c6cfc5', 'Tertiary', 3, 25.49) ON CONFLICT DO NOTHING;
INSERT INTO item (id, name, code, ven_category, type, legacy_record, is_active, is_vaccine, vaccine_doses, default_pack_size) VALUES ('ff08ee8d-f838-49bc-b765-b5304126ea60', 'Influenza, pandemic H1N1', 'H1N1', 'NOT_ASSIGNED', 'STOCK', '', 'True', 'True', 1, 1) ON CONFLICT DO NOTHING;
INSERT INTO item_link (id, item_id) VALUES ('ff08ee8d-f838-49bc-b765-b5304126ea60', 'ff08ee8d-f838-49bc-b765-b5304126ea60') ON CONFLICT DO NOTHING;
INSERT INTO changelog (record_id, table_name, row_action) VALUES ('ff08ee8d-f838-49bc-b765-b5304126ea60', 'item', 'UPSERT');
INSERT INTO master_list_line (id, master_list_id, item_link_id) VALUES (uuid_in(md5(random()::text || random()::text)::cstring), '43491ce9-bc89-4ee5-988d-9dbb2856e398', 'ff08ee8d-f838-49bc-b765-b5304126ea60') ON CONFLICT DO NOTHING;
INSERT INTO item_variant (id, name, item_link_id, cold_storage_type_id, doses_per_unit) VALUES ('799dd9da-76db-4395-84f3-23ea482467bd', 'H1N1 Green Flu-S', 'ff08ee8d-f838-49bc-b765-b5304126ea60', (SELECT id FROM cold_storage_type WHERE name = '+5' or min_temperature = 2 and max_temperature = 8 LIMIT 1), 1) ON CONFLICT DO NOTHING;
INSERT INTO changelog (record_id, table_name, row_action) VALUES ('799dd9da-76db-4395-84f3-23ea482467bd', 'item_variant', 'UPSERT');
INSERT INTO packaging_variant (id, item_variant_id, name, packaging_level, volume_per_unit) VALUES ('8ce4635b-771e-440e-9f4b-8a81e9b70bc0', '799dd9da-76db-4395-84f3-23ea482467bd', 'Primary', 1, 34.37) ON CONFLICT DO NOTHING;
INSERT INTO packaging_variant (id, item_variant_id, name, packaging_level, volume_per_unit) VALUES ('7cc9c511-534b-4236-8fe5-77c16916df6e', '799dd9da-76db-4395-84f3-23ea482467bd', 'Secondary', 2, 34.37) ON CONFLICT DO NOTHING;
INSERT INTO packaging_variant (id, item_variant_id, name, packaging_level, volume_per_unit) VALUES ('8d4579c6-da2b-4591-882b-cb7d9edaf9c4', '799dd9da-76db-4395-84f3-23ea482467bd', 'Tertiary', 3, 290.18) ON CONFLICT DO NOTHING;
INSERT INTO item_variant (id, name, item_link_id, cold_storage_type_id, doses_per_unit) VALUES ('3be8c650-ee07-4669-bdff-d2a7cde619fe', 'H1N1 Influenza A (H1N1) 2009 monovalent vaccine', 'ff08ee8d-f838-49bc-b765-b5304126ea60', (SELECT id FROM cold_storage_type WHERE name = '+5' or min_temperature = 2 and max_temperature = 8 LIMIT 1), 1) ON CONFLICT DO NOTHING;
INSERT INTO changelog (record_id, table_name, row_action) VALUES ('3be8c650-ee07-4669-bdff-d2a7cde619fe', 'item_variant', 'UPSERT');
INSERT INTO packaging_variant (id, item_variant_id, name, packaging_level, volume_per_unit) VALUES ('87908774-922f-4e93-ab03-f114b63443cc', '3be8c650-ee07-4669-bdff-d2a7cde619fe', 'Primary', 1, 65.28) ON CONFLICT DO NOTHING;
INSERT INTO packaging_variant (id, item_variant_id, name, packaging_level, volume_per_unit) VALUES ('a221a8b3-2590-4ede-8f98-108f01c5d862', '3be8c650-ee07-4669-bdff-d2a7cde619fe', 'Secondary', 2, 65.28) ON CONFLICT DO NOTHING;
INSERT INTO packaging_variant (id, item_variant_id, name, packaging_level, volume_per_unit) VALUES ('c7f31fd7-bceb-43ff-b198-d61080d2a474', '3be8c650-ee07-4669-bdff-d2a7cde619fe', 'Tertiary', 3, 86.96) ON CONFLICT DO NOTHING;
INSERT INTO item_variant (id, name, item_link_id, cold_storage_type_id, doses_per_unit) VALUES ('5c35dfd9-cf1b-4e77-ad2d-5d0803fbb989', 'H1N1 Influenza A (H1N1) 2009 monovalent vaccine', 'ff08ee8d-f838-49bc-b765-b5304126ea60', (SELECT id FROM cold_storage_type WHERE name = '+5' or min_temperature = 2 and max_temperature = 8 LIMIT 1), 1) ON CONFLICT DO NOTHING;
INSERT INTO changelog (record_id, table_name, row_action) VALUES ('5c35dfd9-cf1b-4e77-ad2d-5d0803fbb989', 'item_variant', 'UPSERT');
INSERT INTO packaging_variant (id, item_variant_id, name, packaging_level, volume_per_unit) VALUES ('8558f762-3a39-457b-878d-f2ec0876a3f1', '5c35dfd9-cf1b-4e77-ad2d-5d0803fbb989', 'Primary', 1, 18.36) ON CONFLICT DO NOTHING;
INSERT INTO packaging_variant (id, item_variant_id, name, packaging_level, volume_per_unit) VALUES ('5310e8d9-c077-4874-8bbe-cf773b6d442a', '5c35dfd9-cf1b-4e77-ad2d-5d0803fbb989', 'Secondary', 2, 18.36) ON CONFLICT DO NOTHING;
INSERT INTO packaging_variant (id, item_variant_id, name, packaging_level, volume_per_unit) VALUES ('f4aaf4aa-9e4a-4af4-a72b-e9fe21c04eb5', '5c35dfd9-cf1b-4e77-ad2d-5d0803fbb989', 'Tertiary', 3, 22.39) ON CONFLICT DO NOTHING;
INSERT INTO item_variant (id, name, item_link_id, cold_storage_type_id, doses_per_unit) VALUES ('76dcac78-2eec-4618-ab55-1c699042902a', 'H1N1 NASOVAC Influenza Vaccine, Live Attenuated (Human) Freeze-Dried', 'ff08ee8d-f838-49bc-b765-b5304126ea60', (SELECT id FROM cold_storage_type WHERE name = '+5' or min_temperature = 2 and max_temperature = 8 LIMIT 1), 1) ON CONFLICT DO NOTHING;
INSERT INTO changelog (record_id, table_name, row_action) VALUES ('76dcac78-2eec-4618-ab55-1c699042902a', 'item_variant', 'UPSERT');
INSERT INTO packaging_variant (id, item_variant_id, name, packaging_level, volume_per_unit) VALUES ('9722dcd5-6181-4555-b8a3-99ca04845df5', '76dcac78-2eec-4618-ab55-1c699042902a', 'Primary', 1, 17.58) ON CONFLICT DO NOTHING;
INSERT INTO packaging_variant (id, item_variant_id, name, packaging_level, volume_per_unit) VALUES ('5b553a01-576f-4cdc-bbe9-e733e1c5a5f7', '76dcac78-2eec-4618-ab55-1c699042902a', 'Secondary', 2, 17.58) ON CONFLICT DO NOTHING;
INSERT INTO packaging_variant (id, item_variant_id, name, packaging_level, volume_per_unit) VALUES ('2d33083c-e28f-4214-93ae-54dc3667dfa9', '76dcac78-2eec-4618-ab55-1c699042902a', 'Tertiary', 3, 98.4) ON CONFLICT DO NOTHING;
INSERT INTO item (id, name, code, ven_category, type, legacy_record, is_active, is_vaccine, vaccine_doses, default_pack_size) VALUES ('8493ed89-ec92-4299-becc-8071a406a8df', 'H1N1 Diluent', 'H1N1_DILUENT', 'NOT_ASSIGNED', 'STOCK', '', 'True', 'False', 0, 1) ON CONFLICT DO NOTHING;
INSERT INTO item_link (id, item_id) VALUES ('8493ed89-ec92-4299-becc-8071a406a8df', '8493ed89-ec92-4299-becc-8071a406a8df') ON CONFLICT DO NOTHING;
INSERT INTO changelog (record_id, table_name, row_action) VALUES ('8493ed89-ec92-4299-becc-8071a406a8df', 'item', 'UPSERT');
INSERT INTO item_variant (id, name, item_link_id, cold_storage_type_id, doses_per_unit) VALUES ('ff866a02-50ad-427e-a0db-b9aac7ed8363', 'H1N1 NASOVAC Influenza Vaccine, Live Attenuated (Human) Freeze-Dried Diluent', '8493ed89-ec92-4299-becc-8071a406a8df', (SELECT id FROM cold_storage_type WHERE name = '+5' or min_temperature = 2 and max_temperature = 8 LIMIT 1), 1) ON CONFLICT DO NOTHING;
INSERT INTO changelog (record_id, table_name, row_action) VALUES ('ff866a02-50ad-427e-a0db-b9aac7ed8363', 'item_variant', 'UPSERT');
INSERT INTO packaging_variant (id, item_variant_id, name, packaging_level, volume_per_unit) VALUES ('67fbf369-d940-4283-8fe3-a46e70412115', 'ff866a02-50ad-427e-a0db-b9aac7ed8363', 'Primary', 1, 16.7) ON CONFLICT DO NOTHING;
INSERT INTO packaging_variant (id, item_variant_id, name, packaging_level, volume_per_unit) VALUES ('fb641178-b177-4928-bd38-c416857f383b', 'ff866a02-50ad-427e-a0db-b9aac7ed8363', 'Secondary', 2, 16.7) ON CONFLICT DO NOTHING;
INSERT INTO packaging_variant (id, item_variant_id, name, packaging_level, volume_per_unit) VALUES ('e1ae2847-08c5-4cb8-bf45-d349ab8631c3', 'ff866a02-50ad-427e-a0db-b9aac7ed8363', 'Tertiary', 3, 18.7) ON CONFLICT DO NOTHING;
INSERT INTO bundled_item (id, principal_item_variant_id, bundled_item_variant_id, ratio) VALUES ('37c60757-b147-42de-9e6f-cc7050284f0a', '76dcac78-2eec-4618-ab55-1c699042902a', 'ff866a02-50ad-427e-a0db-b9aac7ed8363', 1) ON CONFLICT DO NOTHING;
INSERT INTO changelog (record_id, table_name, row_action) VALUES ('37c60757-b147-42de-9e6f-cc7050284f0a', 'bundled_item', 'UPSERT');
INSERT INTO item_variant (id, name, item_link_id, cold_storage_type_id, doses_per_unit) VALUES ('8b8a2a5f-78b2-45a2-8aa6-4b1e75d09cc2', 'H1N1 NASOVAC Influenza Vaccine, Live Attenuated (Human) Freeze-Dried', 'ff08ee8d-f838-49bc-b765-b5304126ea60', (SELECT id FROM cold_storage_type WHERE name = '+5' or min_temperature = 2 and max_temperature = 8 LIMIT 1), 5) ON CONFLICT DO NOTHING;
INSERT INTO changelog (record_id, table_name, row_action) VALUES ('8b8a2a5f-78b2-45a2-8aa6-4b1e75d09cc2', 'item_variant', 'UPSERT');
INSERT INTO packaging_variant (id, item_variant_id, name, packaging_level, volume_per_unit) VALUES ('7c04bf03-b90e-495a-91b6-3221c1afb0ca', '8b8a2a5f-78b2-45a2-8aa6-4b1e75d09cc2', 'Primary', 1, 3.52) ON CONFLICT DO NOTHING;
INSERT INTO packaging_variant (id, item_variant_id, name, packaging_level, volume_per_unit) VALUES ('f64b8f82-92cd-4c34-9b00-0a711ab69dc7', '8b8a2a5f-78b2-45a2-8aa6-4b1e75d09cc2', 'Secondary', 2, 3.52) ON CONFLICT DO NOTHING;
INSERT INTO packaging_variant (id, item_variant_id, name, packaging_level, volume_per_unit) VALUES ('a17d47b8-dec1-4698-a5bd-67280b4fd7cd', '8b8a2a5f-78b2-45a2-8aa6-4b1e75d09cc2', 'Tertiary', 3, 19.68) ON CONFLICT DO NOTHING;
INSERT INTO item_variant (id, name, item_link_id, cold_storage_type_id, doses_per_unit) VALUES ('62d01f25-05c6-4eb0-bdfc-8da0b6005b05', 'H1N1 Panvax', 'ff08ee8d-f838-49bc-b765-b5304126ea60', (SELECT id FROM cold_storage_type WHERE name = '+5' or min_temperature = 2 and max_temperature = 8 LIMIT 1), 10) ON CONFLICT DO NOTHING;
INSERT INTO changelog (record_id, table_name, row_action) VALUES ('62d01f25-05c6-4eb0-bdfc-8da0b6005b05', 'item_variant', 'UPSERT');
INSERT INTO packaging_variant (id, item_variant_id, name, packaging_level, volume_per_unit) VALUES ('2c62b25b-7fae-4966-93de-a96a49b0d41b', '62d01f25-05c6-4eb0-bdfc-8da0b6005b05', 'Primary', 1, 3.08) ON CONFLICT DO NOTHING;
INSERT INTO packaging_variant (id, item_variant_id, name, packaging_level, volume_per_unit) VALUES ('4484dc61-8450-40df-9493-2b909284355a', '62d01f25-05c6-4eb0-bdfc-8da0b6005b05', 'Secondary', 2, 3.08) ON CONFLICT DO NOTHING;
INSERT INTO packaging_variant (id, item_variant_id, name, packaging_level, volume_per_unit) VALUES ('35626340-8fb5-4eb0-a00a-f1ead91ea0d4', '62d01f25-05c6-4eb0-bdfc-8da0b6005b05', 'Tertiary', 3, 4) ON CONFLICT DO NOTHING;
INSERT INTO item_variant (id, name, item_link_id, cold_storage_type_id, doses_per_unit) VALUES ('4dbada09-3e86-4970-9bc7-f49e541fa036', 'H1N1 Focetria', 'ff08ee8d-f838-49bc-b765-b5304126ea60', (SELECT id FROM cold_storage_type WHERE name = '+5' or min_temperature = 2 and max_temperature = 8 LIMIT 1), 10) ON CONFLICT DO NOTHING;
INSERT INTO changelog (record_id, table_name, row_action) VALUES ('4dbada09-3e86-4970-9bc7-f49e541fa036', 'item_variant', 'UPSERT');
INSERT INTO packaging_variant (id, item_variant_id, name, packaging_level, volume_per_unit) VALUES ('9c758430-371f-408a-9220-9724628aeba2', '4dbada09-3e86-4970-9bc7-f49e541fa036', 'Primary', 1, 2.36) ON CONFLICT DO NOTHING;
INSERT INTO packaging_variant (id, item_variant_id, name, packaging_level, volume_per_unit) VALUES ('2d1b61e7-59ca-4d77-8c9c-40dcffd9a259', '4dbada09-3e86-4970-9bc7-f49e541fa036', 'Secondary', 2, 2.36) ON CONFLICT DO NOTHING;
INSERT INTO packaging_variant (id, item_variant_id, name, packaging_level, volume_per_unit) VALUES ('e3e6d848-5bdf-4f03-8c82-d63280536484', '4dbada09-3e86-4970-9bc7-f49e541fa036', 'Tertiary', 3, 2.96) ON CONFLICT DO NOTHING;
INSERT INTO item_variant (id, name, item_link_id, cold_storage_type_id, doses_per_unit) VALUES ('0007f785-436b-45ff-aa9d-f2d3d7b8de24', 'H1N1 Fluvirin-H1N1', 'ff08ee8d-f838-49bc-b765-b5304126ea60', (SELECT id FROM cold_storage_type WHERE name = '+5' or min_temperature = 2 and max_temperature = 8 LIMIT 1), 10) ON CONFLICT DO NOTHING;
INSERT INTO changelog (record_id, table_name, row_action) VALUES ('0007f785-436b-45ff-aa9d-f2d3d7b8de24', 'item_variant', 'UPSERT');
INSERT INTO packaging_variant (id, item_variant_id, name, packaging_level, volume_per_unit) VALUES ('d88ef5e0-0851-492a-b8bb-828ebb622e6a', '0007f785-436b-45ff-aa9d-f2d3d7b8de24', 'Primary', 1, 53.3) ON CONFLICT DO NOTHING;
INSERT INTO packaging_variant (id, item_variant_id, name, packaging_level, volume_per_unit) VALUES ('3bb62527-9628-4fc7-8072-ca2b8bad422d', '0007f785-436b-45ff-aa9d-f2d3d7b8de24', 'Secondary', 2, 53.3) ON CONFLICT DO NOTHING;
INSERT INTO packaging_variant (id, item_variant_id, name, packaging_level, volume_per_unit) VALUES ('7b4b19ec-6026-4597-9520-4810d1dc7bb8', '0007f785-436b-45ff-aa9d-f2d3d7b8de24', 'Tertiary', 3, 5.99) ON CONFLICT DO NOTHING;
INSERT INTO item_variant (id, name, item_link_id, cold_storage_type_id, doses_per_unit) VALUES ('672f6b69-3566-4563-a309-bb9e8083f263', 'H1N1 Panenza', 'ff08ee8d-f838-49bc-b765-b5304126ea60', (SELECT id FROM cold_storage_type WHERE name = '+5' or min_temperature = 2 and max_temperature = 8 LIMIT 1), 10) ON CONFLICT DO NOTHING;
INSERT INTO changelog (record_id, table_name, row_action) VALUES ('672f6b69-3566-4563-a309-bb9e8083f263', 'item_variant', 'UPSERT');
INSERT INTO packaging_variant (id, item_variant_id, name, packaging_level, volume_per_unit) VALUES ('3d98a627-10e2-488b-b760-7623337fc1f6', '672f6b69-3566-4563-a309-bb9e8083f263', 'Primary', 1, 2.31) ON CONFLICT DO NOTHING;
INSERT INTO packaging_variant (id, item_variant_id, name, packaging_level, volume_per_unit) VALUES ('ddd25ad5-549f-492b-938e-b31bc023a5a0', '672f6b69-3566-4563-a309-bb9e8083f263', 'Secondary', 2, 2.31) ON CONFLICT DO NOTHING;
INSERT INTO packaging_variant (id, item_variant_id, name, packaging_level, volume_per_unit) VALUES ('0bb4edb1-44d1-4fe5-a5bb-69b0e25d5f69', '672f6b69-3566-4563-a309-bb9e8083f263', 'Tertiary', 3, 3.06) ON CONFLICT DO NOTHING;
INSERT INTO item_variant (id, name, item_link_id, cold_storage_type_id, doses_per_unit) VALUES ('4bc5cdb7-5982-4495-81c7-a378673ab8d6', 'H1N1 Influenza A (H1N1) 2009 monovalent vaccine', 'ff08ee8d-f838-49bc-b765-b5304126ea60', (SELECT id FROM cold_storage_type WHERE name = '+5' or min_temperature = 2 and max_temperature = 8 LIMIT 1), 10) ON CONFLICT DO NOTHING;
INSERT INTO changelog (record_id, table_name, row_action) VALUES ('4bc5cdb7-5982-4495-81c7-a378673ab8d6', 'item_variant', 'UPSERT');
INSERT INTO packaging_variant (id, item_variant_id, name, packaging_level, volume_per_unit) VALUES ('262b9fd0-7cf7-42b9-bd09-1172a11e7712', '4bc5cdb7-5982-4495-81c7-a378673ab8d6', 'Primary', 1, 6) ON CONFLICT DO NOTHING;
INSERT INTO packaging_variant (id, item_variant_id, name, packaging_level, volume_per_unit) VALUES ('cb4b96eb-bff8-4330-b9dd-381f70764a2f', '4bc5cdb7-5982-4495-81c7-a378673ab8d6', 'Secondary', 2, 6) ON CONFLICT DO NOTHING;
INSERT INTO packaging_variant (id, item_variant_id, name, packaging_level, volume_per_unit) VALUES ('d32c74a2-da64-44a3-a821-62ea05dfd92c', '4bc5cdb7-5982-4495-81c7-a378673ab8d6', 'Tertiary', 3, 8.62) ON CONFLICT DO NOTHING;
INSERT INTO item_variant (id, name, item_link_id, cold_storage_type_id, doses_per_unit) VALUES ('c8d3b951-64d3-4972-b58e-6cd61b35b1c2', 'H1N1 Celtura', 'ff08ee8d-f838-49bc-b765-b5304126ea60', (SELECT id FROM cold_storage_type WHERE name = '+5' or min_temperature = 2 and max_temperature = 8 LIMIT 1), 17) ON CONFLICT DO NOTHING;
INSERT INTO changelog (record_id, table_name, row_action) VALUES ('c8d3b951-64d3-4972-b58e-6cd61b35b1c2', 'item_variant', 'UPSERT');
INSERT INTO packaging_variant (id, item_variant_id, name, packaging_level, volume_per_unit) VALUES ('c5d97029-2360-4607-a7b0-29874d2935ee', 'c8d3b951-64d3-4972-b58e-6cd61b35b1c2', 'Primary', 1, 1.34) ON CONFLICT DO NOTHING;
INSERT INTO packaging_variant (id, item_variant_id, name, packaging_level, volume_per_unit) VALUES ('9523de63-6904-4ee5-832d-8a801ac6fe68', 'c8d3b951-64d3-4972-b58e-6cd61b35b1c2', 'Secondary', 2, 1.34) ON CONFLICT DO NOTHING;
INSERT INTO packaging_variant (id, item_variant_id, name, packaging_level, volume_per_unit) VALUES ('b24efde8-3a33-4f48-9d5a-2c81118bdd7e', 'c8d3b951-64d3-4972-b58e-6cd61b35b1c2', 'Tertiary', 3, 9.19) ON CONFLICT DO NOTHING;
INSERT INTO item (id, name, code, ven_category, type, legacy_record, is_active, is_vaccine, vaccine_doses, default_pack_size) VALUES ('8c38178c-9439-45e6-a9da-351dd38124ca', 'Hepatitis A (inactivated)', 'HepA', 'NOT_ASSIGNED', 'STOCK', '', 'True', 'True', 1, 1) ON CONFLICT DO NOTHING;
INSERT INTO item_link (id, item_id) VALUES ('8c38178c-9439-45e6-a9da-351dd38124ca', '8c38178c-9439-45e6-a9da-351dd38124ca') ON CONFLICT DO NOTHING;
INSERT INTO changelog (record_id, table_name, row_action) VALUES ('8c38178c-9439-45e6-a9da-351dd38124ca', 'item', 'UPSERT');
INSERT INTO master_list_line (id, master_list_id, item_link_id) VALUES (uuid_in(md5(random()::text || random()::text)::cstring), '43491ce9-bc89-4ee5-988d-9dbb2856e398', '8c38178c-9439-45e6-a9da-351dd38124ca') ON CONFLICT DO NOTHING;
INSERT INTO item_variant (id, name, item_link_id, cold_storage_type_id, doses_per_unit) VALUES ('a4654520-c3cc-462d-816b-fb9d09b9288b', 'HepA Havrix 1440 Adult', '8c38178c-9439-45e6-a9da-351dd38124ca', (SELECT id FROM cold_storage_type WHERE name = '+5' or min_temperature = 2 and max_temperature = 8 LIMIT 1), 1) ON CONFLICT DO NOTHING;
INSERT INTO changelog (record_id, table_name, row_action) VALUES ('a4654520-c3cc-462d-816b-fb9d09b9288b', 'item_variant', 'UPSERT');
INSERT INTO packaging_variant (id, item_variant_id, name, packaging_level, volume_per_unit) VALUES ('65bac514-9e35-4f8a-8931-03bcd14f6160', 'a4654520-c3cc-462d-816b-fb9d09b9288b', 'Primary', 1, 11.5) ON CONFLICT DO NOTHING;
INSERT INTO packaging_variant (id, item_variant_id, name, packaging_level, volume_per_unit) VALUES ('1ff8b3d8-8c03-45e3-9a67-e8456ceddcb1', 'a4654520-c3cc-462d-816b-fb9d09b9288b', 'Secondary', 2, 11.5) ON CONFLICT DO NOTHING;
INSERT INTO packaging_variant (id, item_variant_id, name, packaging_level, volume_per_unit) VALUES ('46d24a10-d53d-45bf-ac15-d22aff369fd7', 'a4654520-c3cc-462d-816b-fb9d09b9288b', 'Tertiary', 3, 15.23) ON CONFLICT DO NOTHING;
INSERT INTO item_variant (id, name, item_link_id, cold_storage_type_id, doses_per_unit) VALUES ('654909c3-f614-4a6c-838f-0d5333bdd368', 'HepA Havrix 720 Junior', '8c38178c-9439-45e6-a9da-351dd38124ca', (SELECT id FROM cold_storage_type WHERE name = '+5' or min_temperature = 2 and max_temperature = 8 LIMIT 1), 1) ON CONFLICT DO NOTHING;
INSERT INTO changelog (record_id, table_name, row_action) VALUES ('654909c3-f614-4a6c-838f-0d5333bdd368', 'item_variant', 'UPSERT');
INSERT INTO packaging_variant (id, item_variant_id, name, packaging_level, volume_per_unit) VALUES ('9dc195d2-5835-4657-8666-d6e6aa63ae06', '654909c3-f614-4a6c-838f-0d5333bdd368', 'Primary', 1, 11.5) ON CONFLICT DO NOTHING;
INSERT INTO packaging_variant (id, item_variant_id, name, packaging_level, volume_per_unit) VALUES ('ec00ff98-0fcf-49ed-a7d9-a16f12d2478a', '654909c3-f614-4a6c-838f-0d5333bdd368', 'Secondary', 2, 11.5) ON CONFLICT DO NOTHING;
INSERT INTO packaging_variant (id, item_variant_id, name, packaging_level, volume_per_unit) VALUES ('af474a11-9df1-4338-a93f-9b4d9ed1d471', '654909c3-f614-4a6c-838f-0d5333bdd368', 'Tertiary', 3, 15.23) ON CONFLICT DO NOTHING;
INSERT INTO item (id, name, code, ven_category, type, legacy_record, is_active, is_vaccine, vaccine_doses, default_pack_size) VALUES ('9814f955-4476-4246-b0c6-dbb83ee486f6', 'Hepatitis B', 'HepB', 'NOT_ASSIGNED', 'STOCK', '', 'True', 'True', 1, 1) ON CONFLICT DO NOTHING;
INSERT INTO item_link (id, item_id) VALUES ('9814f955-4476-4246-b0c6-dbb83ee486f6', '9814f955-4476-4246-b0c6-dbb83ee486f6') ON CONFLICT DO NOTHING;
INSERT INTO changelog (record_id, table_name, row_action) VALUES ('9814f955-4476-4246-b0c6-dbb83ee486f6', 'item', 'UPSERT');
INSERT INTO master_list_line (id, master_list_id, item_link_id) VALUES (uuid_in(md5(random()::text || random()::text)::cstring), '43491ce9-bc89-4ee5-988d-9dbb2856e398', '9814f955-4476-4246-b0c6-dbb83ee486f6') ON CONFLICT DO NOTHING;
INSERT INTO item_variant (id, name, item_link_id, cold_storage_type_id, doses_per_unit) VALUES ('f0d079c8-cd70-4a19-837e-c070d61f4f67', 'HepB Hepatitis B  Vaccine Recombinant', '9814f955-4476-4246-b0c6-dbb83ee486f6', (SELECT id FROM cold_storage_type WHERE name = '+5' or min_temperature = 2 and max_temperature = 8 LIMIT 1), 1) ON CONFLICT DO NOTHING;
INSERT INTO changelog (record_id, table_name, row_action) VALUES ('f0d079c8-cd70-4a19-837e-c070d61f4f67', 'item_variant', 'UPSERT');
INSERT INTO packaging_variant (id, item_variant_id, name, packaging_level, volume_per_unit) VALUES ('95917d8d-69fc-4952-9158-f27a2f3b2bee', 'f0d079c8-cd70-4a19-837e-c070d61f4f67', 'Primary', 1, 12) ON CONFLICT DO NOTHING;
INSERT INTO packaging_variant (id, item_variant_id, name, packaging_level, volume_per_unit) VALUES ('996915a1-1ade-4958-8ff4-76aa6379f805', 'f0d079c8-cd70-4a19-837e-c070d61f4f67', 'Secondary', 2, 12) ON CONFLICT DO NOTHING;
INSERT INTO packaging_variant (id, item_variant_id, name, packaging_level, volume_per_unit) VALUES ('3efc0b78-ca11-49bd-9110-c7946e21aab8', 'f0d079c8-cd70-4a19-837e-c070d61f4f67', 'Tertiary', 3, 12) ON CONFLICT DO NOTHING;
INSERT INTO item_variant (id, name, item_link_id, cold_storage_type_id, doses_per_unit) VALUES ('374bae33-4a7d-4905-970b-32bdcd97e618', 'HepB Heberbiovac HB', '9814f955-4476-4246-b0c6-dbb83ee486f6', (SELECT id FROM cold_storage_type WHERE name = '+5' or min_temperature = 2 and max_temperature = 8 LIMIT 1), 1) ON CONFLICT DO NOTHING;
INSERT INTO changelog (record_id, table_name, row_action) VALUES ('374bae33-4a7d-4905-970b-32bdcd97e618', 'item_variant', 'UPSERT');
INSERT INTO packaging_variant (id, item_variant_id, name, packaging_level, volume_per_unit) VALUES ('2c845466-6ec7-46e3-8569-8ea78ec155e3', '374bae33-4a7d-4905-970b-32bdcd97e618', 'Primary', 1, 2.76) ON CONFLICT DO NOTHING;
INSERT INTO packaging_variant (id, item_variant_id, name, packaging_level, volume_per_unit) VALUES ('ba42d163-ef3c-4bd8-93ca-df78f6f7d5b3', '374bae33-4a7d-4905-970b-32bdcd97e618', 'Secondary', 2, 2.76) ON CONFLICT DO NOTHING;
INSERT INTO packaging_variant (id, item_variant_id, name, packaging_level, volume_per_unit) VALUES ('146b3d24-0905-485d-afdd-5d04ac5052c1', '374bae33-4a7d-4905-970b-32bdcd97e618', 'Tertiary', 3, 2.76) ON CONFLICT DO NOTHING;
INSERT INTO item_variant (id, name, item_link_id, cold_storage_type_id, doses_per_unit) VALUES ('a29a84bf-9f76-4640-9386-83fc3eea3659', 'HepB Engerix', '9814f955-4476-4246-b0c6-dbb83ee486f6', (SELECT id FROM cold_storage_type WHERE name = '+5' or min_temperature = 2 and max_temperature = 8 LIMIT 1), 1) ON CONFLICT DO NOTHING;
INSERT INTO changelog (record_id, table_name, row_action) VALUES ('a29a84bf-9f76-4640-9386-83fc3eea3659', 'item_variant', 'UPSERT');
INSERT INTO packaging_variant (id, item_variant_id, name, packaging_level, volume_per_unit) VALUES ('477a0d1d-27d9-4314-9086-48dd81045417', 'a29a84bf-9f76-4640-9386-83fc3eea3659', 'Primary', 1, 0) ON CONFLICT DO NOTHING;
INSERT INTO packaging_variant (id, item_variant_id, name, packaging_level, volume_per_unit) VALUES ('750e2b82-dc42-4224-8001-fa68cf90db82', 'a29a84bf-9f76-4640-9386-83fc3eea3659', 'Secondary', 2, 0) ON CONFLICT DO NOTHING;
INSERT INTO packaging_variant (id, item_variant_id, name, packaging_level, volume_per_unit) VALUES ('4cfe88b9-dcdd-40e6-979e-6c0d41f363fa', 'a29a84bf-9f76-4640-9386-83fc3eea3659', 'Tertiary', 3, 0) ON CONFLICT DO NOTHING;
INSERT INTO item_variant (id, name, item_link_id, cold_storage_type_id, doses_per_unit) VALUES ('9370006f-5a56-4a2d-bbfe-d4785f84f062', 'HepB Euvax B', '9814f955-4476-4246-b0c6-dbb83ee486f6', (SELECT id FROM cold_storage_type WHERE name = '+5' or min_temperature = 2 and max_temperature = 8 LIMIT 1), 1) ON CONFLICT DO NOTHING;
INSERT INTO changelog (record_id, table_name, row_action) VALUES ('9370006f-5a56-4a2d-bbfe-d4785f84f062', 'item_variant', 'UPSERT');
INSERT INTO packaging_variant (id, item_variant_id, name, packaging_level, volume_per_unit) VALUES ('9139fc29-c23b-4beb-b80e-494315da50ab', '9370006f-5a56-4a2d-bbfe-d4785f84f062', 'Primary', 1, 14.53) ON CONFLICT DO NOTHING;
INSERT INTO packaging_variant (id, item_variant_id, name, packaging_level, volume_per_unit) VALUES ('2eee7394-dacb-453f-9189-b8f4b0ac792e', '9370006f-5a56-4a2d-bbfe-d4785f84f062', 'Secondary', 2, 14.53) ON CONFLICT DO NOTHING;
INSERT INTO packaging_variant (id, item_variant_id, name, packaging_level, volume_per_unit) VALUES ('dbe8892b-2b69-4150-b383-f64d38f69f06', '9370006f-5a56-4a2d-bbfe-d4785f84f062', 'Tertiary', 3, 68.52) ON CONFLICT DO NOTHING;
INSERT INTO item_variant (id, name, item_link_id, cold_storage_type_id, doses_per_unit) VALUES ('4535fe30-66c6-4e1e-a3f5-c7095e9e3022', 'HepB Hepatitis B Vaccine (rDNA) (Adult)', '9814f955-4476-4246-b0c6-dbb83ee486f6', (SELECT id FROM cold_storage_type WHERE name = '+5' or min_temperature = 2 and max_temperature = 8 LIMIT 1), 1) ON CONFLICT DO NOTHING;
INSERT INTO changelog (record_id, table_name, row_action) VALUES ('4535fe30-66c6-4e1e-a3f5-c7095e9e3022', 'item_variant', 'UPSERT');
INSERT INTO packaging_variant (id, item_variant_id, name, packaging_level, volume_per_unit) VALUES ('32f73185-ea48-49a7-97cf-943fd8981ca8', '4535fe30-66c6-4e1e-a3f5-c7095e9e3022', 'Primary', 1, 14.1) ON CONFLICT DO NOTHING;
INSERT INTO packaging_variant (id, item_variant_id, name, packaging_level, volume_per_unit) VALUES ('b6d9a3c7-e742-4525-9580-bffb39d684a5', '4535fe30-66c6-4e1e-a3f5-c7095e9e3022', 'Secondary', 2, 14.1) ON CONFLICT DO NOTHING;
INSERT INTO packaging_variant (id, item_variant_id, name, packaging_level, volume_per_unit) VALUES ('40eead09-2b54-4e3c-ba2b-1508c88f03fb', '4535fe30-66c6-4e1e-a3f5-c7095e9e3022', 'Tertiary', 3, 65.6) ON CONFLICT DO NOTHING;
INSERT INTO item_variant (id, name, item_link_id, cold_storage_type_id, doses_per_unit) VALUES ('b9d9d2a3-0a49-4ff3-8547-fa3ebf6108fc', 'HepB Hepatitis B Vaccine (rDNA) (Paedriatic)', '9814f955-4476-4246-b0c6-dbb83ee486f6', (SELECT id FROM cold_storage_type WHERE name = '+5' or min_temperature = 2 and max_temperature = 8 LIMIT 1), 1) ON CONFLICT DO NOTHING;
INSERT INTO changelog (record_id, table_name, row_action) VALUES ('b9d9d2a3-0a49-4ff3-8547-fa3ebf6108fc', 'item_variant', 'UPSERT');
INSERT INTO packaging_variant (id, item_variant_id, name, packaging_level, volume_per_unit) VALUES ('262caecc-2302-4258-92b1-ad3e0236f90b', 'b9d9d2a3-0a49-4ff3-8547-fa3ebf6108fc', 'Primary', 1, 14.1) ON CONFLICT DO NOTHING;
INSERT INTO packaging_variant (id, item_variant_id, name, packaging_level, volume_per_unit) VALUES ('45722c56-16a1-488d-aa34-8707fade49e9', 'b9d9d2a3-0a49-4ff3-8547-fa3ebf6108fc', 'Secondary', 2, 14.1) ON CONFLICT DO NOTHING;
INSERT INTO packaging_variant (id, item_variant_id, name, packaging_level, volume_per_unit) VALUES ('1af5cd6a-d865-40af-ab3f-1fbe2fe60ca2', 'b9d9d2a3-0a49-4ff3-8547-fa3ebf6108fc', 'Tertiary', 3, 65.6) ON CONFLICT DO NOTHING;
INSERT INTO item_variant (id, name, item_link_id, cold_storage_type_id, doses_per_unit) VALUES ('83c36ab4-1caa-4483-98b8-258cc4f66360', 'HepB Shanvac-B', '9814f955-4476-4246-b0c6-dbb83ee486f6', (SELECT id FROM cold_storage_type WHERE name = '+5' or min_temperature = 2 and max_temperature = 8 LIMIT 1), 1) ON CONFLICT DO NOTHING;
INSERT INTO changelog (record_id, table_name, row_action) VALUES ('83c36ab4-1caa-4483-98b8-258cc4f66360', 'item_variant', 'UPSERT');
INSERT INTO packaging_variant (id, item_variant_id, name, packaging_level, volume_per_unit) VALUES ('ddaa7541-0ca9-46ea-bf7c-d416f87098ee', '83c36ab4-1caa-4483-98b8-258cc4f66360', 'Primary', 1, 16.8) ON CONFLICT DO NOTHING;
INSERT INTO packaging_variant (id, item_variant_id, name, packaging_level, volume_per_unit) VALUES ('769fb97f-3963-4a6d-ad9f-1779648a59ee', '83c36ab4-1caa-4483-98b8-258cc4f66360', 'Secondary', 2, 16.8) ON CONFLICT DO NOTHING;
INSERT INTO packaging_variant (id, item_variant_id, name, packaging_level, volume_per_unit) VALUES ('a538f421-937e-4287-9054-3e734f793c9d', '83c36ab4-1caa-4483-98b8-258cc4f66360', 'Tertiary', 3, 68.22) ON CONFLICT DO NOTHING;
INSERT INTO item_variant (id, name, item_link_id, cold_storage_type_id, doses_per_unit) VALUES ('5c26c420-6c65-4715-9325-d441bbb9b598', 'HepB Euvax B', '9814f955-4476-4246-b0c6-dbb83ee486f6', (SELECT id FROM cold_storage_type WHERE name = '+5' or min_temperature = 2 and max_temperature = 8 LIMIT 1), 2) ON CONFLICT DO NOTHING;
INSERT INTO changelog (record_id, table_name, row_action) VALUES ('5c26c420-6c65-4715-9325-d441bbb9b598', 'item_variant', 'UPSERT');
INSERT INTO packaging_variant (id, item_variant_id, name, packaging_level, volume_per_unit) VALUES ('983470cb-e315-48d7-a221-9994d7869591', '5c26c420-6c65-4715-9325-d441bbb9b598', 'Primary', 1, 7.2) ON CONFLICT DO NOTHING;
INSERT INTO packaging_variant (id, item_variant_id, name, packaging_level, volume_per_unit) VALUES ('c6eaca8b-4c3f-4a43-a681-125e8831069f', '5c26c420-6c65-4715-9325-d441bbb9b598', 'Secondary', 2, 7.2) ON CONFLICT DO NOTHING;
INSERT INTO packaging_variant (id, item_variant_id, name, packaging_level, volume_per_unit) VALUES ('b8ed99b7-c91f-4f98-9283-ba52c461d9cd', '5c26c420-6c65-4715-9325-d441bbb9b598', 'Tertiary', 3, 7.2) ON CONFLICT DO NOTHING;
INSERT INTO item_variant (id, name, item_link_id, cold_storage_type_id, doses_per_unit) VALUES ('f9433147-d218-453f-a656-a135b7b523dc', 'HepB Shanvac-B', '9814f955-4476-4246-b0c6-dbb83ee486f6', (SELECT id FROM cold_storage_type WHERE name = '+5' or min_temperature = 2 and max_temperature = 8 LIMIT 1), 2) ON CONFLICT DO NOTHING;
INSERT INTO changelog (record_id, table_name, row_action) VALUES ('f9433147-d218-453f-a656-a135b7b523dc', 'item_variant', 'UPSERT');
INSERT INTO packaging_variant (id, item_variant_id, name, packaging_level, volume_per_unit) VALUES ('7aea8a92-de1e-4496-99e6-a0ec77a54ecf', 'f9433147-d218-453f-a656-a135b7b523dc', 'Primary', 1, 8.05) ON CONFLICT DO NOTHING;
INSERT INTO packaging_variant (id, item_variant_id, name, packaging_level, volume_per_unit) VALUES ('5fade06f-1d6f-44a3-98b7-5a5a248b9d13', 'f9433147-d218-453f-a656-a135b7b523dc', 'Secondary', 2, 8.05) ON CONFLICT DO NOTHING;
INSERT INTO packaging_variant (id, item_variant_id, name, packaging_level, volume_per_unit) VALUES ('fe8e179e-9fd3-4ecb-847e-f1297b7916b2', 'f9433147-d218-453f-a656-a135b7b523dc', 'Tertiary', 3, 34.11) ON CONFLICT DO NOTHING;
INSERT INTO item_variant (id, name, item_link_id, cold_storage_type_id, doses_per_unit) VALUES ('ee4d330f-22b2-4400-a9b4-ad3f08fc2f41', 'HepB Euvax B', '9814f955-4476-4246-b0c6-dbb83ee486f6', (SELECT id FROM cold_storage_type WHERE name = '+5' or min_temperature = 2 and max_temperature = 8 LIMIT 1), 6) ON CONFLICT DO NOTHING;
INSERT INTO changelog (record_id, table_name, row_action) VALUES ('ee4d330f-22b2-4400-a9b4-ad3f08fc2f41', 'item_variant', 'UPSERT');
INSERT INTO packaging_variant (id, item_variant_id, name, packaging_level, volume_per_unit) VALUES ('421ccf90-776b-4f8c-a434-5a34877951aa', 'ee4d330f-22b2-4400-a9b4-ad3f08fc2f41', 'Primary', 1, 4.66) ON CONFLICT DO NOTHING;
INSERT INTO packaging_variant (id, item_variant_id, name, packaging_level, volume_per_unit) VALUES ('6634e4be-0a5e-4e67-aa9b-1b3eb5f3b2e0', 'ee4d330f-22b2-4400-a9b4-ad3f08fc2f41', 'Secondary', 2, 4.66) ON CONFLICT DO NOTHING;
INSERT INTO packaging_variant (id, item_variant_id, name, packaging_level, volume_per_unit) VALUES ('03c8de9d-8901-4160-87b2-546051dff174', 'ee4d330f-22b2-4400-a9b4-ad3f08fc2f41', 'Tertiary', 3, 4.66) ON CONFLICT DO NOTHING;
INSERT INTO item_variant (id, name, item_link_id, cold_storage_type_id, doses_per_unit) VALUES ('e0bf8af7-8581-49fc-9f81-e2cb27d5e942', 'HepB Shanvac-B', '9814f955-4476-4246-b0c6-dbb83ee486f6', (SELECT id FROM cold_storage_type WHERE name = '+5' or min_temperature = 2 and max_temperature = 8 LIMIT 1), 6) ON CONFLICT DO NOTHING;
INSERT INTO changelog (record_id, table_name, row_action) VALUES ('e0bf8af7-8581-49fc-9f81-e2cb27d5e942', 'item_variant', 'UPSERT');
INSERT INTO packaging_variant (id, item_variant_id, name, packaging_level, volume_per_unit) VALUES ('eb682ba8-d1dd-449b-b8fd-f47833053905', 'e0bf8af7-8581-49fc-9f81-e2cb27d5e942', 'Primary', 1, 3.73) ON CONFLICT DO NOTHING;
INSERT INTO packaging_variant (id, item_variant_id, name, packaging_level, volume_per_unit) VALUES ('7097de67-adde-4eb0-ad0c-40753c1038ed', 'e0bf8af7-8581-49fc-9f81-e2cb27d5e942', 'Secondary', 2, 3.73) ON CONFLICT DO NOTHING;
INSERT INTO packaging_variant (id, item_variant_id, name, packaging_level, volume_per_unit) VALUES ('72c710a8-80ec-4c0d-87d8-8c17939c9c0d', 'e0bf8af7-8581-49fc-9f81-e2cb27d5e942', 'Tertiary', 3, 18.27) ON CONFLICT DO NOTHING;
INSERT INTO item_variant (id, name, item_link_id, cold_storage_type_id, doses_per_unit) VALUES ('a063250a-b76d-4055-964f-5f451e2a602f', 'HepB Hepavax-Gene', '9814f955-4476-4246-b0c6-dbb83ee486f6', (SELECT id FROM cold_storage_type WHERE name = '+5' or min_temperature = 2 and max_temperature = 8 LIMIT 1), 10) ON CONFLICT DO NOTHING;
INSERT INTO changelog (record_id, table_name, row_action) VALUES ('a063250a-b76d-4055-964f-5f451e2a602f', 'item_variant', 'UPSERT');
INSERT INTO packaging_variant (id, item_variant_id, name, packaging_level, volume_per_unit) VALUES ('c86ff327-759e-4d5b-b528-381c6fc85fae', 'a063250a-b76d-4055-964f-5f451e2a602f', 'Primary', 1, 3.7) ON CONFLICT DO NOTHING;
INSERT INTO packaging_variant (id, item_variant_id, name, packaging_level, volume_per_unit) VALUES ('cb01c2be-27c5-44a7-bb94-6db03be716e2', 'a063250a-b76d-4055-964f-5f451e2a602f', 'Secondary', 2, 3.7) ON CONFLICT DO NOTHING;
INSERT INTO packaging_variant (id, item_variant_id, name, packaging_level, volume_per_unit) VALUES ('c73725b2-82ee-4a9f-b410-cf0dfdd3a2bc', 'a063250a-b76d-4055-964f-5f451e2a602f', 'Tertiary', 3, 12.89) ON CONFLICT DO NOTHING;
INSERT INTO item_variant (id, name, item_link_id, cold_storage_type_id, doses_per_unit) VALUES ('248c8296-7245-4e9d-936b-c647be407341', 'HepB Heberbiovac HB', '9814f955-4476-4246-b0c6-dbb83ee486f6', (SELECT id FROM cold_storage_type WHERE name = '+5' or min_temperature = 2 and max_temperature = 8 LIMIT 1), 10) ON CONFLICT DO NOTHING;
INSERT INTO changelog (record_id, table_name, row_action) VALUES ('248c8296-7245-4e9d-936b-c647be407341', 'item_variant', 'UPSERT');
INSERT INTO packaging_variant (id, item_variant_id, name, packaging_level, volume_per_unit) VALUES ('25e98e85-976b-4699-9728-b857d33d1baa', '248c8296-7245-4e9d-936b-c647be407341', 'Primary', 1, 2.76) ON CONFLICT DO NOTHING;
INSERT INTO packaging_variant (id, item_variant_id, name, packaging_level, volume_per_unit) VALUES ('ba296e03-d2d4-4da5-8cce-97392623970c', '248c8296-7245-4e9d-936b-c647be407341', 'Secondary', 2, 2.76) ON CONFLICT DO NOTHING;
INSERT INTO packaging_variant (id, item_variant_id, name, packaging_level, volume_per_unit) VALUES ('3ad852ce-c4ec-4b70-9a35-bd788607ed3e', '248c8296-7245-4e9d-936b-c647be407341', 'Tertiary', 3, 2.76) ON CONFLICT DO NOTHING;
INSERT INTO item_variant (id, name, item_link_id, cold_storage_type_id, doses_per_unit) VALUES ('ec80bcb7-4355-4084-b332-621cddac0eda', 'HepB Engerix', '9814f955-4476-4246-b0c6-dbb83ee486f6', (SELECT id FROM cold_storage_type WHERE name = '+5' or min_temperature = 2 and max_temperature = 8 LIMIT 1), 10) ON CONFLICT DO NOTHING;
INSERT INTO changelog (record_id, table_name, row_action) VALUES ('ec80bcb7-4355-4084-b332-621cddac0eda', 'item_variant', 'UPSERT');
INSERT INTO packaging_variant (id, item_variant_id, name, packaging_level, volume_per_unit) VALUES ('b45306d6-e9b4-4123-b4e1-49e0df72792e', 'ec80bcb7-4355-4084-b332-621cddac0eda', 'Primary', 1, 0) ON CONFLICT DO NOTHING;
INSERT INTO packaging_variant (id, item_variant_id, name, packaging_level, volume_per_unit) VALUES ('56e90331-44c9-491e-96a6-cd107b73faad', 'ec80bcb7-4355-4084-b332-621cddac0eda', 'Secondary', 2, 0) ON CONFLICT DO NOTHING;
INSERT INTO packaging_variant (id, item_variant_id, name, packaging_level, volume_per_unit) VALUES ('ba78cf3c-1fa5-4fe9-b18c-ec39e59cb105', 'ec80bcb7-4355-4084-b332-621cddac0eda', 'Tertiary', 3, 0) ON CONFLICT DO NOTHING;
INSERT INTO item_variant (id, name, item_link_id, cold_storage_type_id, doses_per_unit) VALUES ('0c7417d5-5b2b-451c-9531-1bfd3f702561', 'HepB Euvax B', '9814f955-4476-4246-b0c6-dbb83ee486f6', (SELECT id FROM cold_storage_type WHERE name = '+5' or min_temperature = 2 and max_temperature = 8 LIMIT 1), 10) ON CONFLICT DO NOTHING;
INSERT INTO changelog (record_id, table_name, row_action) VALUES ('0c7417d5-5b2b-451c-9531-1bfd3f702561', 'item_variant', 'UPSERT');
INSERT INTO packaging_variant (id, item_variant_id, name, packaging_level, volume_per_unit) VALUES ('6f989773-ca6a-4d51-a430-d15c4d5508e7', '0c7417d5-5b2b-451c-9531-1bfd3f702561', 'Primary', 1, 4.88) ON CONFLICT DO NOTHING;
INSERT INTO packaging_variant (id, item_variant_id, name, packaging_level, volume_per_unit) VALUES ('2cf4f4db-9a05-4272-b291-822d5375e9c5', '0c7417d5-5b2b-451c-9531-1bfd3f702561', 'Secondary', 2, 4.88) ON CONFLICT DO NOTHING;
INSERT INTO packaging_variant (id, item_variant_id, name, packaging_level, volume_per_unit) VALUES ('7fd23089-eab7-42a0-8a49-2d78027dcf4c', '0c7417d5-5b2b-451c-9531-1bfd3f702561', 'Tertiary', 3, 12.56) ON CONFLICT DO NOTHING;
INSERT INTO item_variant (id, name, item_link_id, cold_storage_type_id, doses_per_unit) VALUES ('54cc25f9-4adb-42ef-b01b-15dfe40d1f93', 'HepB Hepatitis B Vaccine (rDNA) (Adult)', '9814f955-4476-4246-b0c6-dbb83ee486f6', (SELECT id FROM cold_storage_type WHERE name = '+5' or min_temperature = 2 and max_temperature = 8 LIMIT 1), 10) ON CONFLICT DO NOTHING;
INSERT INTO changelog (record_id, table_name, row_action) VALUES ('54cc25f9-4adb-42ef-b01b-15dfe40d1f93', 'item_variant', 'UPSERT');
INSERT INTO packaging_variant (id, item_variant_id, name, packaging_level, volume_per_unit) VALUES ('3452ebca-7e5d-4857-a37a-df11e0db59a9', '54cc25f9-4adb-42ef-b01b-15dfe40d1f93', 'Primary', 1, 2.12) ON CONFLICT DO NOTHING;
INSERT INTO packaging_variant (id, item_variant_id, name, packaging_level, volume_per_unit) VALUES ('54aa3959-5298-42cd-9702-aa1586346e5f', '54cc25f9-4adb-42ef-b01b-15dfe40d1f93', 'Secondary', 2, 2.12) ON CONFLICT DO NOTHING;
INSERT INTO packaging_variant (id, item_variant_id, name, packaging_level, volume_per_unit) VALUES ('b08a30f5-dda8-4da3-a2f1-01b909dc4318', '54cc25f9-4adb-42ef-b01b-15dfe40d1f93', 'Tertiary', 3, 9.84) ON CONFLICT DO NOTHING;
INSERT INTO item_variant (id, name, item_link_id, cold_storage_type_id, doses_per_unit) VALUES ('627b399b-ce9e-4e2e-ade8-159e2ca1ae47', 'HepB Hepatitis B Vaccine (rDNA) (Paediatric)', '9814f955-4476-4246-b0c6-dbb83ee486f6', (SELECT id FROM cold_storage_type WHERE name = '+5' or min_temperature = 2 and max_temperature = 8 LIMIT 1), 10) ON CONFLICT DO NOTHING;
INSERT INTO changelog (record_id, table_name, row_action) VALUES ('627b399b-ce9e-4e2e-ade8-159e2ca1ae47', 'item_variant', 'UPSERT');
INSERT INTO packaging_variant (id, item_variant_id, name, packaging_level, volume_per_unit) VALUES ('591013bd-3575-4bdc-affa-a7fd959dc87d', '627b399b-ce9e-4e2e-ade8-159e2ca1ae47', 'Primary', 1, 2.11) ON CONFLICT DO NOTHING;
INSERT INTO packaging_variant (id, item_variant_id, name, packaging_level, volume_per_unit) VALUES ('69ec64a9-b5fb-41a3-b5d9-7431b7efed5b', '627b399b-ce9e-4e2e-ade8-159e2ca1ae47', 'Secondary', 2, 2.11) ON CONFLICT DO NOTHING;
INSERT INTO packaging_variant (id, item_variant_id, name, packaging_level, volume_per_unit) VALUES ('1592b3dc-8fb9-4640-95b8-90b4697da9c1', '627b399b-ce9e-4e2e-ade8-159e2ca1ae47', 'Tertiary', 3, 9.84) ON CONFLICT DO NOTHING;
INSERT INTO item_variant (id, name, item_link_id, cold_storage_type_id, doses_per_unit) VALUES ('1fffdc66-9013-48e4-8d6c-3386257cd4e0', 'HepB Shanvac-B', '9814f955-4476-4246-b0c6-dbb83ee486f6', (SELECT id FROM cold_storage_type WHERE name = '+5' or min_temperature = 2 and max_temperature = 8 LIMIT 1), 10) ON CONFLICT DO NOTHING;
INSERT INTO changelog (record_id, table_name, row_action) VALUES ('1fffdc66-9013-48e4-8d6c-3386257cd4e0', 'item_variant', 'UPSERT');
INSERT INTO packaging_variant (id, item_variant_id, name, packaging_level, volume_per_unit) VALUES ('8e5b2fbf-a165-4378-9cfa-ab7b9f7eb4ea', '1fffdc66-9013-48e4-8d6c-3386257cd4e0', 'Primary', 1, 4.36) ON CONFLICT DO NOTHING;
INSERT INTO packaging_variant (id, item_variant_id, name, packaging_level, volume_per_unit) VALUES ('3a811d91-34d7-4711-8982-eb7ddf881509', '1fffdc66-9013-48e4-8d6c-3386257cd4e0', 'Secondary', 2, 4.36) ON CONFLICT DO NOTHING;
INSERT INTO packaging_variant (id, item_variant_id, name, packaging_level, volume_per_unit) VALUES ('4d62d905-9091-435c-8c79-bf2a04b28796', '1fffdc66-9013-48e4-8d6c-3386257cd4e0', 'Tertiary', 3, 14.92) ON CONFLICT DO NOTHING;
INSERT INTO item_variant (id, name, item_link_id, cold_storage_type_id, doses_per_unit) VALUES ('08a15bab-797e-488f-911d-d03bec5df73a', 'HepB Engerix', '9814f955-4476-4246-b0c6-dbb83ee486f6', (SELECT id FROM cold_storage_type WHERE name = '+5' or min_temperature = 2 and max_temperature = 8 LIMIT 1), 20) ON CONFLICT DO NOTHING;
INSERT INTO changelog (record_id, table_name, row_action) VALUES ('08a15bab-797e-488f-911d-d03bec5df73a', 'item_variant', 'UPSERT');
INSERT INTO packaging_variant (id, item_variant_id, name, packaging_level, volume_per_unit) VALUES ('4c10234f-4c75-423d-b65d-d9debbf1079f', '08a15bab-797e-488f-911d-d03bec5df73a', 'Primary', 1, 0) ON CONFLICT DO NOTHING;
INSERT INTO packaging_variant (id, item_variant_id, name, packaging_level, volume_per_unit) VALUES ('f84e8fc4-d896-443b-8f85-767d845fee36', '08a15bab-797e-488f-911d-d03bec5df73a', 'Secondary', 2, 0) ON CONFLICT DO NOTHING;
INSERT INTO packaging_variant (id, item_variant_id, name, packaging_level, volume_per_unit) VALUES ('3ff7cc66-8d04-423b-93d8-219bd2d992b4', '08a15bab-797e-488f-911d-d03bec5df73a', 'Tertiary', 3, 0) ON CONFLICT DO NOTHING;
INSERT INTO item_variant (id, name, item_link_id, cold_storage_type_id, doses_per_unit) VALUES ('6a7c52b1-a347-4964-904c-cd2456a11035', 'HepB Shanvac-B', '9814f955-4476-4246-b0c6-dbb83ee486f6', (SELECT id FROM cold_storage_type WHERE name = '+5' or min_temperature = 2 and max_temperature = 8 LIMIT 1), 20) ON CONFLICT DO NOTHING;
INSERT INTO changelog (record_id, table_name, row_action) VALUES ('6a7c52b1-a347-4964-904c-cd2456a11035', 'item_variant', 'UPSERT');
INSERT INTO packaging_variant (id, item_variant_id, name, packaging_level, volume_per_unit) VALUES ('6d27d389-b02c-49ab-b9ee-0710175bf662', '6a7c52b1-a347-4964-904c-cd2456a11035', 'Primary', 1, 2.57) ON CONFLICT DO NOTHING;
INSERT INTO packaging_variant (id, item_variant_id, name, packaging_level, volume_per_unit) VALUES ('c9949a74-290a-48a4-9cdf-a1cf23dc15bf', '6a7c52b1-a347-4964-904c-cd2456a11035', 'Secondary', 2, 2.57) ON CONFLICT DO NOTHING;
INSERT INTO packaging_variant (id, item_variant_id, name, packaging_level, volume_per_unit) VALUES ('f3f60ce7-5aaa-4e6d-bad0-d0161e439b12', '6a7c52b1-a347-4964-904c-cd2456a11035', 'Tertiary', 3, 9.95) ON CONFLICT DO NOTHING;
INSERT INTO item (id, name, code, ven_category, type, legacy_record, is_active, is_vaccine, vaccine_doses, default_pack_size) VALUES ('c25fe1f8-e966-48fb-8d89-c31b289bb3a4', 'Haemophilus influenzae type b', 'Hib_liq', 'NOT_ASSIGNED', 'STOCK', '', 'True', 'True', 1, 1) ON CONFLICT DO NOTHING;
INSERT INTO item_link (id, item_id) VALUES ('c25fe1f8-e966-48fb-8d89-c31b289bb3a4', 'c25fe1f8-e966-48fb-8d89-c31b289bb3a4') ON CONFLICT DO NOTHING;
INSERT INTO changelog (record_id, table_name, row_action) VALUES ('c25fe1f8-e966-48fb-8d89-c31b289bb3a4', 'item', 'UPSERT');
INSERT INTO master_list_line (id, master_list_id, item_link_id) VALUES (uuid_in(md5(random()::text || random()::text)::cstring), '43491ce9-bc89-4ee5-988d-9dbb2856e398', 'c25fe1f8-e966-48fb-8d89-c31b289bb3a4') ON CONFLICT DO NOTHING;
INSERT INTO item_variant (id, name, item_link_id, cold_storage_type_id, doses_per_unit) VALUES ('0b9fc8aa-dfce-45f9-8886-34d4b1e21c17', 'Hib_liq Vaxem HIB', 'c25fe1f8-e966-48fb-8d89-c31b289bb3a4', (SELECT id FROM cold_storage_type WHERE name = '+5' or min_temperature = 2 and max_temperature = 8 LIMIT 1), 1) ON CONFLICT DO NOTHING;
INSERT INTO changelog (record_id, table_name, row_action) VALUES ('0b9fc8aa-dfce-45f9-8886-34d4b1e21c17', 'item_variant', 'UPSERT');
INSERT INTO packaging_variant (id, item_variant_id, name, packaging_level, volume_per_unit) VALUES ('3d5058dd-1290-46d6-a980-8ebe66d3ccca', '0b9fc8aa-dfce-45f9-8886-34d4b1e21c17', 'Primary', 1, 13.39) ON CONFLICT DO NOTHING;
INSERT INTO packaging_variant (id, item_variant_id, name, packaging_level, volume_per_unit) VALUES ('4350c463-87c0-4215-8485-c10ff46941ae', '0b9fc8aa-dfce-45f9-8886-34d4b1e21c17', 'Secondary', 2, 13.39) ON CONFLICT DO NOTHING;
INSERT INTO packaging_variant (id, item_variant_id, name, packaging_level, volume_per_unit) VALUES ('4b7e7104-3932-4e70-adbc-d4bc84a66b67', '0b9fc8aa-dfce-45f9-8886-34d4b1e21c17', 'Tertiary', 3, 13.4) ON CONFLICT DO NOTHING;
INSERT INTO item_variant (id, name, item_link_id, cold_storage_type_id, doses_per_unit) VALUES ('00c941c4-244f-4da6-992b-b591f32f6c2c', 'Hib_liq Pedvax HIB', 'c25fe1f8-e966-48fb-8d89-c31b289bb3a4', (SELECT id FROM cold_storage_type WHERE name = '+5' or min_temperature = 2 and max_temperature = 8 LIMIT 1), 1) ON CONFLICT DO NOTHING;
INSERT INTO changelog (record_id, table_name, row_action) VALUES ('00c941c4-244f-4da6-992b-b591f32f6c2c', 'item_variant', 'UPSERT');
INSERT INTO packaging_variant (id, item_variant_id, name, packaging_level, volume_per_unit) VALUES ('101bacea-f401-49dd-b002-af816d2e0191', '00c941c4-244f-4da6-992b-b591f32f6c2c', 'Primary', 1, 0) ON CONFLICT DO NOTHING;
INSERT INTO packaging_variant (id, item_variant_id, name, packaging_level, volume_per_unit) VALUES ('f24caff4-9bdc-4f77-a2ed-53e3130ecd37', '00c941c4-244f-4da6-992b-b591f32f6c2c', 'Secondary', 2, 0) ON CONFLICT DO NOTHING;
INSERT INTO packaging_variant (id, item_variant_id, name, packaging_level, volume_per_unit) VALUES ('600a99b9-47be-4295-a8c8-49c74208d21b', '00c941c4-244f-4da6-992b-b591f32f6c2c', 'Tertiary', 3, 0) ON CONFLICT DO NOTHING;
INSERT INTO item_variant (id, name, item_link_id, cold_storage_type_id, doses_per_unit) VALUES ('bcf5a3de-57fc-4318-9046-c57ad572266c', 'Hib_liq Quimi-Hib', 'c25fe1f8-e966-48fb-8d89-c31b289bb3a4', (SELECT id FROM cold_storage_type WHERE name = '+5' or min_temperature = 2 and max_temperature = 8 LIMIT 1), 1) ON CONFLICT DO NOTHING;
INSERT INTO changelog (record_id, table_name, row_action) VALUES ('bcf5a3de-57fc-4318-9046-c57ad572266c', 'item_variant', 'UPSERT');
INSERT INTO packaging_variant (id, item_variant_id, name, packaging_level, volume_per_unit) VALUES ('efdd9851-70ca-44a6-8a11-4faf642bf844', 'bcf5a3de-57fc-4318-9046-c57ad572266c', 'Primary', 1, 12.4) ON CONFLICT DO NOTHING;
INSERT INTO packaging_variant (id, item_variant_id, name, packaging_level, volume_per_unit) VALUES ('ae246229-c389-4449-90ff-2592842f5693', 'bcf5a3de-57fc-4318-9046-c57ad572266c', 'Secondary', 2, 12.4) ON CONFLICT DO NOTHING;
INSERT INTO packaging_variant (id, item_variant_id, name, packaging_level, volume_per_unit) VALUES ('9f04d9ce-ac45-4697-9c05-0815444594f0', 'bcf5a3de-57fc-4318-9046-c57ad572266c', 'Tertiary', 3, 122.4) ON CONFLICT DO NOTHING;
INSERT INTO item (id, name, code, ven_category, type, legacy_record, is_active, is_vaccine, vaccine_doses, default_pack_size) VALUES ('b308e7d3-3edf-4411-b8eb-1c3a53957f87', 'Haemophilus influenzae type b', 'Hib_lyo', 'NOT_ASSIGNED', 'STOCK', '', 'True', 'True', 1, 1) ON CONFLICT DO NOTHING;
INSERT INTO item_link (id, item_id) VALUES ('b308e7d3-3edf-4411-b8eb-1c3a53957f87', 'b308e7d3-3edf-4411-b8eb-1c3a53957f87') ON CONFLICT DO NOTHING;
INSERT INTO changelog (record_id, table_name, row_action) VALUES ('b308e7d3-3edf-4411-b8eb-1c3a53957f87', 'item', 'UPSERT');
INSERT INTO master_list_line (id, master_list_id, item_link_id) VALUES (uuid_in(md5(random()::text || random()::text)::cstring), '43491ce9-bc89-4ee5-988d-9dbb2856e398', 'b308e7d3-3edf-4411-b8eb-1c3a53957f87') ON CONFLICT DO NOTHING;
INSERT INTO item_variant (id, name, item_link_id, cold_storage_type_id, doses_per_unit) VALUES ('2acd0cd7-d0ea-4cf8-b427-ce5766ef58f9', 'Hib_lyo Act-HIB', 'b308e7d3-3edf-4411-b8eb-1c3a53957f87', (SELECT id FROM cold_storage_type WHERE name = '+5' or min_temperature = 2 and max_temperature = 8 LIMIT 1), 1) ON CONFLICT DO NOTHING;
INSERT INTO changelog (record_id, table_name, row_action) VALUES ('2acd0cd7-d0ea-4cf8-b427-ce5766ef58f9', 'item_variant', 'UPSERT');
INSERT INTO packaging_variant (id, item_variant_id, name, packaging_level, volume_per_unit) VALUES ('4bf4cb67-83e9-4d03-9a71-5fa260d89557', '2acd0cd7-d0ea-4cf8-b427-ce5766ef58f9', 'Primary', 1, 12.66) ON CONFLICT DO NOTHING;
INSERT INTO packaging_variant (id, item_variant_id, name, packaging_level, volume_per_unit) VALUES ('04c36830-7f9c-4d62-aa61-59e245a4be0f', '2acd0cd7-d0ea-4cf8-b427-ce5766ef58f9', 'Secondary', 2, 12.66) ON CONFLICT DO NOTHING;
INSERT INTO packaging_variant (id, item_variant_id, name, packaging_level, volume_per_unit) VALUES ('2251c4e1-56a5-459d-b758-e6caffb19cf3', '2acd0cd7-d0ea-4cf8-b427-ce5766ef58f9', 'Tertiary', 3, 12.66) ON CONFLICT DO NOTHING;
INSERT INTO item_variant (id, name, item_link_id, cold_storage_type_id, doses_per_unit) VALUES ('77fea4a0-bfe4-4bfd-8c99-11179f8cfd77', 'Hib_lyo Hemophilus influenzae type b Conjugated Vaccine', 'b308e7d3-3edf-4411-b8eb-1c3a53957f87', (SELECT id FROM cold_storage_type WHERE name = '+5' or min_temperature = 2 and max_temperature = 8 LIMIT 1), 1) ON CONFLICT DO NOTHING;
INSERT INTO changelog (record_id, table_name, row_action) VALUES ('77fea4a0-bfe4-4bfd-8c99-11179f8cfd77', 'item_variant', 'UPSERT');
INSERT INTO packaging_variant (id, item_variant_id, name, packaging_level, volume_per_unit) VALUES ('1bd7db9e-1f87-4c17-b2a9-e7940467fffa', '77fea4a0-bfe4-4bfd-8c99-11179f8cfd77', 'Primary', 1, 21.09) ON CONFLICT DO NOTHING;
INSERT INTO packaging_variant (id, item_variant_id, name, packaging_level, volume_per_unit) VALUES ('8eada4b4-630c-4cc5-b79f-e39dd8943365', '77fea4a0-bfe4-4bfd-8c99-11179f8cfd77', 'Secondary', 2, 21.09) ON CONFLICT DO NOTHING;
INSERT INTO packaging_variant (id, item_variant_id, name, packaging_level, volume_per_unit) VALUES ('28bc98d5-ae55-4716-928a-15e419fce86d', '77fea4a0-bfe4-4bfd-8c99-11179f8cfd77', 'Tertiary', 3, 98.4) ON CONFLICT DO NOTHING;
INSERT INTO item (id, name, code, ven_category, type, legacy_record, is_active, is_vaccine, vaccine_doses, default_pack_size) VALUES ('a94f55a0-e107-4a74-9a1d-712fdff4ce7d', 'Hib_lyo Diluent', 'Hib_lyo_DILUENT', 'NOT_ASSIGNED', 'STOCK', '', 'True', 'False', 0, 1) ON CONFLICT DO NOTHING;
INSERT INTO item_link (id, item_id) VALUES ('a94f55a0-e107-4a74-9a1d-712fdff4ce7d', 'a94f55a0-e107-4a74-9a1d-712fdff4ce7d') ON CONFLICT DO NOTHING;
INSERT INTO changelog (record_id, table_name, row_action) VALUES ('a94f55a0-e107-4a74-9a1d-712fdff4ce7d', 'item', 'UPSERT');
INSERT INTO item_variant (id, name, item_link_id, cold_storage_type_id, doses_per_unit) VALUES ('df5cbc9b-a6f9-4410-88f9-190cfbe0fed7', 'Hib_lyo Hemophilus influenzae type b Conjugated Vaccine Diluent', 'a94f55a0-e107-4a74-9a1d-712fdff4ce7d', (SELECT id FROM cold_storage_type WHERE name = '+5' or min_temperature = 2 and max_temperature = 8 LIMIT 1), 1) ON CONFLICT DO NOTHING;
INSERT INTO changelog (record_id, table_name, row_action) VALUES ('df5cbc9b-a6f9-4410-88f9-190cfbe0fed7', 'item_variant', 'UPSERT');
INSERT INTO packaging_variant (id, item_variant_id, name, packaging_level, volume_per_unit) VALUES ('9fc24071-672b-497e-adbb-6f9aaada34a4', 'df5cbc9b-a6f9-4410-88f9-190cfbe0fed7', 'Primary', 1, 12.5) ON CONFLICT DO NOTHING;
INSERT INTO packaging_variant (id, item_variant_id, name, packaging_level, volume_per_unit) VALUES ('03821c61-7381-4341-ab56-e52aa455ae4f', 'df5cbc9b-a6f9-4410-88f9-190cfbe0fed7', 'Secondary', 2, 12.5) ON CONFLICT DO NOTHING;
INSERT INTO packaging_variant (id, item_variant_id, name, packaging_level, volume_per_unit) VALUES ('8a14a633-fe62-4d37-b313-1f9124898af9', 'df5cbc9b-a6f9-4410-88f9-190cfbe0fed7', 'Tertiary', 3, 98.4) ON CONFLICT DO NOTHING;
INSERT INTO bundled_item (id, principal_item_variant_id, bundled_item_variant_id, ratio) VALUES ('483f51dd-de02-4da6-82e7-e2432f9c4d38', '77fea4a0-bfe4-4bfd-8c99-11179f8cfd77', 'df5cbc9b-a6f9-4410-88f9-190cfbe0fed7', 1) ON CONFLICT DO NOTHING;
INSERT INTO changelog (record_id, table_name, row_action) VALUES ('483f51dd-de02-4da6-82e7-e2432f9c4d38', 'bundled_item', 'UPSERT');
INSERT INTO item_variant (id, name, item_link_id, cold_storage_type_id, doses_per_unit) VALUES ('c9262077-342e-4ac8-8af3-4c034d47fc40', 'Hib_lyo Act-HIB', 'b308e7d3-3edf-4411-b8eb-1c3a53957f87', (SELECT id FROM cold_storage_type WHERE name = '+5' or min_temperature = 2 and max_temperature = 8 LIMIT 1), 10) ON CONFLICT DO NOTHING;
INSERT INTO changelog (record_id, table_name, row_action) VALUES ('c9262077-342e-4ac8-8af3-4c034d47fc40', 'item_variant', 'UPSERT');
INSERT INTO packaging_variant (id, item_variant_id, name, packaging_level, volume_per_unit) VALUES ('c888ca21-0f2a-4326-9c1c-9a4b42e0cfa4', 'c9262077-342e-4ac8-8af3-4c034d47fc40', 'Primary', 1, 0) ON CONFLICT DO NOTHING;
INSERT INTO packaging_variant (id, item_variant_id, name, packaging_level, volume_per_unit) VALUES ('abd48169-359e-4900-960e-6c96f83257f3', 'c9262077-342e-4ac8-8af3-4c034d47fc40', 'Secondary', 2, 0) ON CONFLICT DO NOTHING;
INSERT INTO packaging_variant (id, item_variant_id, name, packaging_level, volume_per_unit) VALUES ('b4371797-b647-41db-9982-5086f32ab281', 'c9262077-342e-4ac8-8af3-4c034d47fc40', 'Tertiary', 3, 0) ON CONFLICT DO NOTHING;
INSERT INTO item (id, name, code, ven_category, type, legacy_record, is_active, is_vaccine, vaccine_doses, default_pack_size) VALUES ('6406d6fb-c664-4ab5-92cb-275f6c6b4789', 'HPV', 'HPV', 'NOT_ASSIGNED', 'STOCK', '', 'True', 'True', 1, 1) ON CONFLICT DO NOTHING;
INSERT INTO item_link (id, item_id) VALUES ('6406d6fb-c664-4ab5-92cb-275f6c6b4789', '6406d6fb-c664-4ab5-92cb-275f6c6b4789') ON CONFLICT DO NOTHING;
INSERT INTO changelog (record_id, table_name, row_action) VALUES ('6406d6fb-c664-4ab5-92cb-275f6c6b4789', 'item', 'UPSERT');
INSERT INTO master_list_line (id, master_list_id, item_link_id) VALUES (uuid_in(md5(random()::text || random()::text)::cstring), '43491ce9-bc89-4ee5-988d-9dbb2856e398', '6406d6fb-c664-4ab5-92cb-275f6c6b4789') ON CONFLICT DO NOTHING;
INSERT INTO item_variant (id, name, item_link_id, cold_storage_type_id, doses_per_unit) VALUES ('2c59e3fe-7f4d-4d75-90fb-0344ca2c69c2', 'HPV Gardasil', '6406d6fb-c664-4ab5-92cb-275f6c6b4789', (SELECT id FROM cold_storage_type WHERE name = '+5' or min_temperature = 2 and max_temperature = 8 LIMIT 1), 1) ON CONFLICT DO NOTHING;
INSERT INTO changelog (record_id, table_name, row_action) VALUES ('2c59e3fe-7f4d-4d75-90fb-0344ca2c69c2', 'item_variant', 'UPSERT');
INSERT INTO packaging_variant (id, item_variant_id, name, packaging_level, volume_per_unit) VALUES ('53685110-4209-491a-b960-56584539e39b', '2c59e3fe-7f4d-4d75-90fb-0344ca2c69c2', 'Primary', 1, 15) ON CONFLICT DO NOTHING;
INSERT INTO packaging_variant (id, item_variant_id, name, packaging_level, volume_per_unit) VALUES ('82341f6f-fabd-48d2-997e-4505ee0a3874', '2c59e3fe-7f4d-4d75-90fb-0344ca2c69c2', 'Secondary', 2, 15) ON CONFLICT DO NOTHING;
INSERT INTO packaging_variant (id, item_variant_id, name, packaging_level, volume_per_unit) VALUES ('595291bd-62ea-4fec-9950-cf6ef62ac82b', '2c59e3fe-7f4d-4d75-90fb-0344ca2c69c2', 'Tertiary', 3, 21.16) ON CONFLICT DO NOTHING;
INSERT INTO item_variant (id, name, item_link_id, cold_storage_type_id, doses_per_unit) VALUES ('f0e5e7c7-5a44-4a99-b27f-0b7e3692a2d5', 'HPV Cervarix', '6406d6fb-c664-4ab5-92cb-275f6c6b4789', (SELECT id FROM cold_storage_type WHERE name = '+5' or min_temperature = 2 and max_temperature = 8 LIMIT 1), 1) ON CONFLICT DO NOTHING;
INSERT INTO changelog (record_id, table_name, row_action) VALUES ('f0e5e7c7-5a44-4a99-b27f-0b7e3692a2d5', 'item_variant', 'UPSERT');
INSERT INTO packaging_variant (id, item_variant_id, name, packaging_level, volume_per_unit) VALUES ('ad5f2bce-ee43-4f77-a691-20324478d670', 'f0e5e7c7-5a44-4a99-b27f-0b7e3692a2d5', 'Primary', 1, 9.68) ON CONFLICT DO NOTHING;
INSERT INTO packaging_variant (id, item_variant_id, name, packaging_level, volume_per_unit) VALUES ('3919a711-8981-4ed1-9343-813bef4d21f5', 'f0e5e7c7-5a44-4a99-b27f-0b7e3692a2d5', 'Secondary', 2, 9.68) ON CONFLICT DO NOTHING;
INSERT INTO packaging_variant (id, item_variant_id, name, packaging_level, volume_per_unit) VALUES ('28f1b271-0969-4599-ac90-ef34a5893868', 'f0e5e7c7-5a44-4a99-b27f-0b7e3692a2d5', 'Tertiary', 3, 15.23) ON CONFLICT DO NOTHING;
INSERT INTO item_variant (id, name, item_link_id, cold_storage_type_id, doses_per_unit) VALUES ('c0f74324-613e-45d9-9b0b-b5d2b208804c', 'HPV Cervarix', '6406d6fb-c664-4ab5-92cb-275f6c6b4789', (SELECT id FROM cold_storage_type WHERE name = '+5' or min_temperature = 2 and max_temperature = 8 LIMIT 1), 2) ON CONFLICT DO NOTHING;
INSERT INTO changelog (record_id, table_name, row_action) VALUES ('c0f74324-613e-45d9-9b0b-b5d2b208804c', 'item_variant', 'UPSERT');
INSERT INTO packaging_variant (id, item_variant_id, name, packaging_level, volume_per_unit) VALUES ('7a1879aa-f6bb-4e4b-ad1a-8aa9c813fcf5', 'c0f74324-613e-45d9-9b0b-b5d2b208804c', 'Primary', 1, 4.84) ON CONFLICT DO NOTHING;
INSERT INTO packaging_variant (id, item_variant_id, name, packaging_level, volume_per_unit) VALUES ('923c24cd-2078-416e-b24e-21408b9bed0f', 'c0f74324-613e-45d9-9b0b-b5d2b208804c', 'Secondary', 2, 4.84) ON CONFLICT DO NOTHING;
INSERT INTO packaging_variant (id, item_variant_id, name, packaging_level, volume_per_unit) VALUES ('3e423136-8e34-4e42-a9d9-1ac9a4f303ea', 'c0f74324-613e-45d9-9b0b-b5d2b208804c', 'Tertiary', 3, 7.61) ON CONFLICT DO NOTHING;
INSERT INTO item_variant (id, name, item_link_id, cold_storage_type_id, doses_per_unit) VALUES ('6e3cae23-d094-401d-83fe-5f039672cde6', 'HPV Cecolin', '6406d6fb-c664-4ab5-92cb-275f6c6b4789', (SELECT id FROM cold_storage_type WHERE name = '+5' or min_temperature = 2 and max_temperature = 8 LIMIT 1), 1) ON CONFLICT DO NOTHING;
INSERT INTO changelog (record_id, table_name, row_action) VALUES ('6e3cae23-d094-401d-83fe-5f039672cde6', 'item_variant', 'UPSERT');
INSERT INTO packaging_variant (id, item_variant_id, name, packaging_level, volume_per_unit) VALUES ('691275cf-6ef4-4e60-a21d-637e8ff6dacc', '6e3cae23-d094-401d-83fe-5f039672cde6', 'Primary', 1, 14.29) ON CONFLICT DO NOTHING;
INSERT INTO packaging_variant (id, item_variant_id, name, packaging_level, volume_per_unit) VALUES ('708288fa-f46c-444f-8420-e2c318e2ca85', '6e3cae23-d094-401d-83fe-5f039672cde6', 'Secondary', 2, 14.29) ON CONFLICT DO NOTHING;
INSERT INTO packaging_variant (id, item_variant_id, name, packaging_level, volume_per_unit) VALUES ('15277390-460d-40e1-8006-0d7dc821c438', '6e3cae23-d094-401d-83fe-5f039672cde6', 'Tertiary', 3, 20.35) ON CONFLICT DO NOTHING;
INSERT INTO item (id, name, code, ven_category, type, legacy_record, is_active, is_vaccine, vaccine_doses, default_pack_size) VALUES ('fddf5843-847e-4381-83de-dd070d1c7ed9', 'Influenza, seasonal', 'Influenza', 'NOT_ASSIGNED', 'STOCK', '', 'True', 'True', 1, 1) ON CONFLICT DO NOTHING;
INSERT INTO item_link (id, item_id) VALUES ('fddf5843-847e-4381-83de-dd070d1c7ed9', 'fddf5843-847e-4381-83de-dd070d1c7ed9') ON CONFLICT DO NOTHING;
INSERT INTO changelog (record_id, table_name, row_action) VALUES ('fddf5843-847e-4381-83de-dd070d1c7ed9', 'item', 'UPSERT');
INSERT INTO master_list_line (id, master_list_id, item_link_id) VALUES (uuid_in(md5(random()::text || random()::text)::cstring), '43491ce9-bc89-4ee5-988d-9dbb2856e398', 'fddf5843-847e-4381-83de-dd070d1c7ed9') ON CONFLICT DO NOTHING;
INSERT INTO item_variant (id, name, item_link_id, cold_storage_type_id, doses_per_unit) VALUES ('3018890e-fb59-4063-851d-942a0a287e1d', 'Influenza Fluzone', 'fddf5843-847e-4381-83de-dd070d1c7ed9', (SELECT id FROM cold_storage_type WHERE name = '+5' or min_temperature = 2 and max_temperature = 8 LIMIT 1), 1) ON CONFLICT DO NOTHING;
INSERT INTO changelog (record_id, table_name, row_action) VALUES ('3018890e-fb59-4063-851d-942a0a287e1d', 'item_variant', 'UPSERT');
INSERT INTO packaging_variant (id, item_variant_id, name, packaging_level, volume_per_unit) VALUES ('59b9ddf0-a39f-4823-bdbb-de5d3591314c', '3018890e-fb59-4063-851d-942a0a287e1d', 'Primary', 1, 18.36) ON CONFLICT DO NOTHING;
INSERT INTO packaging_variant (id, item_variant_id, name, packaging_level, volume_per_unit) VALUES ('8aa8ecb6-8381-41b0-abfe-8283c8a39d08', '3018890e-fb59-4063-851d-942a0a287e1d', 'Secondary', 2, 18.36) ON CONFLICT DO NOTHING;
INSERT INTO packaging_variant (id, item_variant_id, name, packaging_level, volume_per_unit) VALUES ('65375003-1de0-459b-b5a2-9ac448510e5e', '3018890e-fb59-4063-851d-942a0a287e1d', 'Tertiary', 3, 22.39) ON CONFLICT DO NOTHING;
INSERT INTO item_variant (id, name, item_link_id, cold_storage_type_id, doses_per_unit) VALUES ('bf342905-cc1b-444d-ade4-fa94b40742f0', 'Influenza GC FLU  inj', 'fddf5843-847e-4381-83de-dd070d1c7ed9', (SELECT id FROM cold_storage_type WHERE name = '+5' or min_temperature = 2 and max_temperature = 8 LIMIT 1), 1) ON CONFLICT DO NOTHING;
INSERT INTO changelog (record_id, table_name, row_action) VALUES ('bf342905-cc1b-444d-ade4-fa94b40742f0', 'item_variant', 'UPSERT');
INSERT INTO packaging_variant (id, item_variant_id, name, packaging_level, volume_per_unit) VALUES ('b726b9e4-71ec-4368-879b-0f20e6443937', 'bf342905-cc1b-444d-ade4-fa94b40742f0', 'Primary', 1, 13.93) ON CONFLICT DO NOTHING;
INSERT INTO packaging_variant (id, item_variant_id, name, packaging_level, volume_per_unit) VALUES ('2aa69628-c26f-4757-a970-51bc8dca3f08', 'bf342905-cc1b-444d-ade4-fa94b40742f0', 'Secondary', 2, 13.93) ON CONFLICT DO NOTHING;
INSERT INTO packaging_variant (id, item_variant_id, name, packaging_level, volume_per_unit) VALUES ('04870c8a-0053-4f11-9b74-1563e96098f9', 'bf342905-cc1b-444d-ade4-fa94b40742f0', 'Tertiary', 3, 290.18) ON CONFLICT DO NOTHING;
INSERT INTO item_variant (id, name, item_link_id, cold_storage_type_id, doses_per_unit) VALUES ('feb39426-8f08-471d-80ba-9deac4560901', 'Influenza Nasovac-S Influenza Vaccine, Live, Attenuated (Human)', 'fddf5843-847e-4381-83de-dd070d1c7ed9', (SELECT id FROM cold_storage_type WHERE name = '+5' or min_temperature = 2 and max_temperature = 8 LIMIT 1), 1) ON CONFLICT DO NOTHING;
INSERT INTO changelog (record_id, table_name, row_action) VALUES ('feb39426-8f08-471d-80ba-9deac4560901', 'item_variant', 'UPSERT');
INSERT INTO packaging_variant (id, item_variant_id, name, packaging_level, volume_per_unit) VALUES ('9baa5077-3f71-46a0-ae7f-3b2097498e1a', 'feb39426-8f08-471d-80ba-9deac4560901', 'Primary', 1, 17.58) ON CONFLICT DO NOTHING;
INSERT INTO packaging_variant (id, item_variant_id, name, packaging_level, volume_per_unit) VALUES ('9fe12829-3374-4011-92db-cd07f84ffc2d', 'feb39426-8f08-471d-80ba-9deac4560901', 'Secondary', 2, 17.58) ON CONFLICT DO NOTHING;
INSERT INTO packaging_variant (id, item_variant_id, name, packaging_level, volume_per_unit) VALUES ('faab16b5-da64-46b0-9860-b12378f9e0b8', 'feb39426-8f08-471d-80ba-9deac4560901', 'Tertiary', 3, 98.4) ON CONFLICT DO NOTHING;
INSERT INTO item (id, name, code, ven_category, type, legacy_record, is_active, is_vaccine, vaccine_doses, default_pack_size) VALUES ('9b6aa8ce-1bde-40eb-9ba7-dc31b8c03886', 'Influenza Diluent', 'Influenza_DILUENT', 'NOT_ASSIGNED', 'STOCK', '', 'True', 'False', 0, 1) ON CONFLICT DO NOTHING;
INSERT INTO item_link (id, item_id) VALUES ('9b6aa8ce-1bde-40eb-9ba7-dc31b8c03886', '9b6aa8ce-1bde-40eb-9ba7-dc31b8c03886') ON CONFLICT DO NOTHING;
INSERT INTO changelog (record_id, table_name, row_action) VALUES ('9b6aa8ce-1bde-40eb-9ba7-dc31b8c03886', 'item', 'UPSERT');
INSERT INTO item_variant (id, name, item_link_id, cold_storage_type_id, doses_per_unit) VALUES ('9c5b0a37-8b76-4702-8952-d78124930b69', 'Influenza Nasovac-S Influenza Vaccine, Live, Attenuated (Human) Diluent', '9b6aa8ce-1bde-40eb-9ba7-dc31b8c03886', (SELECT id FROM cold_storage_type WHERE name = '+5' or min_temperature = 2 and max_temperature = 8 LIMIT 1), 1) ON CONFLICT DO NOTHING;
INSERT INTO changelog (record_id, table_name, row_action) VALUES ('9c5b0a37-8b76-4702-8952-d78124930b69', 'item_variant', 'UPSERT');
INSERT INTO packaging_variant (id, item_variant_id, name, packaging_level, volume_per_unit) VALUES ('fcdb8ab0-fdaf-4cca-ada3-7da17713d206', '9c5b0a37-8b76-4702-8952-d78124930b69', 'Primary', 1, 0) ON CONFLICT DO NOTHING;
INSERT INTO packaging_variant (id, item_variant_id, name, packaging_level, volume_per_unit) VALUES ('19983940-996b-4187-b99c-66f0bd0acbc1', '9c5b0a37-8b76-4702-8952-d78124930b69', 'Secondary', 2, 0) ON CONFLICT DO NOTHING;
INSERT INTO packaging_variant (id, item_variant_id, name, packaging_level, volume_per_unit) VALUES ('f1eec907-4b3b-440a-8925-519dfee9e91e', '9c5b0a37-8b76-4702-8952-d78124930b69', 'Tertiary', 3, 0) ON CONFLICT DO NOTHING;
INSERT INTO bundled_item (id, principal_item_variant_id, bundled_item_variant_id, ratio) VALUES ('41954e16-4f06-452a-8c69-de7a008010c8', 'feb39426-8f08-471d-80ba-9deac4560901', '9c5b0a37-8b76-4702-8952-d78124930b69', 1) ON CONFLICT DO NOTHING;
INSERT INTO changelog (record_id, table_name, row_action) VALUES ('41954e16-4f06-452a-8c69-de7a008010c8', 'bundled_item', 'UPSERT');
INSERT INTO item_variant (id, name, item_link_id, cold_storage_type_id, doses_per_unit) VALUES ('f0dd3a8a-5b2d-4528-bdcd-b0e4636a2ccb', 'Influenza Influenza Vaccine (Split virion, inactivated)', 'fddf5843-847e-4381-83de-dd070d1c7ed9', (SELECT id FROM cold_storage_type WHERE name = '+5' or min_temperature = 2 and max_temperature = 8 LIMIT 1), 1) ON CONFLICT DO NOTHING;
INSERT INTO changelog (record_id, table_name, row_action) VALUES ('f0dd3a8a-5b2d-4528-bdcd-b0e4636a2ccb', 'item_variant', 'UPSERT');
INSERT INTO packaging_variant (id, item_variant_id, name, packaging_level, volume_per_unit) VALUES ('8e8267cf-1802-4c37-bef7-3a911e7f1f19', 'f0dd3a8a-5b2d-4528-bdcd-b0e4636a2ccb', 'Primary', 1, 0) ON CONFLICT DO NOTHING;
INSERT INTO packaging_variant (id, item_variant_id, name, packaging_level, volume_per_unit) VALUES ('0e880195-9d8f-4535-ac80-cb39b2ca09c0', 'f0dd3a8a-5b2d-4528-bdcd-b0e4636a2ccb', 'Secondary', 2, 0) ON CONFLICT DO NOTHING;
INSERT INTO packaging_variant (id, item_variant_id, name, packaging_level, volume_per_unit) VALUES ('62fbe5c7-f172-4235-99f5-895a23f572f4', 'f0dd3a8a-5b2d-4528-bdcd-b0e4636a2ccb', 'Tertiary', 3, 40.04) ON CONFLICT DO NOTHING;
INSERT INTO item_variant (id, name, item_link_id, cold_storage_type_id, doses_per_unit) VALUES ('18cb4961-c99d-4c6a-b79e-afb69da30e87', 'Influenza FluLaval', 'fddf5843-847e-4381-83de-dd070d1c7ed9', (SELECT id FROM cold_storage_type WHERE name = '+5' or min_temperature = 2 and max_temperature = 8 LIMIT 1), 10) ON CONFLICT DO NOTHING;
INSERT INTO changelog (record_id, table_name, row_action) VALUES ('18cb4961-c99d-4c6a-b79e-afb69da30e87', 'item_variant', 'UPSERT');
INSERT INTO packaging_variant (id, item_variant_id, name, packaging_level, volume_per_unit) VALUES ('4d93c419-fbb4-47a2-a4e3-dd92317b133c', '18cb4961-c99d-4c6a-b79e-afb69da30e87', 'Primary', 1, 7.32) ON CONFLICT DO NOTHING;
INSERT INTO packaging_variant (id, item_variant_id, name, packaging_level, volume_per_unit) VALUES ('5e2aefff-e04e-4513-a100-25cf7095af51', '18cb4961-c99d-4c6a-b79e-afb69da30e87', 'Secondary', 2, 7.32) ON CONFLICT DO NOTHING;
INSERT INTO packaging_variant (id, item_variant_id, name, packaging_level, volume_per_unit) VALUES ('bcc83bb5-3410-4f91-8d90-f6ba59b8d346', '18cb4961-c99d-4c6a-b79e-afb69da30e87', 'Tertiary', 3, 7.32) ON CONFLICT DO NOTHING;
INSERT INTO item_variant (id, name, item_link_id, cold_storage_type_id, doses_per_unit) VALUES ('d98aa45d-ab2f-46a1-beff-2933bc158585', 'Influenza Fluvirin', 'fddf5843-847e-4381-83de-dd070d1c7ed9', (SELECT id FROM cold_storage_type WHERE name = '+5' or min_temperature = 2 and max_temperature = 8 LIMIT 1), 10) ON CONFLICT DO NOTHING;
INSERT INTO changelog (record_id, table_name, row_action) VALUES ('d98aa45d-ab2f-46a1-beff-2933bc158585', 'item_variant', 'UPSERT');
INSERT INTO packaging_variant (id, item_variant_id, name, packaging_level, volume_per_unit) VALUES ('902dd418-1a3f-4ee6-ab2e-2695116d511d', 'd98aa45d-ab2f-46a1-beff-2933bc158585', 'Primary', 1, 53.3) ON CONFLICT DO NOTHING;
INSERT INTO packaging_variant (id, item_variant_id, name, packaging_level, volume_per_unit) VALUES ('0b81a95a-d44e-4349-a225-95d357fe1028', 'd98aa45d-ab2f-46a1-beff-2933bc158585', 'Secondary', 2, 53.3) ON CONFLICT DO NOTHING;
INSERT INTO packaging_variant (id, item_variant_id, name, packaging_level, volume_per_unit) VALUES ('a9dc33ec-809d-4874-a634-fb1654f68b30', 'd98aa45d-ab2f-46a1-beff-2933bc158585', 'Tertiary', 3, 5.99) ON CONFLICT DO NOTHING;
INSERT INTO item_variant (id, name, item_link_id, cold_storage_type_id, doses_per_unit) VALUES ('f498fe77-7bd2-4a35-ad72-45fed6021218', 'Influenza Fluzone', 'fddf5843-847e-4381-83de-dd070d1c7ed9', (SELECT id FROM cold_storage_type WHERE name = '+5' or min_temperature = 2 and max_temperature = 8 LIMIT 1), 10) ON CONFLICT DO NOTHING;
INSERT INTO changelog (record_id, table_name, row_action) VALUES ('f498fe77-7bd2-4a35-ad72-45fed6021218', 'item_variant', 'UPSERT');
INSERT INTO packaging_variant (id, item_variant_id, name, packaging_level, volume_per_unit) VALUES ('b085d3a5-b06d-47da-9f2e-c42b6c7aa279', 'f498fe77-7bd2-4a35-ad72-45fed6021218', 'Primary', 1, 5.8) ON CONFLICT DO NOTHING;
INSERT INTO packaging_variant (id, item_variant_id, name, packaging_level, volume_per_unit) VALUES ('73962b07-def8-4e56-9e96-092232df5930', 'f498fe77-7bd2-4a35-ad72-45fed6021218', 'Secondary', 2, 5.8) ON CONFLICT DO NOTHING;
INSERT INTO packaging_variant (id, item_variant_id, name, packaging_level, volume_per_unit) VALUES ('b871ef97-a9c3-4fc7-8041-732b83f5bd16', 'f498fe77-7bd2-4a35-ad72-45fed6021218', 'Tertiary', 3, 8.62) ON CONFLICT DO NOTHING;
INSERT INTO item_variant (id, name, item_link_id, cold_storage_type_id, doses_per_unit) VALUES ('9315ca91-afcb-4f67-9d46-f431112bd1ea', 'Influenza Vaxigrip', 'fddf5843-847e-4381-83de-dd070d1c7ed9', (SELECT id FROM cold_storage_type WHERE name = '+5' or min_temperature = 2 and max_temperature = 8 LIMIT 1), 10) ON CONFLICT DO NOTHING;
INSERT INTO changelog (record_id, table_name, row_action) VALUES ('9315ca91-afcb-4f67-9d46-f431112bd1ea', 'item_variant', 'UPSERT');
INSERT INTO packaging_variant (id, item_variant_id, name, packaging_level, volume_per_unit) VALUES ('dff0e475-2240-47bf-8237-1cd9a1c0022d', '9315ca91-afcb-4f67-9d46-f431112bd1ea', 'Primary', 1, 2.4) ON CONFLICT DO NOTHING;
INSERT INTO packaging_variant (id, item_variant_id, name, packaging_level, volume_per_unit) VALUES ('643d3e7e-a0b5-466b-8834-172862736286', '9315ca91-afcb-4f67-9d46-f431112bd1ea', 'Secondary', 2, 2.4) ON CONFLICT DO NOTHING;
INSERT INTO packaging_variant (id, item_variant_id, name, packaging_level, volume_per_unit) VALUES ('55e34e9e-0d15-4b19-90e4-9a0c746391c8', '9315ca91-afcb-4f67-9d46-f431112bd1ea', 'Tertiary', 3, 2.85) ON CONFLICT DO NOTHING;
INSERT INTO item_variant (id, name, item_link_id, cold_storage_type_id, doses_per_unit) VALUES ('eab45e9d-b549-4383-93b8-9623d740dc91', 'Influenza GC FLU Multi inj.', 'fddf5843-847e-4381-83de-dd070d1c7ed9', (SELECT id FROM cold_storage_type WHERE name = '+5' or min_temperature = 2 and max_temperature = 8 LIMIT 1), 10) ON CONFLICT DO NOTHING;
INSERT INTO changelog (record_id, table_name, row_action) VALUES ('eab45e9d-b549-4383-93b8-9623d740dc91', 'item_variant', 'UPSERT');
INSERT INTO packaging_variant (id, item_variant_id, name, packaging_level, volume_per_unit) VALUES ('89f761d7-0504-4e09-bceb-c7e062904758', 'eab45e9d-b549-4383-93b8-9623d740dc91', 'Primary', 1, 3.76) ON CONFLICT DO NOTHING;
INSERT INTO packaging_variant (id, item_variant_id, name, packaging_level, volume_per_unit) VALUES ('1132d5a3-3688-4eb1-bcc4-5000bbd9e1d3', 'eab45e9d-b549-4383-93b8-9623d740dc91', 'Secondary', 2, 3.76) ON CONFLICT DO NOTHING;
INSERT INTO packaging_variant (id, item_variant_id, name, packaging_level, volume_per_unit) VALUES ('05c6d891-c706-4c7f-a294-078c5e0713fe', 'eab45e9d-b549-4383-93b8-9623d740dc91', 'Tertiary', 3, 19.35) ON CONFLICT DO NOTHING;
INSERT INTO item_variant (id, name, item_link_id, cold_storage_type_id, doses_per_unit) VALUES ('e5e28dea-9a44-438a-b87a-b4beae4e24ef', 'Influenza AGRIFLU', 'fddf5843-847e-4381-83de-dd070d1c7ed9', (SELECT id FROM cold_storage_type WHERE name = '+5' or min_temperature = 2 and max_temperature = 8 LIMIT 1), 10) ON CONFLICT DO NOTHING;
INSERT INTO changelog (record_id, table_name, row_action) VALUES ('e5e28dea-9a44-438a-b87a-b4beae4e24ef', 'item_variant', 'UPSERT');
INSERT INTO packaging_variant (id, item_variant_id, name, packaging_level, volume_per_unit) VALUES ('5c20ddbc-3915-4093-8cac-f7957563ee00', 'e5e28dea-9a44-438a-b87a-b4beae4e24ef', 'Primary', 1, 52.92) ON CONFLICT DO NOTHING;
INSERT INTO packaging_variant (id, item_variant_id, name, packaging_level, volume_per_unit) VALUES ('61e53ea7-7675-4599-b198-3929052d638d', 'e5e28dea-9a44-438a-b87a-b4beae4e24ef', 'Secondary', 2, 52.92) ON CONFLICT DO NOTHING;
INSERT INTO packaging_variant (id, item_variant_id, name, packaging_level, volume_per_unit) VALUES ('b957fa1e-4eab-4f79-9051-4b6209f576c3', 'e5e28dea-9a44-438a-b87a-b4beae4e24ef', 'Tertiary', 3, 5.84) ON CONFLICT DO NOTHING;
INSERT INTO item (id, name, code, ven_category, type, legacy_record, is_active, is_vaccine, vaccine_doses, default_pack_size) VALUES ('1a8c7df3-0ec9-4fc0-82a6-b32b65615fa8', 'Influenza, seasonal Quadrivalent', 'Influenza (Quadrivalent)', 'NOT_ASSIGNED', 'STOCK', '', 'True', 'True', 1, 1) ON CONFLICT DO NOTHING;
INSERT INTO item_link (id, item_id) VALUES ('1a8c7df3-0ec9-4fc0-82a6-b32b65615fa8', '1a8c7df3-0ec9-4fc0-82a6-b32b65615fa8') ON CONFLICT DO NOTHING;
INSERT INTO changelog (record_id, table_name, row_action) VALUES ('1a8c7df3-0ec9-4fc0-82a6-b32b65615fa8', 'item', 'UPSERT');
INSERT INTO master_list_line (id, master_list_id, item_link_id) VALUES (uuid_in(md5(random()::text || random()::text)::cstring), '43491ce9-bc89-4ee5-988d-9dbb2856e398', '1a8c7df3-0ec9-4fc0-82a6-b32b65615fa8') ON CONFLICT DO NOTHING;
INSERT INTO item_variant (id, name, item_link_id, cold_storage_type_id, doses_per_unit) VALUES ('6faf8b74-9cb1-4171-96bf-2f615e7e99b5', 'Influenza (Quadrivalent) Fluzone Quadrivalent', '1a8c7df3-0ec9-4fc0-82a6-b32b65615fa8', (SELECT id FROM cold_storage_type WHERE name = '+5' or min_temperature = 2 and max_temperature = 8 LIMIT 1), 1) ON CONFLICT DO NOTHING;
INSERT INTO changelog (record_id, table_name, row_action) VALUES ('6faf8b74-9cb1-4171-96bf-2f615e7e99b5', 'item_variant', 'UPSERT');
INSERT INTO packaging_variant (id, item_variant_id, name, packaging_level, volume_per_unit) VALUES ('66350118-b819-46b3-9444-4f1b7d45c4b2', '6faf8b74-9cb1-4171-96bf-2f615e7e99b5', 'Primary', 1, 18.4) ON CONFLICT DO NOTHING;
INSERT INTO packaging_variant (id, item_variant_id, name, packaging_level, volume_per_unit) VALUES ('ceaae5b3-21f6-425f-a6dd-fdde7ed0e276', '6faf8b74-9cb1-4171-96bf-2f615e7e99b5', 'Secondary', 2, 18.4) ON CONFLICT DO NOTHING;
INSERT INTO packaging_variant (id, item_variant_id, name, packaging_level, volume_per_unit) VALUES ('93a785b7-d676-4623-a425-ca11945489ec', '6faf8b74-9cb1-4171-96bf-2f615e7e99b5', 'Tertiary', 3, 19.46) ON CONFLICT DO NOTHING;
INSERT INTO item_variant (id, name, item_link_id, cold_storage_type_id, doses_per_unit) VALUES ('fc92c2dd-9263-4ce9-89d2-1c2cdc846540', 'Influenza (Quadrivalent) GCFLU Quadrivalent inj.', '1a8c7df3-0ec9-4fc0-82a6-b32b65615fa8', (SELECT id FROM cold_storage_type WHERE name = '+5' or min_temperature = 2 and max_temperature = 8 LIMIT 1), 1) ON CONFLICT DO NOTHING;
INSERT INTO changelog (record_id, table_name, row_action) VALUES ('fc92c2dd-9263-4ce9-89d2-1c2cdc846540', 'item_variant', 'UPSERT');
INSERT INTO packaging_variant (id, item_variant_id, name, packaging_level, volume_per_unit) VALUES ('55be0b9c-761a-4d01-bc49-c336b51fc438', 'fc92c2dd-9263-4ce9-89d2-1c2cdc846540', 'Primary', 1, 13.9) ON CONFLICT DO NOTHING;
INSERT INTO packaging_variant (id, item_variant_id, name, packaging_level, volume_per_unit) VALUES ('46a4ed77-9c32-478c-a987-757928cf04d0', 'fc92c2dd-9263-4ce9-89d2-1c2cdc846540', 'Secondary', 2, 13.9) ON CONFLICT DO NOTHING;
INSERT INTO packaging_variant (id, item_variant_id, name, packaging_level, volume_per_unit) VALUES ('adae5620-6bf5-4c54-843d-ac6ec9ff167d', 'fc92c2dd-9263-4ce9-89d2-1c2cdc846540', 'Tertiary', 3, 76.78) ON CONFLICT DO NOTHING;
INSERT INTO item_variant (id, name, item_link_id, cold_storage_type_id, doses_per_unit) VALUES ('5296ce76-4410-49c2-97c0-cd1c7fd21a33', 'Influenza (Quadrivalent) Fluzone Quadrivalent', '1a8c7df3-0ec9-4fc0-82a6-b32b65615fa8', (SELECT id FROM cold_storage_type WHERE name = '+5' or min_temperature = 2 and max_temperature = 8 LIMIT 1), 10) ON CONFLICT DO NOTHING;
INSERT INTO changelog (record_id, table_name, row_action) VALUES ('5296ce76-4410-49c2-97c0-cd1c7fd21a33', 'item_variant', 'UPSERT');
INSERT INTO packaging_variant (id, item_variant_id, name, packaging_level, volume_per_unit) VALUES ('b5c2d313-0a01-4357-8ed1-b1692f738754', '5296ce76-4410-49c2-97c0-cd1c7fd21a33', 'Primary', 1, 5.4) ON CONFLICT DO NOTHING;
INSERT INTO packaging_variant (id, item_variant_id, name, packaging_level, volume_per_unit) VALUES ('4a9e90b8-dabd-44c9-86e2-b83dd577fb69', '5296ce76-4410-49c2-97c0-cd1c7fd21a33', 'Secondary', 2, 5.4) ON CONFLICT DO NOTHING;
INSERT INTO packaging_variant (id, item_variant_id, name, packaging_level, volume_per_unit) VALUES ('0111d438-682a-4477-8d55-49c3a2e7ea39', '5296ce76-4410-49c2-97c0-cd1c7fd21a33', 'Tertiary', 3, 7.22) ON CONFLICT DO NOTHING;
INSERT INTO item_variant (id, name, item_link_id, cold_storage_type_id, doses_per_unit) VALUES ('4e73085d-93f8-47da-bcf8-af74cb8ed379', 'Influenza (Quadrivalent) GCFLU Quadrivalent Multi inj.', '1a8c7df3-0ec9-4fc0-82a6-b32b65615fa8', (SELECT id FROM cold_storage_type WHERE name = '+5' or min_temperature = 2 and max_temperature = 8 LIMIT 1), 10) ON CONFLICT DO NOTHING;
INSERT INTO changelog (record_id, table_name, row_action) VALUES ('4e73085d-93f8-47da-bcf8-af74cb8ed379', 'item_variant', 'UPSERT');
INSERT INTO packaging_variant (id, item_variant_id, name, packaging_level, volume_per_unit) VALUES ('5ae20d69-9322-48b7-bdc3-6f8cc04be70f', '4e73085d-93f8-47da-bcf8-af74cb8ed379', 'Primary', 1, 3.76) ON CONFLICT DO NOTHING;
INSERT INTO packaging_variant (id, item_variant_id, name, packaging_level, volume_per_unit) VALUES ('894ab8d0-1d16-4389-8b1a-858873c432a1', '4e73085d-93f8-47da-bcf8-af74cb8ed379', 'Secondary', 2, 3.76) ON CONFLICT DO NOTHING;
INSERT INTO packaging_variant (id, item_variant_id, name, packaging_level, volume_per_unit) VALUES ('1778f677-0d9c-4295-97ed-48417d599370', '4e73085d-93f8-47da-bcf8-af74cb8ed379', 'Tertiary', 3, 76.78) ON CONFLICT DO NOTHING;
INSERT INTO item (id, name, code, ven_category, type, legacy_record, is_active, is_vaccine, vaccine_doses, default_pack_size) VALUES ('d251adf1-ab3c-4f61-a62a-758a2c642616', 'Polio Vaccine - Inactivated (IPV)', 'IPV', 'NOT_ASSIGNED', 'STOCK', '', 'True', 'True', 1, 1) ON CONFLICT DO NOTHING;
INSERT INTO item_link (id, item_id) VALUES ('d251adf1-ab3c-4f61-a62a-758a2c642616', 'd251adf1-ab3c-4f61-a62a-758a2c642616') ON CONFLICT DO NOTHING;
INSERT INTO changelog (record_id, table_name, row_action) VALUES ('d251adf1-ab3c-4f61-a62a-758a2c642616', 'item', 'UPSERT');
INSERT INTO master_list_line (id, master_list_id, item_link_id) VALUES (uuid_in(md5(random()::text || random()::text)::cstring), '43491ce9-bc89-4ee5-988d-9dbb2856e398', 'd251adf1-ab3c-4f61-a62a-758a2c642616') ON CONFLICT DO NOTHING;
INSERT INTO item_variant (id, name, item_link_id, cold_storage_type_id, doses_per_unit) VALUES ('a59dbc9f-0ca5-451f-96b9-f2588a57e8fc', 'IPV Poliorix', 'd251adf1-ab3c-4f61-a62a-758a2c642616', (SELECT id FROM cold_storage_type WHERE name = '+5' or min_temperature = 2 and max_temperature = 8 LIMIT 1), 1) ON CONFLICT DO NOTHING;
INSERT INTO changelog (record_id, table_name, row_action) VALUES ('a59dbc9f-0ca5-451f-96b9-f2588a57e8fc', 'item_variant', 'UPSERT');
INSERT INTO packaging_variant (id, item_variant_id, name, packaging_level, volume_per_unit) VALUES ('7866c024-543e-457b-976a-a7939368abc6', 'a59dbc9f-0ca5-451f-96b9-f2588a57e8fc', 'Primary', 1, 9.68) ON CONFLICT DO NOTHING;
INSERT INTO packaging_variant (id, item_variant_id, name, packaging_level, volume_per_unit) VALUES ('81dee5bb-17b2-4e05-b26f-e8322d13d589', 'a59dbc9f-0ca5-451f-96b9-f2588a57e8fc', 'Secondary', 2, 9.68) ON CONFLICT DO NOTHING;
INSERT INTO packaging_variant (id, item_variant_id, name, packaging_level, volume_per_unit) VALUES ('c959b971-db3e-4482-bca4-1faed6ffee31', 'a59dbc9f-0ca5-451f-96b9-f2588a57e8fc', 'Tertiary', 3, 15.42) ON CONFLICT DO NOTHING;
INSERT INTO item_variant (id, name, item_link_id, cold_storage_type_id, doses_per_unit) VALUES ('9592baf5-967e-486f-bd42-6e9b4d837fb4', 'IPV Poliomyelitis vaccine', 'd251adf1-ab3c-4f61-a62a-758a2c642616', (SELECT id FROM cold_storage_type WHERE name = '+5' or min_temperature = 2 and max_temperature = 8 LIMIT 1), 1) ON CONFLICT DO NOTHING;
INSERT INTO changelog (record_id, table_name, row_action) VALUES ('9592baf5-967e-486f-bd42-6e9b4d837fb4', 'item_variant', 'UPSERT');
INSERT INTO packaging_variant (id, item_variant_id, name, packaging_level, volume_per_unit) VALUES ('10a85d9e-3acd-4251-90aa-3c92432d6664', '9592baf5-967e-486f-bd42-6e9b4d837fb4', 'Primary', 1, 15.7) ON CONFLICT DO NOTHING;
INSERT INTO packaging_variant (id, item_variant_id, name, packaging_level, volume_per_unit) VALUES ('51c129c6-07a2-4d81-b292-3795d8f615ba', '9592baf5-967e-486f-bd42-6e9b4d837fb4', 'Secondary', 2, 15.7) ON CONFLICT DO NOTHING;
INSERT INTO packaging_variant (id, item_variant_id, name, packaging_level, volume_per_unit) VALUES ('750cf80d-0515-4b7d-9cd2-35c330c74901', '9592baf5-967e-486f-bd42-6e9b4d837fb4', 'Tertiary', 3, 130.56) ON CONFLICT DO NOTHING;
INSERT INTO item_variant (id, name, item_link_id, cold_storage_type_id, doses_per_unit) VALUES ('cef496f6-b291-4969-84bb-d0c0b828fa83', 'IPV IPV Vaccine SSI', 'd251adf1-ab3c-4f61-a62a-758a2c642616', (SELECT id FROM cold_storage_type WHERE name = '+5' or min_temperature = 2 and max_temperature = 8 LIMIT 1), 1) ON CONFLICT DO NOTHING;
INSERT INTO changelog (record_id, table_name, row_action) VALUES ('cef496f6-b291-4969-84bb-d0c0b828fa83', 'item_variant', 'UPSERT');
INSERT INTO packaging_variant (id, item_variant_id, name, packaging_level, volume_per_unit) VALUES ('2c0a6048-0158-4277-808f-5d38b9a23db0', 'cef496f6-b291-4969-84bb-d0c0b828fa83', 'Primary', 1, 12.94) ON CONFLICT DO NOTHING;
INSERT INTO packaging_variant (id, item_variant_id, name, packaging_level, volume_per_unit) VALUES ('502169bb-42be-4a42-8663-99aee54559e0', 'cef496f6-b291-4969-84bb-d0c0b828fa83', 'Secondary', 2, 12.94) ON CONFLICT DO NOTHING;
INSERT INTO packaging_variant (id, item_variant_id, name, packaging_level, volume_per_unit) VALUES ('12825e77-d39c-4d35-9a6c-29e30cd28c0a', 'cef496f6-b291-4969-84bb-d0c0b828fa83', 'Tertiary', 3, 101.4) ON CONFLICT DO NOTHING;
INSERT INTO item_variant (id, name, item_link_id, cold_storage_type_id, doses_per_unit) VALUES ('c114745d-5b06-4562-b0a8-e29a0ac0ae1e', 'IPV Poliomyelitis Vaccine (Inactivated)', 'd251adf1-ab3c-4f61-a62a-758a2c642616', (SELECT id FROM cold_storage_type WHERE name = '+5' or min_temperature = 2 and max_temperature = 8 LIMIT 1), 1) ON CONFLICT DO NOTHING;
INSERT INTO changelog (record_id, table_name, row_action) VALUES ('c114745d-5b06-4562-b0a8-e29a0ac0ae1e', 'item_variant', 'UPSERT');
INSERT INTO packaging_variant (id, item_variant_id, name, packaging_level, volume_per_unit) VALUES ('93d529c4-3857-4d28-9784-c5c73d99947b', 'c114745d-5b06-4562-b0a8-e29a0ac0ae1e', 'Primary', 1, 17.58) ON CONFLICT DO NOTHING;
INSERT INTO packaging_variant (id, item_variant_id, name, packaging_level, volume_per_unit) VALUES ('9bbf5267-6b57-4e18-8e75-815d34d7a2dc', 'c114745d-5b06-4562-b0a8-e29a0ac0ae1e', 'Secondary', 2, 17.58) ON CONFLICT DO NOTHING;
INSERT INTO packaging_variant (id, item_variant_id, name, packaging_level, volume_per_unit) VALUES ('9f59114e-d5ee-4ad3-bd0a-354cc3d07c98', 'c114745d-5b06-4562-b0a8-e29a0ac0ae1e', 'Tertiary', 3, 86.4) ON CONFLICT DO NOTHING;
INSERT INTO item_variant (id, name, item_link_id, cold_storage_type_id, doses_per_unit) VALUES ('108288ec-9b4c-4a04-9aca-51a7ecd92ec7', 'IPV Eupolio Inj.', 'd251adf1-ab3c-4f61-a62a-758a2c642616', (SELECT id FROM cold_storage_type WHERE name = '+5' or min_temperature = 2 and max_temperature = 8 LIMIT 1), 1) ON CONFLICT DO NOTHING;
INSERT INTO changelog (record_id, table_name, row_action) VALUES ('108288ec-9b4c-4a04-9aca-51a7ecd92ec7', 'item_variant', 'UPSERT');
INSERT INTO packaging_variant (id, item_variant_id, name, packaging_level, volume_per_unit) VALUES ('ab14637e-496e-4837-8bee-3635d51edb61', '108288ec-9b4c-4a04-9aca-51a7ecd92ec7', 'Primary', 1, 13.57) ON CONFLICT DO NOTHING;
INSERT INTO packaging_variant (id, item_variant_id, name, packaging_level, volume_per_unit) VALUES ('78ad18a8-b806-4dc6-a265-8d962a9e9dc7', '108288ec-9b4c-4a04-9aca-51a7ecd92ec7', 'Secondary', 2, 13.57) ON CONFLICT DO NOTHING;
INSERT INTO packaging_variant (id, item_variant_id, name, packaging_level, volume_per_unit) VALUES ('cb1bd9b6-f61e-4712-a585-cc36c64bdc81', '108288ec-9b4c-4a04-9aca-51a7ecd92ec7', 'Tertiary', 3, 78.88) ON CONFLICT DO NOTHING;
INSERT INTO item_variant (id, name, item_link_id, cold_storage_type_id, doses_per_unit) VALUES ('9b210116-179d-479a-96b6-68c9c3e75c3c', 'IPV Poliorix', 'd251adf1-ab3c-4f61-a62a-758a2c642616', (SELECT id FROM cold_storage_type WHERE name = '+5' or min_temperature = 2 and max_temperature = 8 LIMIT 1), 2) ON CONFLICT DO NOTHING;
INSERT INTO changelog (record_id, table_name, row_action) VALUES ('9b210116-179d-479a-96b6-68c9c3e75c3c', 'item_variant', 'UPSERT');
INSERT INTO packaging_variant (id, item_variant_id, name, packaging_level, volume_per_unit) VALUES ('c326264a-cdac-431c-a21b-28b682666e89', '9b210116-179d-479a-96b6-68c9c3e75c3c', 'Primary', 1, 4.84) ON CONFLICT DO NOTHING;
INSERT INTO packaging_variant (id, item_variant_id, name, packaging_level, volume_per_unit) VALUES ('66467820-ba80-4061-ae87-33579dc3fc8f', '9b210116-179d-479a-96b6-68c9c3e75c3c', 'Secondary', 2, 4.84) ON CONFLICT DO NOTHING;
INSERT INTO packaging_variant (id, item_variant_id, name, packaging_level, volume_per_unit) VALUES ('998827c4-7568-46de-bf0f-61f5242c6f67', '9b210116-179d-479a-96b6-68c9c3e75c3c', 'Tertiary', 3, 7.71) ON CONFLICT DO NOTHING;
INSERT INTO item_variant (id, name, item_link_id, cold_storage_type_id, doses_per_unit) VALUES ('ea857154-dcfe-40bd-bd57-48fc8a83ea00', 'IPV Poliomyelitis Vaccine (Inactivated)', 'd251adf1-ab3c-4f61-a62a-758a2c642616', (SELECT id FROM cold_storage_type WHERE name = '+5' or min_temperature = 2 and max_temperature = 8 LIMIT 1), 2) ON CONFLICT DO NOTHING;
INSERT INTO changelog (record_id, table_name, row_action) VALUES ('ea857154-dcfe-40bd-bd57-48fc8a83ea00', 'item_variant', 'UPSERT');
INSERT INTO packaging_variant (id, item_variant_id, name, packaging_level, volume_per_unit) VALUES ('0f4bb49c-ebc2-478e-8662-c6fad8e42bb1', 'ea857154-dcfe-40bd-bd57-48fc8a83ea00', 'Primary', 1, 8.79) ON CONFLICT DO NOTHING;
INSERT INTO packaging_variant (id, item_variant_id, name, packaging_level, volume_per_unit) VALUES ('9ae83a7b-1cb4-423b-baf5-366e394d4a3d', 'ea857154-dcfe-40bd-bd57-48fc8a83ea00', 'Secondary', 2, 8.79) ON CONFLICT DO NOTHING;
INSERT INTO packaging_variant (id, item_variant_id, name, packaging_level, volume_per_unit) VALUES ('0c44cca8-edf8-4753-a1c6-d3c693b31b5d', 'ea857154-dcfe-40bd-bd57-48fc8a83ea00', 'Tertiary', 3, 43.2) ON CONFLICT DO NOTHING;
INSERT INTO item_variant (id, name, item_link_id, cold_storage_type_id, doses_per_unit) VALUES ('17f5de8f-ef1a-4cb0-8fa5-62da68c843ed', 'IPV Poliomyelitis vaccine multidose, suspension for injection 2.5 mL', 'd251adf1-ab3c-4f61-a62a-758a2c642616', (SELECT id FROM cold_storage_type WHERE name = '+5' or min_temperature = 2 and max_temperature = 8 LIMIT 1), 5) ON CONFLICT DO NOTHING;
INSERT INTO changelog (record_id, table_name, row_action) VALUES ('17f5de8f-ef1a-4cb0-8fa5-62da68c843ed', 'item_variant', 'UPSERT');
INSERT INTO packaging_variant (id, item_variant_id, name, packaging_level, volume_per_unit) VALUES ('d62a6b6a-7527-44b1-a34d-ead0dd0d5a44', '17f5de8f-ef1a-4cb0-8fa5-62da68c843ed', 'Primary', 1, 4) ON CONFLICT DO NOTHING;
INSERT INTO packaging_variant (id, item_variant_id, name, packaging_level, volume_per_unit) VALUES ('b317e0e4-c67e-49f9-9119-cdc4e291640f', '17f5de8f-ef1a-4cb0-8fa5-62da68c843ed', 'Secondary', 2, 4) ON CONFLICT DO NOTHING;
INSERT INTO packaging_variant (id, item_variant_id, name, packaging_level, volume_per_unit) VALUES ('3056368e-23b6-48f0-a7c7-b03f876e9f4a', '17f5de8f-ef1a-4cb0-8fa5-62da68c843ed', 'Tertiary', 3, 8.97) ON CONFLICT DO NOTHING;
INSERT INTO item_variant (id, name, item_link_id, cold_storage_type_id, doses_per_unit) VALUES ('f15a4208-3359-4dad-bcd5-14a0e1a1441a', 'IPV Poliomyelitis Vaccine (Inactivated)', 'd251adf1-ab3c-4f61-a62a-758a2c642616', (SELECT id FROM cold_storage_type WHERE name = '+5' or min_temperature = 2 and max_temperature = 8 LIMIT 1), 5) ON CONFLICT DO NOTHING;
INSERT INTO changelog (record_id, table_name, row_action) VALUES ('f15a4208-3359-4dad-bcd5-14a0e1a1441a', 'item_variant', 'UPSERT');
INSERT INTO packaging_variant (id, item_variant_id, name, packaging_level, volume_per_unit) VALUES ('46d35220-04f0-413d-aed6-3955de8feb73', 'f15a4208-3359-4dad-bcd5-14a0e1a1441a', 'Primary', 1, 3.52) ON CONFLICT DO NOTHING;
INSERT INTO packaging_variant (id, item_variant_id, name, packaging_level, volume_per_unit) VALUES ('2aa985ad-a786-4d03-9572-d3c21b97a948', 'f15a4208-3359-4dad-bcd5-14a0e1a1441a', 'Secondary', 2, 3.52) ON CONFLICT DO NOTHING;
INSERT INTO packaging_variant (id, item_variant_id, name, packaging_level, volume_per_unit) VALUES ('133a731d-ff0b-4787-a5bb-fc209f90a3f4', 'f15a4208-3359-4dad-bcd5-14a0e1a1441a', 'Tertiary', 3, 17.28) ON CONFLICT DO NOTHING;
INSERT INTO item_variant (id, name, item_link_id, cold_storage_type_id, doses_per_unit) VALUES ('471c8dd4-e0ec-41e0-a021-4ff89f031229', 'IPV Picovax', 'd251adf1-ab3c-4f61-a62a-758a2c642616', (SELECT id FROM cold_storage_type WHERE name = '+5' or min_temperature = 2 and max_temperature = 8 LIMIT 1), 5) ON CONFLICT DO NOTHING;
INSERT INTO changelog (record_id, table_name, row_action) VALUES ('471c8dd4-e0ec-41e0-a021-4ff89f031229', 'item_variant', 'UPSERT');
INSERT INTO packaging_variant (id, item_variant_id, name, packaging_level, volume_per_unit) VALUES ('5ebc22e0-7a72-4c8e-901f-41d605d7332c', '471c8dd4-e0ec-41e0-a021-4ff89f031229', 'Primary', 1, 6.82) ON CONFLICT DO NOTHING;
INSERT INTO packaging_variant (id, item_variant_id, name, packaging_level, volume_per_unit) VALUES ('e68dd8c5-ce08-49d8-a6aa-8cda499c2ed4', '471c8dd4-e0ec-41e0-a021-4ff89f031229', 'Secondary', 2, 6.82) ON CONFLICT DO NOTHING;
INSERT INTO packaging_variant (id, item_variant_id, name, packaging_level, volume_per_unit) VALUES ('4fe9bc0f-57f4-4888-8493-6eeacc81f1c4', '471c8dd4-e0ec-41e0-a021-4ff89f031229', 'Tertiary', 3, 26.96) ON CONFLICT DO NOTHING;
INSERT INTO item_variant (id, name, item_link_id, cold_storage_type_id, doses_per_unit) VALUES ('b191133e-cdee-4b54-92e9-82bfb432812b', 'IPV Eupolio Inj.', 'd251adf1-ab3c-4f61-a62a-758a2c642616', (SELECT id FROM cold_storage_type WHERE name = '+5' or min_temperature = 2 and max_temperature = 8 LIMIT 1), 5) ON CONFLICT DO NOTHING;
INSERT INTO changelog (record_id, table_name, row_action) VALUES ('b191133e-cdee-4b54-92e9-82bfb432812b', 'item_variant', 'UPSERT');
INSERT INTO packaging_variant (id, item_variant_id, name, packaging_level, volume_per_unit) VALUES ('278166a4-c2db-474c-a19b-f95ade2d310f', 'b191133e-cdee-4b54-92e9-82bfb432812b', 'Primary', 1, 2.97) ON CONFLICT DO NOTHING;
INSERT INTO packaging_variant (id, item_variant_id, name, packaging_level, volume_per_unit) VALUES ('05271b69-4416-40ff-878b-e4022dd34dd7', 'b191133e-cdee-4b54-92e9-82bfb432812b', 'Secondary', 2, 2.97) ON CONFLICT DO NOTHING;
INSERT INTO packaging_variant (id, item_variant_id, name, packaging_level, volume_per_unit) VALUES ('a4907195-82ab-437d-8570-eacdff76ee7b', 'b191133e-cdee-4b54-92e9-82bfb432812b', 'Tertiary', 3, 16.78) ON CONFLICT DO NOTHING;
INSERT INTO item_variant (id, name, item_link_id, cold_storage_type_id, doses_per_unit) VALUES ('9bcfcbf5-c597-49bf-8afc-47898b2e36e9', 'IPV ShanIPV', 'd251adf1-ab3c-4f61-a62a-758a2c642616', (SELECT id FROM cold_storage_type WHERE name = '+5' or min_temperature = 2 and max_temperature = 8 LIMIT 1), 5) ON CONFLICT DO NOTHING;
INSERT INTO changelog (record_id, table_name, row_action) VALUES ('9bcfcbf5-c597-49bf-8afc-47898b2e36e9', 'item_variant', 'UPSERT');
INSERT INTO packaging_variant (id, item_variant_id, name, packaging_level, volume_per_unit) VALUES ('0cd51706-989f-4cae-97f1-1d94608565ce', '9bcfcbf5-c597-49bf-8afc-47898b2e36e9', 'Primary', 1, 6.08) ON CONFLICT DO NOTHING;
INSERT INTO packaging_variant (id, item_variant_id, name, packaging_level, volume_per_unit) VALUES ('3bf5a9bd-73a3-4cfb-9270-9fc89e5d0396', '9bcfcbf5-c597-49bf-8afc-47898b2e36e9', 'Secondary', 2, 6.08) ON CONFLICT DO NOTHING;
INSERT INTO packaging_variant (id, item_variant_id, name, packaging_level, volume_per_unit) VALUES ('1ace9ec7-0d88-4b88-b3cd-9d02ab11eed1', '9bcfcbf5-c597-49bf-8afc-47898b2e36e9', 'Tertiary', 3, 41.78) ON CONFLICT DO NOTHING;
INSERT INTO item_variant (id, name, item_link_id, cold_storage_type_id, doses_per_unit) VALUES ('d7159915-a2dc-4c69-8520-be108bc1126a', 'IPV IMOVAX POLIO', 'd251adf1-ab3c-4f61-a62a-758a2c642616', (SELECT id FROM cold_storage_type WHERE name = '+5' or min_temperature = 2 and max_temperature = 8 LIMIT 1), 10) ON CONFLICT DO NOTHING;
INSERT INTO changelog (record_id, table_name, row_action) VALUES ('d7159915-a2dc-4c69-8520-be108bc1126a', 'item_variant', 'UPSERT');
INSERT INTO packaging_variant (id, item_variant_id, name, packaging_level, volume_per_unit) VALUES ('c8c1f57d-c517-4886-8446-5bcb90c2415c', 'd7159915-a2dc-4c69-8520-be108bc1126a', 'Primary', 1, 2.46) ON CONFLICT DO NOTHING;
INSERT INTO packaging_variant (id, item_variant_id, name, packaging_level, volume_per_unit) VALUES ('5765888b-c020-4aac-b4d4-9b834fe59107', 'd7159915-a2dc-4c69-8520-be108bc1126a', 'Secondary', 2, 2.46) ON CONFLICT DO NOTHING;
INSERT INTO packaging_variant (id, item_variant_id, name, packaging_level, volume_per_unit) VALUES ('7bd92829-21f7-473b-b69f-0639674dc81c', 'd7159915-a2dc-4c69-8520-be108bc1126a', 'Tertiary', 3, 2.46) ON CONFLICT DO NOTHING;
INSERT INTO item_variant (id, name, item_link_id, cold_storage_type_id, doses_per_unit) VALUES ('fbc7362f-325a-44b9-81ed-76fd80705c93', 'IPV ShanIPV', 'd251adf1-ab3c-4f61-a62a-758a2c642616', (SELECT id FROM cold_storage_type WHERE name = '+5' or min_temperature = 2 and max_temperature = 8 LIMIT 1), 10) ON CONFLICT DO NOTHING;
INSERT INTO changelog (record_id, table_name, row_action) VALUES ('fbc7362f-325a-44b9-81ed-76fd80705c93', 'item_variant', 'UPSERT');
INSERT INTO packaging_variant (id, item_variant_id, name, packaging_level, volume_per_unit) VALUES ('05a3c595-6370-4f9f-badc-86ee5417094e', 'fbc7362f-325a-44b9-81ed-76fd80705c93', 'Primary', 1, 3.04) ON CONFLICT DO NOTHING;
INSERT INTO packaging_variant (id, item_variant_id, name, packaging_level, volume_per_unit) VALUES ('8ed70d13-935d-4129-bf34-4c22ee24377f', 'fbc7362f-325a-44b9-81ed-76fd80705c93', 'Secondary', 2, 3.04) ON CONFLICT DO NOTHING;
INSERT INTO packaging_variant (id, item_variant_id, name, packaging_level, volume_per_unit) VALUES ('68456e76-df09-4edd-b7d4-33eb01746692', 'fbc7362f-325a-44b9-81ed-76fd80705c93', 'Tertiary', 3, 20.89) ON CONFLICT DO NOTHING;
INSERT INTO item (id, name, code, ven_category, type, legacy_record, is_active, is_vaccine, vaccine_doses, default_pack_size) VALUES ('45feeb35-3ded-441b-9f51-102012c8f867', 'Polio Vaccine - Inactivated Sabin (sIPV)', 'sIPV', 'NOT_ASSIGNED', 'STOCK', '', 'True', 'True', 1, 1) ON CONFLICT DO NOTHING;
INSERT INTO item_link (id, item_id) VALUES ('45feeb35-3ded-441b-9f51-102012c8f867', '45feeb35-3ded-441b-9f51-102012c8f867') ON CONFLICT DO NOTHING;
INSERT INTO changelog (record_id, table_name, row_action) VALUES ('45feeb35-3ded-441b-9f51-102012c8f867', 'item', 'UPSERT');
INSERT INTO master_list_line (id, master_list_id, item_link_id) VALUES (uuid_in(md5(random()::text || random()::text)::cstring), '43491ce9-bc89-4ee5-988d-9dbb2856e398', '45feeb35-3ded-441b-9f51-102012c8f867') ON CONFLICT DO NOTHING;
INSERT INTO item_variant (id, name, item_link_id, cold_storage_type_id, doses_per_unit) VALUES ('2cd2ad94-ec84-4a49-87a7-4e18e5f541f0', 'sIPV Poliomyelitis Vaccine (Vero Cell), Inactivated, Sabin Strains', '45feeb35-3ded-441b-9f51-102012c8f867', (SELECT id FROM cold_storage_type WHERE name = '+5' or min_temperature = 2 and max_temperature = 8 LIMIT 1), 1) ON CONFLICT DO NOTHING;
INSERT INTO changelog (record_id, table_name, row_action) VALUES ('2cd2ad94-ec84-4a49-87a7-4e18e5f541f0', 'item_variant', 'UPSERT');
INSERT INTO packaging_variant (id, item_variant_id, name, packaging_level, volume_per_unit) VALUES ('f197e55a-a371-4e7a-9177-6a6b55a89401', '2cd2ad94-ec84-4a49-87a7-4e18e5f541f0', 'Primary', 1, 21.18) ON CONFLICT DO NOTHING;
INSERT INTO packaging_variant (id, item_variant_id, name, packaging_level, volume_per_unit) VALUES ('ba5eba4f-0bb0-43c8-a20b-e6409948a5e2', '2cd2ad94-ec84-4a49-87a7-4e18e5f541f0', 'Secondary', 2, 21.18) ON CONFLICT DO NOTHING;
INSERT INTO packaging_variant (id, item_variant_id, name, packaging_level, volume_per_unit) VALUES ('34f46d93-1bcd-4b16-ad22-faa4fa49d14c', '2cd2ad94-ec84-4a49-87a7-4e18e5f541f0', 'Tertiary', 3, 28.9) ON CONFLICT DO NOTHING;
INSERT INTO item_variant (id, name, item_link_id, cold_storage_type_id, doses_per_unit) VALUES ('2cd2ad94-ec84-4a49-87a7-4e18e5f541f0', 'sIPV Poliomyelitis Vaccine (Vero Cell), Inactivated, Sabin Strains', '45feeb35-3ded-441b-9f51-102012c8f867', (SELECT id FROM cold_storage_type WHERE name = '+5' or min_temperature = 2 and max_temperature = 8 LIMIT 1), 1) ON CONFLICT DO NOTHING;
INSERT INTO changelog (record_id, table_name, row_action) VALUES ('2cd2ad94-ec84-4a49-87a7-4e18e5f541f0', 'item_variant', 'UPSERT');
INSERT INTO packaging_variant (id, item_variant_id, name, packaging_level, volume_per_unit) VALUES ('f197e55a-a371-4e7a-9177-6a6b55a89401', '2cd2ad94-ec84-4a49-87a7-4e18e5f541f0', 'Primary', 1, 12.2) ON CONFLICT DO NOTHING;
INSERT INTO packaging_variant (id, item_variant_id, name, packaging_level, volume_per_unit) VALUES ('ba5eba4f-0bb0-43c8-a20b-e6409948a5e2', '2cd2ad94-ec84-4a49-87a7-4e18e5f541f0', 'Secondary', 2, 12.2) ON CONFLICT DO NOTHING;
INSERT INTO packaging_variant (id, item_variant_id, name, packaging_level, volume_per_unit) VALUES ('34f46d93-1bcd-4b16-ad22-faa4fa49d14c', '2cd2ad94-ec84-4a49-87a7-4e18e5f541f0', 'Tertiary', 3, 90) ON CONFLICT DO NOTHING;
INSERT INTO item (id, name, code, ven_category, type, legacy_record, is_active, is_vaccine, vaccine_doses, default_pack_size) VALUES ('98dc055e-d57a-439a-b916-48c5657c2c5b', 'Japanese Encephalitis Vaccine (Inactivated)', 'JE_liq', 'NOT_ASSIGNED', 'STOCK', '', 'True', 'True', 1, 1) ON CONFLICT DO NOTHING;
INSERT INTO item_link (id, item_id) VALUES ('98dc055e-d57a-439a-b916-48c5657c2c5b', '98dc055e-d57a-439a-b916-48c5657c2c5b') ON CONFLICT DO NOTHING;
INSERT INTO changelog (record_id, table_name, row_action) VALUES ('98dc055e-d57a-439a-b916-48c5657c2c5b', 'item', 'UPSERT');
INSERT INTO master_list_line (id, master_list_id, item_link_id) VALUES (uuid_in(md5(random()::text || random()::text)::cstring), '43491ce9-bc89-4ee5-988d-9dbb2856e398', '98dc055e-d57a-439a-b916-48c5657c2c5b') ON CONFLICT DO NOTHING;
INSERT INTO item_variant (id, name, item_link_id, cold_storage_type_id, doses_per_unit) VALUES ('e189c210-97d3-4e87-8640-80023923bd17', 'JE_liq JEEV Pediatric', '98dc055e-d57a-439a-b916-48c5657c2c5b', (SELECT id FROM cold_storage_type WHERE name = '+5' or min_temperature = 2 and max_temperature = 8 LIMIT 1), 1) ON CONFLICT DO NOTHING;
INSERT INTO changelog (record_id, table_name, row_action) VALUES ('e189c210-97d3-4e87-8640-80023923bd17', 'item_variant', 'UPSERT');
INSERT INTO packaging_variant (id, item_variant_id, name, packaging_level, volume_per_unit) VALUES ('d23457e7-9a1b-4fa9-ab12-058cdcda82ec', 'e189c210-97d3-4e87-8640-80023923bd17', 'Primary', 1, 14.7) ON CONFLICT DO NOTHING;
INSERT INTO packaging_variant (id, item_variant_id, name, packaging_level, volume_per_unit) VALUES ('38c3f727-f0d9-46e6-b3fe-97dbe0eadca0', 'e189c210-97d3-4e87-8640-80023923bd17', 'Secondary', 2, 14.7) ON CONFLICT DO NOTHING;
INSERT INTO packaging_variant (id, item_variant_id, name, packaging_level, volume_per_unit) VALUES ('f7a15601-57cd-49b3-89ce-11d60b5223e0', 'e189c210-97d3-4e87-8640-80023923bd17', 'Tertiary', 3, 93.08) ON CONFLICT DO NOTHING;
INSERT INTO item_variant (id, name, item_link_id, cold_storage_type_id, doses_per_unit) VALUES ('2374d6a6-f958-4444-968e-4974035ba67e', 'JE_liq JEEV Pediatric', '98dc055e-d57a-439a-b916-48c5657c2c5b', (SELECT id FROM cold_storage_type WHERE name = '+5' or min_temperature = 2 and max_temperature = 8 LIMIT 1), 5) ON CONFLICT DO NOTHING;
INSERT INTO changelog (record_id, table_name, row_action) VALUES ('2374d6a6-f958-4444-968e-4974035ba67e', 'item_variant', 'UPSERT');
INSERT INTO packaging_variant (id, item_variant_id, name, packaging_level, volume_per_unit) VALUES ('881ace7b-3b54-4d2b-a4f5-c7c45e6351b2', '2374d6a6-f958-4444-968e-4974035ba67e', 'Primary', 1, 2.9) ON CONFLICT DO NOTHING;
INSERT INTO packaging_variant (id, item_variant_id, name, packaging_level, volume_per_unit) VALUES ('db22ba66-ea19-4689-ac04-dc09dabb35cd', '2374d6a6-f958-4444-968e-4974035ba67e', 'Secondary', 2, 2.9) ON CONFLICT DO NOTHING;
INSERT INTO packaging_variant (id, item_variant_id, name, packaging_level, volume_per_unit) VALUES ('46498a41-66ce-4693-83fd-90487bc3fb7d', '2374d6a6-f958-4444-968e-4974035ba67e', 'Tertiary', 3, 19.58) ON CONFLICT DO NOTHING;
INSERT INTO item (id, name, code, ven_category, type, legacy_record, is_active, is_vaccine, vaccine_doses, default_pack_size) VALUES ('6ec4cc7a-21b6-4c1b-be8e-ad1619d5c828', 'Japanese Encephalitis Vaccine (live, attenuated)', 'JE_lyo', 'NOT_ASSIGNED', 'STOCK', '', 'True', 'True', 1, 1) ON CONFLICT DO NOTHING;
INSERT INTO item_link (id, item_id) VALUES ('6ec4cc7a-21b6-4c1b-be8e-ad1619d5c828', '6ec4cc7a-21b6-4c1b-be8e-ad1619d5c828') ON CONFLICT DO NOTHING;
INSERT INTO changelog (record_id, table_name, row_action) VALUES ('6ec4cc7a-21b6-4c1b-be8e-ad1619d5c828', 'item', 'UPSERT');
INSERT INTO master_list_line (id, master_list_id, item_link_id) VALUES (uuid_in(md5(random()::text || random()::text)::cstring), '43491ce9-bc89-4ee5-988d-9dbb2856e398', '6ec4cc7a-21b6-4c1b-be8e-ad1619d5c828') ON CONFLICT DO NOTHING;
INSERT INTO item_variant (id, name, item_link_id, cold_storage_type_id, doses_per_unit) VALUES ('b013311b-da6d-4779-9432-a334aee907dc', 'JE_lyo Japanese Encephalitis Vaccine Live (SA14-14-2)', '6ec4cc7a-21b6-4c1b-be8e-ad1619d5c828', (SELECT id FROM cold_storage_type WHERE name = '+5' or min_temperature = 2 and max_temperature = 8 LIMIT 1), 1) ON CONFLICT DO NOTHING;
INSERT INTO changelog (record_id, table_name, row_action) VALUES ('b013311b-da6d-4779-9432-a334aee907dc', 'item_variant', 'UPSERT');
INSERT INTO packaging_variant (id, item_variant_id, name, packaging_level, volume_per_unit) VALUES ('57698d3a-fec6-4b00-bf39-59418666939b', 'b013311b-da6d-4779-9432-a334aee907dc', 'Primary', 1, 21.2) ON CONFLICT DO NOTHING;
INSERT INTO packaging_variant (id, item_variant_id, name, packaging_level, volume_per_unit) VALUES ('09291635-bd54-4ecb-8b59-3dae34c8374a', 'b013311b-da6d-4779-9432-a334aee907dc', 'Secondary', 2, 21.2) ON CONFLICT DO NOTHING;
INSERT INTO packaging_variant (id, item_variant_id, name, packaging_level, volume_per_unit) VALUES ('a541aa5a-bc96-4c0d-a0b1-8bf9ff5fde2a', 'b013311b-da6d-4779-9432-a334aee907dc', 'Tertiary', 3, 197.1) ON CONFLICT DO NOTHING;
INSERT INTO item (id, name, code, ven_category, type, legacy_record, is_active, is_vaccine, vaccine_doses, default_pack_size) VALUES ('6b5ca34c-a434-488c-a65b-f9b66e071bfe', 'JE_lyo Diluent', 'JE_lyo_DILUENT', 'NOT_ASSIGNED', 'STOCK', '', 'True', 'False', 0, 1) ON CONFLICT DO NOTHING;
INSERT INTO item_link (id, item_id) VALUES ('6b5ca34c-a434-488c-a65b-f9b66e071bfe', '6b5ca34c-a434-488c-a65b-f9b66e071bfe') ON CONFLICT DO NOTHING;
INSERT INTO changelog (record_id, table_name, row_action) VALUES ('6b5ca34c-a434-488c-a65b-f9b66e071bfe', 'item', 'UPSERT');
INSERT INTO item_variant (id, name, item_link_id, cold_storage_type_id, doses_per_unit) VALUES ('5cad929d-1b55-4e21-b45d-c3da5a0cc4a3', 'JE_lyo Japanese Encephalitis Vaccine Live (SA14-14-2) Diluent', '6b5ca34c-a434-488c-a65b-f9b66e071bfe', (SELECT id FROM cold_storage_type WHERE name = '+5' or min_temperature = 2 and max_temperature = 8 LIMIT 1), 1) ON CONFLICT DO NOTHING;
INSERT INTO changelog (record_id, table_name, row_action) VALUES ('5cad929d-1b55-4e21-b45d-c3da5a0cc4a3', 'item_variant', 'UPSERT');
INSERT INTO packaging_variant (id, item_variant_id, name, packaging_level, volume_per_unit) VALUES ('bb00aed6-a9ba-4fd5-a9b3-0fe5691799b2', '5cad929d-1b55-4e21-b45d-c3da5a0cc4a3', 'Primary', 1, 0) ON CONFLICT DO NOTHING;
INSERT INTO packaging_variant (id, item_variant_id, name, packaging_level, volume_per_unit) VALUES ('56973ae8-de62-4637-b4c9-ead8ce179749', '5cad929d-1b55-4e21-b45d-c3da5a0cc4a3', 'Secondary', 2, 0) ON CONFLICT DO NOTHING;
INSERT INTO packaging_variant (id, item_variant_id, name, packaging_level, volume_per_unit) VALUES ('3d812196-108c-45a5-ab09-ff1d120e6238', '5cad929d-1b55-4e21-b45d-c3da5a0cc4a3', 'Tertiary', 3, 0) ON CONFLICT DO NOTHING;
INSERT INTO bundled_item (id, principal_item_variant_id, bundled_item_variant_id, ratio) VALUES ('f8d3689a-56c0-4b82-b6e8-569637f88ada', 'b013311b-da6d-4779-9432-a334aee907dc', '5cad929d-1b55-4e21-b45d-c3da5a0cc4a3', 1) ON CONFLICT DO NOTHING;
INSERT INTO changelog (record_id, table_name, row_action) VALUES ('f8d3689a-56c0-4b82-b6e8-569637f88ada', 'bundled_item', 'UPSERT');
INSERT INTO item_variant (id, name, item_link_id, cold_storage_type_id, doses_per_unit) VALUES ('474c16a7-edcb-4080-b55c-ce2e8391d312', 'JE_lyo IMOJEV MD', '6ec4cc7a-21b6-4c1b-be8e-ad1619d5c828', (SELECT id FROM cold_storage_type WHERE name = '+5' or min_temperature = 2 and max_temperature = 8 LIMIT 1), 4) ON CONFLICT DO NOTHING;
INSERT INTO changelog (record_id, table_name, row_action) VALUES ('474c16a7-edcb-4080-b55c-ce2e8391d312', 'item_variant', 'UPSERT');
INSERT INTO packaging_variant (id, item_variant_id, name, packaging_level, volume_per_unit) VALUES ('e7f5cb58-d34e-4e87-8797-a82a4de3749f', '474c16a7-edcb-4080-b55c-ce2e8391d312', 'Primary', 1, 2.5) ON CONFLICT DO NOTHING;
INSERT INTO packaging_variant (id, item_variant_id, name, packaging_level, volume_per_unit) VALUES ('7e274e69-b662-440f-97c6-1a04b4546f09', '474c16a7-edcb-4080-b55c-ce2e8391d312', 'Secondary', 2, 2.5) ON CONFLICT DO NOTHING;
INSERT INTO packaging_variant (id, item_variant_id, name, packaging_level, volume_per_unit) VALUES ('b1b6924a-3969-4ff9-a2fd-af1bdc6caa39', '474c16a7-edcb-4080-b55c-ce2e8391d312', 'Tertiary', 3, 12.57) ON CONFLICT DO NOTHING;
INSERT INTO item_variant (id, name, item_link_id, cold_storage_type_id, doses_per_unit) VALUES ('558c7d23-deee-4e5d-963d-726519d2cd9d', 'JE_lyo Japanese Encephalitis Vaccine Live (SA14-14-2)', '6ec4cc7a-21b6-4c1b-be8e-ad1619d5c828', (SELECT id FROM cold_storage_type WHERE name = '+5' or min_temperature = 2 and max_temperature = 8 LIMIT 1), 5) ON CONFLICT DO NOTHING;
INSERT INTO changelog (record_id, table_name, row_action) VALUES ('558c7d23-deee-4e5d-963d-726519d2cd9d', 'item_variant', 'UPSERT');
INSERT INTO packaging_variant (id, item_variant_id, name, packaging_level, volume_per_unit) VALUES ('bd87315b-558c-45c7-ba13-c4d1eb72d2f2', '558c7d23-deee-4e5d-963d-726519d2cd9d', 'Primary', 1, 4.2) ON CONFLICT DO NOTHING;
INSERT INTO packaging_variant (id, item_variant_id, name, packaging_level, volume_per_unit) VALUES ('f11a1811-a195-4b37-a9ea-7c851fe21216', '558c7d23-deee-4e5d-963d-726519d2cd9d', 'Secondary', 2, 4.2) ON CONFLICT DO NOTHING;
INSERT INTO packaging_variant (id, item_variant_id, name, packaging_level, volume_per_unit) VALUES ('f974c01f-77b0-4842-b1d4-8cf071b7630b', '558c7d23-deee-4e5d-963d-726519d2cd9d', 'Tertiary', 3, 39.42) ON CONFLICT DO NOTHING;
INSERT INTO item (id, name, code, ven_category, type, legacy_record, is_active, is_vaccine, vaccine_doses, default_pack_size) VALUES ('f89b56a4-a256-4107-8758-8c5bfabdbae3', 'Measles', 'Measles', 'NOT_ASSIGNED', 'STOCK', '', 'True', 'True', 1, 1) ON CONFLICT DO NOTHING;
INSERT INTO item_link (id, item_id) VALUES ('f89b56a4-a256-4107-8758-8c5bfabdbae3', 'f89b56a4-a256-4107-8758-8c5bfabdbae3') ON CONFLICT DO NOTHING;
INSERT INTO changelog (record_id, table_name, row_action) VALUES ('f89b56a4-a256-4107-8758-8c5bfabdbae3', 'item', 'UPSERT');
INSERT INTO master_list_line (id, master_list_id, item_link_id) VALUES (uuid_in(md5(random()::text || random()::text)::cstring), '43491ce9-bc89-4ee5-988d-9dbb2856e398', 'f89b56a4-a256-4107-8758-8c5bfabdbae3') ON CONFLICT DO NOTHING;
INSERT INTO item_variant (id, name, item_link_id, cold_storage_type_id, doses_per_unit) VALUES ('2be6594c-ff00-4a82-a6e7-3f331ee69941', 'Measles Measles Vaccine, Live, Attenuated', 'f89b56a4-a256-4107-8758-8c5bfabdbae3', (SELECT id FROM cold_storage_type WHERE name = '+5' or min_temperature = 2 and max_temperature = 8 LIMIT 1), 1) ON CONFLICT DO NOTHING;
INSERT INTO changelog (record_id, table_name, row_action) VALUES ('2be6594c-ff00-4a82-a6e7-3f331ee69941', 'item_variant', 'UPSERT');
INSERT INTO packaging_variant (id, item_variant_id, name, packaging_level, volume_per_unit) VALUES ('2618f87f-a939-4560-90e9-a3aea60b3cbb', '2be6594c-ff00-4a82-a6e7-3f331ee69941', 'Primary', 1, 21.09) ON CONFLICT DO NOTHING;
INSERT INTO packaging_variant (id, item_variant_id, name, packaging_level, volume_per_unit) VALUES ('87688d9a-5d58-4c7c-9ffe-309cd63904d0', '2be6594c-ff00-4a82-a6e7-3f331ee69941', 'Secondary', 2, 21.09) ON CONFLICT DO NOTHING;
INSERT INTO packaging_variant (id, item_variant_id, name, packaging_level, volume_per_unit) VALUES ('16ef35a3-6395-49ac-b790-9a48bf61881b', '2be6594c-ff00-4a82-a6e7-3f331ee69941', 'Tertiary', 3, 98.4) ON CONFLICT DO NOTHING;
INSERT INTO item (id, name, code, ven_category, type, legacy_record, is_active, is_vaccine, vaccine_doses, default_pack_size) VALUES ('c1afd9d3-f0dc-4990-9e0c-c885e60accc7', 'Measles Diluent', 'Measles_DILUENT', 'NOT_ASSIGNED', 'STOCK', '', 'True', 'False', 0, 1) ON CONFLICT DO NOTHING;
INSERT INTO item_link (id, item_id) VALUES ('c1afd9d3-f0dc-4990-9e0c-c885e60accc7', 'c1afd9d3-f0dc-4990-9e0c-c885e60accc7') ON CONFLICT DO NOTHING;
INSERT INTO changelog (record_id, table_name, row_action) VALUES ('c1afd9d3-f0dc-4990-9e0c-c885e60accc7', 'item', 'UPSERT');
INSERT INTO item_variant (id, name, item_link_id, cold_storage_type_id, doses_per_unit) VALUES ('b886eb91-404c-4b24-9ab5-536354559f36', 'Measles Measles Vaccine, Live, Attenuated Diluent', 'c1afd9d3-f0dc-4990-9e0c-c885e60accc7', (SELECT id FROM cold_storage_type WHERE name = '+5' or min_temperature = 2 and max_temperature = 8 LIMIT 1), 1) ON CONFLICT DO NOTHING;
INSERT INTO changelog (record_id, table_name, row_action) VALUES ('b886eb91-404c-4b24-9ab5-536354559f36', 'item_variant', 'UPSERT');
INSERT INTO packaging_variant (id, item_variant_id, name, packaging_level, volume_per_unit) VALUES ('3dac4c8f-5120-4723-9e89-70b0de22f94a', 'b886eb91-404c-4b24-9ab5-536354559f36', 'Primary', 1, 12.5) ON CONFLICT DO NOTHING;
INSERT INTO packaging_variant (id, item_variant_id, name, packaging_level, volume_per_unit) VALUES ('a9db2365-7f2c-4612-9692-c48517b6fbb6', 'b886eb91-404c-4b24-9ab5-536354559f36', 'Secondary', 2, 12.5) ON CONFLICT DO NOTHING;
INSERT INTO packaging_variant (id, item_variant_id, name, packaging_level, volume_per_unit) VALUES ('0f03a7ee-ede3-43b8-b401-47cc6d2603f2', 'b886eb91-404c-4b24-9ab5-536354559f36', 'Tertiary', 3, 0) ON CONFLICT DO NOTHING;
INSERT INTO bundled_item (id, principal_item_variant_id, bundled_item_variant_id, ratio) VALUES ('9b3199d7-5a55-4128-9cbf-7166309c81fd', '2be6594c-ff00-4a82-a6e7-3f331ee69941', 'b886eb91-404c-4b24-9ab5-536354559f36', 1) ON CONFLICT DO NOTHING;
INSERT INTO changelog (record_id, table_name, row_action) VALUES ('9b3199d7-5a55-4128-9cbf-7166309c81fd', 'bundled_item', 'UPSERT');
INSERT INTO item_variant (id, name, item_link_id, cold_storage_type_id, doses_per_unit) VALUES ('52735507-6c2d-4738-8fac-a069656db40d', 'Measles Measles Vaccine, Live, Attenuated', 'f89b56a4-a256-4107-8758-8c5bfabdbae3', (SELECT id FROM cold_storage_type WHERE name = '+5' or min_temperature = 2 and max_temperature = 8 LIMIT 1), 2) ON CONFLICT DO NOTHING;
INSERT INTO changelog (record_id, table_name, row_action) VALUES ('52735507-6c2d-4738-8fac-a069656db40d', 'item_variant', 'UPSERT');
INSERT INTO packaging_variant (id, item_variant_id, name, packaging_level, volume_per_unit) VALUES ('9bd930aa-7482-461f-9a74-e6e7cb7271c4', '52735507-6c2d-4738-8fac-a069656db40d', 'Primary', 1, 10.55) ON CONFLICT DO NOTHING;
INSERT INTO packaging_variant (id, item_variant_id, name, packaging_level, volume_per_unit) VALUES ('5b8f342a-dbc7-4336-8c8b-f6eb98673401', '52735507-6c2d-4738-8fac-a069656db40d', 'Secondary', 2, 10.55) ON CONFLICT DO NOTHING;
INSERT INTO packaging_variant (id, item_variant_id, name, packaging_level, volume_per_unit) VALUES ('7a0681f1-a1d2-481b-aecd-8b549babe47c', '52735507-6c2d-4738-8fac-a069656db40d', 'Tertiary', 3, 49.2) ON CONFLICT DO NOTHING;
INSERT INTO item_variant (id, name, item_link_id, cold_storage_type_id, doses_per_unit) VALUES ('649f2e2c-7eeb-4a10-a8d1-4d99e1f456fd', 'Measles Measles Vaccine, Live, Attenuated', 'f89b56a4-a256-4107-8758-8c5bfabdbae3', (SELECT id FROM cold_storage_type WHERE name = '+5' or min_temperature = 2 and max_temperature = 8 LIMIT 1), 5) ON CONFLICT DO NOTHING;
INSERT INTO changelog (record_id, table_name, row_action) VALUES ('649f2e2c-7eeb-4a10-a8d1-4d99e1f456fd', 'item_variant', 'UPSERT');
INSERT INTO packaging_variant (id, item_variant_id, name, packaging_level, volume_per_unit) VALUES ('a54cc439-cfab-4d2a-8bc7-c1697207c14c', '649f2e2c-7eeb-4a10-a8d1-4d99e1f456fd', 'Primary', 1, 4.22) ON CONFLICT DO NOTHING;
INSERT INTO packaging_variant (id, item_variant_id, name, packaging_level, volume_per_unit) VALUES ('18fb0ba3-f19a-4ea2-a6f0-0de096162b5e', '649f2e2c-7eeb-4a10-a8d1-4d99e1f456fd', 'Secondary', 2, 4.22) ON CONFLICT DO NOTHING;
INSERT INTO packaging_variant (id, item_variant_id, name, packaging_level, volume_per_unit) VALUES ('b744ca3f-84e0-48d0-a03e-10d21d24dde2', '649f2e2c-7eeb-4a10-a8d1-4d99e1f456fd', 'Tertiary', 3, 19.68) ON CONFLICT DO NOTHING;
INSERT INTO item_variant (id, name, item_link_id, cold_storage_type_id, doses_per_unit) VALUES ('873fa565-9924-4ad0-b86f-bdd6bdda6a71', 'Measles Measles vaccine', 'f89b56a4-a256-4107-8758-8c5bfabdbae3', (SELECT id FROM cold_storage_type WHERE name = '+5' or min_temperature = 2 and max_temperature = 8 LIMIT 1), 10) ON CONFLICT DO NOTHING;
INSERT INTO changelog (record_id, table_name, row_action) VALUES ('873fa565-9924-4ad0-b86f-bdd6bdda6a71', 'item_variant', 'UPSERT');
INSERT INTO packaging_variant (id, item_variant_id, name, packaging_level, volume_per_unit) VALUES ('c21d20e7-321c-4bcd-b713-9598f0c920ae', '873fa565-9924-4ad0-b86f-bdd6bdda6a71', 'Primary', 1, 1.3) ON CONFLICT DO NOTHING;
INSERT INTO packaging_variant (id, item_variant_id, name, packaging_level, volume_per_unit) VALUES ('e16b13af-44c9-48b3-a14e-f09ad1fcb543', '873fa565-9924-4ad0-b86f-bdd6bdda6a71', 'Secondary', 2, 1.3) ON CONFLICT DO NOTHING;
INSERT INTO packaging_variant (id, item_variant_id, name, packaging_level, volume_per_unit) VALUES ('61d473df-6279-45bc-9331-7567802a647c', '873fa565-9924-4ad0-b86f-bdd6bdda6a71', 'Tertiary', 3, 1.3) ON CONFLICT DO NOTHING;
INSERT INTO item_variant (id, name, item_link_id, cold_storage_type_id, doses_per_unit) VALUES ('32873f98-0ac0-4c96-a267-0a9f246e1af2', 'Measles ROUVAX', 'f89b56a4-a256-4107-8758-8c5bfabdbae3', (SELECT id FROM cold_storage_type WHERE name = '+5' or min_temperature = 2 and max_temperature = 8 LIMIT 1), 10) ON CONFLICT DO NOTHING;
INSERT INTO changelog (record_id, table_name, row_action) VALUES ('32873f98-0ac0-4c96-a267-0a9f246e1af2', 'item_variant', 'UPSERT');
INSERT INTO packaging_variant (id, item_variant_id, name, packaging_level, volume_per_unit) VALUES ('d054a1e5-a3a8-4737-bf8e-c0aef6e447f3', '32873f98-0ac0-4c96-a267-0a9f246e1af2', 'Primary', 1, 2.31) ON CONFLICT DO NOTHING;
INSERT INTO packaging_variant (id, item_variant_id, name, packaging_level, volume_per_unit) VALUES ('1d89fbf3-8335-4f37-b84b-883acda28863', '32873f98-0ac0-4c96-a267-0a9f246e1af2', 'Secondary', 2, 2.31) ON CONFLICT DO NOTHING;
INSERT INTO packaging_variant (id, item_variant_id, name, packaging_level, volume_per_unit) VALUES ('75b287b4-3d56-400f-bc03-0d9f866931cf', '32873f98-0ac0-4c96-a267-0a9f246e1af2', 'Tertiary', 3, 2.31) ON CONFLICT DO NOTHING;
INSERT INTO item_variant (id, name, item_link_id, cold_storage_type_id, doses_per_unit) VALUES ('d655dd3b-3dab-4954-9161-557f0e35ce58', 'Measles Measles Vaccine, Live, Attenuated', 'f89b56a4-a256-4107-8758-8c5bfabdbae3', (SELECT id FROM cold_storage_type WHERE name = '+5' or min_temperature = 2 and max_temperature = 8 LIMIT 1), 10) ON CONFLICT DO NOTHING;
INSERT INTO changelog (record_id, table_name, row_action) VALUES ('d655dd3b-3dab-4954-9161-557f0e35ce58', 'item_variant', 'UPSERT');
INSERT INTO packaging_variant (id, item_variant_id, name, packaging_level, volume_per_unit) VALUES ('c7a72482-9984-45b6-8101-bbf5159359b6', 'd655dd3b-3dab-4954-9161-557f0e35ce58', 'Primary', 1, 2.11) ON CONFLICT DO NOTHING;
INSERT INTO packaging_variant (id, item_variant_id, name, packaging_level, volume_per_unit) VALUES ('9ee7b13b-f39a-466f-8517-31a5a48ba73f', 'd655dd3b-3dab-4954-9161-557f0e35ce58', 'Secondary', 2, 2.11) ON CONFLICT DO NOTHING;
INSERT INTO packaging_variant (id, item_variant_id, name, packaging_level, volume_per_unit) VALUES ('fdd42b2c-cc22-40af-be07-addee957f64e', 'd655dd3b-3dab-4954-9161-557f0e35ce58', 'Tertiary', 3, 9.84) ON CONFLICT DO NOTHING;
INSERT INTO item_variant (id, name, item_link_id, cold_storage_type_id, doses_per_unit) VALUES ('2f739d39-de1e-4b67-84ee-e717e49e70bc', 'Measles Measles vaccine', 'f89b56a4-a256-4107-8758-8c5bfabdbae3', (SELECT id FROM cold_storage_type WHERE name = '+5' or min_temperature = 2 and max_temperature = 8 LIMIT 1), 20) ON CONFLICT DO NOTHING;
INSERT INTO changelog (record_id, table_name, row_action) VALUES ('2f739d39-de1e-4b67-84ee-e717e49e70bc', 'item_variant', 'UPSERT');
INSERT INTO packaging_variant (id, item_variant_id, name, packaging_level, volume_per_unit) VALUES ('0a9ed082-40fc-452e-b72c-7bcfecf3484e', '2f739d39-de1e-4b67-84ee-e717e49e70bc', 'Primary', 1, 1.65) ON CONFLICT DO NOTHING;
INSERT INTO packaging_variant (id, item_variant_id, name, packaging_level, volume_per_unit) VALUES ('17e4e0b3-6beb-41c9-9753-4ac776b2335d', '2f739d39-de1e-4b67-84ee-e717e49e70bc', 'Secondary', 2, 1.65) ON CONFLICT DO NOTHING;
INSERT INTO packaging_variant (id, item_variant_id, name, packaging_level, volume_per_unit) VALUES ('d2529dde-c279-4dc5-a01d-1ac0f48d6a0e', '2f739d39-de1e-4b67-84ee-e717e49e70bc', 'Tertiary', 3, 1.65) ON CONFLICT DO NOTHING;
INSERT INTO item (id, name, code, ven_category, type, legacy_record, is_active, is_vaccine, vaccine_doses, default_pack_size) VALUES ('7e694c0b-a7ce-437d-93e2-43386ab900ac', 'Meningococcal A Conjugate', 'Men-A', 'NOT_ASSIGNED', 'STOCK', '', 'True', 'True', 1, 1) ON CONFLICT DO NOTHING;
INSERT INTO item_link (id, item_id) VALUES ('7e694c0b-a7ce-437d-93e2-43386ab900ac', '7e694c0b-a7ce-437d-93e2-43386ab900ac') ON CONFLICT DO NOTHING;
INSERT INTO changelog (record_id, table_name, row_action) VALUES ('7e694c0b-a7ce-437d-93e2-43386ab900ac', 'item', 'UPSERT');
INSERT INTO master_list_line (id, master_list_id, item_link_id) VALUES (uuid_in(md5(random()::text || random()::text)::cstring), '43491ce9-bc89-4ee5-988d-9dbb2856e398', '7e694c0b-a7ce-437d-93e2-43386ab900ac') ON CONFLICT DO NOTHING;
INSERT INTO item_variant (id, name, item_link_id, cold_storage_type_id, doses_per_unit) VALUES ('6251c353-8db1-4381-bca6-148e7ad1890e', 'Men-A MenAfriVac A Conjugate Vaccine', '7e694c0b-a7ce-437d-93e2-43386ab900ac', (SELECT id FROM cold_storage_type WHERE name = '+5' or min_temperature = 2 and max_temperature = 8 LIMIT 1), 10) ON CONFLICT DO NOTHING;
INSERT INTO changelog (record_id, table_name, row_action) VALUES ('6251c353-8db1-4381-bca6-148e7ad1890e', 'item_variant', 'UPSERT');
INSERT INTO packaging_variant (id, item_variant_id, name, packaging_level, volume_per_unit) VALUES ('fd7ba451-9672-4881-8434-9cf2df6c341f', '6251c353-8db1-4381-bca6-148e7ad1890e', 'Primary', 1, 2.11) ON CONFLICT DO NOTHING;
INSERT INTO packaging_variant (id, item_variant_id, name, packaging_level, volume_per_unit) VALUES ('732d748e-08a8-4145-8e6b-85622adc1b5a', '6251c353-8db1-4381-bca6-148e7ad1890e', 'Secondary', 2, 2.11) ON CONFLICT DO NOTHING;
INSERT INTO packaging_variant (id, item_variant_id, name, packaging_level, volume_per_unit) VALUES ('c736a3c0-ec5e-439d-a4c6-c083ba79a9da', '6251c353-8db1-4381-bca6-148e7ad1890e', 'Tertiary', 3, 9.84) ON CONFLICT DO NOTHING;
INSERT INTO item (id, name, code, ven_category, type, legacy_record, is_active, is_vaccine, vaccine_doses, default_pack_size) VALUES ('1423a27e-27e4-4264-9d6f-8bf575f65f67', 'Men-A Diluent', 'Men-A_DILUENT', 'NOT_ASSIGNED', 'STOCK', '', 'True', 'False', 0, 1) ON CONFLICT DO NOTHING;
INSERT INTO item_link (id, item_id) VALUES ('1423a27e-27e4-4264-9d6f-8bf575f65f67', '1423a27e-27e4-4264-9d6f-8bf575f65f67') ON CONFLICT DO NOTHING;
INSERT INTO changelog (record_id, table_name, row_action) VALUES ('1423a27e-27e4-4264-9d6f-8bf575f65f67', 'item', 'UPSERT');
INSERT INTO item_variant (id, name, item_link_id, cold_storage_type_id, doses_per_unit) VALUES ('7abfbf58-40ba-465d-a9dd-bee232e42693', 'Men-A MenAfriVac A Conjugate Vaccine Diluent', '1423a27e-27e4-4264-9d6f-8bf575f65f67', (SELECT id FROM cold_storage_type WHERE name = '+5' or min_temperature = 2 and max_temperature = 8 LIMIT 1), 10) ON CONFLICT DO NOTHING;
INSERT INTO changelog (record_id, table_name, row_action) VALUES ('7abfbf58-40ba-465d-a9dd-bee232e42693', 'item_variant', 'UPSERT');
INSERT INTO packaging_variant (id, item_variant_id, name, packaging_level, volume_per_unit) VALUES ('45af3087-022d-448e-99eb-885e099abe0f', '7abfbf58-40ba-465d-a9dd-bee232e42693', 'Primary', 1, 3.1) ON CONFLICT DO NOTHING;
INSERT INTO packaging_variant (id, item_variant_id, name, packaging_level, volume_per_unit) VALUES ('17a7cfff-f16e-4423-9958-8b6666d595b0', '7abfbf58-40ba-465d-a9dd-bee232e42693', 'Secondary', 2, 3.1) ON CONFLICT DO NOTHING;
INSERT INTO packaging_variant (id, item_variant_id, name, packaging_level, volume_per_unit) VALUES ('65eacb02-193a-4847-9ca2-dfb6611ef669', '7abfbf58-40ba-465d-a9dd-bee232e42693', 'Tertiary', 3, 0) ON CONFLICT DO NOTHING;
INSERT INTO bundled_item (id, principal_item_variant_id, bundled_item_variant_id, ratio) VALUES ('b5e5d12b-20f8-4cc4-a6ee-39ef4f39b277', '6251c353-8db1-4381-bca6-148e7ad1890e', '7abfbf58-40ba-465d-a9dd-bee232e42693', 1) ON CONFLICT DO NOTHING;
INSERT INTO changelog (record_id, table_name, row_action) VALUES ('b5e5d12b-20f8-4cc4-a6ee-39ef4f39b277', 'bundled_item', 'UPSERT');
INSERT INTO item (id, name, code, ven_category, type, legacy_record, is_active, is_vaccine, vaccine_doses, default_pack_size) VALUES ('89900848-c084-4f3b-89f2-1f236880d151', 'Meningococcal A Conjugate (paediatric)', 'Men-A (paediatric)', 'NOT_ASSIGNED', 'STOCK', '', 'True', 'True', 1, 1) ON CONFLICT DO NOTHING;
INSERT INTO item_link (id, item_id) VALUES ('89900848-c084-4f3b-89f2-1f236880d151', '89900848-c084-4f3b-89f2-1f236880d151') ON CONFLICT DO NOTHING;
INSERT INTO changelog (record_id, table_name, row_action) VALUES ('89900848-c084-4f3b-89f2-1f236880d151', 'item', 'UPSERT');
INSERT INTO master_list_line (id, master_list_id, item_link_id) VALUES (uuid_in(md5(random()::text || random()::text)::cstring), '43491ce9-bc89-4ee5-988d-9dbb2856e398', '89900848-c084-4f3b-89f2-1f236880d151') ON CONFLICT DO NOTHING;
INSERT INTO item_variant (id, name, item_link_id, cold_storage_type_id, doses_per_unit) VALUES ('50dae685-bdb3-49df-89b6-3bd58d553a3a', 'Men-A (paediatric) MenAfriVac 5 micrograms', '89900848-c084-4f3b-89f2-1f236880d151', (SELECT id FROM cold_storage_type WHERE name = '+5' or min_temperature = 2 and max_temperature = 8 LIMIT 1), 10) ON CONFLICT DO NOTHING;
INSERT INTO changelog (record_id, table_name, row_action) VALUES ('50dae685-bdb3-49df-89b6-3bd58d553a3a', 'item_variant', 'UPSERT');
INSERT INTO packaging_variant (id, item_variant_id, name, packaging_level, volume_per_unit) VALUES ('a831ae35-0aa9-41ad-9c37-f8bf01ff3a01', '50dae685-bdb3-49df-89b6-3bd58d553a3a', 'Primary', 1, 2.11) ON CONFLICT DO NOTHING;
INSERT INTO packaging_variant (id, item_variant_id, name, packaging_level, volume_per_unit) VALUES ('a808b1ee-1fc6-4db9-a02b-d371c38b7513', '50dae685-bdb3-49df-89b6-3bd58d553a3a', 'Secondary', 2, 2.11) ON CONFLICT DO NOTHING;
INSERT INTO packaging_variant (id, item_variant_id, name, packaging_level, volume_per_unit) VALUES ('8c03bfb1-ce31-49ea-9548-6ee54621ddbd', '50dae685-bdb3-49df-89b6-3bd58d553a3a', 'Tertiary', 3, 9.84) ON CONFLICT DO NOTHING;
INSERT INTO item (id, name, code, ven_category, type, legacy_record, is_active, is_vaccine, vaccine_doses, default_pack_size) VALUES ('a5554909-ba0d-4353-90fc-771ccb834136', 'Men-A (paediatric) Diluent', 'Men-A (paediatric)_DILUENT', 'NOT_ASSIGNED', 'STOCK', '', 'True', 'False', 0, 1) ON CONFLICT DO NOTHING;
INSERT INTO item_link (id, item_id) VALUES ('a5554909-ba0d-4353-90fc-771ccb834136', 'a5554909-ba0d-4353-90fc-771ccb834136') ON CONFLICT DO NOTHING;
INSERT INTO changelog (record_id, table_name, row_action) VALUES ('a5554909-ba0d-4353-90fc-771ccb834136', 'item', 'UPSERT');
INSERT INTO item_variant (id, name, item_link_id, cold_storage_type_id, doses_per_unit) VALUES ('ae34c64c-d8b6-4e8a-8291-6ed39bc6c2c4', 'Men-A (paediatric) MenAfriVac 5 micrograms Diluent', 'a5554909-ba0d-4353-90fc-771ccb834136', (SELECT id FROM cold_storage_type WHERE name = '+5' or min_temperature = 2 and max_temperature = 8 LIMIT 1), 10) ON CONFLICT DO NOTHING;
INSERT INTO changelog (record_id, table_name, row_action) VALUES ('ae34c64c-d8b6-4e8a-8291-6ed39bc6c2c4', 'item_variant', 'UPSERT');
INSERT INTO packaging_variant (id, item_variant_id, name, packaging_level, volume_per_unit) VALUES ('e2b45e25-06a9-4d7d-b029-631421c94dde', 'ae34c64c-d8b6-4e8a-8291-6ed39bc6c2c4', 'Primary', 1, 3.1) ON CONFLICT DO NOTHING;
INSERT INTO packaging_variant (id, item_variant_id, name, packaging_level, volume_per_unit) VALUES ('92c8ed31-9205-4c0f-a325-41afb83b28de', 'ae34c64c-d8b6-4e8a-8291-6ed39bc6c2c4', 'Secondary', 2, 3.1) ON CONFLICT DO NOTHING;
INSERT INTO packaging_variant (id, item_variant_id, name, packaging_level, volume_per_unit) VALUES ('b608b13c-81fd-4f9c-9450-d3f640c715a6', 'ae34c64c-d8b6-4e8a-8291-6ed39bc6c2c4', 'Tertiary', 3, 14.5) ON CONFLICT DO NOTHING;
INSERT INTO bundled_item (id, principal_item_variant_id, bundled_item_variant_id, ratio) VALUES ('684bcd06-997f-443a-9d02-e31ec935c1e5', '50dae685-bdb3-49df-89b6-3bd58d553a3a', 'ae34c64c-d8b6-4e8a-8291-6ed39bc6c2c4', 1) ON CONFLICT DO NOTHING;
INSERT INTO changelog (record_id, table_name, row_action) VALUES ('684bcd06-997f-443a-9d02-e31ec935c1e5', 'bundled_item', 'UPSERT');
INSERT INTO item (id, name, code, ven_category, type, legacy_record, is_active, is_vaccine, vaccine_doses, default_pack_size) VALUES ('c1891f42-4ef9-4be8-aace-e0859a8d7456', 'Meningococcal A+C', 'Men-A+C', 'NOT_ASSIGNED', 'STOCK', '', 'True', 'True', 1, 1) ON CONFLICT DO NOTHING;
INSERT INTO item_link (id, item_id) VALUES ('c1891f42-4ef9-4be8-aace-e0859a8d7456', 'c1891f42-4ef9-4be8-aace-e0859a8d7456') ON CONFLICT DO NOTHING;
INSERT INTO changelog (record_id, table_name, row_action) VALUES ('c1891f42-4ef9-4be8-aace-e0859a8d7456', 'item', 'UPSERT');
INSERT INTO master_list_line (id, master_list_id, item_link_id) VALUES (uuid_in(md5(random()::text || random()::text)::cstring), '43491ce9-bc89-4ee5-988d-9dbb2856e398', 'c1891f42-4ef9-4be8-aace-e0859a8d7456') ON CONFLICT DO NOTHING;
INSERT INTO item_variant (id, name, item_link_id, cold_storage_type_id, doses_per_unit) VALUES ('500241ba-1c7d-4c1c-8ed2-495b4a3965cf', 'Men-A+C POLYSACCHARIDE MENINGOCOCCAL A+C VACCINE', 'c1891f42-4ef9-4be8-aace-e0859a8d7456', (SELECT id FROM cold_storage_type WHERE name = '+5' or min_temperature = 2 and max_temperature = 8 LIMIT 1), 10) ON CONFLICT DO NOTHING;
INSERT INTO changelog (record_id, table_name, row_action) VALUES ('500241ba-1c7d-4c1c-8ed2-495b4a3965cf', 'item_variant', 'UPSERT');
INSERT INTO packaging_variant (id, item_variant_id, name, packaging_level, volume_per_unit) VALUES ('e92d386e-5ba9-4558-b7e6-039358b2f298', '500241ba-1c7d-4c1c-8ed2-495b4a3965cf', 'Primary', 1, 2.31) ON CONFLICT DO NOTHING;
INSERT INTO packaging_variant (id, item_variant_id, name, packaging_level, volume_per_unit) VALUES ('746b0603-ef9e-4154-9014-3c0332765062', '500241ba-1c7d-4c1c-8ed2-495b4a3965cf', 'Secondary', 2, 2.31) ON CONFLICT DO NOTHING;
INSERT INTO packaging_variant (id, item_variant_id, name, packaging_level, volume_per_unit) VALUES ('d57a96b5-98ef-4841-84dd-b9e8b0fabf29', '500241ba-1c7d-4c1c-8ed2-495b4a3965cf', 'Tertiary', 3, 2.31) ON CONFLICT DO NOTHING;
INSERT INTO item (id, name, code, ven_category, type, legacy_record, is_active, is_vaccine, vaccine_doses, default_pack_size) VALUES ('5a7ede83-f953-4b1a-831c-64c474e7d631', 'Men-A+C Diluent', 'Men-A+C_DILUENT', 'NOT_ASSIGNED', 'STOCK', '', 'True', 'False', 0, 1) ON CONFLICT DO NOTHING;
INSERT INTO item_link (id, item_id) VALUES ('5a7ede83-f953-4b1a-831c-64c474e7d631', '5a7ede83-f953-4b1a-831c-64c474e7d631') ON CONFLICT DO NOTHING;
INSERT INTO changelog (record_id, table_name, row_action) VALUES ('5a7ede83-f953-4b1a-831c-64c474e7d631', 'item', 'UPSERT');
INSERT INTO item_variant (id, name, item_link_id, cold_storage_type_id, doses_per_unit) VALUES ('c5c99419-42b5-44ce-8290-4f71cd1e54d2', 'Men-A+C POLYSACCHARIDE MENINGOCOCCAL A+C VACCINE Diluent', '5a7ede83-f953-4b1a-831c-64c474e7d631', (SELECT id FROM cold_storage_type WHERE name = '+5' or min_temperature = 2 and max_temperature = 8 LIMIT 1), 10) ON CONFLICT DO NOTHING;
INSERT INTO changelog (record_id, table_name, row_action) VALUES ('c5c99419-42b5-44ce-8290-4f71cd1e54d2', 'item_variant', 'UPSERT');
INSERT INTO packaging_variant (id, item_variant_id, name, packaging_level, volume_per_unit) VALUES ('4a01b00a-53b1-44bb-8b78-e1707cf6c529', 'c5c99419-42b5-44ce-8290-4f71cd1e54d2', 'Primary', 1, 2.3) ON CONFLICT DO NOTHING;
INSERT INTO packaging_variant (id, item_variant_id, name, packaging_level, volume_per_unit) VALUES ('6208ccc6-ee23-483d-8243-47a3d01b72fc', 'c5c99419-42b5-44ce-8290-4f71cd1e54d2', 'Secondary', 2, 2.3) ON CONFLICT DO NOTHING;
INSERT INTO packaging_variant (id, item_variant_id, name, packaging_level, volume_per_unit) VALUES ('0e8a6e6f-2245-419e-9233-1f8acbbd53a5', 'c5c99419-42b5-44ce-8290-4f71cd1e54d2', 'Tertiary', 3, 0) ON CONFLICT DO NOTHING;
INSERT INTO bundled_item (id, principal_item_variant_id, bundled_item_variant_id, ratio) VALUES ('24255814-36fa-47e5-9c8b-99730c5e2893', '500241ba-1c7d-4c1c-8ed2-495b4a3965cf', 'c5c99419-42b5-44ce-8290-4f71cd1e54d2', 1) ON CONFLICT DO NOTHING;
INSERT INTO changelog (record_id, table_name, row_action) VALUES ('24255814-36fa-47e5-9c8b-99730c5e2893', 'bundled_item', 'UPSERT');
INSERT INTO item (id, name, code, ven_category, type, legacy_record, is_active, is_vaccine, vaccine_doses, default_pack_size) VALUES ('717b398c-c7e0-4005-945d-a9705955be8f', 'Meningococcal ACYW-135 (conjugate vaccine)', 'Men-ACYW-135', 'NOT_ASSIGNED', 'STOCK', '', 'True', 'True', 1, 1) ON CONFLICT DO NOTHING;
INSERT INTO item_link (id, item_id) VALUES ('717b398c-c7e0-4005-945d-a9705955be8f', '717b398c-c7e0-4005-945d-a9705955be8f') ON CONFLICT DO NOTHING;
INSERT INTO changelog (record_id, table_name, row_action) VALUES ('717b398c-c7e0-4005-945d-a9705955be8f', 'item', 'UPSERT');
INSERT INTO master_list_line (id, master_list_id, item_link_id) VALUES (uuid_in(md5(random()::text || random()::text)::cstring), '43491ce9-bc89-4ee5-988d-9dbb2856e398', '717b398c-c7e0-4005-945d-a9705955be8f') ON CONFLICT DO NOTHING;
INSERT INTO item_variant (id, name, item_link_id, cold_storage_type_id, doses_per_unit) VALUES ('4709d69d-8693-46ff-ad02-4a5b78dbfd0b', 'Men-ACYW-135 Menveo', '717b398c-c7e0-4005-945d-a9705955be8f', (SELECT id FROM cold_storage_type WHERE name = '+5' or min_temperature = 2 and max_temperature = 8 LIMIT 1), 1) ON CONFLICT DO NOTHING;
INSERT INTO changelog (record_id, table_name, row_action) VALUES ('4709d69d-8693-46ff-ad02-4a5b78dbfd0b', 'item_variant', 'UPSERT');
INSERT INTO packaging_variant (id, item_variant_id, name, packaging_level, volume_per_unit) VALUES ('f72c21c6-6849-4ec8-a425-4babdf1cf9f9', '4709d69d-8693-46ff-ad02-4a5b78dbfd0b', 'Primary', 1, 32.6) ON CONFLICT DO NOTHING;
INSERT INTO packaging_variant (id, item_variant_id, name, packaging_level, volume_per_unit) VALUES ('78a91a2b-fc1e-4e30-8029-389080589f3f', '4709d69d-8693-46ff-ad02-4a5b78dbfd0b', 'Secondary', 2, 32.6) ON CONFLICT DO NOTHING;
INSERT INTO packaging_variant (id, item_variant_id, name, packaging_level, volume_per_unit) VALUES ('b2c098aa-82be-4433-bf3c-a468928f826b', '4709d69d-8693-46ff-ad02-4a5b78dbfd0b', 'Tertiary', 3, 32.06) ON CONFLICT DO NOTHING;
INSERT INTO item_variant (id, name, item_link_id, cold_storage_type_id, doses_per_unit) VALUES ('da2d8420-1dc2-4b28-8597-5037f8499e0c', 'Men-ACYW-135 Menactra', '717b398c-c7e0-4005-945d-a9705955be8f', (SELECT id FROM cold_storage_type WHERE name = '+5' or min_temperature = 2 and max_temperature = 8 LIMIT 1), 1) ON CONFLICT DO NOTHING;
INSERT INTO changelog (record_id, table_name, row_action) VALUES ('da2d8420-1dc2-4b28-8597-5037f8499e0c', 'item_variant', 'UPSERT');
INSERT INTO packaging_variant (id, item_variant_id, name, packaging_level, volume_per_unit) VALUES ('a522e35c-02aa-4193-aef0-f318b09aaae2', 'da2d8420-1dc2-4b28-8597-5037f8499e0c', 'Primary', 1, 20.48) ON CONFLICT DO NOTHING;
INSERT INTO packaging_variant (id, item_variant_id, name, packaging_level, volume_per_unit) VALUES ('e0de692a-5b44-4eb1-a12b-421341aa03ab', 'da2d8420-1dc2-4b28-8597-5037f8499e0c', 'Secondary', 2, 20.48) ON CONFLICT DO NOTHING;
INSERT INTO packaging_variant (id, item_variant_id, name, packaging_level, volume_per_unit) VALUES ('9c84039c-0214-4184-9cd3-b1a69da1b03c', 'da2d8420-1dc2-4b28-8597-5037f8499e0c', 'Tertiary', 3, 128.02) ON CONFLICT DO NOTHING;
INSERT INTO item_variant (id, name, item_link_id, cold_storage_type_id, doses_per_unit) VALUES ('f7a5682e-1640-4f2a-b7eb-3b82204a3a09', 'Men-ACYW-135 Nimenrix', '717b398c-c7e0-4005-945d-a9705955be8f', (SELECT id FROM cold_storage_type WHERE name = '+5' or min_temperature = 2 and max_temperature = 8 LIMIT 1), 1) ON CONFLICT DO NOTHING;
INSERT INTO changelog (record_id, table_name, row_action) VALUES ('f7a5682e-1640-4f2a-b7eb-3b82204a3a09', 'item_variant', 'UPSERT');
INSERT INTO packaging_variant (id, item_variant_id, name, packaging_level, volume_per_unit) VALUES ('82d55c55-89da-4649-aa1b-f0113d730de2', 'f7a5682e-1640-4f2a-b7eb-3b82204a3a09', 'Primary', 1, 9.68) ON CONFLICT DO NOTHING;
INSERT INTO packaging_variant (id, item_variant_id, name, packaging_level, volume_per_unit) VALUES ('774f0202-8d99-425c-bc3c-1f3ad231ba19', 'f7a5682e-1640-4f2a-b7eb-3b82204a3a09', 'Secondary', 2, 9.68) ON CONFLICT DO NOTHING;
INSERT INTO packaging_variant (id, item_variant_id, name, packaging_level, volume_per_unit) VALUES ('448088ff-f335-4c83-aaa2-c9c6ce5eb405', 'f7a5682e-1640-4f2a-b7eb-3b82204a3a09', 'Tertiary', 3, 15.42) ON CONFLICT DO NOTHING;
INSERT INTO item (id, name, code, ven_category, type, legacy_record, is_active, is_vaccine, vaccine_doses, default_pack_size) VALUES ('bae73ab1-f34d-43ad-b3f8-1837443abb60', 'Men-ACYW-135 Diluent', 'Men-ACYW-135_DILUENT', 'NOT_ASSIGNED', 'STOCK', '', 'True', 'False', 0, 1) ON CONFLICT DO NOTHING;
INSERT INTO item_link (id, item_id) VALUES ('bae73ab1-f34d-43ad-b3f8-1837443abb60', 'bae73ab1-f34d-43ad-b3f8-1837443abb60') ON CONFLICT DO NOTHING;
INSERT INTO changelog (record_id, table_name, row_action) VALUES ('bae73ab1-f34d-43ad-b3f8-1837443abb60', 'item', 'UPSERT');
INSERT INTO item_variant (id, name, item_link_id, cold_storage_type_id, doses_per_unit) VALUES ('cffa8e55-8159-43f7-b05f-f9c698c5bb15', 'Men-ACYW-135 Nimenrix Diluent', 'bae73ab1-f34d-43ad-b3f8-1837443abb60', (SELECT id FROM cold_storage_type WHERE name = '+5' or min_temperature = 2 and max_temperature = 8 LIMIT 1), 1) ON CONFLICT DO NOTHING;
INSERT INTO changelog (record_id, table_name, row_action) VALUES ('cffa8e55-8159-43f7-b05f-f9c698c5bb15', 'item_variant', 'UPSERT');
INSERT INTO packaging_variant (id, item_variant_id, name, packaging_level, volume_per_unit) VALUES ('b13505bc-8e20-48ba-8c4b-a9536bca347a', 'cffa8e55-8159-43f7-b05f-f9c698c5bb15', 'Primary', 1, 10.3) ON CONFLICT DO NOTHING;
INSERT INTO packaging_variant (id, item_variant_id, name, packaging_level, volume_per_unit) VALUES ('6e887ecb-4d25-4521-bb83-67ad0c897180', 'cffa8e55-8159-43f7-b05f-f9c698c5bb15', 'Secondary', 2, 10.3) ON CONFLICT DO NOTHING;
INSERT INTO packaging_variant (id, item_variant_id, name, packaging_level, volume_per_unit) VALUES ('3a930835-89cb-4a92-9560-e6324370438a', 'cffa8e55-8159-43f7-b05f-f9c698c5bb15', 'Tertiary', 3, 11.7) ON CONFLICT DO NOTHING;
INSERT INTO bundled_item (id, principal_item_variant_id, bundled_item_variant_id, ratio) VALUES ('6677165a-2e09-41f4-b66f-bc86686187a6', 'f7a5682e-1640-4f2a-b7eb-3b82204a3a09', 'cffa8e55-8159-43f7-b05f-f9c698c5bb15', 1) ON CONFLICT DO NOTHING;
INSERT INTO changelog (record_id, table_name, row_action) VALUES ('6677165a-2e09-41f4-b66f-bc86686187a6', 'bundled_item', 'UPSERT');
INSERT INTO item_variant (id, name, item_link_id, cold_storage_type_id, doses_per_unit) VALUES ('c821b80f-f967-4abb-9ac9-a447e04d535b', 'Men-ACYW-135 MenQuadfi', '717b398c-c7e0-4005-945d-a9705955be8f', (SELECT id FROM cold_storage_type WHERE name = '+5' or min_temperature = 2 and max_temperature = 8 LIMIT 1), 1) ON CONFLICT DO NOTHING;
INSERT INTO changelog (record_id, table_name, row_action) VALUES ('c821b80f-f967-4abb-9ac9-a447e04d535b', 'item_variant', 'UPSERT');
INSERT INTO packaging_variant (id, item_variant_id, name, packaging_level, volume_per_unit) VALUES ('6cecf80c-0350-4b08-b2ee-d5a1c9d7782b', 'c821b80f-f967-4abb-9ac9-a447e04d535b', 'Primary', 1, 14.38) ON CONFLICT DO NOTHING;
INSERT INTO packaging_variant (id, item_variant_id, name, packaging_level, volume_per_unit) VALUES ('5f632440-e164-463f-9d95-d41a0d8fce72', 'c821b80f-f967-4abb-9ac9-a447e04d535b', 'Secondary', 2, 14.38) ON CONFLICT DO NOTHING;
INSERT INTO packaging_variant (id, item_variant_id, name, packaging_level, volume_per_unit) VALUES ('463ecaee-ab3e-44fd-a07a-605300020d8e', 'c821b80f-f967-4abb-9ac9-a447e04d535b', 'Tertiary', 3, 20.51) ON CONFLICT DO NOTHING;
INSERT INTO item (id, name, code, ven_category, type, legacy_record, is_active, is_vaccine, vaccine_doses, default_pack_size) VALUES ('0a7ceb96-17cb-484d-93ac-006b2925101c', 'Meningococcal ACYW-135 (polysaccharide)', 'Men-ACYW-135 (polysaccharide)', 'NOT_ASSIGNED', 'STOCK', '', 'True', 'True', 1, 1) ON CONFLICT DO NOTHING;
INSERT INTO item_link (id, item_id) VALUES ('0a7ceb96-17cb-484d-93ac-006b2925101c', '0a7ceb96-17cb-484d-93ac-006b2925101c') ON CONFLICT DO NOTHING;
INSERT INTO changelog (record_id, table_name, row_action) VALUES ('0a7ceb96-17cb-484d-93ac-006b2925101c', 'item', 'UPSERT');
INSERT INTO master_list_line (id, master_list_id, item_link_id) VALUES (uuid_in(md5(random()::text || random()::text)::cstring), '43491ce9-bc89-4ee5-988d-9dbb2856e398', '0a7ceb96-17cb-484d-93ac-006b2925101c') ON CONFLICT DO NOTHING;
INSERT INTO item_variant (id, name, item_link_id, cold_storage_type_id, doses_per_unit) VALUES ('9319ecbf-76f4-41f1-808b-48b16b3e5788', 'Men-ACYW-135 (polysaccharide) Menomune', '0a7ceb96-17cb-484d-93ac-006b2925101c', (SELECT id FROM cold_storage_type WHERE name = '+5' or min_temperature = 2 and max_temperature = 8 LIMIT 1), 10) ON CONFLICT DO NOTHING;
INSERT INTO changelog (record_id, table_name, row_action) VALUES ('9319ecbf-76f4-41f1-808b-48b16b3e5788', 'item_variant', 'UPSERT');
INSERT INTO packaging_variant (id, item_variant_id, name, packaging_level, volume_per_unit) VALUES ('90dc792a-750c-4bc5-8aca-8ede6a4aba8d', '9319ecbf-76f4-41f1-808b-48b16b3e5788', 'Primary', 1, 11.13) ON CONFLICT DO NOTHING;
INSERT INTO packaging_variant (id, item_variant_id, name, packaging_level, volume_per_unit) VALUES ('3503f010-9f79-48c6-8e79-2c047e7702a2', '9319ecbf-76f4-41f1-808b-48b16b3e5788', 'Secondary', 2, 11.13) ON CONFLICT DO NOTHING;
INSERT INTO packaging_variant (id, item_variant_id, name, packaging_level, volume_per_unit) VALUES ('6f77eae7-e61e-4de6-9d4d-0b3e55228f33', '9319ecbf-76f4-41f1-808b-48b16b3e5788', 'Tertiary', 3, 12.26) ON CONFLICT DO NOTHING;
INSERT INTO item (id, name, code, ven_category, type, legacy_record, is_active, is_vaccine, vaccine_doses, default_pack_size) VALUES ('084186b3-db84-440e-8039-a580ef76185e', 'Menigococcal ACYWX (Polysaccharide conjugate)', 'Men-ACYW', 'NOT_ASSIGNED', 'STOCK', '', 'True', 'True', 1, 1) ON CONFLICT DO NOTHING;
INSERT INTO item_link (id, item_id) VALUES ('084186b3-db84-440e-8039-a580ef76185e', '084186b3-db84-440e-8039-a580ef76185e') ON CONFLICT DO NOTHING;
INSERT INTO changelog (record_id, table_name, row_action) VALUES ('084186b3-db84-440e-8039-a580ef76185e', 'item', 'UPSERT');
INSERT INTO master_list_line (id, master_list_id, item_link_id) VALUES (uuid_in(md5(random()::text || random()::text)::cstring), '43491ce9-bc89-4ee5-988d-9dbb2856e398', '084186b3-db84-440e-8039-a580ef76185e') ON CONFLICT DO NOTHING;
INSERT INTO item_variant (id, name, item_link_id, cold_storage_type_id, doses_per_unit) VALUES ('969afdfc-4cab-40c5-bbe5-56c0fa6cac78', 'Men-ACYW MenFive', '084186b3-db84-440e-8039-a580ef76185e', (SELECT id FROM cold_storage_type WHERE name = '+5' or min_temperature = 2 and max_temperature = 8 LIMIT 1), 1) ON CONFLICT DO NOTHING;
INSERT INTO changelog (record_id, table_name, row_action) VALUES ('969afdfc-4cab-40c5-bbe5-56c0fa6cac78', 'item_variant', 'UPSERT');
INSERT INTO packaging_variant (id, item_variant_id, name, packaging_level, volume_per_unit) VALUES ('69eb61fe-309c-4687-a30b-8e0f0bb0bf61', '969afdfc-4cab-40c5-bbe5-56c0fa6cac78', 'Primary', 1, 15.81) ON CONFLICT DO NOTHING;
INSERT INTO packaging_variant (id, item_variant_id, name, packaging_level, volume_per_unit) VALUES ('20b0eb56-0092-4093-a9ae-9f4aac7d6952', '969afdfc-4cab-40c5-bbe5-56c0fa6cac78', 'Secondary', 2, 15.81) ON CONFLICT DO NOTHING;
INSERT INTO packaging_variant (id, item_variant_id, name, packaging_level, volume_per_unit) VALUES ('093f1587-f14a-4679-ae1c-a99528dc1c8b', '969afdfc-4cab-40c5-bbe5-56c0fa6cac78', 'Tertiary', 3, 20.22) ON CONFLICT DO NOTHING;
INSERT INTO item_variant (id, name, item_link_id, cold_storage_type_id, doses_per_unit) VALUES ('1f933d6f-3ed9-49a2-a50c-cfa70cfa5fe2', 'Men-ACYW MenFive', '084186b3-db84-440e-8039-a580ef76185e', (SELECT id FROM cold_storage_type WHERE name = '+5' or min_temperature = 2 and max_temperature = 8 LIMIT 1), 5) ON CONFLICT DO NOTHING;
INSERT INTO changelog (record_id, table_name, row_action) VALUES ('1f933d6f-3ed9-49a2-a50c-cfa70cfa5fe2', 'item_variant', 'UPSERT');
INSERT INTO packaging_variant (id, item_variant_id, name, packaging_level, volume_per_unit) VALUES ('b2eeef26-26ab-4b97-bb28-7997ea22bbaf', '1f933d6f-3ed9-49a2-a50c-cfa70cfa5fe2', 'Primary', 1, 0) ON CONFLICT DO NOTHING;
INSERT INTO packaging_variant (id, item_variant_id, name, packaging_level, volume_per_unit) VALUES ('730ac8d4-7d78-4c54-b37f-8fe98087f5ee', '1f933d6f-3ed9-49a2-a50c-cfa70cfa5fe2', 'Secondary', 2, 0) ON CONFLICT DO NOTHING;
INSERT INTO packaging_variant (id, item_variant_id, name, packaging_level, volume_per_unit) VALUES ('2b6b0bb0-b34f-4895-b3f1-354c60e98638', '1f933d6f-3ed9-49a2-a50c-cfa70cfa5fe2', 'Tertiary', 3, 0) ON CONFLICT DO NOTHING;
INSERT INTO item (id, name, code, ven_category, type, legacy_record, is_active, is_vaccine, vaccine_doses, default_pack_size) VALUES ('653acfdf-3a6c-44cc-919e-68910a51bfb1', 'Measles, Mumps and Rubella', 'MMR', 'NOT_ASSIGNED', 'STOCK', '', 'True', 'True', 1, 1) ON CONFLICT DO NOTHING;
INSERT INTO item_link (id, item_id) VALUES ('653acfdf-3a6c-44cc-919e-68910a51bfb1', '653acfdf-3a6c-44cc-919e-68910a51bfb1') ON CONFLICT DO NOTHING;
INSERT INTO changelog (record_id, table_name, row_action) VALUES ('653acfdf-3a6c-44cc-919e-68910a51bfb1', 'item', 'UPSERT');
INSERT INTO master_list_line (id, master_list_id, item_link_id) VALUES (uuid_in(md5(random()::text || random()::text)::cstring), '43491ce9-bc89-4ee5-988d-9dbb2856e398', '653acfdf-3a6c-44cc-919e-68910a51bfb1') ON CONFLICT DO NOTHING;
INSERT INTO item_variant (id, name, item_link_id, cold_storage_type_id, doses_per_unit) VALUES ('a269daca-b491-4932-8532-adf0f630f6f4', 'MMR Priorix', '653acfdf-3a6c-44cc-919e-68910a51bfb1', (SELECT id FROM cold_storage_type WHERE name = '+5' or min_temperature = 2 and max_temperature = 8 LIMIT 1), 1) ON CONFLICT DO NOTHING;
INSERT INTO changelog (record_id, table_name, row_action) VALUES ('a269daca-b491-4932-8532-adf0f630f6f4', 'item_variant', 'UPSERT');
INSERT INTO packaging_variant (id, item_variant_id, name, packaging_level, volume_per_unit) VALUES ('8f5c5d34-283b-4930-b353-bd92e333645e', 'a269daca-b491-4932-8532-adf0f630f6f4', 'Primary', 1, 9.6) ON CONFLICT DO NOTHING;
INSERT INTO packaging_variant (id, item_variant_id, name, packaging_level, volume_per_unit) VALUES ('f5d4f4de-8d1f-43fe-834a-f04dea4053d5', 'a269daca-b491-4932-8532-adf0f630f6f4', 'Secondary', 2, 9.6) ON CONFLICT DO NOTHING;
INSERT INTO packaging_variant (id, item_variant_id, name, packaging_level, volume_per_unit) VALUES ('fc529dd4-8ad4-4149-a96c-eea9f29a1cd1', 'a269daca-b491-4932-8532-adf0f630f6f4', 'Tertiary', 3, 15.23) ON CONFLICT DO NOTHING;
INSERT INTO item (id, name, code, ven_category, type, legacy_record, is_active, is_vaccine, vaccine_doses, default_pack_size) VALUES ('eeeea2bc-b287-44e5-bce1-f29752efc528', 'MMR Diluent', 'MMR_DILUENT', 'NOT_ASSIGNED', 'STOCK', '', 'True', 'False', 0, 1) ON CONFLICT DO NOTHING;
INSERT INTO item_link (id, item_id) VALUES ('eeeea2bc-b287-44e5-bce1-f29752efc528', 'eeeea2bc-b287-44e5-bce1-f29752efc528') ON CONFLICT DO NOTHING;
INSERT INTO changelog (record_id, table_name, row_action) VALUES ('eeeea2bc-b287-44e5-bce1-f29752efc528', 'item', 'UPSERT');
INSERT INTO item_variant (id, name, item_link_id, cold_storage_type_id, doses_per_unit) VALUES ('3d52071e-634b-48fa-8f22-f2641ebc70e7', 'MMR Priorix Diluent', 'eeeea2bc-b287-44e5-bce1-f29752efc528', (SELECT id FROM cold_storage_type WHERE name = '+5' or min_temperature = 2 and max_temperature = 8 LIMIT 1), 1) ON CONFLICT DO NOTHING;
INSERT INTO changelog (record_id, table_name, row_action) VALUES ('3d52071e-634b-48fa-8f22-f2641ebc70e7', 'item_variant', 'UPSERT');
INSERT INTO packaging_variant (id, item_variant_id, name, packaging_level, volume_per_unit) VALUES ('8aed5bfd-f2af-4be5-94ef-a0f4c39fe6bf', '3d52071e-634b-48fa-8f22-f2641ebc70e7', 'Primary', 1, 25.7) ON CONFLICT DO NOTHING;
INSERT INTO packaging_variant (id, item_variant_id, name, packaging_level, volume_per_unit) VALUES ('2041ca97-fcca-49c1-89f1-5c72dde5dcf9', '3d52071e-634b-48fa-8f22-f2641ebc70e7', 'Secondary', 2, 25.7) ON CONFLICT DO NOTHING;
INSERT INTO packaging_variant (id, item_variant_id, name, packaging_level, volume_per_unit) VALUES ('8c3d38b3-d161-4039-88e1-d61b32e4db25', '3d52071e-634b-48fa-8f22-f2641ebc70e7', 'Tertiary', 3, 31.2) ON CONFLICT DO NOTHING;
INSERT INTO bundled_item (id, principal_item_variant_id, bundled_item_variant_id, ratio) VALUES ('43f0f810-3b59-42ed-bbc7-e4bbe09cd161', 'a269daca-b491-4932-8532-adf0f630f6f4', '3d52071e-634b-48fa-8f22-f2641ebc70e7', 1) ON CONFLICT DO NOTHING;
INSERT INTO changelog (record_id, table_name, row_action) VALUES ('43f0f810-3b59-42ed-bbc7-e4bbe09cd161', 'bundled_item', 'UPSERT');
INSERT INTO item_variant (id, name, item_link_id, cold_storage_type_id, doses_per_unit) VALUES ('40af9379-d1b8-444a-8508-a91218267104', 'MMR TRIMOVAX MRIEUX', '653acfdf-3a6c-44cc-919e-68910a51bfb1', (SELECT id FROM cold_storage_type WHERE name = '+5' or min_temperature = 2 and max_temperature = 8 LIMIT 1), 1) ON CONFLICT DO NOTHING;
INSERT INTO changelog (record_id, table_name, row_action) VALUES ('40af9379-d1b8-444a-8508-a91218267104', 'item_variant', 'UPSERT');
INSERT INTO packaging_variant (id, item_variant_id, name, packaging_level, volume_per_unit) VALUES ('9ef0706c-c7fe-43a8-b85a-c9d1e67859ad', '40af9379-d1b8-444a-8508-a91218267104', 'Primary', 1, 11.72) ON CONFLICT DO NOTHING;
INSERT INTO packaging_variant (id, item_variant_id, name, packaging_level, volume_per_unit) VALUES ('1401fe76-8747-44fb-817f-dddb73525139', '40af9379-d1b8-444a-8508-a91218267104', 'Secondary', 2, 11.72) ON CONFLICT DO NOTHING;
INSERT INTO packaging_variant (id, item_variant_id, name, packaging_level, volume_per_unit) VALUES ('59bc2ce6-582e-491b-b89b-a9bc69426860', '40af9379-d1b8-444a-8508-a91218267104', 'Tertiary', 3, 11.72) ON CONFLICT DO NOTHING;
INSERT INTO item_variant (id, name, item_link_id, cold_storage_type_id, doses_per_unit) VALUES ('a6fa1433-04ee-4388-b3ef-e6bfbc7519ec', 'MMR Measles, Mumps and Rubella Vaccine, Live, Attenuated', '653acfdf-3a6c-44cc-919e-68910a51bfb1', (SELECT id FROM cold_storage_type WHERE name = '+5' or min_temperature = 2 and max_temperature = 8 LIMIT 1), 1) ON CONFLICT DO NOTHING;
INSERT INTO changelog (record_id, table_name, row_action) VALUES ('a6fa1433-04ee-4388-b3ef-e6bfbc7519ec', 'item_variant', 'UPSERT');
INSERT INTO packaging_variant (id, item_variant_id, name, packaging_level, volume_per_unit) VALUES ('6d86e977-2fdc-49d1-8585-3e03eaca004f', 'a6fa1433-04ee-4388-b3ef-e6bfbc7519ec', 'Primary', 1, 21.09) ON CONFLICT DO NOTHING;
INSERT INTO packaging_variant (id, item_variant_id, name, packaging_level, volume_per_unit) VALUES ('69ee7611-42a3-4a7f-b6be-97e86cf27a97', 'a6fa1433-04ee-4388-b3ef-e6bfbc7519ec', 'Secondary', 2, 21.09) ON CONFLICT DO NOTHING;
INSERT INTO packaging_variant (id, item_variant_id, name, packaging_level, volume_per_unit) VALUES ('d223d09f-6ee0-42b3-b238-09444e7ff5fe', 'a6fa1433-04ee-4388-b3ef-e6bfbc7519ec', 'Tertiary', 3, 98.4) ON CONFLICT DO NOTHING;
INSERT INTO item_variant (id, name, item_link_id, cold_storage_type_id, doses_per_unit) VALUES ('e6e00d72-97bf-44ac-bfe4-afee4d38eae7', 'MMR rHA M-M-R II', '653acfdf-3a6c-44cc-919e-68910a51bfb1', (SELECT id FROM cold_storage_type WHERE name = '+5' or min_temperature = 2 and max_temperature = 8 LIMIT 1), 1) ON CONFLICT DO NOTHING;
INSERT INTO changelog (record_id, table_name, row_action) VALUES ('e6e00d72-97bf-44ac-bfe4-afee4d38eae7', 'item_variant', 'UPSERT');
INSERT INTO packaging_variant (id, item_variant_id, name, packaging_level, volume_per_unit) VALUES ('fb2f047f-e60d-46e5-ab8a-aee07e18ec15', 'e6e00d72-97bf-44ac-bfe4-afee4d38eae7', 'Primary', 1, 15) ON CONFLICT DO NOTHING;
INSERT INTO packaging_variant (id, item_variant_id, name, packaging_level, volume_per_unit) VALUES ('311b27d5-ce82-4730-ad3b-152ea56da07f', 'e6e00d72-97bf-44ac-bfe4-afee4d38eae7', 'Secondary', 2, 15) ON CONFLICT DO NOTHING;
INSERT INTO packaging_variant (id, item_variant_id, name, packaging_level, volume_per_unit) VALUES ('f4040901-daf7-4278-b96a-509ca761a4d2', 'e6e00d72-97bf-44ac-bfe4-afee4d38eae7', 'Tertiary', 3, 19.92) ON CONFLICT DO NOTHING;
INSERT INTO item_variant (id, name, item_link_id, cold_storage_type_id, doses_per_unit) VALUES ('bc44653f-dfc0-449d-9734-14a07d8db7b5', 'MMR Measles, Mumps and Rubella Vaccine, Live, Attenuated', '653acfdf-3a6c-44cc-919e-68910a51bfb1', (SELECT id FROM cold_storage_type WHERE name = '+5' or min_temperature = 2 and max_temperature = 8 LIMIT 1), 2) ON CONFLICT DO NOTHING;
INSERT INTO changelog (record_id, table_name, row_action) VALUES ('bc44653f-dfc0-449d-9734-14a07d8db7b5', 'item_variant', 'UPSERT');
INSERT INTO packaging_variant (id, item_variant_id, name, packaging_level, volume_per_unit) VALUES ('472eb304-b7b6-4028-ae51-b477a893dafb', 'bc44653f-dfc0-449d-9734-14a07d8db7b5', 'Primary', 1, 10.55) ON CONFLICT DO NOTHING;
INSERT INTO packaging_variant (id, item_variant_id, name, packaging_level, volume_per_unit) VALUES ('f55054a2-0a01-4e93-b46b-57e0a97afadc', 'bc44653f-dfc0-449d-9734-14a07d8db7b5', 'Secondary', 2, 10.55) ON CONFLICT DO NOTHING;
INSERT INTO packaging_variant (id, item_variant_id, name, packaging_level, volume_per_unit) VALUES ('9af87838-6a12-46e8-b46e-be32d1a8f6ce', 'bc44653f-dfc0-449d-9734-14a07d8db7b5', 'Tertiary', 3, 49.2) ON CONFLICT DO NOTHING;
INSERT INTO item_variant (id, name, item_link_id, cold_storage_type_id, doses_per_unit) VALUES ('8eb58d8b-969c-46ec-999b-7e7055231dc5', 'MMR Priorix', '653acfdf-3a6c-44cc-919e-68910a51bfb1', (SELECT id FROM cold_storage_type WHERE name = '+5' or min_temperature = 2 and max_temperature = 8 LIMIT 1), 2) ON CONFLICT DO NOTHING;
INSERT INTO changelog (record_id, table_name, row_action) VALUES ('8eb58d8b-969c-46ec-999b-7e7055231dc5', 'item_variant', 'UPSERT');
INSERT INTO packaging_variant (id, item_variant_id, name, packaging_level, volume_per_unit) VALUES ('cf5fad89-d9e7-4e40-88ae-3e67cfe6caa6', '8eb58d8b-969c-46ec-999b-7e7055231dc5', 'Primary', 1, 4.8) ON CONFLICT DO NOTHING;
INSERT INTO packaging_variant (id, item_variant_id, name, packaging_level, volume_per_unit) VALUES ('4d30d61b-42df-463e-b09f-730e809965a7', '8eb58d8b-969c-46ec-999b-7e7055231dc5', 'Secondary', 2, 4.8) ON CONFLICT DO NOTHING;
INSERT INTO packaging_variant (id, item_variant_id, name, packaging_level, volume_per_unit) VALUES ('24188511-dcec-4ab7-94a6-ccacd973e7e2', '8eb58d8b-969c-46ec-999b-7e7055231dc5', 'Tertiary', 3, 7.61) ON CONFLICT DO NOTHING;
INSERT INTO item_variant (id, name, item_link_id, cold_storage_type_id, doses_per_unit) VALUES ('50353ded-c3d3-437f-aa19-63a5d2328d53', 'MMR Measles, Mumps and Rubella Vaccine, Live, Attenuated', '653acfdf-3a6c-44cc-919e-68910a51bfb1', (SELECT id FROM cold_storage_type WHERE name = '+5' or min_temperature = 2 and max_temperature = 8 LIMIT 1), 5) ON CONFLICT DO NOTHING;
INSERT INTO changelog (record_id, table_name, row_action) VALUES ('50353ded-c3d3-437f-aa19-63a5d2328d53', 'item_variant', 'UPSERT');
INSERT INTO packaging_variant (id, item_variant_id, name, packaging_level, volume_per_unit) VALUES ('933f3f14-ffe0-430d-a7ae-635567d26945', '50353ded-c3d3-437f-aa19-63a5d2328d53', 'Primary', 1, 4.22) ON CONFLICT DO NOTHING;
INSERT INTO packaging_variant (id, item_variant_id, name, packaging_level, volume_per_unit) VALUES ('16084597-5a77-4178-b2b3-7889e2f53967', '50353ded-c3d3-437f-aa19-63a5d2328d53', 'Secondary', 2, 4.22) ON CONFLICT DO NOTHING;
INSERT INTO packaging_variant (id, item_variant_id, name, packaging_level, volume_per_unit) VALUES ('3da295a9-6f69-4c7c-98c2-5c1fc516a395', '50353ded-c3d3-437f-aa19-63a5d2328d53', 'Tertiary', 3, 19.68) ON CONFLICT DO NOTHING;
INSERT INTO item_variant (id, name, item_link_id, cold_storage_type_id, doses_per_unit) VALUES ('73394e22-3087-4ccc-a296-b7a72ef625b7', 'MMR TRIMOVAX MRIEUX', '653acfdf-3a6c-44cc-919e-68910a51bfb1', (SELECT id FROM cold_storage_type WHERE name = '+5' or min_temperature = 2 and max_temperature = 8 LIMIT 1), 10) ON CONFLICT DO NOTHING;
INSERT INTO changelog (record_id, table_name, row_action) VALUES ('73394e22-3087-4ccc-a296-b7a72ef625b7', 'item_variant', 'UPSERT');
INSERT INTO packaging_variant (id, item_variant_id, name, packaging_level, volume_per_unit) VALUES ('414fc8c6-1a3a-4bba-8f5e-5a034325973f', '73394e22-3087-4ccc-a296-b7a72ef625b7', 'Primary', 1, 2.31) ON CONFLICT DO NOTHING;
INSERT INTO packaging_variant (id, item_variant_id, name, packaging_level, volume_per_unit) VALUES ('ce6d94eb-00c1-4a2d-a379-3db7a4a524f4', '73394e22-3087-4ccc-a296-b7a72ef625b7', 'Secondary', 2, 2.31) ON CONFLICT DO NOTHING;
INSERT INTO packaging_variant (id, item_variant_id, name, packaging_level, volume_per_unit) VALUES ('b5851a52-e690-43bb-9319-3676456a9ae9', '73394e22-3087-4ccc-a296-b7a72ef625b7', 'Tertiary', 3, 2.31) ON CONFLICT DO NOTHING;
INSERT INTO item_variant (id, name, item_link_id, cold_storage_type_id, doses_per_unit) VALUES ('950db9c8-1bca-4fb9-898a-69c4995fa8a8', 'MMR Measles, Mumps and Rubella Vaccine, Live, Attenuated', '653acfdf-3a6c-44cc-919e-68910a51bfb1', (SELECT id FROM cold_storage_type WHERE name = '+5' or min_temperature = 2 and max_temperature = 8 LIMIT 1), 10) ON CONFLICT DO NOTHING;
INSERT INTO changelog (record_id, table_name, row_action) VALUES ('950db9c8-1bca-4fb9-898a-69c4995fa8a8', 'item_variant', 'UPSERT');
INSERT INTO packaging_variant (id, item_variant_id, name, packaging_level, volume_per_unit) VALUES ('dbdccdf0-9075-4763-a94c-790b8421e44c', '950db9c8-1bca-4fb9-898a-69c4995fa8a8', 'Primary', 1, 2.11) ON CONFLICT DO NOTHING;
INSERT INTO packaging_variant (id, item_variant_id, name, packaging_level, volume_per_unit) VALUES ('dc946ef0-1648-427e-a0c8-ed4420d8f9c4', '950db9c8-1bca-4fb9-898a-69c4995fa8a8', 'Secondary', 2, 2.11) ON CONFLICT DO NOTHING;
INSERT INTO packaging_variant (id, item_variant_id, name, packaging_level, volume_per_unit) VALUES ('fa04774c-43b9-4534-963a-8b2867743173', '950db9c8-1bca-4fb9-898a-69c4995fa8a8', 'Tertiary', 3, 9.84) ON CONFLICT DO NOTHING;
INSERT INTO item (id, name, code, ven_category, type, legacy_record, is_active, is_vaccine, vaccine_doses, default_pack_size) VALUES ('d7691674-f236-41ed-b065-543f076f4308', 'Polio Vaccine - Oral (OPV) Monovalent Type 1', 'mOPV1', 'NOT_ASSIGNED', 'STOCK', '', 'True', 'True', 1, 1) ON CONFLICT DO NOTHING;
INSERT INTO item_link (id, item_id) VALUES ('d7691674-f236-41ed-b065-543f076f4308', 'd7691674-f236-41ed-b065-543f076f4308') ON CONFLICT DO NOTHING;
INSERT INTO changelog (record_id, table_name, row_action) VALUES ('d7691674-f236-41ed-b065-543f076f4308', 'item', 'UPSERT');
INSERT INTO master_list_line (id, master_list_id, item_link_id) VALUES (uuid_in(md5(random()::text || random()::text)::cstring), '43491ce9-bc89-4ee5-988d-9dbb2856e398', 'd7691674-f236-41ed-b065-543f076f4308') ON CONFLICT DO NOTHING;
INSERT INTO item_variant (id, name, item_link_id, cold_storage_type_id, doses_per_unit) VALUES ('ce9380c0-2031-43bb-853b-6d56bc9ae156', 'mOPV1 Polio Sabin Mono T1', 'd7691674-f236-41ed-b065-543f076f4308', (SELECT id FROM cold_storage_type WHERE name = '-20' or min_temperature = -20 and max_temperature = -20 LIMIT 1), 10) ON CONFLICT DO NOTHING;
INSERT INTO changelog (record_id, table_name, row_action) VALUES ('ce9380c0-2031-43bb-853b-6d56bc9ae156', 'item_variant', 'UPSERT');
INSERT INTO packaging_variant (id, item_variant_id, name, packaging_level, volume_per_unit) VALUES ('3f5fc780-c545-488f-b510-8ce40122d0cf', 'ce9380c0-2031-43bb-853b-6d56bc9ae156', 'Primary', 1, 0.97) ON CONFLICT DO NOTHING;
INSERT INTO packaging_variant (id, item_variant_id, name, packaging_level, volume_per_unit) VALUES ('11ea1f72-a9b0-4b98-a766-d4146ea94ea7', 'ce9380c0-2031-43bb-853b-6d56bc9ae156', 'Secondary', 2, 0.97) ON CONFLICT DO NOTHING;
INSERT INTO packaging_variant (id, item_variant_id, name, packaging_level, volume_per_unit) VALUES ('0193a152-3fda-4738-ba6c-a1a0eb7bae58', 'ce9380c0-2031-43bb-853b-6d56bc9ae156', 'Tertiary', 3, 3.98) ON CONFLICT DO NOTHING;
INSERT INTO item_variant (id, name, item_link_id, cold_storage_type_id, doses_per_unit) VALUES ('3baa5ce3-4ecc-4b05-ad48-cf03f9bcbb29', 'mOPV1 ORAL MONOVALENT TYPE 1 POLIOMYELITIS VACCINE', 'd7691674-f236-41ed-b065-543f076f4308', (SELECT id FROM cold_storage_type WHERE name = '-20' or min_temperature = -20 and max_temperature = -20 LIMIT 1), 20) ON CONFLICT DO NOTHING;
INSERT INTO changelog (record_id, table_name, row_action) VALUES ('3baa5ce3-4ecc-4b05-ad48-cf03f9bcbb29', 'item_variant', 'UPSERT');
INSERT INTO packaging_variant (id, item_variant_id, name, packaging_level, volume_per_unit) VALUES ('7bb1363c-70c8-42fb-a218-10c96a03ef44', '3baa5ce3-4ecc-4b05-ad48-cf03f9bcbb29', 'Primary', 1, 0.48) ON CONFLICT DO NOTHING;
INSERT INTO packaging_variant (id, item_variant_id, name, packaging_level, volume_per_unit) VALUES ('2767ebe4-25cd-4781-b72b-e9a8af5c3123', '3baa5ce3-4ecc-4b05-ad48-cf03f9bcbb29', 'Secondary', 2, 0.48) ON CONFLICT DO NOTHING;
INSERT INTO packaging_variant (id, item_variant_id, name, packaging_level, volume_per_unit) VALUES ('8d180e55-c507-483d-80be-8e9caf3debcc', '3baa5ce3-4ecc-4b05-ad48-cf03f9bcbb29', 'Tertiary', 3, 0.48) ON CONFLICT DO NOTHING;
INSERT INTO item_variant (id, name, item_link_id, cold_storage_type_id, doses_per_unit) VALUES ('9706cc4c-a35b-4270-b0ba-63c4941a10b5', 'mOPV1 Polio Sabin Mono T1', 'd7691674-f236-41ed-b065-543f076f4308', (SELECT id FROM cold_storage_type WHERE name = '-20' or min_temperature = -20 and max_temperature = -20 LIMIT 1), 20) ON CONFLICT DO NOTHING;
INSERT INTO changelog (record_id, table_name, row_action) VALUES ('9706cc4c-a35b-4270-b0ba-63c4941a10b5', 'item_variant', 'UPSERT');
INSERT INTO packaging_variant (id, item_variant_id, name, packaging_level, volume_per_unit) VALUES ('b47ba232-d7a7-43e2-a2d6-4694a16f2fb3', '9706cc4c-a35b-4270-b0ba-63c4941a10b5', 'Primary', 1, 0.48) ON CONFLICT DO NOTHING;
INSERT INTO packaging_variant (id, item_variant_id, name, packaging_level, volume_per_unit) VALUES ('80964796-74e4-4198-b7f9-6ae79cfb9948', '9706cc4c-a35b-4270-b0ba-63c4941a10b5', 'Secondary', 2, 0.48) ON CONFLICT DO NOTHING;
INSERT INTO packaging_variant (id, item_variant_id, name, packaging_level, volume_per_unit) VALUES ('ba491930-2068-4861-b95e-28f7b788ad44', '9706cc4c-a35b-4270-b0ba-63c4941a10b5', 'Tertiary', 3, 1.99) ON CONFLICT DO NOTHING;
INSERT INTO item_variant (id, name, item_link_id, cold_storage_type_id, doses_per_unit) VALUES ('70c4ba57-ed06-4f7c-80e1-17759c20565d', 'mOPV1 Monovalent type 1 Oral Poliomyelitis vaccine, IP (mOPV1)', 'd7691674-f236-41ed-b065-543f076f4308', (SELECT id FROM cold_storage_type WHERE name = '-20' or min_temperature = -20 and max_temperature = -20 LIMIT 1), 20) ON CONFLICT DO NOTHING;
INSERT INTO changelog (record_id, table_name, row_action) VALUES ('70c4ba57-ed06-4f7c-80e1-17759c20565d', 'item_variant', 'UPSERT');
INSERT INTO packaging_variant (id, item_variant_id, name, packaging_level, volume_per_unit) VALUES ('e6d13acb-3c3e-4f47-992b-9a8c7eee6ace', '70c4ba57-ed06-4f7c-80e1-17759c20565d', 'Primary', 1, 0.94) ON CONFLICT DO NOTHING;
INSERT INTO packaging_variant (id, item_variant_id, name, packaging_level, volume_per_unit) VALUES ('8b42eb30-2ffc-473e-8911-451cfd021dee', '70c4ba57-ed06-4f7c-80e1-17759c20565d', 'Secondary', 2, 0.94) ON CONFLICT DO NOTHING;
INSERT INTO packaging_variant (id, item_variant_id, name, packaging_level, volume_per_unit) VALUES ('224d503d-496e-4b80-9fd5-8eec04f840d4', '70c4ba57-ed06-4f7c-80e1-17759c20565d', 'Tertiary', 3, 4.21) ON CONFLICT DO NOTHING;
INSERT INTO item_variant (id, name, item_link_id, cold_storage_type_id, doses_per_unit) VALUES ('d26d8867-bb51-4088-bb64-bd71187d6f34', 'mOPV1 Monovalent Oral Poliomyelitis Vaccine Type 1 (mOPV1)', 'd7691674-f236-41ed-b065-543f076f4308', (SELECT id FROM cold_storage_type WHERE name = '-20' or min_temperature = -20 and max_temperature = -20 LIMIT 1), 20) ON CONFLICT DO NOTHING;
INSERT INTO changelog (record_id, table_name, row_action) VALUES ('d26d8867-bb51-4088-bb64-bd71187d6f34', 'item_variant', 'UPSERT');
INSERT INTO packaging_variant (id, item_variant_id, name, packaging_level, volume_per_unit) VALUES ('e2b81e6a-9e99-441e-ab64-84bae9721edc', 'd26d8867-bb51-4088-bb64-bd71187d6f34', 'Primary', 1, 0.55) ON CONFLICT DO NOTHING;
INSERT INTO packaging_variant (id, item_variant_id, name, packaging_level, volume_per_unit) VALUES ('3ae9e9f6-ac88-40b9-8010-024f11368bac', 'd26d8867-bb51-4088-bb64-bd71187d6f34', 'Secondary', 2, 0.55) ON CONFLICT DO NOTHING;
INSERT INTO packaging_variant (id, item_variant_id, name, packaging_level, volume_per_unit) VALUES ('c14ae9da-244c-47f7-8891-8a85c2b6e01c', 'd26d8867-bb51-4088-bb64-bd71187d6f34', 'Tertiary', 3, 4.14) ON CONFLICT DO NOTHING;
INSERT INTO item (id, name, code, ven_category, type, legacy_record, is_active, is_vaccine, vaccine_doses, default_pack_size) VALUES ('cae6e148-11ee-45b5-a5ef-2bea4980e417', 'Polio Vaccine - Oral (OPV) Monovalent Type 2', 'mOPV2', 'NOT_ASSIGNED', 'STOCK', '', 'True', 'True', 1, 1) ON CONFLICT DO NOTHING;
INSERT INTO item_link (id, item_id) VALUES ('cae6e148-11ee-45b5-a5ef-2bea4980e417', 'cae6e148-11ee-45b5-a5ef-2bea4980e417') ON CONFLICT DO NOTHING;
INSERT INTO changelog (record_id, table_name, row_action) VALUES ('cae6e148-11ee-45b5-a5ef-2bea4980e417', 'item', 'UPSERT');
INSERT INTO master_list_line (id, master_list_id, item_link_id) VALUES (uuid_in(md5(random()::text || random()::text)::cstring), '43491ce9-bc89-4ee5-988d-9dbb2856e398', 'cae6e148-11ee-45b5-a5ef-2bea4980e417') ON CONFLICT DO NOTHING;
INSERT INTO item_variant (id, name, item_link_id, cold_storage_type_id, doses_per_unit) VALUES ('be640746-83f4-40f7-b017-c156c1c6036e', 'mOPV2 Polio Sabin Mono Two (oral)', 'cae6e148-11ee-45b5-a5ef-2bea4980e417', (SELECT id FROM cold_storage_type WHERE name = '-20' or min_temperature = -20 and max_temperature = -20 LIMIT 1), 10) ON CONFLICT DO NOTHING;
INSERT INTO changelog (record_id, table_name, row_action) VALUES ('be640746-83f4-40f7-b017-c156c1c6036e', 'item_variant', 'UPSERT');
INSERT INTO packaging_variant (id, item_variant_id, name, packaging_level, volume_per_unit) VALUES ('a1de0eb2-8c99-464e-af73-269c665ae2ea', 'be640746-83f4-40f7-b017-c156c1c6036e', 'Primary', 1, 0.97) ON CONFLICT DO NOTHING;
INSERT INTO packaging_variant (id, item_variant_id, name, packaging_level, volume_per_unit) VALUES ('6e9312e6-5eee-4aa7-bc9d-13fdb14f1f5e', 'be640746-83f4-40f7-b017-c156c1c6036e', 'Secondary', 2, 0.97) ON CONFLICT DO NOTHING;
INSERT INTO packaging_variant (id, item_variant_id, name, packaging_level, volume_per_unit) VALUES ('858ea78c-8f16-46aa-9c75-184bacbc565f', 'be640746-83f4-40f7-b017-c156c1c6036e', 'Tertiary', 3, 7.71) ON CONFLICT DO NOTHING;
INSERT INTO item_variant (id, name, item_link_id, cold_storage_type_id, doses_per_unit) VALUES ('7293c280-1a6d-4068-851a-a6e2aa7dc56f', 'mOPV2 Polio Sabin Mono Two (oral)', 'cae6e148-11ee-45b5-a5ef-2bea4980e417', (SELECT id FROM cold_storage_type WHERE name = '-20' or min_temperature = -20 and max_temperature = -20 LIMIT 1), 20) ON CONFLICT DO NOTHING;
INSERT INTO changelog (record_id, table_name, row_action) VALUES ('7293c280-1a6d-4068-851a-a6e2aa7dc56f', 'item_variant', 'UPSERT');
INSERT INTO packaging_variant (id, item_variant_id, name, packaging_level, volume_per_unit) VALUES ('5e63a52d-bbad-4e90-a979-21b2f8f405c9', '7293c280-1a6d-4068-851a-a6e2aa7dc56f', 'Primary', 1, 0.48) ON CONFLICT DO NOTHING;
INSERT INTO packaging_variant (id, item_variant_id, name, packaging_level, volume_per_unit) VALUES ('fb99022e-28e4-4c4f-bf4a-6b5a67fcf78e', '7293c280-1a6d-4068-851a-a6e2aa7dc56f', 'Secondary', 2, 0.48) ON CONFLICT DO NOTHING;
INSERT INTO packaging_variant (id, item_variant_id, name, packaging_level, volume_per_unit) VALUES ('54a91cc6-aad9-43c9-8282-3948a0fc1fdd', '7293c280-1a6d-4068-851a-a6e2aa7dc56f', 'Tertiary', 3, 3.85) ON CONFLICT DO NOTHING;
INSERT INTO item_variant (id, name, item_link_id, cold_storage_type_id, doses_per_unit) VALUES ('d8decdee-8442-45c8-b91d-81c8c6a6732b', 'mOPV2 ORAL MONOVALENT TYPE 2 POLIOMYELITIS VACCINE (mOPV2)', 'cae6e148-11ee-45b5-a5ef-2bea4980e417', (SELECT id FROM cold_storage_type WHERE name = '-20' or min_temperature = -20 and max_temperature = -20 LIMIT 1), 20) ON CONFLICT DO NOTHING;
INSERT INTO changelog (record_id, table_name, row_action) VALUES ('d8decdee-8442-45c8-b91d-81c8c6a6732b', 'item_variant', 'UPSERT');
INSERT INTO packaging_variant (id, item_variant_id, name, packaging_level, volume_per_unit) VALUES ('716dc589-9fc9-42c5-b552-8b9aee537309', 'd8decdee-8442-45c8-b91d-81c8c6a6732b', 'Primary', 1, 0.49) ON CONFLICT DO NOTHING;
INSERT INTO packaging_variant (id, item_variant_id, name, packaging_level, volume_per_unit) VALUES ('2d460e56-9739-4131-a206-a7b9d0f91d8d', 'd8decdee-8442-45c8-b91d-81c8c6a6732b', 'Secondary', 2, 0.49) ON CONFLICT DO NOTHING;
INSERT INTO packaging_variant (id, item_variant_id, name, packaging_level, volume_per_unit) VALUES ('3d8ca7b7-3dca-4148-b2fc-d7df375d0b5a', 'd8decdee-8442-45c8-b91d-81c8c6a6732b', 'Tertiary', 3, 2.42) ON CONFLICT DO NOTHING;
INSERT INTO item (id, name, code, ven_category, type, legacy_record, is_active, is_vaccine, vaccine_doses, default_pack_size) VALUES ('5e331749-644a-40ab-ae1f-6d971995fddc', 'Polio Vaccine - Oral (OPV) Monovalent Type 3', 'mOPV3', 'NOT_ASSIGNED', 'STOCK', '', 'True', 'True', 1, 1) ON CONFLICT DO NOTHING;
INSERT INTO item_link (id, item_id) VALUES ('5e331749-644a-40ab-ae1f-6d971995fddc', '5e331749-644a-40ab-ae1f-6d971995fddc') ON CONFLICT DO NOTHING;
INSERT INTO changelog (record_id, table_name, row_action) VALUES ('5e331749-644a-40ab-ae1f-6d971995fddc', 'item', 'UPSERT');
INSERT INTO master_list_line (id, master_list_id, item_link_id) VALUES (uuid_in(md5(random()::text || random()::text)::cstring), '43491ce9-bc89-4ee5-988d-9dbb2856e398', '5e331749-644a-40ab-ae1f-6d971995fddc') ON CONFLICT DO NOTHING;
INSERT INTO item_variant (id, name, item_link_id, cold_storage_type_id, doses_per_unit) VALUES ('5a639eda-18df-4a46-bef2-fcbe85fbb663', 'mOPV3 Polio Sabin Mono Three (oral)', '5e331749-644a-40ab-ae1f-6d971995fddc', (SELECT id FROM cold_storage_type WHERE name = '-20' or min_temperature = -20 and max_temperature = -20 LIMIT 1), 10) ON CONFLICT DO NOTHING;
INSERT INTO changelog (record_id, table_name, row_action) VALUES ('5a639eda-18df-4a46-bef2-fcbe85fbb663', 'item_variant', 'UPSERT');
INSERT INTO packaging_variant (id, item_variant_id, name, packaging_level, volume_per_unit) VALUES ('8d208b32-cd9a-45c6-92a6-00be08dcba75', '5a639eda-18df-4a46-bef2-fcbe85fbb663', 'Primary', 1, 0.97) ON CONFLICT DO NOTHING;
INSERT INTO packaging_variant (id, item_variant_id, name, packaging_level, volume_per_unit) VALUES ('267e9bb4-a3e5-41cb-828e-5745c3b1ced9', '5a639eda-18df-4a46-bef2-fcbe85fbb663', 'Secondary', 2, 0.97) ON CONFLICT DO NOTHING;
INSERT INTO packaging_variant (id, item_variant_id, name, packaging_level, volume_per_unit) VALUES ('256d0218-5f74-44df-838e-ef7ff0891040', '5a639eda-18df-4a46-bef2-fcbe85fbb663', 'Tertiary', 3, 3.98) ON CONFLICT DO NOTHING;
INSERT INTO item_variant (id, name, item_link_id, cold_storage_type_id, doses_per_unit) VALUES ('de680690-d1f0-4d24-ace5-4ea05904e9b6', 'mOPV3 Polio Sabin Mono Three (oral)', '5e331749-644a-40ab-ae1f-6d971995fddc', (SELECT id FROM cold_storage_type WHERE name = '-20' or min_temperature = -20 and max_temperature = -20 LIMIT 1), 20) ON CONFLICT DO NOTHING;
INSERT INTO changelog (record_id, table_name, row_action) VALUES ('de680690-d1f0-4d24-ace5-4ea05904e9b6', 'item_variant', 'UPSERT');
INSERT INTO packaging_variant (id, item_variant_id, name, packaging_level, volume_per_unit) VALUES ('d1215cab-6be2-4641-8432-9eda36691fee', 'de680690-d1f0-4d24-ace5-4ea05904e9b6', 'Primary', 1, 0.48) ON CONFLICT DO NOTHING;
INSERT INTO packaging_variant (id, item_variant_id, name, packaging_level, volume_per_unit) VALUES ('84aa87af-0fd5-4fee-b5b9-34108d7813ba', 'de680690-d1f0-4d24-ace5-4ea05904e9b6', 'Secondary', 2, 0.48) ON CONFLICT DO NOTHING;
INSERT INTO packaging_variant (id, item_variant_id, name, packaging_level, volume_per_unit) VALUES ('011e7c5f-5a98-4f78-b469-6466883cbd51', 'de680690-d1f0-4d24-ace5-4ea05904e9b6', 'Tertiary', 3, 1.99) ON CONFLICT DO NOTHING;
INSERT INTO item_variant (id, name, item_link_id, cold_storage_type_id, doses_per_unit) VALUES ('2288a5ad-5a1b-4270-a778-2ab784512d78', 'mOPV3 ORAL MONOVALENT TYPE 3 POLIOMYELITIS VACCINE', '5e331749-644a-40ab-ae1f-6d971995fddc', (SELECT id FROM cold_storage_type WHERE name = '-20' or min_temperature = -20 and max_temperature = -20 LIMIT 1), 20) ON CONFLICT DO NOTHING;
INSERT INTO changelog (record_id, table_name, row_action) VALUES ('2288a5ad-5a1b-4270-a778-2ab784512d78', 'item_variant', 'UPSERT');
INSERT INTO packaging_variant (id, item_variant_id, name, packaging_level, volume_per_unit) VALUES ('acf3f5c8-7a1d-4ae7-95e2-2362d4d16d06', '2288a5ad-5a1b-4270-a778-2ab784512d78', 'Primary', 1, 0.49) ON CONFLICT DO NOTHING;
INSERT INTO packaging_variant (id, item_variant_id, name, packaging_level, volume_per_unit) VALUES ('40aa983e-8c85-4671-981d-dca1fe6e4374', '2288a5ad-5a1b-4270-a778-2ab784512d78', 'Secondary', 2, 0.49) ON CONFLICT DO NOTHING;
INSERT INTO packaging_variant (id, item_variant_id, name, packaging_level, volume_per_unit) VALUES ('fa9c4182-c88b-4d9f-b245-cb8d53d3ab22', '2288a5ad-5a1b-4270-a778-2ab784512d78', 'Tertiary', 3, 2.42) ON CONFLICT DO NOTHING;
INSERT INTO item (id, name, code, ven_category, type, legacy_record, is_active, is_vaccine, vaccine_doses, default_pack_size) VALUES ('102d8351-3859-469a-a3e5-d6553f40c865', 'Measles and Rubella', 'MR', 'NOT_ASSIGNED', 'STOCK', '', 'True', 'True', 1, 1) ON CONFLICT DO NOTHING;
INSERT INTO item_link (id, item_id) VALUES ('102d8351-3859-469a-a3e5-d6553f40c865', '102d8351-3859-469a-a3e5-d6553f40c865') ON CONFLICT DO NOTHING;
INSERT INTO changelog (record_id, table_name, row_action) VALUES ('102d8351-3859-469a-a3e5-d6553f40c865', 'item', 'UPSERT');
INSERT INTO master_list_line (id, master_list_id, item_link_id) VALUES (uuid_in(md5(random()::text || random()::text)::cstring), '43491ce9-bc89-4ee5-988d-9dbb2856e398', '102d8351-3859-469a-a3e5-d6553f40c865') ON CONFLICT DO NOTHING;
INSERT INTO item_variant (id, name, item_link_id, cold_storage_type_id, doses_per_unit) VALUES ('3ed23d34-e4aa-408b-9630-368f4c6e7e66', 'MR Measles and Rubella Vaccine, Live, Attenuated', '102d8351-3859-469a-a3e5-d6553f40c865', (SELECT id FROM cold_storage_type WHERE name = '+5' or min_temperature = 2 and max_temperature = 8 LIMIT 1), 1) ON CONFLICT DO NOTHING;
INSERT INTO changelog (record_id, table_name, row_action) VALUES ('3ed23d34-e4aa-408b-9630-368f4c6e7e66', 'item_variant', 'UPSERT');
INSERT INTO packaging_variant (id, item_variant_id, name, packaging_level, volume_per_unit) VALUES ('48de371b-7ac6-48a0-bd45-fa90ad6edbbe', '3ed23d34-e4aa-408b-9630-368f4c6e7e66', 'Primary', 1, 21.09) ON CONFLICT DO NOTHING;
INSERT INTO packaging_variant (id, item_variant_id, name, packaging_level, volume_per_unit) VALUES ('6b2d583c-08a8-4230-8efc-eded793e7209', '3ed23d34-e4aa-408b-9630-368f4c6e7e66', 'Secondary', 2, 21.09) ON CONFLICT DO NOTHING;
INSERT INTO packaging_variant (id, item_variant_id, name, packaging_level, volume_per_unit) VALUES ('4f439cd7-ab1f-4f8c-aa65-559deb8df355', '3ed23d34-e4aa-408b-9630-368f4c6e7e66', 'Tertiary', 3, 98.4) ON CONFLICT DO NOTHING;
INSERT INTO item (id, name, code, ven_category, type, legacy_record, is_active, is_vaccine, vaccine_doses, default_pack_size) VALUES ('2690b5ac-0786-4947-8ec0-0fede44abaee', 'MR Diluent', 'MR_DILUENT', 'NOT_ASSIGNED', 'STOCK', '', 'True', 'False', 0, 1) ON CONFLICT DO NOTHING;
INSERT INTO item_link (id, item_id) VALUES ('2690b5ac-0786-4947-8ec0-0fede44abaee', '2690b5ac-0786-4947-8ec0-0fede44abaee') ON CONFLICT DO NOTHING;
INSERT INTO changelog (record_id, table_name, row_action) VALUES ('2690b5ac-0786-4947-8ec0-0fede44abaee', 'item', 'UPSERT');
INSERT INTO item_variant (id, name, item_link_id, cold_storage_type_id, doses_per_unit) VALUES ('17232584-245f-4b32-bf33-78cac01d4edb', 'MR Measles and Rubella Vaccine, Live, Attenuated Diluent', '2690b5ac-0786-4947-8ec0-0fede44abaee', (SELECT id FROM cold_storage_type WHERE name = '+5' or min_temperature = 2 and max_temperature = 8 LIMIT 1), 1) ON CONFLICT DO NOTHING;
INSERT INTO changelog (record_id, table_name, row_action) VALUES ('17232584-245f-4b32-bf33-78cac01d4edb', 'item_variant', 'UPSERT');
INSERT INTO packaging_variant (id, item_variant_id, name, packaging_level, volume_per_unit) VALUES ('7c33cd33-624a-41e3-995f-c0e6e512d78d', '17232584-245f-4b32-bf33-78cac01d4edb', 'Primary', 1, 12.5) ON CONFLICT DO NOTHING;
INSERT INTO packaging_variant (id, item_variant_id, name, packaging_level, volume_per_unit) VALUES ('8a480884-4be8-42bf-a044-2bbd8b1efd37', '17232584-245f-4b32-bf33-78cac01d4edb', 'Secondary', 2, 12.5) ON CONFLICT DO NOTHING;
INSERT INTO packaging_variant (id, item_variant_id, name, packaging_level, volume_per_unit) VALUES ('028a941a-6caa-4763-b241-cfbe82b0370f', '17232584-245f-4b32-bf33-78cac01d4edb', 'Tertiary', 3, 0) ON CONFLICT DO NOTHING;
INSERT INTO bundled_item (id, principal_item_variant_id, bundled_item_variant_id, ratio) VALUES ('cd436d20-273a-4020-a383-2e46849c5a25', '3ed23d34-e4aa-408b-9630-368f4c6e7e66', '17232584-245f-4b32-bf33-78cac01d4edb', 1) ON CONFLICT DO NOTHING;
INSERT INTO changelog (record_id, table_name, row_action) VALUES ('cd436d20-273a-4020-a383-2e46849c5a25', 'bundled_item', 'UPSERT');
INSERT INTO item_variant (id, name, item_link_id, cold_storage_type_id, doses_per_unit) VALUES ('f41faa0a-2e48-43b3-99e7-1a528832556e', 'MR Measles and Rubella Vaccine (Live)', '102d8351-3859-469a-a3e5-d6553f40c865', (SELECT id FROM cold_storage_type WHERE name = '+5' or min_temperature = 2 and max_temperature = 8 LIMIT 1), 1) ON CONFLICT DO NOTHING;
INSERT INTO changelog (record_id, table_name, row_action) VALUES ('f41faa0a-2e48-43b3-99e7-1a528832556e', 'item_variant', 'UPSERT');
INSERT INTO packaging_variant (id, item_variant_id, name, packaging_level, volume_per_unit) VALUES ('9e11e5d1-dfe3-4f0b-ab40-d1ad11e4d891', 'f41faa0a-2e48-43b3-99e7-1a528832556e', 'Primary', 1, 14.09) ON CONFLICT DO NOTHING;
INSERT INTO packaging_variant (id, item_variant_id, name, packaging_level, volume_per_unit) VALUES ('ac679a21-40da-4632-9c9b-d3a90e1d6906', 'f41faa0a-2e48-43b3-99e7-1a528832556e', 'Secondary', 2, 14.09) ON CONFLICT DO NOTHING;
INSERT INTO packaging_variant (id, item_variant_id, name, packaging_level, volume_per_unit) VALUES ('d648eebf-7d16-4972-9b5c-4b97e3c10a45', 'f41faa0a-2e48-43b3-99e7-1a528832556e', 'Tertiary', 3, 71.49) ON CONFLICT DO NOTHING;
INSERT INTO item_variant (id, name, item_link_id, cold_storage_type_id, doses_per_unit) VALUES ('6b07948d-aa65-4086-ab99-40c78dfdac39', 'MR Measles and Rubella Vaccine, Live, Attenuated', '102d8351-3859-469a-a3e5-d6553f40c865', (SELECT id FROM cold_storage_type WHERE name = '+5' or min_temperature = 2 and max_temperature = 8 LIMIT 1), 2) ON CONFLICT DO NOTHING;
INSERT INTO changelog (record_id, table_name, row_action) VALUES ('6b07948d-aa65-4086-ab99-40c78dfdac39', 'item_variant', 'UPSERT');
INSERT INTO packaging_variant (id, item_variant_id, name, packaging_level, volume_per_unit) VALUES ('4f391b7a-d852-4dd1-b34a-5304ee7a96e5', '6b07948d-aa65-4086-ab99-40c78dfdac39', 'Primary', 1, 10.55) ON CONFLICT DO NOTHING;
INSERT INTO packaging_variant (id, item_variant_id, name, packaging_level, volume_per_unit) VALUES ('403bb631-bf5d-4f42-9531-7c2f912860f5', '6b07948d-aa65-4086-ab99-40c78dfdac39', 'Secondary', 2, 10.55) ON CONFLICT DO NOTHING;
INSERT INTO packaging_variant (id, item_variant_id, name, packaging_level, volume_per_unit) VALUES ('45189a59-bfbb-48eb-9c14-a49e5b32c7d1', '6b07948d-aa65-4086-ab99-40c78dfdac39', 'Tertiary', 3, 49.2) ON CONFLICT DO NOTHING;
INSERT INTO item_variant (id, name, item_link_id, cold_storage_type_id, doses_per_unit) VALUES ('4f26c179-0c3f-43e5-8fde-8002f0b26e10', 'MR Measles and Rubella Vaccine, Live, Attenuated', '102d8351-3859-469a-a3e5-d6553f40c865', (SELECT id FROM cold_storage_type WHERE name = '+5' or min_temperature = 2 and max_temperature = 8 LIMIT 1), 5) ON CONFLICT DO NOTHING;
INSERT INTO changelog (record_id, table_name, row_action) VALUES ('4f26c179-0c3f-43e5-8fde-8002f0b26e10', 'item_variant', 'UPSERT');
INSERT INTO packaging_variant (id, item_variant_id, name, packaging_level, volume_per_unit) VALUES ('f7f30410-8cee-4a7b-a091-31ccff88df03', '4f26c179-0c3f-43e5-8fde-8002f0b26e10', 'Primary', 1, 4.22) ON CONFLICT DO NOTHING;
INSERT INTO packaging_variant (id, item_variant_id, name, packaging_level, volume_per_unit) VALUES ('8bb064f9-871a-473c-b527-200c8f1511d0', '4f26c179-0c3f-43e5-8fde-8002f0b26e10', 'Secondary', 2, 4.22) ON CONFLICT DO NOTHING;
INSERT INTO packaging_variant (id, item_variant_id, name, packaging_level, volume_per_unit) VALUES ('a6ffc588-d5c4-4456-bc4a-16cbbc731148', '4f26c179-0c3f-43e5-8fde-8002f0b26e10', 'Tertiary', 3, 19.68) ON CONFLICT DO NOTHING;
INSERT INTO item_variant (id, name, item_link_id, cold_storage_type_id, doses_per_unit) VALUES ('f32af3cb-bb04-4a66-890d-717b5819e42b', 'MR Measles and Rubella Vaccine (Live)', '102d8351-3859-469a-a3e5-d6553f40c865', (SELECT id FROM cold_storage_type WHERE name = '+5' or min_temperature = 2 and max_temperature = 8 LIMIT 1), 5) ON CONFLICT DO NOTHING;
INSERT INTO changelog (record_id, table_name, row_action) VALUES ('f32af3cb-bb04-4a66-890d-717b5819e42b', 'item_variant', 'UPSERT');
INSERT INTO packaging_variant (id, item_variant_id, name, packaging_level, volume_per_unit) VALUES ('eb0182eb-dcae-4067-a65f-7c2d4fae22b4', 'f32af3cb-bb04-4a66-890d-717b5819e42b', 'Primary', 1, 2.67) ON CONFLICT DO NOTHING;
INSERT INTO packaging_variant (id, item_variant_id, name, packaging_level, volume_per_unit) VALUES ('2cee0049-f469-4cdd-b57a-864c79e5b272', 'f32af3cb-bb04-4a66-890d-717b5819e42b', 'Secondary', 2, 2.67) ON CONFLICT DO NOTHING;
INSERT INTO packaging_variant (id, item_variant_id, name, packaging_level, volume_per_unit) VALUES ('55447455-cb6d-4009-b7e9-289cf6675959', 'f32af3cb-bb04-4a66-890d-717b5819e42b', 'Tertiary', 3, 14.3) ON CONFLICT DO NOTHING;
INSERT INTO item_variant (id, name, item_link_id, cold_storage_type_id, doses_per_unit) VALUES ('26a61ebf-84a1-45fd-837d-ecaaf41f8f48', 'MR Measles and Rubella Vaccine, Live, Attenuated', '102d8351-3859-469a-a3e5-d6553f40c865', (SELECT id FROM cold_storage_type WHERE name = '+5' or min_temperature = 2 and max_temperature = 8 LIMIT 1), 10) ON CONFLICT DO NOTHING;
INSERT INTO changelog (record_id, table_name, row_action) VALUES ('26a61ebf-84a1-45fd-837d-ecaaf41f8f48', 'item_variant', 'UPSERT');
INSERT INTO packaging_variant (id, item_variant_id, name, packaging_level, volume_per_unit) VALUES ('b36e64f9-cbd4-4450-bc61-6cc9bd35dd11', '26a61ebf-84a1-45fd-837d-ecaaf41f8f48', 'Primary', 1, 2.11) ON CONFLICT DO NOTHING;
INSERT INTO packaging_variant (id, item_variant_id, name, packaging_level, volume_per_unit) VALUES ('1cc22ba6-41c0-4563-b31b-ab82dc672891', '26a61ebf-84a1-45fd-837d-ecaaf41f8f48', 'Secondary', 2, 2.11) ON CONFLICT DO NOTHING;
INSERT INTO packaging_variant (id, item_variant_id, name, packaging_level, volume_per_unit) VALUES ('7e50f3e1-0461-4a1f-8137-cb320c6bb6fa', '26a61ebf-84a1-45fd-837d-ecaaf41f8f48', 'Tertiary', 3, 9.84) ON CONFLICT DO NOTHING;
INSERT INTO item_variant (id, name, item_link_id, cold_storage_type_id, doses_per_unit) VALUES ('0e9eb3e5-24b4-402b-9c9f-380f11d5fc82', 'MR Measles and Rubella Vaccine (Live)', '102d8351-3859-469a-a3e5-d6553f40c865', (SELECT id FROM cold_storage_type WHERE name = '+5' or min_temperature = 2 and max_temperature = 8 LIMIT 1), 10) ON CONFLICT DO NOTHING;
INSERT INTO changelog (record_id, table_name, row_action) VALUES ('0e9eb3e5-24b4-402b-9c9f-380f11d5fc82', 'item_variant', 'UPSERT');
INSERT INTO packaging_variant (id, item_variant_id, name, packaging_level, volume_per_unit) VALUES ('93c5445e-b81b-4eca-8bf4-4414e695b16a', '0e9eb3e5-24b4-402b-9c9f-380f11d5fc82', 'Primary', 1, 1.78) ON CONFLICT DO NOTHING;
INSERT INTO packaging_variant (id, item_variant_id, name, packaging_level, volume_per_unit) VALUES ('8b68e07f-40c3-420a-9765-b593a3fbf440', '0e9eb3e5-24b4-402b-9c9f-380f11d5fc82', 'Secondary', 2, 1.78) ON CONFLICT DO NOTHING;
INSERT INTO packaging_variant (id, item_variant_id, name, packaging_level, volume_per_unit) VALUES ('99fa1848-8deb-4916-a3d1-03d753c2e6e9', '0e9eb3e5-24b4-402b-9c9f-380f11d5fc82', 'Tertiary', 3, 8.94) ON CONFLICT DO NOTHING;
INSERT INTO item (id, name, code, ven_category, type, legacy_record, is_active, is_vaccine, vaccine_doses, default_pack_size) VALUES ('75d7d261-2b67-4c4e-92d1-375287893709', 'cholera: inactivated oral', 'OCV', 'NOT_ASSIGNED', 'STOCK', '', 'True', 'True', 1, 1) ON CONFLICT DO NOTHING;
INSERT INTO item_link (id, item_id) VALUES ('75d7d261-2b67-4c4e-92d1-375287893709', '75d7d261-2b67-4c4e-92d1-375287893709') ON CONFLICT DO NOTHING;
INSERT INTO changelog (record_id, table_name, row_action) VALUES ('75d7d261-2b67-4c4e-92d1-375287893709', 'item', 'UPSERT');
INSERT INTO master_list_line (id, master_list_id, item_link_id) VALUES (uuid_in(md5(random()::text || random()::text)::cstring), '43491ce9-bc89-4ee5-988d-9dbb2856e398', '75d7d261-2b67-4c4e-92d1-375287893709') ON CONFLICT DO NOTHING;
INSERT INTO item_variant (id, name, item_link_id, cold_storage_type_id, doses_per_unit) VALUES ('8bff4f9f-a607-4b16-a45d-95b8f0ae94df', 'OCV Dukoral', '75d7d261-2b67-4c4e-92d1-375287893709', (SELECT id FROM cold_storage_type WHERE name = '+5' or min_temperature = 2 and max_temperature = 8 LIMIT 1), 1) ON CONFLICT DO NOTHING;
INSERT INTO changelog (record_id, table_name, row_action) VALUES ('8bff4f9f-a607-4b16-a45d-95b8f0ae94df', 'item_variant', 'UPSERT');
INSERT INTO packaging_variant (id, item_variant_id, name, packaging_level, volume_per_unit) VALUES ('e465ab1e-311d-44f8-b2de-0591bb1894f5', '8bff4f9f-a607-4b16-a45d-95b8f0ae94df', 'Primary', 1, 136) ON CONFLICT DO NOTHING;
INSERT INTO packaging_variant (id, item_variant_id, name, packaging_level, volume_per_unit) VALUES ('c03b24a5-7707-4d6d-8f5a-162d05b4b40a', '8bff4f9f-a607-4b16-a45d-95b8f0ae94df', 'Secondary', 2, 136) ON CONFLICT DO NOTHING;
INSERT INTO packaging_variant (id, item_variant_id, name, packaging_level, volume_per_unit) VALUES ('279744de-3aa7-48cf-9de0-f0edfba555e9', '8bff4f9f-a607-4b16-a45d-95b8f0ae94df', 'Tertiary', 3, 136) ON CONFLICT DO NOTHING;
INSERT INTO item_variant (id, name, item_link_id, cold_storage_type_id, doses_per_unit) VALUES ('fd4ea8fe-18a2-4ca7-b4c2-c08348be952f', 'OCV Shanchol', '75d7d261-2b67-4c4e-92d1-375287893709', (SELECT id FROM cold_storage_type WHERE name = '+5' or min_temperature = 2 and max_temperature = 8 LIMIT 1), 1) ON CONFLICT DO NOTHING;
INSERT INTO changelog (record_id, table_name, row_action) VALUES ('fd4ea8fe-18a2-4ca7-b4c2-c08348be952f', 'item_variant', 'UPSERT');
INSERT INTO packaging_variant (id, item_variant_id, name, packaging_level, volume_per_unit) VALUES ('cad81d2a-53f5-44ca-bcaf-60392bcf1a08', 'fd4ea8fe-18a2-4ca7-b4c2-c08348be952f', 'Primary', 1, 16.8) ON CONFLICT DO NOTHING;
INSERT INTO packaging_variant (id, item_variant_id, name, packaging_level, volume_per_unit) VALUES ('52e37d1c-457b-4d82-b996-9e8483f7ce94', 'fd4ea8fe-18a2-4ca7-b4c2-c08348be952f', 'Secondary', 2, 16.8) ON CONFLICT DO NOTHING;
INSERT INTO packaging_variant (id, item_variant_id, name, packaging_level, volume_per_unit) VALUES ('e8cfbd56-9814-4b19-ad7c-39a01d0ab8ca', 'fd4ea8fe-18a2-4ca7-b4c2-c08348be952f', 'Tertiary', 3, 63.26) ON CONFLICT DO NOTHING;
INSERT INTO item_variant (id, name, item_link_id, cold_storage_type_id, doses_per_unit) VALUES ('4f84ba16-8bbf-48e0-a2ab-aca7395d0d36', 'OCV Euvichol', '75d7d261-2b67-4c4e-92d1-375287893709', (SELECT id FROM cold_storage_type WHERE name = '+5' or min_temperature = 2 and max_temperature = 8 LIMIT 1), 1) ON CONFLICT DO NOTHING;
INSERT INTO changelog (record_id, table_name, row_action) VALUES ('4f84ba16-8bbf-48e0-a2ab-aca7395d0d36', 'item_variant', 'UPSERT');
INSERT INTO packaging_variant (id, item_variant_id, name, packaging_level, volume_per_unit) VALUES ('2ade0e7d-60f0-4633-9a3e-19f1b60f7167', '4f84ba16-8bbf-48e0-a2ab-aca7395d0d36', 'Primary', 1, 11) ON CONFLICT DO NOTHING;
INSERT INTO packaging_variant (id, item_variant_id, name, packaging_level, volume_per_unit) VALUES ('fc02e563-6366-40e3-a62b-ff516b346383', '4f84ba16-8bbf-48e0-a2ab-aca7395d0d36', 'Secondary', 2, 11) ON CONFLICT DO NOTHING;
INSERT INTO packaging_variant (id, item_variant_id, name, packaging_level, volume_per_unit) VALUES ('f5769673-362d-4e83-bed7-ce1b028be32b', '4f84ba16-8bbf-48e0-a2ab-aca7395d0d36', 'Tertiary', 3, 64.6) ON CONFLICT DO NOTHING;
INSERT INTO item_variant (id, name, item_link_id, cold_storage_type_id, doses_per_unit) VALUES ('8d81f1b1-46c0-4d3c-801e-498d1fe043e0', 'OCV Euvichol-Plus', '75d7d261-2b67-4c4e-92d1-375287893709', (SELECT id FROM cold_storage_type WHERE name = '+5' or min_temperature = 2 and max_temperature = 8 LIMIT 1), 1) ON CONFLICT DO NOTHING;
INSERT INTO changelog (record_id, table_name, row_action) VALUES ('8d81f1b1-46c0-4d3c-801e-498d1fe043e0', 'item_variant', 'UPSERT');
INSERT INTO packaging_variant (id, item_variant_id, name, packaging_level, volume_per_unit) VALUES ('18de80b4-4541-4155-8470-7a08874bc4df', '8d81f1b1-46c0-4d3c-801e-498d1fe043e0', 'Primary', 1, 7.85) ON CONFLICT DO NOTHING;
INSERT INTO packaging_variant (id, item_variant_id, name, packaging_level, volume_per_unit) VALUES ('96c5ce61-2256-4ad6-8aae-e74d0904c03e', '8d81f1b1-46c0-4d3c-801e-498d1fe043e0', 'Secondary', 2, 7.85) ON CONFLICT DO NOTHING;
INSERT INTO packaging_variant (id, item_variant_id, name, packaging_level, volume_per_unit) VALUES ('0a14ca65-643c-4a11-8837-647739245bd0', '8d81f1b1-46c0-4d3c-801e-498d1fe043e0', 'Tertiary', 3, 38.66) ON CONFLICT DO NOTHING;
INSERT INTO item (id, name, code, ven_category, type, legacy_record, is_active, is_vaccine, vaccine_doses, default_pack_size) VALUES ('87dac28d-47f8-41ff-86b8-ba2f25318ed0', 'Pneumococcal (conjugate)', 'PCV10', 'NOT_ASSIGNED', 'STOCK', '', 'True', 'True', 1, 1) ON CONFLICT DO NOTHING;
INSERT INTO item_link (id, item_id) VALUES ('87dac28d-47f8-41ff-86b8-ba2f25318ed0', '87dac28d-47f8-41ff-86b8-ba2f25318ed0') ON CONFLICT DO NOTHING;
INSERT INTO changelog (record_id, table_name, row_action) VALUES ('87dac28d-47f8-41ff-86b8-ba2f25318ed0', 'item', 'UPSERT');
INSERT INTO master_list_line (id, master_list_id, item_link_id) VALUES (uuid_in(md5(random()::text || random()::text)::cstring), '43491ce9-bc89-4ee5-988d-9dbb2856e398', '87dac28d-47f8-41ff-86b8-ba2f25318ed0') ON CONFLICT DO NOTHING;
INSERT INTO item_variant (id, name, item_link_id, cold_storage_type_id, doses_per_unit) VALUES ('536a9081-574b-4150-ab74-c801d5890dc9', 'PCV10 Synflorix', '87dac28d-47f8-41ff-86b8-ba2f25318ed0', (SELECT id FROM cold_storage_type WHERE name = '+5' or min_temperature = 2 and max_temperature = 8 LIMIT 1), 1) ON CONFLICT DO NOTHING;
INSERT INTO changelog (record_id, table_name, row_action) VALUES ('536a9081-574b-4150-ab74-c801d5890dc9', 'item_variant', 'UPSERT');
INSERT INTO packaging_variant (id, item_variant_id, name, packaging_level, volume_per_unit) VALUES ('7e4c432b-d4df-4138-8ce4-7a965b9e6115', '536a9081-574b-4150-ab74-c801d5890dc9', 'Primary', 1, 9.68) ON CONFLICT DO NOTHING;
INSERT INTO packaging_variant (id, item_variant_id, name, packaging_level, volume_per_unit) VALUES ('38bed5d0-39df-4cb6-9c82-2c0cc59e2cd1', '536a9081-574b-4150-ab74-c801d5890dc9', 'Secondary', 2, 9.68) ON CONFLICT DO NOTHING;
INSERT INTO packaging_variant (id, item_variant_id, name, packaging_level, volume_per_unit) VALUES ('c2048387-3613-4e75-944a-ff596b9885fc', '536a9081-574b-4150-ab74-c801d5890dc9', 'Tertiary', 3, 15.23) ON CONFLICT DO NOTHING;
INSERT INTO item_variant (id, name, item_link_id, cold_storage_type_id, doses_per_unit) VALUES ('032cfaf9-f876-4129-8d80-f34dcf31ab9b', 'PCV10 PNEUMOSIL', '87dac28d-47f8-41ff-86b8-ba2f25318ed0', (SELECT id FROM cold_storage_type WHERE name = '+5' or min_temperature = 2 and max_temperature = 8 LIMIT 1), 1) ON CONFLICT DO NOTHING;
INSERT INTO changelog (record_id, table_name, row_action) VALUES ('032cfaf9-f876-4129-8d80-f34dcf31ab9b', 'item_variant', 'UPSERT');
INSERT INTO packaging_variant (id, item_variant_id, name, packaging_level, volume_per_unit) VALUES ('4952847b-bd85-4bbc-a0c7-9f17d8d66de6', '032cfaf9-f876-4129-8d80-f34dcf31ab9b', 'Primary', 1, 17.58) ON CONFLICT DO NOTHING;
INSERT INTO packaging_variant (id, item_variant_id, name, packaging_level, volume_per_unit) VALUES ('4aa68c44-a24d-4803-a1fb-cd3c81667aa3', '032cfaf9-f876-4129-8d80-f34dcf31ab9b', 'Secondary', 2, 17.58) ON CONFLICT DO NOTHING;
INSERT INTO packaging_variant (id, item_variant_id, name, packaging_level, volume_per_unit) VALUES ('ae16661f-61dd-4ed4-b79b-7ff850592578', '032cfaf9-f876-4129-8d80-f34dcf31ab9b', 'Tertiary', 3, 86.4) ON CONFLICT DO NOTHING;
INSERT INTO item_variant (id, name, item_link_id, cold_storage_type_id, doses_per_unit) VALUES ('2de38c08-962d-462a-a592-a10edfb96339', 'PCV10 Synflorix', '87dac28d-47f8-41ff-86b8-ba2f25318ed0', (SELECT id FROM cold_storage_type WHERE name = '+5' or min_temperature = 2 and max_temperature = 8 LIMIT 1), 2) ON CONFLICT DO NOTHING;
INSERT INTO changelog (record_id, table_name, row_action) VALUES ('2de38c08-962d-462a-a592-a10edfb96339', 'item_variant', 'UPSERT');
INSERT INTO packaging_variant (id, item_variant_id, name, packaging_level, volume_per_unit) VALUES ('8cfa283a-124d-4457-b569-2ade856585bf', '2de38c08-962d-462a-a592-a10edfb96339', 'Primary', 1, 4.8) ON CONFLICT DO NOTHING;
INSERT INTO packaging_variant (id, item_variant_id, name, packaging_level, volume_per_unit) VALUES ('f108253e-766a-46bd-adab-e226fe4ba3a3', '2de38c08-962d-462a-a592-a10edfb96339', 'Secondary', 2, 4.8) ON CONFLICT DO NOTHING;
INSERT INTO packaging_variant (id, item_variant_id, name, packaging_level, volume_per_unit) VALUES ('0a0b494d-0e75-4632-99b9-2fe745695540', '2de38c08-962d-462a-a592-a10edfb96339', 'Tertiary', 3, 7.61) ON CONFLICT DO NOTHING;
INSERT INTO item_variant (id, name, item_link_id, cold_storage_type_id, doses_per_unit) VALUES ('9ef2fc76-5489-4ec7-9c85-3c0b47cc9c66', 'PCV10 Synflorix', '87dac28d-47f8-41ff-86b8-ba2f25318ed0', (SELECT id FROM cold_storage_type WHERE name = '+5' or min_temperature = 2 and max_temperature = 8 LIMIT 1), 4) ON CONFLICT DO NOTHING;
INSERT INTO changelog (record_id, table_name, row_action) VALUES ('9ef2fc76-5489-4ec7-9c85-3c0b47cc9c66', 'item_variant', 'UPSERT');
INSERT INTO packaging_variant (id, item_variant_id, name, packaging_level, volume_per_unit) VALUES ('62da5b53-ce6c-4bcd-b0b4-411d5f79c2b8', '9ef2fc76-5489-4ec7-9c85-3c0b47cc9c66', 'Primary', 1, 2.4) ON CONFLICT DO NOTHING;
INSERT INTO packaging_variant (id, item_variant_id, name, packaging_level, volume_per_unit) VALUES ('25fe660e-f9d6-49e4-b7e8-6fca12b2baa0', '9ef2fc76-5489-4ec7-9c85-3c0b47cc9c66', 'Secondary', 2, 2.4) ON CONFLICT DO NOTHING;
INSERT INTO packaging_variant (id, item_variant_id, name, packaging_level, volume_per_unit) VALUES ('ee31361a-f312-4e78-b68a-77332fc0f518', '9ef2fc76-5489-4ec7-9c85-3c0b47cc9c66', 'Tertiary', 3, 3.54) ON CONFLICT DO NOTHING;
INSERT INTO item_variant (id, name, item_link_id, cold_storage_type_id, doses_per_unit) VALUES ('4f07f547-24fc-4120-b363-341638a3c36c', 'PCV10 PNEUMOSIL', '87dac28d-47f8-41ff-86b8-ba2f25318ed0', (SELECT id FROM cold_storage_type WHERE name = '+5' or min_temperature = 2 and max_temperature = 8 LIMIT 1), 5) ON CONFLICT DO NOTHING;
INSERT INTO changelog (record_id, table_name, row_action) VALUES ('4f07f547-24fc-4120-b363-341638a3c36c', 'item_variant', 'UPSERT');
INSERT INTO packaging_variant (id, item_variant_id, name, packaging_level, volume_per_unit) VALUES ('4afe3f05-2fe6-4e4e-bef5-1d579d537c14', '4f07f547-24fc-4120-b363-341638a3c36c', 'Primary', 1, 3.52) ON CONFLICT DO NOTHING;
INSERT INTO packaging_variant (id, item_variant_id, name, packaging_level, volume_per_unit) VALUES ('6fc48f3d-78a2-4507-a004-374ac17b35c1', '4f07f547-24fc-4120-b363-341638a3c36c', 'Secondary', 2, 3.52) ON CONFLICT DO NOTHING;
INSERT INTO packaging_variant (id, item_variant_id, name, packaging_level, volume_per_unit) VALUES ('dd1c35bb-1894-4ff5-94d1-f230de7028b8', '4f07f547-24fc-4120-b363-341638a3c36c', 'Tertiary', 3, 1.73) ON CONFLICT DO NOTHING;
INSERT INTO item (id, name, code, ven_category, type, legacy_record, is_active, is_vaccine, vaccine_doses, default_pack_size) VALUES ('39872389-3deb-49c5-a399-f3a38f753618', 'Pneumococcal (conjugate)', 'PCV13', 'NOT_ASSIGNED', 'STOCK', '', 'True', 'True', 1, 1) ON CONFLICT DO NOTHING;
INSERT INTO item_link (id, item_id) VALUES ('39872389-3deb-49c5-a399-f3a38f753618', '39872389-3deb-49c5-a399-f3a38f753618') ON CONFLICT DO NOTHING;
INSERT INTO changelog (record_id, table_name, row_action) VALUES ('39872389-3deb-49c5-a399-f3a38f753618', 'item', 'UPSERT');
INSERT INTO master_list_line (id, master_list_id, item_link_id) VALUES (uuid_in(md5(random()::text || random()::text)::cstring), '43491ce9-bc89-4ee5-988d-9dbb2856e398', '39872389-3deb-49c5-a399-f3a38f753618') ON CONFLICT DO NOTHING;
INSERT INTO item_variant (id, name, item_link_id, cold_storage_type_id, doses_per_unit) VALUES ('22ff6aaa-08a8-4998-860c-2b173a2e3cc5', 'PCV13 Prevenar 13', '39872389-3deb-49c5-a399-f3a38f753618', (SELECT id FROM cold_storage_type WHERE name = '+5' or min_temperature = 2 and max_temperature = 8 LIMIT 1), 1) ON CONFLICT DO NOTHING;
INSERT INTO changelog (record_id, table_name, row_action) VALUES ('22ff6aaa-08a8-4998-860c-2b173a2e3cc5', 'item_variant', 'UPSERT');
INSERT INTO packaging_variant (id, item_variant_id, name, packaging_level, volume_per_unit) VALUES ('869ad573-fd3f-4021-b353-7cbbf523c6c7', '22ff6aaa-08a8-4998-860c-2b173a2e3cc5', 'Primary', 1, 12) ON CONFLICT DO NOTHING;
INSERT INTO packaging_variant (id, item_variant_id, name, packaging_level, volume_per_unit) VALUES ('53a683c9-e1ec-43e6-9cdc-d24999670787', '22ff6aaa-08a8-4998-860c-2b173a2e3cc5', 'Secondary', 2, 12) ON CONFLICT DO NOTHING;
INSERT INTO packaging_variant (id, item_variant_id, name, packaging_level, volume_per_unit) VALUES ('ea0de308-bf82-401e-91f8-6b12fbd9a819', '22ff6aaa-08a8-4998-860c-2b173a2e3cc5', 'Tertiary', 3, 12) ON CONFLICT DO NOTHING;
INSERT INTO item_variant (id, name, item_link_id, cold_storage_type_id, doses_per_unit) VALUES ('5d86b370-4288-436c-bb0d-222d1dce174d', 'PCV13 Prevenar 13 Multidose Vial', '39872389-3deb-49c5-a399-f3a38f753618', (SELECT id FROM cold_storage_type WHERE name = '+5' or min_temperature = 2 and max_temperature = 8 LIMIT 1), 4) ON CONFLICT DO NOTHING;
INSERT INTO changelog (record_id, table_name, row_action) VALUES ('5d86b370-4288-436c-bb0d-222d1dce174d', 'item_variant', 'UPSERT');
INSERT INTO packaging_variant (id, item_variant_id, name, packaging_level, volume_per_unit) VALUES ('21789cb4-993a-4547-9ca9-a9a0273ee57f', '5d86b370-4288-436c-bb0d-222d1dce174d', 'Primary', 1, 3.6) ON CONFLICT DO NOTHING;
INSERT INTO packaging_variant (id, item_variant_id, name, packaging_level, volume_per_unit) VALUES ('5514ce8d-5e54-4abd-8ef2-7a0165197883', '5d86b370-4288-436c-bb0d-222d1dce174d', 'Secondary', 2, 3.6) ON CONFLICT DO NOTHING;
INSERT INTO packaging_variant (id, item_variant_id, name, packaging_level, volume_per_unit) VALUES ('50ff12e4-f0fe-46c5-b2f8-de580f0f58bb', '5d86b370-4288-436c-bb0d-222d1dce174d', 'Tertiary', 3, 36.28) ON CONFLICT DO NOTHING;
INSERT INTO item (id, name, code, ven_category, type, legacy_record, is_active, is_vaccine, vaccine_doses, default_pack_size) VALUES ('15a7d31a-285a-4bbe-9a4d-d6d9a5e2ac99', 'Rabies', 'Rabies', 'NOT_ASSIGNED', 'STOCK', '', 'True', 'True', 1, 1) ON CONFLICT DO NOTHING;
INSERT INTO item_link (id, item_id) VALUES ('15a7d31a-285a-4bbe-9a4d-d6d9a5e2ac99', '15a7d31a-285a-4bbe-9a4d-d6d9a5e2ac99') ON CONFLICT DO NOTHING;
INSERT INTO changelog (record_id, table_name, row_action) VALUES ('15a7d31a-285a-4bbe-9a4d-d6d9a5e2ac99', 'item', 'UPSERT');
INSERT INTO master_list_line (id, master_list_id, item_link_id) VALUES (uuid_in(md5(random()::text || random()::text)::cstring), '43491ce9-bc89-4ee5-988d-9dbb2856e398', '15a7d31a-285a-4bbe-9a4d-d6d9a5e2ac99') ON CONFLICT DO NOTHING;
INSERT INTO item_variant (id, name, item_link_id, cold_storage_type_id, doses_per_unit) VALUES ('58ca9020-bbf2-4752-8ad9-1c310044b55e', 'Rabies Rabipur', '15a7d31a-285a-4bbe-9a4d-d6d9a5e2ac99', (SELECT id FROM cold_storage_type WHERE name = '+5' or min_temperature = 2 and max_temperature = 8 LIMIT 1), 1) ON CONFLICT DO NOTHING;
INSERT INTO changelog (record_id, table_name, row_action) VALUES ('58ca9020-bbf2-4752-8ad9-1c310044b55e', 'item_variant', 'UPSERT');
INSERT INTO packaging_variant (id, item_variant_id, name, packaging_level, volume_per_unit) VALUES ('0140b9e5-9799-4a59-a491-b14cdc48941e', '58ca9020-bbf2-4752-8ad9-1c310044b55e', 'Primary', 1, 48) ON CONFLICT DO NOTHING;
INSERT INTO packaging_variant (id, item_variant_id, name, packaging_level, volume_per_unit) VALUES ('32b761d5-8ac1-475f-a8af-003be6ac360e', '58ca9020-bbf2-4752-8ad9-1c310044b55e', 'Secondary', 2, 48) ON CONFLICT DO NOTHING;
INSERT INTO packaging_variant (id, item_variant_id, name, packaging_level, volume_per_unit) VALUES ('bb28f82f-5e60-44d5-a39f-4402d1ffa312', '58ca9020-bbf2-4752-8ad9-1c310044b55e', 'Tertiary', 3, 378.28) ON CONFLICT DO NOTHING;
INSERT INTO item_variant (id, name, item_link_id, cold_storage_type_id, doses_per_unit) VALUES ('71e8f658-f45a-4f78-a860-8319a1b25236', 'Rabies Rabipur', '15a7d31a-285a-4bbe-9a4d-d6d9a5e2ac99', (SELECT id FROM cold_storage_type WHERE name = '+5' or min_temperature = 2 and max_temperature = 8 LIMIT 1), 1) ON CONFLICT DO NOTHING;
INSERT INTO changelog (record_id, table_name, row_action) VALUES ('71e8f658-f45a-4f78-a860-8319a1b25236', 'item_variant', 'UPSERT');
INSERT INTO packaging_variant (id, item_variant_id, name, packaging_level, volume_per_unit) VALUES ('7eb245ee-3adc-4721-b469-7f99d6a84a44', '71e8f658-f45a-4f78-a860-8319a1b25236', 'Primary', 1, 174) ON CONFLICT DO NOTHING;
INSERT INTO packaging_variant (id, item_variant_id, name, packaging_level, volume_per_unit) VALUES ('79aa50b9-ecb1-42d7-a218-a3b42aefe345', '71e8f658-f45a-4f78-a860-8319a1b25236', 'Secondary', 2, 174) ON CONFLICT DO NOTHING;
INSERT INTO packaging_variant (id, item_variant_id, name, packaging_level, volume_per_unit) VALUES ('7de20a3b-23e8-4b84-a6db-4ea53d551a2a', '71e8f658-f45a-4f78-a860-8319a1b25236', 'Tertiary', 3, 174) ON CONFLICT DO NOTHING;
INSERT INTO item_variant (id, name, item_link_id, cold_storage_type_id, doses_per_unit) VALUES ('9b314f01-6e5a-4c1d-a8f8-eef70c3cfa32', 'Rabies VERORAB', '15a7d31a-285a-4bbe-9a4d-d6d9a5e2ac99', (SELECT id FROM cold_storage_type WHERE name = '+5' or min_temperature = 2 and max_temperature = 8 LIMIT 1), 1) ON CONFLICT DO NOTHING;
INSERT INTO changelog (record_id, table_name, row_action) VALUES ('9b314f01-6e5a-4c1d-a8f8-eef70c3cfa32', 'item_variant', 'UPSERT');
INSERT INTO packaging_variant (id, item_variant_id, name, packaging_level, volume_per_unit) VALUES ('0268057f-8fa8-4e39-85b9-d6d346c54e3a', '9b314f01-6e5a-4c1d-a8f8-eef70c3cfa32', 'Primary', 1, 50.5) ON CONFLICT DO NOTHING;
INSERT INTO packaging_variant (id, item_variant_id, name, packaging_level, volume_per_unit) VALUES ('ef06d8e2-5d2a-4025-b170-42ffba05977e', '9b314f01-6e5a-4c1d-a8f8-eef70c3cfa32', 'Secondary', 2, 50.5) ON CONFLICT DO NOTHING;
INSERT INTO packaging_variant (id, item_variant_id, name, packaging_level, volume_per_unit) VALUES ('84f669d5-c296-4249-ad45-7a3296a08714', '9b314f01-6e5a-4c1d-a8f8-eef70c3cfa32', 'Tertiary', 3, 50.5) ON CONFLICT DO NOTHING;
INSERT INTO item (id, name, code, ven_category, type, legacy_record, is_active, is_vaccine, vaccine_doses, default_pack_size) VALUES ('eb81c48e-06b9-4534-80bc-367c3ac52671', 'Rotavirus', 'Rota_Liq', 'NOT_ASSIGNED', 'STOCK', '', 'True', 'True', 1, 1) ON CONFLICT DO NOTHING;
INSERT INTO item_link (id, item_id) VALUES ('eb81c48e-06b9-4534-80bc-367c3ac52671', 'eb81c48e-06b9-4534-80bc-367c3ac52671') ON CONFLICT DO NOTHING;
INSERT INTO changelog (record_id, table_name, row_action) VALUES ('eb81c48e-06b9-4534-80bc-367c3ac52671', 'item', 'UPSERT');
INSERT INTO master_list_line (id, master_list_id, item_link_id) VALUES (uuid_in(md5(random()::text || random()::text)::cstring), '43491ce9-bc89-4ee5-988d-9dbb2856e398', 'eb81c48e-06b9-4534-80bc-367c3ac52671') ON CONFLICT DO NOTHING;
INSERT INTO item_variant (id, name, item_link_id, cold_storage_type_id, doses_per_unit) VALUES ('58f7b441-bbe4-4ba7-a734-12418274b0ed', 'Rota_Liq Rotarix', 'eb81c48e-06b9-4534-80bc-367c3ac52671', (SELECT id FROM cold_storage_type WHERE name = '+5' or min_temperature = 2 and max_temperature = 8 LIMIT 1), 1) ON CONFLICT DO NOTHING;
INSERT INTO changelog (record_id, table_name, row_action) VALUES ('58f7b441-bbe4-4ba7-a734-12418274b0ed', 'item_variant', 'UPSERT');
INSERT INTO packaging_variant (id, item_variant_id, name, packaging_level, volume_per_unit) VALUES ('881c8e13-2985-46aa-bf5a-fef999cad81f', '58f7b441-bbe4-4ba7-a734-12418274b0ed', 'Primary', 1, 17.13) ON CONFLICT DO NOTHING;
INSERT INTO packaging_variant (id, item_variant_id, name, packaging_level, volume_per_unit) VALUES ('b7e4f5b4-7c26-4a10-9269-2eaa992e0765', '58f7b441-bbe4-4ba7-a734-12418274b0ed', 'Secondary', 2, 17.13) ON CONFLICT DO NOTHING;
INSERT INTO packaging_variant (id, item_variant_id, name, packaging_level, volume_per_unit) VALUES ('fcb625f5-9df6-4e46-a7f6-682ffacac91b', '58f7b441-bbe4-4ba7-a734-12418274b0ed', 'Tertiary', 3, 24.67) ON CONFLICT DO NOTHING;
INSERT INTO item_variant (id, name, item_link_id, cold_storage_type_id, doses_per_unit) VALUES ('489f98db-c8b3-40ab-b24f-3198c994dcd6', 'Rota_Liq Rotateq', 'eb81c48e-06b9-4534-80bc-367c3ac52671', (SELECT id FROM cold_storage_type WHERE name = '+5' or min_temperature = 2 and max_temperature = 8 LIMIT 1), 1) ON CONFLICT DO NOTHING;
INSERT INTO changelog (record_id, table_name, row_action) VALUES ('489f98db-c8b3-40ab-b24f-3198c994dcd6', 'item_variant', 'UPSERT');
INSERT INTO packaging_variant (id, item_variant_id, name, packaging_level, volume_per_unit) VALUES ('e3b9618f-2170-4ebc-ae19-5102143a8f3b', '489f98db-c8b3-40ab-b24f-3198c994dcd6', 'Primary', 1, 46.3) ON CONFLICT DO NOTHING;
INSERT INTO packaging_variant (id, item_variant_id, name, packaging_level, volume_per_unit) VALUES ('611377a6-4909-4f46-b403-bd6e081df042', '489f98db-c8b3-40ab-b24f-3198c994dcd6', 'Secondary', 2, 46.3) ON CONFLICT DO NOTHING;
INSERT INTO packaging_variant (id, item_variant_id, name, packaging_level, volume_per_unit) VALUES ('fc5d6e0f-7017-45f7-99b6-49e6ab74abd0', '489f98db-c8b3-40ab-b24f-3198c994dcd6', 'Tertiary', 3, 49.45) ON CONFLICT DO NOTHING;
INSERT INTO item_variant (id, name, item_link_id, cold_storage_type_id, doses_per_unit) VALUES ('6241d451-9374-446f-9242-9217e9f64410', 'Rota_Liq Rotarix', 'eb81c48e-06b9-4534-80bc-367c3ac52671', (SELECT id FROM cold_storage_type WHERE name = '+5' or min_temperature = 2 and max_temperature = 8 LIMIT 1), 1) ON CONFLICT DO NOTHING;
INSERT INTO changelog (record_id, table_name, row_action) VALUES ('6241d451-9374-446f-9242-9217e9f64410', 'item_variant', 'UPSERT');
INSERT INTO packaging_variant (id, item_variant_id, name, packaging_level, volume_per_unit) VALUES ('38a3671e-9669-42d6-9192-a74f5368c8d9', '6241d451-9374-446f-9242-9217e9f64410', 'Primary', 1, 85.3) ON CONFLICT DO NOTHING;
INSERT INTO packaging_variant (id, item_variant_id, name, packaging_level, volume_per_unit) VALUES ('6a091037-98fc-4a5d-9641-b3809e4118f9', '6241d451-9374-446f-9242-9217e9f64410', 'Secondary', 2, 85.3) ON CONFLICT DO NOTHING;
INSERT INTO packaging_variant (id, item_variant_id, name, packaging_level, volume_per_unit) VALUES ('45952ce8-bee5-46a8-ba1b-7a5054eb2f15', '6241d451-9374-446f-9242-9217e9f64410', 'Tertiary', 3, 123.33) ON CONFLICT DO NOTHING;
INSERT INTO item (id, name, code, ven_category, type, legacy_record, is_active, is_vaccine, vaccine_doses, default_pack_size) VALUES ('9744723e-6a2b-4fde-81fb-6193c74700f4', 'Rotavirus', 'Rota_liq', 'NOT_ASSIGNED', 'STOCK', '', 'True', 'True', 1, 1) ON CONFLICT DO NOTHING;
INSERT INTO item_link (id, item_id) VALUES ('9744723e-6a2b-4fde-81fb-6193c74700f4', '9744723e-6a2b-4fde-81fb-6193c74700f4') ON CONFLICT DO NOTHING;
INSERT INTO changelog (record_id, table_name, row_action) VALUES ('9744723e-6a2b-4fde-81fb-6193c74700f4', 'item', 'UPSERT');
INSERT INTO master_list_line (id, master_list_id, item_link_id) VALUES (uuid_in(md5(random()::text || random()::text)::cstring), '43491ce9-bc89-4ee5-988d-9dbb2856e398', '9744723e-6a2b-4fde-81fb-6193c74700f4') ON CONFLICT DO NOTHING;
INSERT INTO item_variant (id, name, item_link_id, cold_storage_type_id, doses_per_unit) VALUES ('ff4ee4fc-a024-4606-b6fe-40f0a5865d4c', 'Rota_liq Rotarix', '9744723e-6a2b-4fde-81fb-6193c74700f4', (SELECT id FROM cold_storage_type WHERE name = '+5' or min_temperature = 2 and max_temperature = 8 LIMIT 1), 1) ON CONFLICT DO NOTHING;
INSERT INTO changelog (record_id, table_name, row_action) VALUES ('ff4ee4fc-a024-4606-b6fe-40f0a5865d4c', 'item_variant', 'UPSERT');
INSERT INTO packaging_variant (id, item_variant_id, name, packaging_level, volume_per_unit) VALUES ('76cde187-d584-476b-a864-4657dbb55ad3', 'ff4ee4fc-a024-4606-b6fe-40f0a5865d4c', 'Primary', 1, 11.8) ON CONFLICT DO NOTHING;
INSERT INTO packaging_variant (id, item_variant_id, name, packaging_level, volume_per_unit) VALUES ('0247e26d-4b91-4544-abb1-267e03561aea', 'ff4ee4fc-a024-4606-b6fe-40f0a5865d4c', 'Secondary', 2, 11.8) ON CONFLICT DO NOTHING;
INSERT INTO packaging_variant (id, item_variant_id, name, packaging_level, volume_per_unit) VALUES ('76e187e3-931d-4f98-beec-4333cb2f0bd3', 'ff4ee4fc-a024-4606-b6fe-40f0a5865d4c', 'Tertiary', 3, 0.24) ON CONFLICT DO NOTHING;
INSERT INTO item (id, name, code, ven_category, type, legacy_record, is_active, is_vaccine, vaccine_doses, default_pack_size) VALUES ('94e593c6-45d8-4a4f-8f25-70051f336a31', 'Rotavirus', 'Rota_Liq_frozen', 'NOT_ASSIGNED', 'STOCK', '', 'True', 'True', 1, 1) ON CONFLICT DO NOTHING;
INSERT INTO item_link (id, item_id) VALUES ('94e593c6-45d8-4a4f-8f25-70051f336a31', '94e593c6-45d8-4a4f-8f25-70051f336a31') ON CONFLICT DO NOTHING;
INSERT INTO changelog (record_id, table_name, row_action) VALUES ('94e593c6-45d8-4a4f-8f25-70051f336a31', 'item', 'UPSERT');
INSERT INTO master_list_line (id, master_list_id, item_link_id) VALUES (uuid_in(md5(random()::text || random()::text)::cstring), '43491ce9-bc89-4ee5-988d-9dbb2856e398', '94e593c6-45d8-4a4f-8f25-70051f336a31') ON CONFLICT DO NOTHING;
INSERT INTO item_variant (id, name, item_link_id, cold_storage_type_id, doses_per_unit) VALUES ('2374d6a6-f958-4444-968e-4974035ba67e', 'Rota_Liq_frozen Rotavac', '94e593c6-45d8-4a4f-8f25-70051f336a31', (SELECT id FROM cold_storage_type WHERE name = '-20' or min_temperature = -20 and max_temperature = -20 LIMIT 1), 5) ON CONFLICT DO NOTHING;
INSERT INTO changelog (record_id, table_name, row_action) VALUES ('2374d6a6-f958-4444-968e-4974035ba67e', 'item_variant', 'UPSERT');
INSERT INTO packaging_variant (id, item_variant_id, name, packaging_level, volume_per_unit) VALUES ('881ace7b-3b54-4d2b-a4f5-c7c45e6351b2', '2374d6a6-f958-4444-968e-4974035ba67e', 'Primary', 1, 4.2) ON CONFLICT DO NOTHING;
INSERT INTO packaging_variant (id, item_variant_id, name, packaging_level, volume_per_unit) VALUES ('db22ba66-ea19-4689-ac04-dc09dabb35cd', '2374d6a6-f958-4444-968e-4974035ba67e', 'Secondary', 2, 4.2) ON CONFLICT DO NOTHING;
INSERT INTO packaging_variant (id, item_variant_id, name, packaging_level, volume_per_unit) VALUES ('46498a41-66ce-4693-83fd-90487bc3fb7d', '2374d6a6-f958-4444-968e-4974035ba67e', 'Tertiary', 3, 5.15) ON CONFLICT DO NOTHING;
INSERT INTO item_variant (id, name, item_link_id, cold_storage_type_id, doses_per_unit) VALUES ('f3a57040-966e-497b-ad33-5897e98b28cb', 'Rota_Liq_frozen Rotavac', '94e593c6-45d8-4a4f-8f25-70051f336a31', (SELECT id FROM cold_storage_type WHERE name = '-20' or min_temperature = -20 and max_temperature = -20 LIMIT 1), 10) ON CONFLICT DO NOTHING;
INSERT INTO changelog (record_id, table_name, row_action) VALUES ('f3a57040-966e-497b-ad33-5897e98b28cb', 'item_variant', 'UPSERT');
INSERT INTO packaging_variant (id, item_variant_id, name, packaging_level, volume_per_unit) VALUES ('3623c126-fdfa-4358-92f0-9891b83c6c53', 'f3a57040-966e-497b-ad33-5897e98b28cb', 'Primary', 1, 3.2) ON CONFLICT DO NOTHING;
INSERT INTO packaging_variant (id, item_variant_id, name, packaging_level, volume_per_unit) VALUES ('13ddab1c-a59a-4653-a9ec-73769ced41d6', 'f3a57040-966e-497b-ad33-5897e98b28cb', 'Secondary', 2, 3.2) ON CONFLICT DO NOTHING;
INSERT INTO packaging_variant (id, item_variant_id, name, packaging_level, volume_per_unit) VALUES ('9a546aa0-3ce0-4b29-81d4-ecde8525ceb8', 'f3a57040-966e-497b-ad33-5897e98b28cb', 'Tertiary', 3, 3.5) ON CONFLICT DO NOTHING;
INSERT INTO item_variant (id, name, item_link_id, cold_storage_type_id, doses_per_unit) VALUES ('2374d6a6-f958-4444-968e-4974035ba67e', 'Rota_liq Rotavac 50D', '9744723e-6a2b-4fde-81fb-6193c74700f4', (SELECT id FROM cold_storage_type WHERE name = '+5' or min_temperature = 2 and max_temperature = 8 LIMIT 1), 1) ON CONFLICT DO NOTHING;
INSERT INTO changelog (record_id, table_name, row_action) VALUES ('2374d6a6-f958-4444-968e-4974035ba67e', 'item_variant', 'UPSERT');
INSERT INTO packaging_variant (id, item_variant_id, name, packaging_level, volume_per_unit) VALUES ('881ace7b-3b54-4d2b-a4f5-c7c45e6351b2', '2374d6a6-f958-4444-968e-4974035ba67e', 'Primary', 1, 14.45) ON CONFLICT DO NOTHING;
INSERT INTO packaging_variant (id, item_variant_id, name, packaging_level, volume_per_unit) VALUES ('db22ba66-ea19-4689-ac04-dc09dabb35cd', '2374d6a6-f958-4444-968e-4974035ba67e', 'Secondary', 2, 14.45) ON CONFLICT DO NOTHING;
INSERT INTO packaging_variant (id, item_variant_id, name, packaging_level, volume_per_unit) VALUES ('46498a41-66ce-4693-83fd-90487bc3fb7d', '2374d6a6-f958-4444-968e-4974035ba67e', 'Tertiary', 3, 14.45) ON CONFLICT DO NOTHING;
INSERT INTO item_variant (id, name, item_link_id, cold_storage_type_id, doses_per_unit) VALUES ('f3a57040-966e-497b-ad33-5897e98b28cb', 'Rota_liq Rotavac 50D', '9744723e-6a2b-4fde-81fb-6193c74700f4', (SELECT id FROM cold_storage_type WHERE name = '+5' or min_temperature = 2 and max_temperature = 8 LIMIT 1), 5) ON CONFLICT DO NOTHING;
INSERT INTO changelog (record_id, table_name, row_action) VALUES ('f3a57040-966e-497b-ad33-5897e98b28cb', 'item_variant', 'UPSERT');
INSERT INTO packaging_variant (id, item_variant_id, name, packaging_level, volume_per_unit) VALUES ('3623c126-fdfa-4358-92f0-9891b83c6c53', 'f3a57040-966e-497b-ad33-5897e98b28cb', 'Primary', 1, 3.2) ON CONFLICT DO NOTHING;
INSERT INTO packaging_variant (id, item_variant_id, name, packaging_level, volume_per_unit) VALUES ('13ddab1c-a59a-4653-a9ec-73769ced41d6', 'f3a57040-966e-497b-ad33-5897e98b28cb', 'Secondary', 2, 3.2) ON CONFLICT DO NOTHING;
INSERT INTO packaging_variant (id, item_variant_id, name, packaging_level, volume_per_unit) VALUES ('9a546aa0-3ce0-4b29-81d4-ecde8525ceb8', 'f3a57040-966e-497b-ad33-5897e98b28cb', 'Tertiary', 3, 5.3) ON CONFLICT DO NOTHING;
INSERT INTO item (id, name, code, ven_category, type, legacy_record, is_active, is_vaccine, vaccine_doses, default_pack_size) VALUES ('4b58703e-93b2-4d3a-a365-19fb86c6e9af', 'Rotavirus', 'Rota_Lyo', 'NOT_ASSIGNED', 'STOCK', '', 'True', 'True', 1, 1) ON CONFLICT DO NOTHING;
INSERT INTO item_link (id, item_id) VALUES ('4b58703e-93b2-4d3a-a365-19fb86c6e9af', '4b58703e-93b2-4d3a-a365-19fb86c6e9af') ON CONFLICT DO NOTHING;
INSERT INTO changelog (record_id, table_name, row_action) VALUES ('4b58703e-93b2-4d3a-a365-19fb86c6e9af', 'item', 'UPSERT');
INSERT INTO master_list_line (id, master_list_id, item_link_id) VALUES (uuid_in(md5(random()::text || random()::text)::cstring), '43491ce9-bc89-4ee5-988d-9dbb2856e398', '4b58703e-93b2-4d3a-a365-19fb86c6e9af') ON CONFLICT DO NOTHING;
INSERT INTO item_variant (id, name, item_link_id, cold_storage_type_id, doses_per_unit) VALUES ('61136d02-0163-470c-a5a2-c23befd81a41', 'Rota_Lyo Rotasiil', '4b58703e-93b2-4d3a-a365-19fb86c6e9af', (SELECT id FROM cold_storage_type WHERE name = '+5' or min_temperature = 2 and max_temperature = 8 LIMIT 1), 1) ON CONFLICT DO NOTHING;
INSERT INTO changelog (record_id, table_name, row_action) VALUES ('61136d02-0163-470c-a5a2-c23befd81a41', 'item_variant', 'UPSERT');
INSERT INTO packaging_variant (id, item_variant_id, name, packaging_level, volume_per_unit) VALUES ('a6df9158-7eeb-414c-98ee-9adffd9a3433', '61136d02-0163-470c-a5a2-c23befd81a41', 'Primary', 1, 17.58) ON CONFLICT DO NOTHING;
INSERT INTO packaging_variant (id, item_variant_id, name, packaging_level, volume_per_unit) VALUES ('16004e64-fcc5-4fcd-a6be-bb2333f7e789', '61136d02-0163-470c-a5a2-c23befd81a41', 'Secondary', 2, 17.58) ON CONFLICT DO NOTHING;
INSERT INTO packaging_variant (id, item_variant_id, name, packaging_level, volume_per_unit) VALUES ('577fcad5-99d6-4276-b701-e8824ba94f33', '61136d02-0163-470c-a5a2-c23befd81a41', 'Tertiary', 3, 86.4) ON CONFLICT DO NOTHING;
INSERT INTO item (id, name, code, ven_category, type, legacy_record, is_active, is_vaccine, vaccine_doses, default_pack_size) VALUES ('d83b9de0-86f6-4eba-9162-fea7d2eae8f1', 'Rota_Lyo Diluent', 'Rota_Lyo_DILUENT', 'NOT_ASSIGNED', 'STOCK', '', 'True', 'False', 0, 1) ON CONFLICT DO NOTHING;
INSERT INTO item_link (id, item_id) VALUES ('d83b9de0-86f6-4eba-9162-fea7d2eae8f1', 'd83b9de0-86f6-4eba-9162-fea7d2eae8f1') ON CONFLICT DO NOTHING;
INSERT INTO changelog (record_id, table_name, row_action) VALUES ('d83b9de0-86f6-4eba-9162-fea7d2eae8f1', 'item', 'UPSERT');
INSERT INTO item_variant (id, name, item_link_id, cold_storage_type_id, doses_per_unit) VALUES ('9da43b3d-cfd9-4adf-afd9-725341ddf97b', 'Rota_Lyo Rotasiil Diluent', 'd83b9de0-86f6-4eba-9162-fea7d2eae8f1', (SELECT id FROM cold_storage_type WHERE name = '+5' or min_temperature = 2 and max_temperature = 8 LIMIT 1), 1) ON CONFLICT DO NOTHING;
INSERT INTO changelog (record_id, table_name, row_action) VALUES ('9da43b3d-cfd9-4adf-afd9-725341ddf97b', 'item_variant', 'UPSERT');
INSERT INTO packaging_variant (id, item_variant_id, name, packaging_level, volume_per_unit) VALUES ('08c9a610-aba5-43cf-9ff9-0968795b6330', '9da43b3d-cfd9-4adf-afd9-725341ddf97b', 'Primary', 1, 17.6) ON CONFLICT DO NOTHING;
INSERT INTO packaging_variant (id, item_variant_id, name, packaging_level, volume_per_unit) VALUES ('90f8be11-f518-47fb-a820-7c85a8a5abf1', '9da43b3d-cfd9-4adf-afd9-725341ddf97b', 'Secondary', 2, 17.6) ON CONFLICT DO NOTHING;
INSERT INTO packaging_variant (id, item_variant_id, name, packaging_level, volume_per_unit) VALUES ('fdb71d40-cd86-4466-befb-3d62a52d7673', '9da43b3d-cfd9-4adf-afd9-725341ddf97b', 'Tertiary', 3, 27) ON CONFLICT DO NOTHING;
INSERT INTO bundled_item (id, principal_item_variant_id, bundled_item_variant_id, ratio) VALUES ('9b41dc85-d578-4763-af4e-51c288fa087a', '61136d02-0163-470c-a5a2-c23befd81a41', '9da43b3d-cfd9-4adf-afd9-725341ddf97b', 1) ON CONFLICT DO NOTHING;
INSERT INTO changelog (record_id, table_name, row_action) VALUES ('9b41dc85-d578-4763-af4e-51c288fa087a', 'bundled_item', 'UPSERT');
INSERT INTO item_variant (id, name, item_link_id, cold_storage_type_id, doses_per_unit) VALUES ('892c3145-e7a1-497c-95ef-857019c68121', 'Rota_Lyo ROTASIILThermo', '4b58703e-93b2-4d3a-a365-19fb86c6e9af', null, 1) ON CONFLICT DO NOTHING;
INSERT INTO changelog (record_id, table_name, row_action) VALUES ('892c3145-e7a1-497c-95ef-857019c68121', 'item_variant', 'UPSERT');
INSERT INTO packaging_variant (id, item_variant_id, name, packaging_level, volume_per_unit) VALUES ('3d1c2251-37c9-478b-bc39-e2ccff99d60f', '892c3145-e7a1-497c-95ef-857019c68121', 'Primary', 1, 17.57) ON CONFLICT DO NOTHING;
INSERT INTO packaging_variant (id, item_variant_id, name, packaging_level, volume_per_unit) VALUES ('2a12e012-63af-4b36-8c85-9c78a94a0148', '892c3145-e7a1-497c-95ef-857019c68121', 'Secondary', 2, 17.57) ON CONFLICT DO NOTHING;
INSERT INTO packaging_variant (id, item_variant_id, name, packaging_level, volume_per_unit) VALUES ('7250862a-4e74-44bb-9127-e0b0e3d8a2a9', '892c3145-e7a1-497c-95ef-857019c68121', 'Tertiary', 3, 86.4) ON CONFLICT DO NOTHING;
INSERT INTO item_variant (id, name, item_link_id, cold_storage_type_id, doses_per_unit) VALUES ('2e201046-abe8-4cdf-a3da-49cbd7bd9c3d', 'Rota_Lyo Rotasiil', '4b58703e-93b2-4d3a-a365-19fb86c6e9af', (SELECT id FROM cold_storage_type WHERE name = '+5' or min_temperature = 2 and max_temperature = 8 LIMIT 1), 2) ON CONFLICT DO NOTHING;
INSERT INTO changelog (record_id, table_name, row_action) VALUES ('2e201046-abe8-4cdf-a3da-49cbd7bd9c3d', 'item_variant', 'UPSERT');
INSERT INTO packaging_variant (id, item_variant_id, name, packaging_level, volume_per_unit) VALUES ('a3c0d80a-acd1-49c4-a512-93191e2d1121', '2e201046-abe8-4cdf-a3da-49cbd7bd9c3d', 'Primary', 1, 10.54) ON CONFLICT DO NOTHING;
INSERT INTO packaging_variant (id, item_variant_id, name, packaging_level, volume_per_unit) VALUES ('89199f0c-f2e3-4274-85e8-ebdffa63b286', '2e201046-abe8-4cdf-a3da-49cbd7bd9c3d', 'Secondary', 2, 10.54) ON CONFLICT DO NOTHING;
INSERT INTO packaging_variant (id, item_variant_id, name, packaging_level, volume_per_unit) VALUES ('b7035a67-3268-4b74-80e2-7b71424337fe', '2e201046-abe8-4cdf-a3da-49cbd7bd9c3d', 'Tertiary', 3, 49.2) ON CONFLICT DO NOTHING;
INSERT INTO item_variant (id, name, item_link_id, cold_storage_type_id, doses_per_unit) VALUES ('892c3145-e7a1-497c-95ef-857019c68121', 'Rota_Lyo ROTASIILThermo', '4b58703e-93b2-4d3a-a365-19fb86c6e9af', null, 2) ON CONFLICT DO NOTHING;
INSERT INTO changelog (record_id, table_name, row_action) VALUES ('892c3145-e7a1-497c-95ef-857019c68121', 'item_variant', 'UPSERT');
INSERT INTO packaging_variant (id, item_variant_id, name, packaging_level, volume_per_unit) VALUES ('3d1c2251-37c9-478b-bc39-e2ccff99d60f', '892c3145-e7a1-497c-95ef-857019c68121', 'Primary', 1, 10.54) ON CONFLICT DO NOTHING;
INSERT INTO packaging_variant (id, item_variant_id, name, packaging_level, volume_per_unit) VALUES ('2a12e012-63af-4b36-8c85-9c78a94a0148', '892c3145-e7a1-497c-95ef-857019c68121', 'Secondary', 2, 10.54) ON CONFLICT DO NOTHING;
INSERT INTO packaging_variant (id, item_variant_id, name, packaging_level, volume_per_unit) VALUES ('7250862a-4e74-44bb-9127-e0b0e3d8a2a9', '892c3145-e7a1-497c-95ef-857019c68121', 'Tertiary', 3, 49.2) ON CONFLICT DO NOTHING;
INSERT INTO item_variant (id, name, item_link_id, cold_storage_type_id, doses_per_unit) VALUES ('c9c0c84e-b165-48ec-8b41-71c99563b43a', 'Rota_liq Rotasiil-Liquid', '9744723e-6a2b-4fde-81fb-6193c74700f4', (SELECT id FROM cold_storage_type WHERE name = '+5' or min_temperature = 2 and max_temperature = 8 LIMIT 1), 1) ON CONFLICT DO NOTHING;
INSERT INTO changelog (record_id, table_name, row_action) VALUES ('c9c0c84e-b165-48ec-8b41-71c99563b43a', 'item_variant', 'UPSERT');
INSERT INTO packaging_variant (id, item_variant_id, name, packaging_level, volume_per_unit) VALUES ('b01eef06-0791-4f36-ab99-86a54c566700', 'c9c0c84e-b165-48ec-8b41-71c99563b43a', 'Primary', 1, 20.06) ON CONFLICT DO NOTHING;
INSERT INTO packaging_variant (id, item_variant_id, name, packaging_level, volume_per_unit) VALUES ('ee1ab285-dbde-4aeb-a8fb-75531da683ea', 'c9c0c84e-b165-48ec-8b41-71c99563b43a', 'Secondary', 2, 20.06) ON CONFLICT DO NOTHING;
INSERT INTO packaging_variant (id, item_variant_id, name, packaging_level, volume_per_unit) VALUES ('988e7266-d002-4ed8-8af5-b152a90b0c2e', 'c9c0c84e-b165-48ec-8b41-71c99563b43a', 'Tertiary', 3, 99.91) ON CONFLICT DO NOTHING;
INSERT INTO item_variant (id, name, item_link_id, cold_storage_type_id, doses_per_unit) VALUES ('85bc0e75-8dd7-41cc-8ca8-c740aa527f16', 'Rota_liq Rotasiil-Liquid', '9744723e-6a2b-4fde-81fb-6193c74700f4', (SELECT id FROM cold_storage_type WHERE name = '+5' or min_temperature = 2 and max_temperature = 8 LIMIT 1), 2) ON CONFLICT DO NOTHING;
INSERT INTO changelog (record_id, table_name, row_action) VALUES ('85bc0e75-8dd7-41cc-8ca8-c740aa527f16', 'item_variant', 'UPSERT');
INSERT INTO packaging_variant (id, item_variant_id, name, packaging_level, volume_per_unit) VALUES ('0b0fc89f-7711-4dc8-8033-706e47368dd0', '85bc0e75-8dd7-41cc-8ca8-c740aa527f16', 'Primary', 1, 14.3) ON CONFLICT DO NOTHING;
INSERT INTO packaging_variant (id, item_variant_id, name, packaging_level, volume_per_unit) VALUES ('e156bf33-56da-4250-a6fd-55f915844b51', '85bc0e75-8dd7-41cc-8ca8-c740aa527f16', 'Secondary', 2, 14.3) ON CONFLICT DO NOTHING;
INSERT INTO packaging_variant (id, item_variant_id, name, packaging_level, volume_per_unit) VALUES ('3a392835-9925-4de8-ad0d-a1f4e57ba364', '85bc0e75-8dd7-41cc-8ca8-c740aa527f16', 'Tertiary', 3, 0) ON CONFLICT DO NOTHING;
INSERT INTO item (id, name, code, ven_category, type, legacy_record, is_active, is_vaccine, vaccine_doses, default_pack_size) VALUES ('df0317cc-6074-4ad3-984c-7bc32be411fe', 'Rubella', 'Rubella', 'NOT_ASSIGNED', 'STOCK', '', 'True', 'True', 1, 1) ON CONFLICT DO NOTHING;
INSERT INTO item_link (id, item_id) VALUES ('df0317cc-6074-4ad3-984c-7bc32be411fe', 'df0317cc-6074-4ad3-984c-7bc32be411fe') ON CONFLICT DO NOTHING;
INSERT INTO changelog (record_id, table_name, row_action) VALUES ('df0317cc-6074-4ad3-984c-7bc32be411fe', 'item', 'UPSERT');
INSERT INTO master_list_line (id, master_list_id, item_link_id) VALUES (uuid_in(md5(random()::text || random()::text)::cstring), '43491ce9-bc89-4ee5-988d-9dbb2856e398', 'df0317cc-6074-4ad3-984c-7bc32be411fe') ON CONFLICT DO NOTHING;
INSERT INTO item_variant (id, name, item_link_id, cold_storage_type_id, doses_per_unit) VALUES ('3db467f2-38f6-4960-8ccc-824facafb0f6', 'Rubella Rubella Vaccine, Live, Attenuated', 'df0317cc-6074-4ad3-984c-7bc32be411fe', (SELECT id FROM cold_storage_type WHERE name = '+5' or min_temperature = 2 and max_temperature = 8 LIMIT 1), 1) ON CONFLICT DO NOTHING;
INSERT INTO changelog (record_id, table_name, row_action) VALUES ('3db467f2-38f6-4960-8ccc-824facafb0f6', 'item_variant', 'UPSERT');
INSERT INTO packaging_variant (id, item_variant_id, name, packaging_level, volume_per_unit) VALUES ('7e40402d-5517-4ac6-9c02-1cf0d2911ae6', '3db467f2-38f6-4960-8ccc-824facafb0f6', 'Primary', 1, 21.09) ON CONFLICT DO NOTHING;
INSERT INTO packaging_variant (id, item_variant_id, name, packaging_level, volume_per_unit) VALUES ('0666a6d4-100c-4c47-9608-ae709dc770db', '3db467f2-38f6-4960-8ccc-824facafb0f6', 'Secondary', 2, 21.09) ON CONFLICT DO NOTHING;
INSERT INTO packaging_variant (id, item_variant_id, name, packaging_level, volume_per_unit) VALUES ('8610b8f8-7d4d-48b1-876a-83d9c65b9869', '3db467f2-38f6-4960-8ccc-824facafb0f6', 'Tertiary', 3, 98.4) ON CONFLICT DO NOTHING;
INSERT INTO item (id, name, code, ven_category, type, legacy_record, is_active, is_vaccine, vaccine_doses, default_pack_size) VALUES ('0e342233-d186-41c5-a46d-92b5e61ede29', 'Rubella Diluent', 'Rubella_DILUENT', 'NOT_ASSIGNED', 'STOCK', '', 'True', 'False', 0, 1) ON CONFLICT DO NOTHING;
INSERT INTO item_link (id, item_id) VALUES ('0e342233-d186-41c5-a46d-92b5e61ede29', '0e342233-d186-41c5-a46d-92b5e61ede29') ON CONFLICT DO NOTHING;
INSERT INTO changelog (record_id, table_name, row_action) VALUES ('0e342233-d186-41c5-a46d-92b5e61ede29', 'item', 'UPSERT');
INSERT INTO item_variant (id, name, item_link_id, cold_storage_type_id, doses_per_unit) VALUES ('cd5931eb-a362-4cea-9b92-3e344c45d0f9', 'Rubella Rubella Vaccine, Live, Attenuated Diluent', '0e342233-d186-41c5-a46d-92b5e61ede29', (SELECT id FROM cold_storage_type WHERE name = '+5' or min_temperature = 2 and max_temperature = 8 LIMIT 1), 1) ON CONFLICT DO NOTHING;
INSERT INTO changelog (record_id, table_name, row_action) VALUES ('cd5931eb-a362-4cea-9b92-3e344c45d0f9', 'item_variant', 'UPSERT');
INSERT INTO packaging_variant (id, item_variant_id, name, packaging_level, volume_per_unit) VALUES ('5215b373-ab20-4ca7-bab7-29116f4ff87f', 'cd5931eb-a362-4cea-9b92-3e344c45d0f9', 'Primary', 1, 12.5) ON CONFLICT DO NOTHING;
INSERT INTO packaging_variant (id, item_variant_id, name, packaging_level, volume_per_unit) VALUES ('04563b3e-7152-4f6e-a2ac-357d21594bf0', 'cd5931eb-a362-4cea-9b92-3e344c45d0f9', 'Secondary', 2, 12.5) ON CONFLICT DO NOTHING;
INSERT INTO packaging_variant (id, item_variant_id, name, packaging_level, volume_per_unit) VALUES ('e2241822-c8b5-487c-b1a4-68b6aa9e0b91', 'cd5931eb-a362-4cea-9b92-3e344c45d0f9', 'Tertiary', 3, 0) ON CONFLICT DO NOTHING;
INSERT INTO bundled_item (id, principal_item_variant_id, bundled_item_variant_id, ratio) VALUES ('5f47e968-4240-448b-b659-74e7de70e304', '3db467f2-38f6-4960-8ccc-824facafb0f6', 'cd5931eb-a362-4cea-9b92-3e344c45d0f9', 1) ON CONFLICT DO NOTHING;
INSERT INTO changelog (record_id, table_name, row_action) VALUES ('5f47e968-4240-448b-b659-74e7de70e304', 'bundled_item', 'UPSERT');
INSERT INTO item_variant (id, name, item_link_id, cold_storage_type_id, doses_per_unit) VALUES ('095dbaef-8e64-48c4-ab6a-82d6e99c3744', 'Rubella Rubella Vaccine, Live, Attenuated', 'df0317cc-6074-4ad3-984c-7bc32be411fe', (SELECT id FROM cold_storage_type WHERE name = '+5' or min_temperature = 2 and max_temperature = 8 LIMIT 1), 2) ON CONFLICT DO NOTHING;
INSERT INTO changelog (record_id, table_name, row_action) VALUES ('095dbaef-8e64-48c4-ab6a-82d6e99c3744', 'item_variant', 'UPSERT');
INSERT INTO packaging_variant (id, item_variant_id, name, packaging_level, volume_per_unit) VALUES ('7a524956-3c9e-4249-8330-a4e95d490de6', '095dbaef-8e64-48c4-ab6a-82d6e99c3744', 'Primary', 1, 10.55) ON CONFLICT DO NOTHING;
INSERT INTO packaging_variant (id, item_variant_id, name, packaging_level, volume_per_unit) VALUES ('504ff9e3-1400-4a0b-8de2-01182680a943', '095dbaef-8e64-48c4-ab6a-82d6e99c3744', 'Secondary', 2, 10.55) ON CONFLICT DO NOTHING;
INSERT INTO packaging_variant (id, item_variant_id, name, packaging_level, volume_per_unit) VALUES ('220eca37-cdae-4fe7-976a-920a0da0964d', '095dbaef-8e64-48c4-ab6a-82d6e99c3744', 'Tertiary', 3, 49.2) ON CONFLICT DO NOTHING;
INSERT INTO item_variant (id, name, item_link_id, cold_storage_type_id, doses_per_unit) VALUES ('a2d61d8b-fe7c-4961-ae87-9c86c136307a', 'Rubella Rubella Vaccine, Live, Attenuated', 'df0317cc-6074-4ad3-984c-7bc32be411fe', (SELECT id FROM cold_storage_type WHERE name = '+5' or min_temperature = 2 and max_temperature = 8 LIMIT 1), 5) ON CONFLICT DO NOTHING;
INSERT INTO changelog (record_id, table_name, row_action) VALUES ('a2d61d8b-fe7c-4961-ae87-9c86c136307a', 'item_variant', 'UPSERT');
INSERT INTO packaging_variant (id, item_variant_id, name, packaging_level, volume_per_unit) VALUES ('25d3d843-8825-456c-bb50-ed1238f2838d', 'a2d61d8b-fe7c-4961-ae87-9c86c136307a', 'Primary', 1, 4.22) ON CONFLICT DO NOTHING;
INSERT INTO packaging_variant (id, item_variant_id, name, packaging_level, volume_per_unit) VALUES ('0ff6383b-b494-412e-9ffb-1076a77ce761', 'a2d61d8b-fe7c-4961-ae87-9c86c136307a', 'Secondary', 2, 4.22) ON CONFLICT DO NOTHING;
INSERT INTO packaging_variant (id, item_variant_id, name, packaging_level, volume_per_unit) VALUES ('d6c21fd4-2fa0-4a02-8bec-1b3b809925db', 'a2d61d8b-fe7c-4961-ae87-9c86c136307a', 'Tertiary', 3, 19.68) ON CONFLICT DO NOTHING;
INSERT INTO item_variant (id, name, item_link_id, cold_storage_type_id, doses_per_unit) VALUES ('e9cc6778-0527-464a-a97e-e0d61eb2e443', 'Rubella Rubella Vaccine, Live, Attenuated', 'df0317cc-6074-4ad3-984c-7bc32be411fe', (SELECT id FROM cold_storage_type WHERE name = '+5' or min_temperature = 2 and max_temperature = 8 LIMIT 1), 10) ON CONFLICT DO NOTHING;
INSERT INTO changelog (record_id, table_name, row_action) VALUES ('e9cc6778-0527-464a-a97e-e0d61eb2e443', 'item_variant', 'UPSERT');
INSERT INTO packaging_variant (id, item_variant_id, name, packaging_level, volume_per_unit) VALUES ('ce0d1e83-bf46-442e-a3d0-53ff97c3d382', 'e9cc6778-0527-464a-a97e-e0d61eb2e443', 'Primary', 1, 2.11) ON CONFLICT DO NOTHING;
INSERT INTO packaging_variant (id, item_variant_id, name, packaging_level, volume_per_unit) VALUES ('2c60ec98-0ce4-4155-88b5-0a5e152e4d43', 'e9cc6778-0527-464a-a97e-e0d61eb2e443', 'Secondary', 2, 2.11) ON CONFLICT DO NOTHING;
INSERT INTO packaging_variant (id, item_variant_id, name, packaging_level, volume_per_unit) VALUES ('ffc8f2cd-0587-4943-ae1e-6b795e43f0a5', 'e9cc6778-0527-464a-a97e-e0d61eb2e443', 'Tertiary', 3, 9.84) ON CONFLICT DO NOTHING;
INSERT INTO item (id, name, code, ven_category, type, legacy_record, is_active, is_vaccine, vaccine_doses, default_pack_size) VALUES ('4cc5b684-c8b5-4698-b282-9af585d539f2', 'Diphtheria-Tetanus (reduced antigen content)', 'Td', 'NOT_ASSIGNED', 'STOCK', '', 'True', 'True', 1, 1) ON CONFLICT DO NOTHING;
INSERT INTO item_link (id, item_id) VALUES ('4cc5b684-c8b5-4698-b282-9af585d539f2', '4cc5b684-c8b5-4698-b282-9af585d539f2') ON CONFLICT DO NOTHING;
INSERT INTO changelog (record_id, table_name, row_action) VALUES ('4cc5b684-c8b5-4698-b282-9af585d539f2', 'item', 'UPSERT');
INSERT INTO master_list_line (id, master_list_id, item_link_id) VALUES (uuid_in(md5(random()::text || random()::text)::cstring), '43491ce9-bc89-4ee5-988d-9dbb2856e398', '4cc5b684-c8b5-4698-b282-9af585d539f2') ON CONFLICT DO NOTHING;
INSERT INTO item_variant (id, name, item_link_id, cold_storage_type_id, doses_per_unit) VALUES ('7410edbb-411f-4a68-9fe4-2c5ef65c207e', 'Td Diphtheria and Tetanus Vaccine Adsorbed for Adults and Adolescents', '4cc5b684-c8b5-4698-b282-9af585d539f2', (SELECT id FROM cold_storage_type WHERE name = '+5' or min_temperature = 2 and max_temperature = 8 LIMIT 1), 1) ON CONFLICT DO NOTHING;
INSERT INTO changelog (record_id, table_name, row_action) VALUES ('7410edbb-411f-4a68-9fe4-2c5ef65c207e', 'item_variant', 'UPSERT');
INSERT INTO packaging_variant (id, item_variant_id, name, packaging_level, volume_per_unit) VALUES ('eadd1c88-fe2b-4b8f-b212-4df13ad0ff44', '7410edbb-411f-4a68-9fe4-2c5ef65c207e', 'Primary', 1, 12.18) ON CONFLICT DO NOTHING;
INSERT INTO packaging_variant (id, item_variant_id, name, packaging_level, volume_per_unit) VALUES ('4878f4d4-645c-40a3-a4a9-7e0df7f0dfac', '7410edbb-411f-4a68-9fe4-2c5ef65c207e', 'Secondary', 2, 12.18) ON CONFLICT DO NOTHING;
INSERT INTO packaging_variant (id, item_variant_id, name, packaging_level, volume_per_unit) VALUES ('4ba40e8e-12ca-40a3-b3e7-3c3b917c91a7', '7410edbb-411f-4a68-9fe4-2c5ef65c207e', 'Tertiary', 3, 0.34) ON CONFLICT DO NOTHING;
INSERT INTO item_variant (id, name, item_link_id, cold_storage_type_id, doses_per_unit) VALUES ('0fca1ae4-6575-4126-b22d-ffa82561d627', 'Td None used on labelling for supply through UN agencies.     Also marketed with labelled commercial name  BE Td', '4cc5b684-c8b5-4698-b282-9af585d539f2', (SELECT id FROM cold_storage_type WHERE name = '+5' or min_temperature = 2 and max_temperature = 8 LIMIT 1), 1) ON CONFLICT DO NOTHING;
INSERT INTO changelog (record_id, table_name, row_action) VALUES ('0fca1ae4-6575-4126-b22d-ffa82561d627', 'item_variant', 'UPSERT');
INSERT INTO packaging_variant (id, item_variant_id, name, packaging_level, volume_per_unit) VALUES ('f9d3a261-5c4f-4419-b0f9-3fac6be69403', '0fca1ae4-6575-4126-b22d-ffa82561d627', 'Primary', 1, 14.68) ON CONFLICT DO NOTHING;
INSERT INTO packaging_variant (id, item_variant_id, name, packaging_level, volume_per_unit) VALUES ('af505734-a7df-4c5d-91b2-15de12265196', '0fca1ae4-6575-4126-b22d-ffa82561d627', 'Secondary', 2, 14.68) ON CONFLICT DO NOTHING;
INSERT INTO packaging_variant (id, item_variant_id, name, packaging_level, volume_per_unit) VALUES ('765b8d83-b329-45da-ad53-c8e315403aa6', '0fca1ae4-6575-4126-b22d-ffa82561d627', 'Tertiary', 3, 93.08) ON CONFLICT DO NOTHING;
INSERT INTO item_variant (id, name, item_link_id, cold_storage_type_id, doses_per_unit) VALUES ('1706fa7f-2917-470c-bb5e-89b0a8176277', 'Td Tetadif', '4cc5b684-c8b5-4698-b282-9af585d539f2', (SELECT id FROM cold_storage_type WHERE name = '+5' or min_temperature = 2 and max_temperature = 8 LIMIT 1), 10) ON CONFLICT DO NOTHING;
INSERT INTO changelog (record_id, table_name, row_action) VALUES ('1706fa7f-2917-470c-bb5e-89b0a8176277', 'item_variant', 'UPSERT');
INSERT INTO packaging_variant (id, item_variant_id, name, packaging_level, volume_per_unit) VALUES ('34ebfc34-a838-463f-b2f5-121dd2c10463', '1706fa7f-2917-470c-bb5e-89b0a8176277', 'Primary', 1, 3.78) ON CONFLICT DO NOTHING;
INSERT INTO packaging_variant (id, item_variant_id, name, packaging_level, volume_per_unit) VALUES ('0b338983-d1bd-48c4-bba5-e332f5e71e00', '1706fa7f-2917-470c-bb5e-89b0a8176277', 'Secondary', 2, 3.78) ON CONFLICT DO NOTHING;
INSERT INTO packaging_variant (id, item_variant_id, name, packaging_level, volume_per_unit) VALUES ('2eb7a0a7-7566-473e-afaa-05a538856cd8', '1706fa7f-2917-470c-bb5e-89b0a8176277', 'Tertiary', 3, 3.78) ON CONFLICT DO NOTHING;
INSERT INTO item_variant (id, name, item_link_id, cold_storage_type_id, doses_per_unit) VALUES ('a74fd6f8-b1cd-4e14-bff3-7c68a4365753', 'Td IMOVAX dT adult', '4cc5b684-c8b5-4698-b282-9af585d539f2', (SELECT id FROM cold_storage_type WHERE name = '+5' or min_temperature = 2 and max_temperature = 8 LIMIT 1), 10) ON CONFLICT DO NOTHING;
INSERT INTO changelog (record_id, table_name, row_action) VALUES ('a74fd6f8-b1cd-4e14-bff3-7c68a4365753', 'item_variant', 'UPSERT');
INSERT INTO packaging_variant (id, item_variant_id, name, packaging_level, volume_per_unit) VALUES ('f6ac0341-029d-43fa-9430-b956272a18e8', 'a74fd6f8-b1cd-4e14-bff3-7c68a4365753', 'Primary', 1, 2.46) ON CONFLICT DO NOTHING;
INSERT INTO packaging_variant (id, item_variant_id, name, packaging_level, volume_per_unit) VALUES ('41ecc6d5-5164-4aa6-b15b-f31d7b59759c', 'a74fd6f8-b1cd-4e14-bff3-7c68a4365753', 'Secondary', 2, 2.46) ON CONFLICT DO NOTHING;
INSERT INTO packaging_variant (id, item_variant_id, name, packaging_level, volume_per_unit) VALUES ('af292bbc-93c3-480d-8b65-3d14ad71f0ff', 'a74fd6f8-b1cd-4e14-bff3-7c68a4365753', 'Tertiary', 3, 2.46) ON CONFLICT DO NOTHING;
INSERT INTO item_variant (id, name, item_link_id, cold_storage_type_id, doses_per_unit) VALUES ('44fe76a1-baf4-495f-8f91-9b2814c94e4e', 'Td Diphtheria and Tetanus Vaccine Adsorbed for Adults and Adolescents', '4cc5b684-c8b5-4698-b282-9af585d539f2', (SELECT id FROM cold_storage_type WHERE name = '+5' or min_temperature = 2 and max_temperature = 8 LIMIT 1), 10) ON CONFLICT DO NOTHING;
INSERT INTO changelog (record_id, table_name, row_action) VALUES ('44fe76a1-baf4-495f-8f91-9b2814c94e4e', 'item_variant', 'UPSERT');
INSERT INTO packaging_variant (id, item_variant_id, name, packaging_level, volume_per_unit) VALUES ('4d30b00c-2729-4d08-b902-76fb6c5e021c', '44fe76a1-baf4-495f-8f91-9b2814c94e4e', 'Primary', 1, 2.11) ON CONFLICT DO NOTHING;
INSERT INTO packaging_variant (id, item_variant_id, name, packaging_level, volume_per_unit) VALUES ('70310437-875e-49f4-b9a0-42c6f4893da9', '44fe76a1-baf4-495f-8f91-9b2814c94e4e', 'Secondary', 2, 2.11) ON CONFLICT DO NOTHING;
INSERT INTO packaging_variant (id, item_variant_id, name, packaging_level, volume_per_unit) VALUES ('8fd104b5-9095-4440-b85a-669202cd3e9d', '44fe76a1-baf4-495f-8f91-9b2814c94e4e', 'Tertiary', 3, 9.84) ON CONFLICT DO NOTHING;
INSERT INTO item_variant (id, name, item_link_id, cold_storage_type_id, doses_per_unit) VALUES ('d1acff07-f724-4b78-904f-30b0fe0bf1ae', 'Td none', '4cc5b684-c8b5-4698-b282-9af585d539f2', (SELECT id FROM cold_storage_type WHERE name = '+5' or min_temperature = 2 and max_temperature = 8 LIMIT 1), 10) ON CONFLICT DO NOTHING;
INSERT INTO changelog (record_id, table_name, row_action) VALUES ('d1acff07-f724-4b78-904f-30b0fe0bf1ae', 'item_variant', 'UPSERT');
INSERT INTO packaging_variant (id, item_variant_id, name, packaging_level, volume_per_unit) VALUES ('d9b3faa3-70a9-4cd7-a866-24061232bd48', 'd1acff07-f724-4b78-904f-30b0fe0bf1ae', 'Primary', 1, 2.23) ON CONFLICT DO NOTHING;
INSERT INTO packaging_variant (id, item_variant_id, name, packaging_level, volume_per_unit) VALUES ('8a80fbfe-f2fb-46ff-a559-ca0943d210ae', 'd1acff07-f724-4b78-904f-30b0fe0bf1ae', 'Secondary', 2, 2.23) ON CONFLICT DO NOTHING;
INSERT INTO packaging_variant (id, item_variant_id, name, packaging_level, volume_per_unit) VALUES ('436e8189-8090-4f7c-8644-0ac1bde8bd2e', 'd1acff07-f724-4b78-904f-30b0fe0bf1ae', 'Tertiary', 3, 2.23) ON CONFLICT DO NOTHING;
INSERT INTO item_variant (id, name, item_link_id, cold_storage_type_id, doses_per_unit) VALUES ('d285f415-25c4-46f4-8d61-46803d0942a0', 'Td None used on labelling for supply through UN agencies.     Also marketed with labelled commercial name  BE Td', '4cc5b684-c8b5-4698-b282-9af585d539f2', (SELECT id FROM cold_storage_type WHERE name = '+5' or min_temperature = 2 and max_temperature = 8 LIMIT 1), 10) ON CONFLICT DO NOTHING;
INSERT INTO changelog (record_id, table_name, row_action) VALUES ('d285f415-25c4-46f4-8d61-46803d0942a0', 'item_variant', 'UPSERT');
INSERT INTO packaging_variant (id, item_variant_id, name, packaging_level, volume_per_unit) VALUES ('ad6f001f-d9ec-473b-9520-e97cff62fa6e', 'd285f415-25c4-46f4-8d61-46803d0942a0', 'Primary', 1, 2.93) ON CONFLICT DO NOTHING;
INSERT INTO packaging_variant (id, item_variant_id, name, packaging_level, volume_per_unit) VALUES ('884cf2f4-dd59-4438-b2a7-7618d4e05566', 'd285f415-25c4-46f4-8d61-46803d0942a0', 'Secondary', 2, 2.93) ON CONFLICT DO NOTHING;
INSERT INTO packaging_variant (id, item_variant_id, name, packaging_level, volume_per_unit) VALUES ('b74e399d-fea6-4725-b470-8cbf33637889', 'd285f415-25c4-46f4-8d61-46803d0942a0', 'Tertiary', 3, 18.62) ON CONFLICT DO NOTHING;
INSERT INTO item_variant (id, name, item_link_id, cold_storage_type_id, doses_per_unit) VALUES ('a57281eb-9252-4916-805a-ff5f353c2101', 'Td Tetadif', '4cc5b684-c8b5-4698-b282-9af585d539f2', (SELECT id FROM cold_storage_type WHERE name = '+5' or min_temperature = 2 and max_temperature = 8 LIMIT 1), 20) ON CONFLICT DO NOTHING;
INSERT INTO changelog (record_id, table_name, row_action) VALUES ('a57281eb-9252-4916-805a-ff5f353c2101', 'item_variant', 'UPSERT');
INSERT INTO packaging_variant (id, item_variant_id, name, packaging_level, volume_per_unit) VALUES ('cbe7a2a6-2362-4113-9307-4130ad97ba76', 'a57281eb-9252-4916-805a-ff5f353c2101', 'Primary', 1, 1.89) ON CONFLICT DO NOTHING;
INSERT INTO packaging_variant (id, item_variant_id, name, packaging_level, volume_per_unit) VALUES ('b30c655a-9ba2-495e-88ec-d4299ea2a243', 'a57281eb-9252-4916-805a-ff5f353c2101', 'Secondary', 2, 1.89) ON CONFLICT DO NOTHING;
INSERT INTO packaging_variant (id, item_variant_id, name, packaging_level, volume_per_unit) VALUES ('ca8fa53e-13b9-44b2-9bf1-49e8064962d6', 'a57281eb-9252-4916-805a-ff5f353c2101', 'Tertiary', 3, 1.89) ON CONFLICT DO NOTHING;
INSERT INTO item_variant (id, name, item_link_id, cold_storage_type_id, doses_per_unit) VALUES ('03bba020-b485-48ff-973a-7f3f16b21e21', 'Td Diphtheria and Tetanus Vaccine Adsorbed for Adults and Adolescents', '4cc5b684-c8b5-4698-b282-9af585d539f2', (SELECT id FROM cold_storage_type WHERE name = '+5' or min_temperature = 2 and max_temperature = 8 LIMIT 1), 20) ON CONFLICT DO NOTHING;
INSERT INTO changelog (record_id, table_name, row_action) VALUES ('03bba020-b485-48ff-973a-7f3f16b21e21', 'item_variant', 'UPSERT');
INSERT INTO packaging_variant (id, item_variant_id, name, packaging_level, volume_per_unit) VALUES ('f8cb6bdc-1f3d-441a-af51-8b25ae753e76', '03bba020-b485-48ff-973a-7f3f16b21e21', 'Primary', 1, 2.12) ON CONFLICT DO NOTHING;
INSERT INTO packaging_variant (id, item_variant_id, name, packaging_level, volume_per_unit) VALUES ('da8e0ff0-a6f7-4847-bb7a-1a379ce85b70', '03bba020-b485-48ff-973a-7f3f16b21e21', 'Secondary', 2, 2.12) ON CONFLICT DO NOTHING;
INSERT INTO packaging_variant (id, item_variant_id, name, packaging_level, volume_per_unit) VALUES ('24e851cd-19ce-4907-a34b-6f15b241672a', '03bba020-b485-48ff-973a-7f3f16b21e21', 'Tertiary', 3, 9.84) ON CONFLICT DO NOTHING;
INSERT INTO item (id, name, code, ven_category, type, legacy_record, is_active, is_vaccine, vaccine_doses, default_pack_size) VALUES ('559ee88e-77c1-4a08-b005-ae8be280f226', 'Polio Vaccine - Oral (OPV) Trivalent', 'tOPV', 'NOT_ASSIGNED', 'STOCK', '', 'True', 'True', 1, 1) ON CONFLICT DO NOTHING;
INSERT INTO item_link (id, item_id) VALUES ('559ee88e-77c1-4a08-b005-ae8be280f226', '559ee88e-77c1-4a08-b005-ae8be280f226') ON CONFLICT DO NOTHING;
INSERT INTO changelog (record_id, table_name, row_action) VALUES ('559ee88e-77c1-4a08-b005-ae8be280f226', 'item', 'UPSERT');
INSERT INTO master_list_line (id, master_list_id, item_link_id) VALUES (uuid_in(md5(random()::text || random()::text)::cstring), '43491ce9-bc89-4ee5-988d-9dbb2856e398', '559ee88e-77c1-4a08-b005-ae8be280f226') ON CONFLICT DO NOTHING;
INSERT INTO item_variant (id, name, item_link_id, cold_storage_type_id, doses_per_unit) VALUES ('a4abb7c6-ca2a-46a2-b70f-638386caa645', 'tOPV Oral polio', '559ee88e-77c1-4a08-b005-ae8be280f226', (SELECT id FROM cold_storage_type WHERE name = '-20' or min_temperature = -20 and max_temperature = -20 LIMIT 1), 10) ON CONFLICT DO NOTHING;
INSERT INTO changelog (record_id, table_name, row_action) VALUES ('a4abb7c6-ca2a-46a2-b70f-638386caa645', 'item_variant', 'UPSERT');
INSERT INTO packaging_variant (id, item_variant_id, name, packaging_level, volume_per_unit) VALUES ('3580565e-dd7e-498a-88be-c9b29022d35f', 'a4abb7c6-ca2a-46a2-b70f-638386caa645', 'Primary', 1, 3.2) ON CONFLICT DO NOTHING;
INSERT INTO packaging_variant (id, item_variant_id, name, packaging_level, volume_per_unit) VALUES ('2a24ff07-3bc1-4fa2-953c-328890db6d2c', 'a4abb7c6-ca2a-46a2-b70f-638386caa645', 'Secondary', 2, 3.2) ON CONFLICT DO NOTHING;
INSERT INTO packaging_variant (id, item_variant_id, name, packaging_level, volume_per_unit) VALUES ('bd8c45f4-c479-422a-8b71-f2c14167a737', 'a4abb7c6-ca2a-46a2-b70f-638386caa645', 'Tertiary', 3, 3.2) ON CONFLICT DO NOTHING;
INSERT INTO item_variant (id, name, item_link_id, cold_storage_type_id, doses_per_unit) VALUES ('622e58f1-1266-49f3-91a6-51387aa08cf2', 'tOPV Polio sabin', '559ee88e-77c1-4a08-b005-ae8be280f226', (SELECT id FROM cold_storage_type WHERE name = '-20' or min_temperature = -20 and max_temperature = -20 LIMIT 1), 10) ON CONFLICT DO NOTHING;
INSERT INTO changelog (record_id, table_name, row_action) VALUES ('622e58f1-1266-49f3-91a6-51387aa08cf2', 'item_variant', 'UPSERT');
INSERT INTO packaging_variant (id, item_variant_id, name, packaging_level, volume_per_unit) VALUES ('2977c8da-108f-4131-b841-d3c4b674fa93', '622e58f1-1266-49f3-91a6-51387aa08cf2', 'Primary', 1, 0) ON CONFLICT DO NOTHING;
INSERT INTO packaging_variant (id, item_variant_id, name, packaging_level, volume_per_unit) VALUES ('9cf40159-0a51-468f-8818-9ce599abad4e', '622e58f1-1266-49f3-91a6-51387aa08cf2', 'Secondary', 2, 0) ON CONFLICT DO NOTHING;
INSERT INTO packaging_variant (id, item_variant_id, name, packaging_level, volume_per_unit) VALUES ('c796bb7e-1076-488d-bfcf-c0f44afb9740', '622e58f1-1266-49f3-91a6-51387aa08cf2', 'Tertiary', 3, 0) ON CONFLICT DO NOTHING;
INSERT INTO item_variant (id, name, item_link_id, cold_storage_type_id, doses_per_unit) VALUES ('a2633529-8559-4056-a017-4dccc7059898', 'tOPV OPVERO', '559ee88e-77c1-4a08-b005-ae8be280f226', (SELECT id FROM cold_storage_type WHERE name = '-20' or min_temperature = -20 and max_temperature = -20 LIMIT 1), 10) ON CONFLICT DO NOTHING;
INSERT INTO changelog (record_id, table_name, row_action) VALUES ('a2633529-8559-4056-a017-4dccc7059898', 'item_variant', 'UPSERT');
INSERT INTO packaging_variant (id, item_variant_id, name, packaging_level, volume_per_unit) VALUES ('94f78b6d-a0da-449f-91ba-d8daeba3e1b9', 'a2633529-8559-4056-a017-4dccc7059898', 'Primary', 1, 0.97) ON CONFLICT DO NOTHING;
INSERT INTO packaging_variant (id, item_variant_id, name, packaging_level, volume_per_unit) VALUES ('1031f752-b6d7-44be-8736-588ac3a23a9d', 'a2633529-8559-4056-a017-4dccc7059898', 'Secondary', 2, 0.97) ON CONFLICT DO NOTHING;
INSERT INTO packaging_variant (id, item_variant_id, name, packaging_level, volume_per_unit) VALUES ('a12d448e-5b64-4bf4-9331-22c5aed5ad4e', 'a2633529-8559-4056-a017-4dccc7059898', 'Tertiary', 3, 0.97) ON CONFLICT DO NOTHING;
INSERT INTO item_variant (id, name, item_link_id, cold_storage_type_id, doses_per_unit) VALUES ('290515c5-d1aa-415c-8b76-7abea0f18de1', 'tOPV OPVERO', '559ee88e-77c1-4a08-b005-ae8be280f226', (SELECT id FROM cold_storage_type WHERE name = '-20' or min_temperature = -20 and max_temperature = -20 LIMIT 1), 10) ON CONFLICT DO NOTHING;
INSERT INTO changelog (record_id, table_name, row_action) VALUES ('290515c5-d1aa-415c-8b76-7abea0f18de1', 'item_variant', 'UPSERT');
INSERT INTO packaging_variant (id, item_variant_id, name, packaging_level, volume_per_unit) VALUES ('04db300c-70a8-4d5a-bc02-f8077699f357', '290515c5-d1aa-415c-8b76-7abea0f18de1', 'Primary', 1, 0) ON CONFLICT DO NOTHING;
INSERT INTO packaging_variant (id, item_variant_id, name, packaging_level, volume_per_unit) VALUES ('d039769f-ede8-4f0f-8921-e2cedc27aec6', '290515c5-d1aa-415c-8b76-7abea0f18de1', 'Secondary', 2, 0) ON CONFLICT DO NOTHING;
INSERT INTO packaging_variant (id, item_variant_id, name, packaging_level, volume_per_unit) VALUES ('2218af0a-8013-42e3-862a-0e9726b32585', '290515c5-d1aa-415c-8b76-7abea0f18de1', 'Tertiary', 3, 0) ON CONFLICT DO NOTHING;
INSERT INTO item_variant (id, name, item_link_id, cold_storage_type_id, doses_per_unit) VALUES ('11e80128-dd1a-4a26-9b43-1172254f9e6d', 'tOPV Poliomyelitis Vaccine (Oral), Trivalent types 1, 2 and 3', '559ee88e-77c1-4a08-b005-ae8be280f226', (SELECT id FROM cold_storage_type WHERE name = '-20' or min_temperature = -20 and max_temperature = -20 LIMIT 1), 10) ON CONFLICT DO NOTHING;
INSERT INTO changelog (record_id, table_name, row_action) VALUES ('11e80128-dd1a-4a26-9b43-1172254f9e6d', 'item_variant', 'UPSERT');
INSERT INTO packaging_variant (id, item_variant_id, name, packaging_level, volume_per_unit) VALUES ('4212a485-c32b-4f72-a554-cdf43ea6271c', '11e80128-dd1a-4a26-9b43-1172254f9e6d', 'Primary', 1, 1.76) ON CONFLICT DO NOTHING;
INSERT INTO packaging_variant (id, item_variant_id, name, packaging_level, volume_per_unit) VALUES ('a0869c3a-6c98-49da-9201-87044ae6df93', '11e80128-dd1a-4a26-9b43-1172254f9e6d', 'Secondary', 2, 1.76) ON CONFLICT DO NOTHING;
INSERT INTO packaging_variant (id, item_variant_id, name, packaging_level, volume_per_unit) VALUES ('1b39fe05-b141-4b71-92df-8296d786a14b', '11e80128-dd1a-4a26-9b43-1172254f9e6d', 'Tertiary', 3, 11.52) ON CONFLICT DO NOTHING;
INSERT INTO item_variant (id, name, item_link_id, cold_storage_type_id, doses_per_unit) VALUES ('150f2f31-f65d-4af5-8413-8875ed18ec0e', 'tOPV BIOPOLIO', '559ee88e-77c1-4a08-b005-ae8be280f226', (SELECT id FROM cold_storage_type WHERE name = '-20' or min_temperature = -20 and max_temperature = -20 LIMIT 1), 10) ON CONFLICT DO NOTHING;
INSERT INTO changelog (record_id, table_name, row_action) VALUES ('150f2f31-f65d-4af5-8413-8875ed18ec0e', 'item_variant', 'UPSERT');
INSERT INTO packaging_variant (id, item_variant_id, name, packaging_level, volume_per_unit) VALUES ('929f2b17-3a82-408c-adea-6dd3f05233f4', '150f2f31-f65d-4af5-8413-8875ed18ec0e', 'Primary', 1, 1.7) ON CONFLICT DO NOTHING;
INSERT INTO packaging_variant (id, item_variant_id, name, packaging_level, volume_per_unit) VALUES ('3a1af569-abfc-4173-8c3c-ef567be4ac18', '150f2f31-f65d-4af5-8413-8875ed18ec0e', 'Secondary', 2, 1.7) ON CONFLICT DO NOTHING;
INSERT INTO packaging_variant (id, item_variant_id, name, packaging_level, volume_per_unit) VALUES ('ff578e97-fb3e-4ef9-a55d-002d379d3b6e', '150f2f31-f65d-4af5-8413-8875ed18ec0e', 'Tertiary', 3, 9.83) ON CONFLICT DO NOTHING;
INSERT INTO item_variant (id, name, item_link_id, cold_storage_type_id, doses_per_unit) VALUES ('cebb60ce-12ec-476b-92f7-ed5b2f4d0c67', 'tOPV Oral polio', '559ee88e-77c1-4a08-b005-ae8be280f226', (SELECT id FROM cold_storage_type WHERE name = '-20' or min_temperature = -20 and max_temperature = -20 LIMIT 1), 20) ON CONFLICT DO NOTHING;
INSERT INTO changelog (record_id, table_name, row_action) VALUES ('cebb60ce-12ec-476b-92f7-ed5b2f4d0c67', 'item_variant', 'UPSERT');
INSERT INTO packaging_variant (id, item_variant_id, name, packaging_level, volume_per_unit) VALUES ('1b281fa1-8d4a-4777-8275-54aa633d45b1', 'cebb60ce-12ec-476b-92f7-ed5b2f4d0c67', 'Primary', 1, 0.24) ON CONFLICT DO NOTHING;
INSERT INTO packaging_variant (id, item_variant_id, name, packaging_level, volume_per_unit) VALUES ('ad201c52-7128-40ef-b49d-b95dbde770de', 'cebb60ce-12ec-476b-92f7-ed5b2f4d0c67', 'Secondary', 2, 0.24) ON CONFLICT DO NOTHING;
INSERT INTO packaging_variant (id, item_variant_id, name, packaging_level, volume_per_unit) VALUES ('858c46b3-f565-4060-8ec7-2560f6d34763', 'cebb60ce-12ec-476b-92f7-ed5b2f4d0c67', 'Tertiary', 3, 0.24) ON CONFLICT DO NOTHING;
INSERT INTO item_variant (id, name, item_link_id, cold_storage_type_id, doses_per_unit) VALUES ('0b50fc8e-a62b-4396-a609-8db4bd15d854', 'tOPV Polio sabin', '559ee88e-77c1-4a08-b005-ae8be280f226', (SELECT id FROM cold_storage_type WHERE name = '-20' or min_temperature = -20 and max_temperature = -20 LIMIT 1), 20) ON CONFLICT DO NOTHING;
INSERT INTO changelog (record_id, table_name, row_action) VALUES ('0b50fc8e-a62b-4396-a609-8db4bd15d854', 'item_variant', 'UPSERT');
INSERT INTO packaging_variant (id, item_variant_id, name, packaging_level, volume_per_unit) VALUES ('b6315194-6419-41f5-b671-feb06f27d174', '0b50fc8e-a62b-4396-a609-8db4bd15d854', 'Primary', 1, 0) ON CONFLICT DO NOTHING;
INSERT INTO packaging_variant (id, item_variant_id, name, packaging_level, volume_per_unit) VALUES ('18f088b8-7d9c-44c1-8db1-9b1b5f60da89', '0b50fc8e-a62b-4396-a609-8db4bd15d854', 'Secondary', 2, 0) ON CONFLICT DO NOTHING;
INSERT INTO packaging_variant (id, item_variant_id, name, packaging_level, volume_per_unit) VALUES ('f827f656-c80d-4220-b8eb-36969ceb1de4', '0b50fc8e-a62b-4396-a609-8db4bd15d854', 'Tertiary', 3, 0) ON CONFLICT DO NOTHING;
INSERT INTO item_variant (id, name, item_link_id, cold_storage_type_id, doses_per_unit) VALUES ('d55d1657-4457-4a8a-ba02-23bb80946562', 'tOPV Polioviral vaccine', '559ee88e-77c1-4a08-b005-ae8be280f226', (SELECT id FROM cold_storage_type WHERE name = '-20' or min_temperature = -20 and max_temperature = -20 LIMIT 1), 20) ON CONFLICT DO NOTHING;
INSERT INTO changelog (record_id, table_name, row_action) VALUES ('d55d1657-4457-4a8a-ba02-23bb80946562', 'item_variant', 'UPSERT');
INSERT INTO packaging_variant (id, item_variant_id, name, packaging_level, volume_per_unit) VALUES ('6fc457da-ddef-4a1b-a9b6-a3bc359dc17e', 'd55d1657-4457-4a8a-ba02-23bb80946562', 'Primary', 1, 1) ON CONFLICT DO NOTHING;
INSERT INTO packaging_variant (id, item_variant_id, name, packaging_level, volume_per_unit) VALUES ('a12a40c1-95e2-4d51-a548-00c6feda308b', 'd55d1657-4457-4a8a-ba02-23bb80946562', 'Secondary', 2, 1) ON CONFLICT DO NOTHING;
INSERT INTO packaging_variant (id, item_variant_id, name, packaging_level, volume_per_unit) VALUES ('f93bb394-121c-442c-9e82-1aa021e19f24', 'd55d1657-4457-4a8a-ba02-23bb80946562', 'Tertiary', 3, 1) ON CONFLICT DO NOTHING;
INSERT INTO item_variant (id, name, item_link_id, cold_storage_type_id, doses_per_unit) VALUES ('42bc7b9f-67b8-40b1-b786-4323eb94f2e3', 'tOPV OPVERO', '559ee88e-77c1-4a08-b005-ae8be280f226', (SELECT id FROM cold_storage_type WHERE name = '-20' or min_temperature = -20 and max_temperature = -20 LIMIT 1), 20) ON CONFLICT DO NOTHING;
INSERT INTO changelog (record_id, table_name, row_action) VALUES ('42bc7b9f-67b8-40b1-b786-4323eb94f2e3', 'item_variant', 'UPSERT');
INSERT INTO packaging_variant (id, item_variant_id, name, packaging_level, volume_per_unit) VALUES ('7b15146a-9613-4065-a0ce-bbec73143ef6', '42bc7b9f-67b8-40b1-b786-4323eb94f2e3', 'Primary', 1, 0.48) ON CONFLICT DO NOTHING;
INSERT INTO packaging_variant (id, item_variant_id, name, packaging_level, volume_per_unit) VALUES ('a1bc3938-761d-411b-a894-a411f0602b1b', '42bc7b9f-67b8-40b1-b786-4323eb94f2e3', 'Secondary', 2, 0.48) ON CONFLICT DO NOTHING;
INSERT INTO packaging_variant (id, item_variant_id, name, packaging_level, volume_per_unit) VALUES ('e018f438-73ae-49c4-b135-4f610bac2374', '42bc7b9f-67b8-40b1-b786-4323eb94f2e3', 'Tertiary', 3, 0.48) ON CONFLICT DO NOTHING;
INSERT INTO item_variant (id, name, item_link_id, cold_storage_type_id, doses_per_unit) VALUES ('e72c9609-b8c8-4062-99d1-f5d1724e6d79', 'tOPV Poliomyelitis Vaccine (Oral), Trivalent types 1, 2 and 3', '559ee88e-77c1-4a08-b005-ae8be280f226', (SELECT id FROM cold_storage_type WHERE name = '-20' or min_temperature = -20 and max_temperature = -20 LIMIT 1), 20) ON CONFLICT DO NOTHING;
INSERT INTO changelog (record_id, table_name, row_action) VALUES ('e72c9609-b8c8-4062-99d1-f5d1724e6d79', 'item_variant', 'UPSERT');
INSERT INTO packaging_variant (id, item_variant_id, name, packaging_level, volume_per_unit) VALUES ('32dc3d3a-0e0a-43ef-9135-a47831cb9c0d', 'e72c9609-b8c8-4062-99d1-f5d1724e6d79', 'Primary', 1, 0.88) ON CONFLICT DO NOTHING;
INSERT INTO packaging_variant (id, item_variant_id, name, packaging_level, volume_per_unit) VALUES ('83cdea30-1e7a-4c8c-a44c-b6e09073354b', 'e72c9609-b8c8-4062-99d1-f5d1724e6d79', 'Secondary', 2, 0.88) ON CONFLICT DO NOTHING;
INSERT INTO packaging_variant (id, item_variant_id, name, packaging_level, volume_per_unit) VALUES ('97c93d43-1cf8-41a4-950c-a83cf0098e2a', 'e72c9609-b8c8-4062-99d1-f5d1724e6d79', 'Tertiary', 3, 5.76) ON CONFLICT DO NOTHING;
INSERT INTO item_variant (id, name, item_link_id, cold_storage_type_id, doses_per_unit) VALUES ('795ca588-152d-4c42-b5ea-94668cfeb9fb', 'tOPV BIOPOLIO', '559ee88e-77c1-4a08-b005-ae8be280f226', (SELECT id FROM cold_storage_type WHERE name = '-20' or min_temperature = -20 and max_temperature = -20 LIMIT 1), 20) ON CONFLICT DO NOTHING;
INSERT INTO changelog (record_id, table_name, row_action) VALUES ('795ca588-152d-4c42-b5ea-94668cfeb9fb', 'item_variant', 'UPSERT');
INSERT INTO packaging_variant (id, item_variant_id, name, packaging_level, volume_per_unit) VALUES ('67d47ac7-ae39-44f3-a84f-5c24361db0c9', '795ca588-152d-4c42-b5ea-94668cfeb9fb', 'Primary', 1, 0.85) ON CONFLICT DO NOTHING;
INSERT INTO packaging_variant (id, item_variant_id, name, packaging_level, volume_per_unit) VALUES ('3bf7d8f0-d99e-44b5-8692-348d888dadc5', '795ca588-152d-4c42-b5ea-94668cfeb9fb', 'Secondary', 2, 0.85) ON CONFLICT DO NOTHING;
INSERT INTO packaging_variant (id, item_variant_id, name, packaging_level, volume_per_unit) VALUES ('62c5555f-d7cd-4e9f-8f34-76db841a3d29', '795ca588-152d-4c42-b5ea-94668cfeb9fb', 'Tertiary', 3, 4.92) ON CONFLICT DO NOTHING;
INSERT INTO item (id, name, code, ven_category, type, legacy_record, is_active, is_vaccine, vaccine_doses, default_pack_size) VALUES ('2db6ca6a-df96-4c47-a96b-1cc2ffc80dd0', 'Tetanus Toxoid', 'TT', 'NOT_ASSIGNED', 'STOCK', '', 'True', 'True', 1, 1) ON CONFLICT DO NOTHING;
INSERT INTO item_link (id, item_id) VALUES ('2db6ca6a-df96-4c47-a96b-1cc2ffc80dd0', '2db6ca6a-df96-4c47-a96b-1cc2ffc80dd0') ON CONFLICT DO NOTHING;
INSERT INTO changelog (record_id, table_name, row_action) VALUES ('2db6ca6a-df96-4c47-a96b-1cc2ffc80dd0', 'item', 'UPSERT');
INSERT INTO master_list_line (id, master_list_id, item_link_id) VALUES (uuid_in(md5(random()::text || random()::text)::cstring), '43491ce9-bc89-4ee5-988d-9dbb2856e398', '2db6ca6a-df96-4c47-a96b-1cc2ffc80dd0') ON CONFLICT DO NOTHING;
INSERT INTO item_variant (id, name, item_link_id, cold_storage_type_id, doses_per_unit) VALUES ('6f1f62d2-8f23-4a62-a567-27d18088a484', 'TT TT vaccine', '2db6ca6a-df96-4c47-a96b-1cc2ffc80dd0', (SELECT id FROM cold_storage_type WHERE name = '+5' or min_temperature = 2 and max_temperature = 8 LIMIT 1), 1) ON CONFLICT DO NOTHING;
INSERT INTO changelog (record_id, table_name, row_action) VALUES ('6f1f62d2-8f23-4a62-a567-27d18088a484', 'item_variant', 'UPSERT');
INSERT INTO packaging_variant (id, item_variant_id, name, packaging_level, volume_per_unit) VALUES ('7d47bf6e-4915-455b-8a23-cc1c284d56c5', '6f1f62d2-8f23-4a62-a567-27d18088a484', 'Primary', 1, 12) ON CONFLICT DO NOTHING;
INSERT INTO packaging_variant (id, item_variant_id, name, packaging_level, volume_per_unit) VALUES ('42cf9949-ddef-407d-800c-2baecda57a2b', '6f1f62d2-8f23-4a62-a567-27d18088a484', 'Secondary', 2, 12) ON CONFLICT DO NOTHING;
INSERT INTO packaging_variant (id, item_variant_id, name, packaging_level, volume_per_unit) VALUES ('1d887b81-4d42-424b-b6c3-740b760a9ed0', '6f1f62d2-8f23-4a62-a567-27d18088a484', 'Tertiary', 3, 12) ON CONFLICT DO NOTHING;
INSERT INTO item_variant (id, name, item_link_id, cold_storage_type_id, doses_per_unit) VALUES ('7edbb725-9b58-476e-afeb-c3fcf3ede965', 'TT Tetanus  Toxoid Vaccine Adsorbed', '2db6ca6a-df96-4c47-a96b-1cc2ffc80dd0', (SELECT id FROM cold_storage_type WHERE name = '+5' or min_temperature = 2 and max_temperature = 8 LIMIT 1), 1) ON CONFLICT DO NOTHING;
INSERT INTO changelog (record_id, table_name, row_action) VALUES ('7edbb725-9b58-476e-afeb-c3fcf3ede965', 'item_variant', 'UPSERT');
INSERT INTO packaging_variant (id, item_variant_id, name, packaging_level, volume_per_unit) VALUES ('beebfa67-12c3-4674-aea5-389193ff1593', '7edbb725-9b58-476e-afeb-c3fcf3ede965', 'Primary', 1, 12.18) ON CONFLICT DO NOTHING;
INSERT INTO packaging_variant (id, item_variant_id, name, packaging_level, volume_per_unit) VALUES ('f9bc5d2a-2579-4fa6-a1a7-750aed7a8bb6', '7edbb725-9b58-476e-afeb-c3fcf3ede965', 'Secondary', 2, 12.18) ON CONFLICT DO NOTHING;
INSERT INTO packaging_variant (id, item_variant_id, name, packaging_level, volume_per_unit) VALUES ('f6efd1d9-08c2-412b-b9cc-5c1efb79e4d3', '7edbb725-9b58-476e-afeb-c3fcf3ede965', 'Tertiary', 3, 65.6) ON CONFLICT DO NOTHING;
INSERT INTO item_variant (id, name, item_link_id, cold_storage_type_id, doses_per_unit) VALUES ('d9f17fa3-976f-4004-a878-095a53650d33', 'TT None used on labelling for supply through UN agencies.     Also marketed with labelled commercial name  BEtt.', '2db6ca6a-df96-4c47-a96b-1cc2ffc80dd0', (SELECT id FROM cold_storage_type WHERE name = '+5' or min_temperature = 2 and max_temperature = 8 LIMIT 1), 1) ON CONFLICT DO NOTHING;
INSERT INTO changelog (record_id, table_name, row_action) VALUES ('d9f17fa3-976f-4004-a878-095a53650d33', 'item_variant', 'UPSERT');
INSERT INTO packaging_variant (id, item_variant_id, name, packaging_level, volume_per_unit) VALUES ('335c54a8-b93c-41fc-aada-269729e980ba', 'd9f17fa3-976f-4004-a878-095a53650d33', 'Primary', 1, 14.7) ON CONFLICT DO NOTHING;
INSERT INTO packaging_variant (id, item_variant_id, name, packaging_level, volume_per_unit) VALUES ('50740115-a1ac-4b20-8fa4-a0d4d8e66dc0', 'd9f17fa3-976f-4004-a878-095a53650d33', 'Secondary', 2, 14.7) ON CONFLICT DO NOTHING;
INSERT INTO packaging_variant (id, item_variant_id, name, packaging_level, volume_per_unit) VALUES ('4cc13eb4-1077-445b-894f-740ae2b21bfa', 'd9f17fa3-976f-4004-a878-095a53650d33', 'Tertiary', 3, 14.7) ON CONFLICT DO NOTHING;
INSERT INTO item_variant (id, name, item_link_id, cold_storage_type_id, doses_per_unit) VALUES ('0287a0da-4748-4521-8795-fd15024e723f', 'TT TT vaccine', '2db6ca6a-df96-4c47-a96b-1cc2ffc80dd0', (SELECT id FROM cold_storage_type WHERE name = '+5' or min_temperature = 2 and max_temperature = 8 LIMIT 1), 10) ON CONFLICT DO NOTHING;
INSERT INTO changelog (record_id, table_name, row_action) VALUES ('0287a0da-4748-4521-8795-fd15024e723f', 'item_variant', 'UPSERT');
INSERT INTO packaging_variant (id, item_variant_id, name, packaging_level, volume_per_unit) VALUES ('4d9a2d48-9669-4f08-b25c-d0489daf2b54', '0287a0da-4748-4521-8795-fd15024e723f', 'Primary', 1, 2.22) ON CONFLICT DO NOTHING;
INSERT INTO packaging_variant (id, item_variant_id, name, packaging_level, volume_per_unit) VALUES ('0d72bc74-a6cc-4635-944e-02f939acc8b7', '0287a0da-4748-4521-8795-fd15024e723f', 'Secondary', 2, 2.22) ON CONFLICT DO NOTHING;
INSERT INTO packaging_variant (id, item_variant_id, name, packaging_level, volume_per_unit) VALUES ('3eb552d9-4773-41a7-be18-e9ae86f6c446', '0287a0da-4748-4521-8795-fd15024e723f', 'Tertiary', 3, 2.22) ON CONFLICT DO NOTHING;
INSERT INTO item_variant (id, name, item_link_id, cold_storage_type_id, doses_per_unit) VALUES ('68a7d5e5-8676-4455-8cd8-bc74be02582b', 'TT Tetatox', '2db6ca6a-df96-4c47-a96b-1cc2ffc80dd0', (SELECT id FROM cold_storage_type WHERE name = '+5' or min_temperature = 2 and max_temperature = 8 LIMIT 1), 10) ON CONFLICT DO NOTHING;
INSERT INTO changelog (record_id, table_name, row_action) VALUES ('68a7d5e5-8676-4455-8cd8-bc74be02582b', 'item_variant', 'UPSERT');
INSERT INTO packaging_variant (id, item_variant_id, name, packaging_level, volume_per_unit) VALUES ('2df7df14-88a9-497a-9342-31ee9cd3eba8', '68a7d5e5-8676-4455-8cd8-bc74be02582b', 'Primary', 1, 3.78) ON CONFLICT DO NOTHING;
INSERT INTO packaging_variant (id, item_variant_id, name, packaging_level, volume_per_unit) VALUES ('a93d3ae7-3bea-475a-9f6e-5273446f578b', '68a7d5e5-8676-4455-8cd8-bc74be02582b', 'Secondary', 2, 3.78) ON CONFLICT DO NOTHING;
INSERT INTO packaging_variant (id, item_variant_id, name, packaging_level, volume_per_unit) VALUES ('a0971b25-3b6b-4cdd-8ed3-7fb478a82982', '68a7d5e5-8676-4455-8cd8-bc74be02582b', 'Tertiary', 3, 3.78) ON CONFLICT DO NOTHING;
INSERT INTO item_variant (id, name, item_link_id, cold_storage_type_id, doses_per_unit) VALUES ('f9b5afdb-7aa0-4080-995c-a41b72f98a4b', 'TT TETAVAX', '2db6ca6a-df96-4c47-a96b-1cc2ffc80dd0', (SELECT id FROM cold_storage_type WHERE name = '+5' or min_temperature = 2 and max_temperature = 8 LIMIT 1), 10) ON CONFLICT DO NOTHING;
INSERT INTO changelog (record_id, table_name, row_action) VALUES ('f9b5afdb-7aa0-4080-995c-a41b72f98a4b', 'item_variant', 'UPSERT');
INSERT INTO packaging_variant (id, item_variant_id, name, packaging_level, volume_per_unit) VALUES ('cd45ce1e-8ee7-4b81-8eed-4d7f78948538', 'f9b5afdb-7aa0-4080-995c-a41b72f98a4b', 'Primary', 1, 2.46) ON CONFLICT DO NOTHING;
INSERT INTO packaging_variant (id, item_variant_id, name, packaging_level, volume_per_unit) VALUES ('716c4ed7-e784-449a-8c77-566f5e55bf30', 'f9b5afdb-7aa0-4080-995c-a41b72f98a4b', 'Secondary', 2, 2.46) ON CONFLICT DO NOTHING;
INSERT INTO packaging_variant (id, item_variant_id, name, packaging_level, volume_per_unit) VALUES ('4e3e3a4e-fe53-4816-b159-aceb0d3b510b', 'f9b5afdb-7aa0-4080-995c-a41b72f98a4b', 'Tertiary', 3, 2.46) ON CONFLICT DO NOTHING;
INSERT INTO item_variant (id, name, item_link_id, cold_storage_type_id, doses_per_unit) VALUES ('67bd185a-2d7b-412e-a060-7d9487725e7e', 'TT Tetanus  Toxoid Vaccine Adsorbed', '2db6ca6a-df96-4c47-a96b-1cc2ffc80dd0', (SELECT id FROM cold_storage_type WHERE name = '+5' or min_temperature = 2 and max_temperature = 8 LIMIT 1), 10) ON CONFLICT DO NOTHING;
INSERT INTO changelog (record_id, table_name, row_action) VALUES ('67bd185a-2d7b-412e-a060-7d9487725e7e', 'item_variant', 'UPSERT');
INSERT INTO packaging_variant (id, item_variant_id, name, packaging_level, volume_per_unit) VALUES ('a576984a-2b37-44f3-bac0-1d6089b4d67b', '67bd185a-2d7b-412e-a060-7d9487725e7e', 'Primary', 1, 2.11) ON CONFLICT DO NOTHING;
INSERT INTO packaging_variant (id, item_variant_id, name, packaging_level, volume_per_unit) VALUES ('2ce239db-b1f9-490d-ae1f-d723a171b6c1', '67bd185a-2d7b-412e-a060-7d9487725e7e', 'Secondary', 2, 2.11) ON CONFLICT DO NOTHING;
INSERT INTO packaging_variant (id, item_variant_id, name, packaging_level, volume_per_unit) VALUES ('cae66576-e78c-4b16-b868-46354f21174b', '67bd185a-2d7b-412e-a060-7d9487725e7e', 'Tertiary', 3, 9.84) ON CONFLICT DO NOTHING;
INSERT INTO item_variant (id, name, item_link_id, cold_storage_type_id, doses_per_unit) VALUES ('c6f49cb0-7e90-43ef-a9c3-7507000602b5', 'TT ShanTT', '2db6ca6a-df96-4c47-a96b-1cc2ffc80dd0', (SELECT id FROM cold_storage_type WHERE name = '+5' or min_temperature = 2 and max_temperature = 8 LIMIT 1), 10) ON CONFLICT DO NOTHING;
INSERT INTO changelog (record_id, table_name, row_action) VALUES ('c6f49cb0-7e90-43ef-a9c3-7507000602b5', 'item_variant', 'UPSERT');
INSERT INTO packaging_variant (id, item_variant_id, name, packaging_level, volume_per_unit) VALUES ('b1c48724-0976-4e5c-aa55-309ffdf6191e', 'c6f49cb0-7e90-43ef-a9c3-7507000602b5', 'Primary', 1, 4.36) ON CONFLICT DO NOTHING;
INSERT INTO packaging_variant (id, item_variant_id, name, packaging_level, volume_per_unit) VALUES ('4d10080f-bb54-4cda-982f-8bb933d051ba', 'c6f49cb0-7e90-43ef-a9c3-7507000602b5', 'Secondary', 2, 4.36) ON CONFLICT DO NOTHING;
INSERT INTO packaging_variant (id, item_variant_id, name, packaging_level, volume_per_unit) VALUES ('89561f07-a373-4c37-9202-53d71a2ac9d0', 'c6f49cb0-7e90-43ef-a9c3-7507000602b5', 'Tertiary', 3, 4.36) ON CONFLICT DO NOTHING;
INSERT INTO item_variant (id, name, item_link_id, cold_storage_type_id, doses_per_unit) VALUES ('db45070d-c0aa-47be-ba76-93e1d626da9e', 'TT None used on labelling for supply through UN agencies.     Also marketed with labelled commercial name  BEtt.', '2db6ca6a-df96-4c47-a96b-1cc2ffc80dd0', (SELECT id FROM cold_storage_type WHERE name = '+5' or min_temperature = 2 and max_temperature = 8 LIMIT 1), 10) ON CONFLICT DO NOTHING;
INSERT INTO changelog (record_id, table_name, row_action) VALUES ('db45070d-c0aa-47be-ba76-93e1d626da9e', 'item_variant', 'UPSERT');
INSERT INTO packaging_variant (id, item_variant_id, name, packaging_level, volume_per_unit) VALUES ('64f2bfd2-ae9c-49c3-870c-d8fb9916cffa', 'db45070d-c0aa-47be-ba76-93e1d626da9e', 'Primary', 1, 2.9) ON CONFLICT DO NOTHING;
INSERT INTO packaging_variant (id, item_variant_id, name, packaging_level, volume_per_unit) VALUES ('82553231-4c22-4086-aa34-172e4c2360cb', 'db45070d-c0aa-47be-ba76-93e1d626da9e', 'Secondary', 2, 2.9) ON CONFLICT DO NOTHING;
INSERT INTO packaging_variant (id, item_variant_id, name, packaging_level, volume_per_unit) VALUES ('d75907dd-5f0d-4ee5-ba10-9dae54a2c363', 'db45070d-c0aa-47be-ba76-93e1d626da9e', 'Tertiary', 3, 19.59) ON CONFLICT DO NOTHING;
INSERT INTO item_variant (id, name, item_link_id, cold_storage_type_id, doses_per_unit) VALUES ('d899440f-f7cb-4222-af57-f16a05921043', 'TT TT vaccine', '2db6ca6a-df96-4c47-a96b-1cc2ffc80dd0', (SELECT id FROM cold_storage_type WHERE name = '+5' or min_temperature = 2 and max_temperature = 8 LIMIT 1), 20) ON CONFLICT DO NOTHING;
INSERT INTO changelog (record_id, table_name, row_action) VALUES ('d899440f-f7cb-4222-af57-f16a05921043', 'item_variant', 'UPSERT');
INSERT INTO packaging_variant (id, item_variant_id, name, packaging_level, volume_per_unit) VALUES ('3c1ee2a0-af9e-40aa-8c71-bfbac554ce92', 'd899440f-f7cb-4222-af57-f16a05921043', 'Primary', 1, 0.75) ON CONFLICT DO NOTHING;
INSERT INTO packaging_variant (id, item_variant_id, name, packaging_level, volume_per_unit) VALUES ('2ffa7e85-3f5e-4f8b-b0b4-0ce7d5557f9e', 'd899440f-f7cb-4222-af57-f16a05921043', 'Secondary', 2, 0.75) ON CONFLICT DO NOTHING;
INSERT INTO packaging_variant (id, item_variant_id, name, packaging_level, volume_per_unit) VALUES ('6018110a-a2a7-4c35-aa1f-90d3faffdad8', 'd899440f-f7cb-4222-af57-f16a05921043', 'Tertiary', 3, 0.75) ON CONFLICT DO NOTHING;
INSERT INTO item_variant (id, name, item_link_id, cold_storage_type_id, doses_per_unit) VALUES ('d9a84dcf-bb31-4683-9527-d515c0e25b9e', 'TT Tetatox', '2db6ca6a-df96-4c47-a96b-1cc2ffc80dd0', (SELECT id FROM cold_storage_type WHERE name = '+5' or min_temperature = 2 and max_temperature = 8 LIMIT 1), 20) ON CONFLICT DO NOTHING;
INSERT INTO changelog (record_id, table_name, row_action) VALUES ('d9a84dcf-bb31-4683-9527-d515c0e25b9e', 'item_variant', 'UPSERT');
INSERT INTO packaging_variant (id, item_variant_id, name, packaging_level, volume_per_unit) VALUES ('7d6e875b-4d91-4582-99cd-f069fb2376de', 'd9a84dcf-bb31-4683-9527-d515c0e25b9e', 'Primary', 1, 1.89) ON CONFLICT DO NOTHING;
INSERT INTO packaging_variant (id, item_variant_id, name, packaging_level, volume_per_unit) VALUES ('8fde6b2a-adfe-4017-bab3-d863c6d99a08', 'd9a84dcf-bb31-4683-9527-d515c0e25b9e', 'Secondary', 2, 1.89) ON CONFLICT DO NOTHING;
INSERT INTO packaging_variant (id, item_variant_id, name, packaging_level, volume_per_unit) VALUES ('54120469-7f1c-4265-aadd-c1611a496120', 'd9a84dcf-bb31-4683-9527-d515c0e25b9e', 'Tertiary', 3, 1.89) ON CONFLICT DO NOTHING;
INSERT INTO item_variant (id, name, item_link_id, cold_storage_type_id, doses_per_unit) VALUES ('5c39eb48-e8d5-4310-9ea4-3af9f6d7fd89', 'TT TETAVAX', '2db6ca6a-df96-4c47-a96b-1cc2ffc80dd0', (SELECT id FROM cold_storage_type WHERE name = '+5' or min_temperature = 2 and max_temperature = 8 LIMIT 1), 20) ON CONFLICT DO NOTHING;
INSERT INTO changelog (record_id, table_name, row_action) VALUES ('5c39eb48-e8d5-4310-9ea4-3af9f6d7fd89', 'item_variant', 'UPSERT');
INSERT INTO packaging_variant (id, item_variant_id, name, packaging_level, volume_per_unit) VALUES ('dd34edd3-64d5-40de-b9ce-813df5c4c6c8', '5c39eb48-e8d5-4310-9ea4-3af9f6d7fd89', 'Primary', 1, 0) ON CONFLICT DO NOTHING;
INSERT INTO packaging_variant (id, item_variant_id, name, packaging_level, volume_per_unit) VALUES ('3a54867b-c647-4549-bd16-c72950a9985e', '5c39eb48-e8d5-4310-9ea4-3af9f6d7fd89', 'Secondary', 2, 0) ON CONFLICT DO NOTHING;
INSERT INTO packaging_variant (id, item_variant_id, name, packaging_level, volume_per_unit) VALUES ('32d69ec7-0518-4975-96c5-7a56d194b712', '5c39eb48-e8d5-4310-9ea4-3af9f6d7fd89', 'Tertiary', 3, 0) ON CONFLICT DO NOTHING;
INSERT INTO item_variant (id, name, item_link_id, cold_storage_type_id, doses_per_unit) VALUES ('7311c629-37cd-40ed-beba-63817762aa62', 'TT Tetanus  Toxoid Vaccine Adsorbed', '2db6ca6a-df96-4c47-a96b-1cc2ffc80dd0', (SELECT id FROM cold_storage_type WHERE name = '+5' or min_temperature = 2 and max_temperature = 8 LIMIT 1), 20) ON CONFLICT DO NOTHING;
INSERT INTO changelog (record_id, table_name, row_action) VALUES ('7311c629-37cd-40ed-beba-63817762aa62', 'item_variant', 'UPSERT');
INSERT INTO packaging_variant (id, item_variant_id, name, packaging_level, volume_per_unit) VALUES ('d55f2478-de14-47ca-bbd0-beafb761a87b', '7311c629-37cd-40ed-beba-63817762aa62', 'Primary', 1, 2.12) ON CONFLICT DO NOTHING;
INSERT INTO packaging_variant (id, item_variant_id, name, packaging_level, volume_per_unit) VALUES ('e8aae2d2-6224-4074-a0c3-48cc03b8f85a', '7311c629-37cd-40ed-beba-63817762aa62', 'Secondary', 2, 2.12) ON CONFLICT DO NOTHING;
INSERT INTO packaging_variant (id, item_variant_id, name, packaging_level, volume_per_unit) VALUES ('6c3b3f7e-b2fc-4336-8336-c1be33d84b9f', '7311c629-37cd-40ed-beba-63817762aa62', 'Tertiary', 3, 9.84) ON CONFLICT DO NOTHING;
INSERT INTO item_variant (id, name, item_link_id, cold_storage_type_id, doses_per_unit) VALUES ('decc7bdd-9567-4f71-9ffd-9aa2be68c1d4', 'TT ShanTT', '2db6ca6a-df96-4c47-a96b-1cc2ffc80dd0', (SELECT id FROM cold_storage_type WHERE name = '+5' or min_temperature = 2 and max_temperature = 8 LIMIT 1), 20) ON CONFLICT DO NOTHING;
INSERT INTO changelog (record_id, table_name, row_action) VALUES ('decc7bdd-9567-4f71-9ffd-9aa2be68c1d4', 'item_variant', 'UPSERT');
INSERT INTO packaging_variant (id, item_variant_id, name, packaging_level, volume_per_unit) VALUES ('64cd351b-4f00-4e69-bbce-c114896a83e1', 'decc7bdd-9567-4f71-9ffd-9aa2be68c1d4', 'Primary', 1, 2.6) ON CONFLICT DO NOTHING;
INSERT INTO packaging_variant (id, item_variant_id, name, packaging_level, volume_per_unit) VALUES ('71b4b5c5-6ac1-4b9b-a086-7f859a037a4b', 'decc7bdd-9567-4f71-9ffd-9aa2be68c1d4', 'Secondary', 2, 2.6) ON CONFLICT DO NOTHING;
INSERT INTO packaging_variant (id, item_variant_id, name, packaging_level, volume_per_unit) VALUES ('e97436a0-1091-4e7e-9613-3f5c9c074668', 'decc7bdd-9567-4f71-9ffd-9aa2be68c1d4', 'Tertiary', 3, 2.6) ON CONFLICT DO NOTHING;
INSERT INTO item_variant (id, name, item_link_id, cold_storage_type_id, doses_per_unit) VALUES ('03179027-b497-43e7-8405-a3f9f72165b1', 'TT None used on labelling for supply through UN agencies.     Also marketed with labelled commercial name  BEtt.', '2db6ca6a-df96-4c47-a96b-1cc2ffc80dd0', (SELECT id FROM cold_storage_type WHERE name = '+5' or min_temperature = 2 and max_temperature = 8 LIMIT 1), 20) ON CONFLICT DO NOTHING;
INSERT INTO changelog (record_id, table_name, row_action) VALUES ('03179027-b497-43e7-8405-a3f9f72165b1', 'item_variant', 'UPSERT');
INSERT INTO packaging_variant (id, item_variant_id, name, packaging_level, volume_per_unit) VALUES ('d073d2ae-61a1-41d7-82db-51f444fe4db1', '03179027-b497-43e7-8405-a3f9f72165b1', 'Primary', 1, 2.9) ON CONFLICT DO NOTHING;
INSERT INTO packaging_variant (id, item_variant_id, name, packaging_level, volume_per_unit) VALUES ('c9b5a5ad-2501-4b22-82b1-944604debbba', '03179027-b497-43e7-8405-a3f9f72165b1', 'Secondary', 2, 2.9) ON CONFLICT DO NOTHING;
INSERT INTO packaging_variant (id, item_variant_id, name, packaging_level, volume_per_unit) VALUES ('23adf77a-fd3b-4657-a543-bb321521343d', '03179027-b497-43e7-8405-a3f9f72165b1', 'Tertiary', 3, 15.28) ON CONFLICT DO NOTHING;
INSERT INTO item (id, name, code, ven_category, type, legacy_record, is_active, is_vaccine, vaccine_doses, default_pack_size) VALUES ('42cadefe-13a5-4ea6-b332-f342910f6754', 'Typhoid (Conjugate)', 'TCV', 'NOT_ASSIGNED', 'STOCK', '', 'True', 'True', 1, 1) ON CONFLICT DO NOTHING;
INSERT INTO item_link (id, item_id) VALUES ('42cadefe-13a5-4ea6-b332-f342910f6754', '42cadefe-13a5-4ea6-b332-f342910f6754') ON CONFLICT DO NOTHING;
INSERT INTO changelog (record_id, table_name, row_action) VALUES ('42cadefe-13a5-4ea6-b332-f342910f6754', 'item', 'UPSERT');
INSERT INTO master_list_line (id, master_list_id, item_link_id) VALUES (uuid_in(md5(random()::text || random()::text)::cstring), '43491ce9-bc89-4ee5-988d-9dbb2856e398', '42cadefe-13a5-4ea6-b332-f342910f6754') ON CONFLICT DO NOTHING;
INSERT INTO item_variant (id, name, item_link_id, cold_storage_type_id, doses_per_unit) VALUES ('6f02ba1e-af5a-4f7a-a921-6367732a3f6b', 'TCV Typbar-TCV', '42cadefe-13a5-4ea6-b332-f342910f6754', (SELECT id FROM cold_storage_type WHERE name = '+5' or min_temperature = 2 and max_temperature = 8 LIMIT 1), 1) ON CONFLICT DO NOTHING;
INSERT INTO changelog (record_id, table_name, row_action) VALUES ('6f02ba1e-af5a-4f7a-a921-6367732a3f6b', 'item_variant', 'UPSERT');
INSERT INTO packaging_variant (id, item_variant_id, name, packaging_level, volume_per_unit) VALUES ('6fa942e3-9aaf-4efc-abca-0e62602c6389', '6f02ba1e-af5a-4f7a-a921-6367732a3f6b', 'Primary', 1, 14.18) ON CONFLICT DO NOTHING;
INSERT INTO packaging_variant (id, item_variant_id, name, packaging_level, volume_per_unit) VALUES ('2221558f-af37-4c41-9249-b3195361640b', '6f02ba1e-af5a-4f7a-a921-6367732a3f6b', 'Secondary', 2, 14.18) ON CONFLICT DO NOTHING;
INSERT INTO packaging_variant (id, item_variant_id, name, packaging_level, volume_per_unit) VALUES ('58faaf32-54e3-47ab-962a-5539a679100c', '6f02ba1e-af5a-4f7a-a921-6367732a3f6b', 'Tertiary', 3, 143.87) ON CONFLICT DO NOTHING;
INSERT INTO item_variant (id, name, item_link_id, cold_storage_type_id, doses_per_unit) VALUES ('09360894-7ab0-40b6-abe8-c7c80b2ae99e', 'TCV Typbar-TCV', '42cadefe-13a5-4ea6-b332-f342910f6754', (SELECT id FROM cold_storage_type WHERE name = '+5' or min_temperature = 2 and max_temperature = 8 LIMIT 1), 5) ON CONFLICT DO NOTHING;
INSERT INTO changelog (record_id, table_name, row_action) VALUES ('09360894-7ab0-40b6-abe8-c7c80b2ae99e', 'item_variant', 'UPSERT');
INSERT INTO packaging_variant (id, item_variant_id, name, packaging_level, volume_per_unit) VALUES ('9b38d3db-111d-4195-94da-ac66365df944', '09360894-7ab0-40b6-abe8-c7c80b2ae99e', 'Primary', 1, 2.89) ON CONFLICT DO NOTHING;
INSERT INTO packaging_variant (id, item_variant_id, name, packaging_level, volume_per_unit) VALUES ('27b548a1-1fa5-45cf-9b33-f16e61857025', '09360894-7ab0-40b6-abe8-c7c80b2ae99e', 'Secondary', 2, 2.89) ON CONFLICT DO NOTHING;
INSERT INTO packaging_variant (id, item_variant_id, name, packaging_level, volume_per_unit) VALUES ('20703a94-cf22-472a-aaa2-cf80fa1cd936', '09360894-7ab0-40b6-abe8-c7c80b2ae99e', 'Tertiary', 3, 22.76) ON CONFLICT DO NOTHING;
INSERT INTO item (id, name, code, ven_category, type, legacy_record, is_active, is_vaccine, vaccine_doses, default_pack_size) VALUES ('7412166f-5526-49f4-adb6-5ac5acd6e745', 'Typhoid (Polysaccharide)', 'TPV', 'NOT_ASSIGNED', 'STOCK', '', 'True', 'True', 1, 1) ON CONFLICT DO NOTHING;
INSERT INTO item_link (id, item_id) VALUES ('7412166f-5526-49f4-adb6-5ac5acd6e745', '7412166f-5526-49f4-adb6-5ac5acd6e745') ON CONFLICT DO NOTHING;
INSERT INTO changelog (record_id, table_name, row_action) VALUES ('7412166f-5526-49f4-adb6-5ac5acd6e745', 'item', 'UPSERT');
INSERT INTO master_list_line (id, master_list_id, item_link_id) VALUES (uuid_in(md5(random()::text || random()::text)::cstring), '43491ce9-bc89-4ee5-988d-9dbb2856e398', '7412166f-5526-49f4-adb6-5ac5acd6e745') ON CONFLICT DO NOTHING;
INSERT INTO item_variant (id, name, item_link_id, cold_storage_type_id, doses_per_unit) VALUES ('ce385786-76c0-4b75-b155-0d866c8100e3', 'TPV Typhym-Vi', '7412166f-5526-49f4-adb6-5ac5acd6e745', (SELECT id FROM cold_storage_type WHERE name = '+5' or min_temperature = 2 and max_temperature = 8 LIMIT 1), 20) ON CONFLICT DO NOTHING;
INSERT INTO changelog (record_id, table_name, row_action) VALUES ('ce385786-76c0-4b75-b155-0d866c8100e3', 'item_variant', 'UPSERT');
INSERT INTO packaging_variant (id, item_variant_id, name, packaging_level, volume_per_unit) VALUES ('d36b28c0-bf59-40be-80bc-a744904c17fb', 'ce385786-76c0-4b75-b155-0d866c8100e3', 'Primary', 1, 1.57) ON CONFLICT DO NOTHING;
INSERT INTO packaging_variant (id, item_variant_id, name, packaging_level, volume_per_unit) VALUES ('513859c7-4d44-4c9c-9d36-210bbc90e7a8', 'ce385786-76c0-4b75-b155-0d866c8100e3', 'Secondary', 2, 1.57) ON CONFLICT DO NOTHING;
INSERT INTO packaging_variant (id, item_variant_id, name, packaging_level, volume_per_unit) VALUES ('de1ae004-99a1-4431-983c-1e08b4cd784b', 'ce385786-76c0-4b75-b155-0d866c8100e3', 'Tertiary', 3, 17.16) ON CONFLICT DO NOTHING;
INSERT INTO item (id, name, code, ven_category, type, legacy_record, is_active, is_vaccine, vaccine_doses, default_pack_size) VALUES ('a521e725-3e50-4ddb-ae99-f473651fcc62', 'Yellow Fever', 'YF', 'NOT_ASSIGNED', 'STOCK', '', 'True', 'True', 1, 1) ON CONFLICT DO NOTHING;
INSERT INTO item_link (id, item_id) VALUES ('a521e725-3e50-4ddb-ae99-f473651fcc62', 'a521e725-3e50-4ddb-ae99-f473651fcc62') ON CONFLICT DO NOTHING;
INSERT INTO changelog (record_id, table_name, row_action) VALUES ('a521e725-3e50-4ddb-ae99-f473651fcc62', 'item', 'UPSERT');
INSERT INTO master_list_line (id, master_list_id, item_link_id) VALUES (uuid_in(md5(random()::text || random()::text)::cstring), '43491ce9-bc89-4ee5-988d-9dbb2856e398', 'a521e725-3e50-4ddb-ae99-f473651fcc62') ON CONFLICT DO NOTHING;
INSERT INTO item_variant (id, name, item_link_id, cold_storage_type_id, doses_per_unit) VALUES ('779db9de-4dcf-4488-82dd-1d6faeadd88c', 'YF none', 'a521e725-3e50-4ddb-ae99-f473651fcc62', (SELECT id FROM cold_storage_type WHERE name = '+5' or min_temperature = 2 and max_temperature = 8 LIMIT 1), 2) ON CONFLICT DO NOTHING;
INSERT INTO changelog (record_id, table_name, row_action) VALUES ('779db9de-4dcf-4488-82dd-1d6faeadd88c', 'item_variant', 'UPSERT');
INSERT INTO packaging_variant (id, item_variant_id, name, packaging_level, volume_per_unit) VALUES ('5553e55c-2cd2-464c-8ade-d266f6a72666', '779db9de-4dcf-4488-82dd-1d6faeadd88c', 'Primary', 1, 7.2) ON CONFLICT DO NOTHING;
INSERT INTO packaging_variant (id, item_variant_id, name, packaging_level, volume_per_unit) VALUES ('1d48b9cf-5c04-49bf-ae47-6424e11359d1', '779db9de-4dcf-4488-82dd-1d6faeadd88c', 'Secondary', 2, 7.2) ON CONFLICT DO NOTHING;
INSERT INTO packaging_variant (id, item_variant_id, name, packaging_level, volume_per_unit) VALUES ('3db8c054-b1a4-41a2-a0b3-cba2d5c9ef9f', '779db9de-4dcf-4488-82dd-1d6faeadd88c', 'Tertiary', 3, 7.2) ON CONFLICT DO NOTHING;
INSERT INTO item (id, name, code, ven_category, type, legacy_record, is_active, is_vaccine, vaccine_doses, default_pack_size) VALUES ('554e9fef-6db3-4919-97c2-3b4382ee6886', 'YF Diluent', 'YF_DILUENT', 'NOT_ASSIGNED', 'STOCK', '', 'True', 'False', 0, 1) ON CONFLICT DO NOTHING;
INSERT INTO item_link (id, item_id) VALUES ('554e9fef-6db3-4919-97c2-3b4382ee6886', '554e9fef-6db3-4919-97c2-3b4382ee6886') ON CONFLICT DO NOTHING;
INSERT INTO changelog (record_id, table_name, row_action) VALUES ('554e9fef-6db3-4919-97c2-3b4382ee6886', 'item', 'UPSERT');
INSERT INTO item_variant (id, name, item_link_id, cold_storage_type_id, doses_per_unit) VALUES ('5d882ecc-cfc2-4264-a8aa-5004aa1072f0', 'YF none Diluent', '554e9fef-6db3-4919-97c2-3b4382ee6886', (SELECT id FROM cold_storage_type WHERE name = '+5' or min_temperature = 2 and max_temperature = 8 LIMIT 1), 2) ON CONFLICT DO NOTHING;
INSERT INTO changelog (record_id, table_name, row_action) VALUES ('5d882ecc-cfc2-4264-a8aa-5004aa1072f0', 'item_variant', 'UPSERT');
INSERT INTO packaging_variant (id, item_variant_id, name, packaging_level, volume_per_unit) VALUES ('a4a40435-e395-43e0-8f8f-2ed9d7d11019', '5d882ecc-cfc2-4264-a8aa-5004aa1072f0', 'Primary', 1, 0) ON CONFLICT DO NOTHING;
INSERT INTO packaging_variant (id, item_variant_id, name, packaging_level, volume_per_unit) VALUES ('efce1a98-66f7-4985-b477-7c50101e840a', '5d882ecc-cfc2-4264-a8aa-5004aa1072f0', 'Secondary', 2, 0) ON CONFLICT DO NOTHING;
INSERT INTO packaging_variant (id, item_variant_id, name, packaging_level, volume_per_unit) VALUES ('579e711a-d313-40ec-9f24-0629e067999f', '5d882ecc-cfc2-4264-a8aa-5004aa1072f0', 'Tertiary', 3, 0) ON CONFLICT DO NOTHING;
INSERT INTO bundled_item (id, principal_item_variant_id, bundled_item_variant_id, ratio) VALUES ('d81c56f6-9c01-41b5-a60e-082fa13025c3', '779db9de-4dcf-4488-82dd-1d6faeadd88c', '5d882ecc-cfc2-4264-a8aa-5004aa1072f0', 1) ON CONFLICT DO NOTHING;
INSERT INTO changelog (record_id, table_name, row_action) VALUES ('d81c56f6-9c01-41b5-a60e-082fa13025c3', 'bundled_item', 'UPSERT');
INSERT INTO item_variant (id, name, item_link_id, cold_storage_type_id, doses_per_unit) VALUES ('e2e45c9e-e0e2-4f67-8929-a0647388d00e', 'YF Yellow Fever', 'a521e725-3e50-4ddb-ae99-f473651fcc62', (SELECT id FROM cold_storage_type WHERE name = '+5' or min_temperature = 2 and max_temperature = 8 LIMIT 1), 5) ON CONFLICT DO NOTHING;
INSERT INTO changelog (record_id, table_name, row_action) VALUES ('e2e45c9e-e0e2-4f67-8929-a0647388d00e', 'item_variant', 'UPSERT');
INSERT INTO packaging_variant (id, item_variant_id, name, packaging_level, volume_per_unit) VALUES ('1d38a3b8-4035-43f3-9e3a-c867ba5c1a10', 'e2e45c9e-e0e2-4f67-8929-a0647388d00e', 'Primary', 1, 6.31) ON CONFLICT DO NOTHING;
INSERT INTO packaging_variant (id, item_variant_id, name, packaging_level, volume_per_unit) VALUES ('69525875-8485-4c06-98d8-c249167ebbae', 'e2e45c9e-e0e2-4f67-8929-a0647388d00e', 'Secondary', 2, 6.31) ON CONFLICT DO NOTHING;
INSERT INTO packaging_variant (id, item_variant_id, name, packaging_level, volume_per_unit) VALUES ('8785032d-b7c5-420e-bbd0-c6431d1cfb36', 'e2e45c9e-e0e2-4f67-8929-a0647388d00e', 'Tertiary', 3, 6.31) ON CONFLICT DO NOTHING;
INSERT INTO item_variant (id, name, item_link_id, cold_storage_type_id, doses_per_unit) VALUES ('4b193881-50fc-47b0-bfe8-de5fcf308d36', 'YF Stabilized Yellow Fever Vaccine', 'a521e725-3e50-4ddb-ae99-f473651fcc62', (SELECT id FROM cold_storage_type WHERE name = '+5' or min_temperature = 2 and max_temperature = 8 LIMIT 1), 5) ON CONFLICT DO NOTHING;
INSERT INTO changelog (record_id, table_name, row_action) VALUES ('4b193881-50fc-47b0-bfe8-de5fcf308d36', 'item_variant', 'UPSERT');
INSERT INTO packaging_variant (id, item_variant_id, name, packaging_level, volume_per_unit) VALUES ('9d8822f8-1ae8-41ab-b74e-5a457eb83e50', '4b193881-50fc-47b0-bfe8-de5fcf308d36', 'Primary', 1, 2.8) ON CONFLICT DO NOTHING;
INSERT INTO packaging_variant (id, item_variant_id, name, packaging_level, volume_per_unit) VALUES ('3bc31e1f-e26e-4e01-9205-d7d87eed4261', '4b193881-50fc-47b0-bfe8-de5fcf308d36', 'Secondary', 2, 2.8) ON CONFLICT DO NOTHING;
INSERT INTO packaging_variant (id, item_variant_id, name, packaging_level, volume_per_unit) VALUES ('29eb2928-f4fa-4717-8a30-c4cf091eb5d7', '4b193881-50fc-47b0-bfe8-de5fcf308d36', 'Tertiary', 3, 2.8) ON CONFLICT DO NOTHING;
INSERT INTO item_variant (id, name, item_link_id, cold_storage_type_id, doses_per_unit) VALUES ('a44a6bbf-c2c5-4ffc-affb-ce3363d4d268', 'YF none', 'a521e725-3e50-4ddb-ae99-f473651fcc62', (SELECT id FROM cold_storage_type WHERE name = '+5' or min_temperature = 2 and max_temperature = 8 LIMIT 1), 5) ON CONFLICT DO NOTHING;
INSERT INTO changelog (record_id, table_name, row_action) VALUES ('a44a6bbf-c2c5-4ffc-affb-ce3363d4d268', 'item_variant', 'UPSERT');
INSERT INTO packaging_variant (id, item_variant_id, name, packaging_level, volume_per_unit) VALUES ('49a76b4d-dd5b-4bab-b44b-83711a151163', 'a44a6bbf-c2c5-4ffc-affb-ce3363d4d268', 'Primary', 1, 5.99) ON CONFLICT DO NOTHING;
INSERT INTO packaging_variant (id, item_variant_id, name, packaging_level, volume_per_unit) VALUES ('fbefb7d2-4263-4a6d-abfe-2e9dbaa25314', 'a44a6bbf-c2c5-4ffc-affb-ce3363d4d268', 'Secondary', 2, 5.99) ON CONFLICT DO NOTHING;
INSERT INTO packaging_variant (id, item_variant_id, name, packaging_level, volume_per_unit) VALUES ('c3874276-9ae2-498f-950d-303f5d4548cb', 'a44a6bbf-c2c5-4ffc-affb-ce3363d4d268', 'Tertiary', 3, 6) ON CONFLICT DO NOTHING;
INSERT INTO item_variant (id, name, item_link_id, cold_storage_type_id, doses_per_unit) VALUES ('178cd1f3-ed4d-4505-b4d4-707e9d61de6b', 'YF Yellow Fever', 'a521e725-3e50-4ddb-ae99-f473651fcc62', (SELECT id FROM cold_storage_type WHERE name = '+5' or min_temperature = 2 and max_temperature = 8 LIMIT 1), 10) ON CONFLICT DO NOTHING;
INSERT INTO changelog (record_id, table_name, row_action) VALUES ('178cd1f3-ed4d-4505-b4d4-707e9d61de6b', 'item_variant', 'UPSERT');
INSERT INTO packaging_variant (id, item_variant_id, name, packaging_level, volume_per_unit) VALUES ('12468dd9-b442-42f9-a3e0-fcc7954a58d1', '178cd1f3-ed4d-4505-b4d4-707e9d61de6b', 'Primary', 1, 2.96) ON CONFLICT DO NOTHING;
INSERT INTO packaging_variant (id, item_variant_id, name, packaging_level, volume_per_unit) VALUES ('744e05f3-8890-4234-a0ab-cd9d2a784152', '178cd1f3-ed4d-4505-b4d4-707e9d61de6b', 'Secondary', 2, 2.96) ON CONFLICT DO NOTHING;
INSERT INTO packaging_variant (id, item_variant_id, name, packaging_level, volume_per_unit) VALUES ('0ccaafeb-4f82-4b58-9887-5729ee6d3fdd', '178cd1f3-ed4d-4505-b4d4-707e9d61de6b', 'Tertiary', 3, 2.96) ON CONFLICT DO NOTHING;
INSERT INTO item_variant (id, name, item_link_id, cold_storage_type_id, doses_per_unit) VALUES ('daf774f7-268f-4377-837e-e1a282c705e3', 'YF Stabilized Yellow Fever Vaccine', 'a521e725-3e50-4ddb-ae99-f473651fcc62', (SELECT id FROM cold_storage_type WHERE name = '+5' or min_temperature = 2 and max_temperature = 8 LIMIT 1), 10) ON CONFLICT DO NOTHING;
INSERT INTO changelog (record_id, table_name, row_action) VALUES ('daf774f7-268f-4377-837e-e1a282c705e3', 'item_variant', 'UPSERT');
INSERT INTO packaging_variant (id, item_variant_id, name, packaging_level, volume_per_unit) VALUES ('5e9b3ffd-4425-44f9-a094-150e5dc61dc5', 'daf774f7-268f-4377-837e-e1a282c705e3', 'Primary', 1, 1.4) ON CONFLICT DO NOTHING;
INSERT INTO packaging_variant (id, item_variant_id, name, packaging_level, volume_per_unit) VALUES ('1d07280d-76c3-4940-9c1e-9f1ae49b7f23', 'daf774f7-268f-4377-837e-e1a282c705e3', 'Secondary', 2, 1.4) ON CONFLICT DO NOTHING;
INSERT INTO packaging_variant (id, item_variant_id, name, packaging_level, volume_per_unit) VALUES ('f88702f8-fb61-4971-a532-ddf2381ebb13', 'daf774f7-268f-4377-837e-e1a282c705e3', 'Tertiary', 3, 1.4) ON CONFLICT DO NOTHING;
INSERT INTO item_variant (id, name, item_link_id, cold_storage_type_id, doses_per_unit) VALUES ('8f1c025b-7e8a-4480-b499-70f710d5a146', 'YF STAMARIL', 'a521e725-3e50-4ddb-ae99-f473651fcc62', (SELECT id FROM cold_storage_type WHERE name = '+5' or min_temperature = 2 and max_temperature = 8 LIMIT 1), 10) ON CONFLICT DO NOTHING;
INSERT INTO changelog (record_id, table_name, row_action) VALUES ('8f1c025b-7e8a-4480-b499-70f710d5a146', 'item_variant', 'UPSERT');
INSERT INTO packaging_variant (id, item_variant_id, name, packaging_level, volume_per_unit) VALUES ('0a2ec90e-6e72-4a3e-b05d-b91cbdc2ec86', '8f1c025b-7e8a-4480-b499-70f710d5a146', 'Primary', 1, 2.44) ON CONFLICT DO NOTHING;
INSERT INTO packaging_variant (id, item_variant_id, name, packaging_level, volume_per_unit) VALUES ('1f1778ce-c74d-4101-a007-669e8ffa68c9', '8f1c025b-7e8a-4480-b499-70f710d5a146', 'Secondary', 2, 2.44) ON CONFLICT DO NOTHING;
INSERT INTO packaging_variant (id, item_variant_id, name, packaging_level, volume_per_unit) VALUES ('abc00a04-4ba6-4e4d-bded-6d74130616be', '8f1c025b-7e8a-4480-b499-70f710d5a146', 'Tertiary', 3, 7.2) ON CONFLICT DO NOTHING;
INSERT INTO item_variant (id, name, item_link_id, cold_storage_type_id, doses_per_unit) VALUES ('0d3744dd-666f-440d-b88a-af4af5c9cd22', 'YF none', 'a521e725-3e50-4ddb-ae99-f473651fcc62', (SELECT id FROM cold_storage_type WHERE name = '+5' or min_temperature = 2 and max_temperature = 8 LIMIT 1), 10) ON CONFLICT DO NOTHING;
INSERT INTO changelog (record_id, table_name, row_action) VALUES ('0d3744dd-666f-440d-b88a-af4af5c9cd22', 'item_variant', 'UPSERT');
INSERT INTO packaging_variant (id, item_variant_id, name, packaging_level, volume_per_unit) VALUES ('1f5593e9-3582-4aa9-8c2e-10726931d57d', '0d3744dd-666f-440d-b88a-af4af5c9cd22', 'Primary', 1, 3.61) ON CONFLICT DO NOTHING;
INSERT INTO packaging_variant (id, item_variant_id, name, packaging_level, volume_per_unit) VALUES ('a6a80017-a132-4bd9-9cd7-8321ba60e888', '0d3744dd-666f-440d-b88a-af4af5c9cd22', 'Secondary', 2, 3.61) ON CONFLICT DO NOTHING;
INSERT INTO packaging_variant (id, item_variant_id, name, packaging_level, volume_per_unit) VALUES ('79da84bc-f053-4407-aef4-4da1ee5e2193', '0d3744dd-666f-440d-b88a-af4af5c9cd22', 'Tertiary', 3, 3.6) ON CONFLICT DO NOTHING;
INSERT INTO item_variant (id, name, item_link_id, cold_storage_type_id, doses_per_unit) VALUES ('bb8e465c-f638-4864-83a6-b2957ef73589', 'YF Stabilized Yellow Fever Vaccine', 'a521e725-3e50-4ddb-ae99-f473651fcc62', (SELECT id FROM cold_storage_type WHERE name = '+5' or min_temperature = 2 and max_temperature = 8 LIMIT 1), 20) ON CONFLICT DO NOTHING;
INSERT INTO changelog (record_id, table_name, row_action) VALUES ('bb8e465c-f638-4864-83a6-b2957ef73589', 'item_variant', 'UPSERT');
INSERT INTO packaging_variant (id, item_variant_id, name, packaging_level, volume_per_unit) VALUES ('24480cbf-762c-4933-a39f-2dfb229fca84', 'bb8e465c-f638-4864-83a6-b2957ef73589', 'Primary', 1, 0.7) ON CONFLICT DO NOTHING;
INSERT INTO packaging_variant (id, item_variant_id, name, packaging_level, volume_per_unit) VALUES ('7cbcb104-0df7-4bdd-958f-aab297b5aa6f', 'bb8e465c-f638-4864-83a6-b2957ef73589', 'Secondary', 2, 0.7) ON CONFLICT DO NOTHING;
INSERT INTO packaging_variant (id, item_variant_id, name, packaging_level, volume_per_unit) VALUES ('f4d507fe-54c6-4eae-bfac-f9268dee94ae', 'bb8e465c-f638-4864-83a6-b2957ef73589', 'Tertiary', 3, 0.7) ON CONFLICT DO NOTHING;
INSERT INTO item_variant (id, name, item_link_id, cold_storage_type_id, doses_per_unit) VALUES ('f8436615-395d-411d-b1f0-120943d9f4f6', 'YF Yellow Fever', 'a521e725-3e50-4ddb-ae99-f473651fcc62', (SELECT id FROM cold_storage_type WHERE name = '+5' or min_temperature = 2 and max_temperature = 8 LIMIT 1), 50) ON CONFLICT DO NOTHING;
INSERT INTO changelog (record_id, table_name, row_action) VALUES ('f8436615-395d-411d-b1f0-120943d9f4f6', 'item_variant', 'UPSERT');
INSERT INTO packaging_variant (id, item_variant_id, name, packaging_level, volume_per_unit) VALUES ('428d5d0b-9507-45f4-8b97-060ce5651cfa', 'f8436615-395d-411d-b1f0-120943d9f4f6', 'Primary', 1, 0.63) ON CONFLICT DO NOTHING;
INSERT INTO packaging_variant (id, item_variant_id, name, packaging_level, volume_per_unit) VALUES ('e441bc7e-a796-4383-94cc-ee5469eb8014', 'f8436615-395d-411d-b1f0-120943d9f4f6', 'Secondary', 2, 0.63) ON CONFLICT DO NOTHING;
INSERT INTO packaging_variant (id, item_variant_id, name, packaging_level, volume_per_unit) VALUES ('48f594a5-3d40-42e2-a77a-78b4ee973c14', 'f8436615-395d-411d-b1f0-120943d9f4f6', 'Tertiary', 3, 0.63) ON CONFLICT DO NOTHING;
INSERT INTO item (id, name, code, ven_category, type, legacy_record, is_active, is_vaccine, vaccine_doses, default_pack_size) VALUES ('943cc7ff-c2c9-4b3c-a41e-c8d4373e2166', 'Polio Vaccine - Novel Oral (nOPV) Monovalent type 2', 'nOPV', 'NOT_ASSIGNED', 'STOCK', '', 'True', 'True', 1, 1) ON CONFLICT DO NOTHING;
INSERT INTO item_link (id, item_id) VALUES ('943cc7ff-c2c9-4b3c-a41e-c8d4373e2166', '943cc7ff-c2c9-4b3c-a41e-c8d4373e2166') ON CONFLICT DO NOTHING;
INSERT INTO changelog (record_id, table_name, row_action) VALUES ('943cc7ff-c2c9-4b3c-a41e-c8d4373e2166', 'item', 'UPSERT');
INSERT INTO master_list_line (id, master_list_id, item_link_id) VALUES (uuid_in(md5(random()::text || random()::text)::cstring), '43491ce9-bc89-4ee5-988d-9dbb2856e398', '943cc7ff-c2c9-4b3c-a41e-c8d4373e2166') ON CONFLICT DO NOTHING;
INSERT INTO item_variant (id, name, item_link_id, cold_storage_type_id, doses_per_unit) VALUES ('d5141581-d0b1-4bce-adfa-ebba60819698', 'nOPV Novel Oral (nOPV) Monovalent type 2', '943cc7ff-c2c9-4b3c-a41e-c8d4373e2166', (SELECT id FROM cold_storage_type WHERE name = '-20' or min_temperature = -20 and max_temperature = -20 LIMIT 1), 50) ON CONFLICT DO NOTHING;
INSERT INTO changelog (record_id, table_name, row_action) VALUES ('d5141581-d0b1-4bce-adfa-ebba60819698', 'item_variant', 'UPSERT');
INSERT INTO packaging_variant (id, item_variant_id, name, packaging_level, volume_per_unit) VALUES ('3ffe4e85-7be8-4d30-b222-2cbcacac3fe5', 'd5141581-d0b1-4bce-adfa-ebba60819698', 'Primary', 1, 0.55) ON CONFLICT DO NOTHING;
INSERT INTO packaging_variant (id, item_variant_id, name, packaging_level, volume_per_unit) VALUES ('c75dadca-ad44-491f-bd22-ec4fb76506d1', 'd5141581-d0b1-4bce-adfa-ebba60819698', 'Secondary', 2, 0.55) ON CONFLICT DO NOTHING;
INSERT INTO packaging_variant (id, item_variant_id, name, packaging_level, volume_per_unit) VALUES ('e1cb6ee2-aaeb-4425-8564-e2719ea49f3d', 'd5141581-d0b1-4bce-adfa-ebba60819698', 'Tertiary', 3, 2.71) ON CONFLICT DO NOTHING;
INSERT INTO item (id, name, code, ven_category, type, legacy_record, is_active, is_vaccine, vaccine_doses, default_pack_size) VALUES ('8dc27c25-31ed-4a7e-b596-f49edefdea0a', 'Malaria vaccine', 'RTS,S', 'NOT_ASSIGNED', 'STOCK', '', 'True', 'True', 1, 1) ON CONFLICT DO NOTHING;
INSERT INTO item_link (id, item_id) VALUES ('8dc27c25-31ed-4a7e-b596-f49edefdea0a', '8dc27c25-31ed-4a7e-b596-f49edefdea0a') ON CONFLICT DO NOTHING;
INSERT INTO changelog (record_id, table_name, row_action) VALUES ('8dc27c25-31ed-4a7e-b596-f49edefdea0a', 'item', 'UPSERT');
INSERT INTO master_list_line (id, master_list_id, item_link_id) VALUES (uuid_in(md5(random()::text || random()::text)::cstring), '43491ce9-bc89-4ee5-988d-9dbb2856e398', '8dc27c25-31ed-4a7e-b596-f49edefdea0a') ON CONFLICT DO NOTHING;
INSERT INTO item_variant (id, name, item_link_id, cold_storage_type_id, doses_per_unit) VALUES ('9d2bbe79-abb8-4219-b259-1e5705c4788e', 'RTS,S Mosquirix', '8dc27c25-31ed-4a7e-b596-f49edefdea0a', (SELECT id FROM cold_storage_type WHERE name = '+5' or min_temperature = 2 and max_temperature = 8 LIMIT 1), 2) ON CONFLICT DO NOTHING;
INSERT INTO changelog (record_id, table_name, row_action) VALUES ('9d2bbe79-abb8-4219-b259-1e5705c4788e', 'item_variant', 'UPSERT');
INSERT INTO packaging_variant (id, item_variant_id, name, packaging_level, volume_per_unit) VALUES ('a4676ed5-700f-403a-873c-ac5afe98f5af', '9d2bbe79-abb8-4219-b259-1e5705c4788e', 'Primary', 1, 9.9) ON CONFLICT DO NOTHING;
INSERT INTO packaging_variant (id, item_variant_id, name, packaging_level, volume_per_unit) VALUES ('8ea842c6-b1d4-460b-a08a-7589997d300b', '9d2bbe79-abb8-4219-b259-1e5705c4788e', 'Secondary', 2, 9.9) ON CONFLICT DO NOTHING;
INSERT INTO packaging_variant (id, item_variant_id, name, packaging_level, volume_per_unit) VALUES ('00755361-4eb1-4c71-a15e-01ac88ae7a85', '9d2bbe79-abb8-4219-b259-1e5705c4788e', 'Tertiary', 3, 15.42) ON CONFLICT DO NOTHING;
INSERT INTO item (id, name, code, ven_category, type, legacy_record, is_active, is_vaccine, vaccine_doses, default_pack_size) VALUES ('6fd78386-8a0b-4698-ae53-330844855059', 'Covid-19 vaccine', 'C19-Covishield ChAdOx1-S', 'NOT_ASSIGNED', 'STOCK', '', 'True', 'True', 1, 1) ON CONFLICT DO NOTHING;
INSERT INTO item_link (id, item_id) VALUES ('6fd78386-8a0b-4698-ae53-330844855059', '6fd78386-8a0b-4698-ae53-330844855059') ON CONFLICT DO NOTHING;
INSERT INTO changelog (record_id, table_name, row_action) VALUES ('6fd78386-8a0b-4698-ae53-330844855059', 'item', 'UPSERT');
INSERT INTO master_list_line (id, master_list_id, item_link_id) VALUES (uuid_in(md5(random()::text || random()::text)::cstring), '43491ce9-bc89-4ee5-988d-9dbb2856e398', '6fd78386-8a0b-4698-ae53-330844855059') ON CONFLICT DO NOTHING;
INSERT INTO item_variant (id, name, item_link_id, cold_storage_type_id, doses_per_unit) VALUES ('2eb9dc64-34b6-463a-b8ae-ebe8092840db', 'C19-Covishield ChAdOx1-S COVISHIELD', '6fd78386-8a0b-4698-ae53-330844855059', (SELECT id FROM cold_storage_type WHERE name = '+5' or min_temperature = 2 and max_temperature = 8 LIMIT 1), 2) ON CONFLICT DO NOTHING;
INSERT INTO changelog (record_id, table_name, row_action) VALUES ('2eb9dc64-34b6-463a-b8ae-ebe8092840db', 'item_variant', 'UPSERT');
INSERT INTO packaging_variant (id, item_variant_id, name, packaging_level, volume_per_unit) VALUES ('bc59ad40-75bf-4495-888a-ddd00ce2a8cf', '2eb9dc64-34b6-463a-b8ae-ebe8092840db', 'Primary', 1, 7.03) ON CONFLICT DO NOTHING;
INSERT INTO packaging_variant (id, item_variant_id, name, packaging_level, volume_per_unit) VALUES ('80ec9329-5c25-4171-a8e1-900c0096dcb9', '2eb9dc64-34b6-463a-b8ae-ebe8092840db', 'Secondary', 2, 7.03) ON CONFLICT DO NOTHING;
INSERT INTO packaging_variant (id, item_variant_id, name, packaging_level, volume_per_unit) VALUES ('100910f6-a05d-4e74-a236-dba3fff24707', '2eb9dc64-34b6-463a-b8ae-ebe8092840db', 'Tertiary', 3, 9.13) ON CONFLICT DO NOTHING;
INSERT INTO item_variant (id, name, item_link_id, cold_storage_type_id, doses_per_unit) VALUES ('d9774192-a027-451d-ac55-5a3fe20c6a65', 'C19-Covishield ChAdOx1-S COVISHIELD', '6fd78386-8a0b-4698-ae53-330844855059', (SELECT id FROM cold_storage_type WHERE name = '+5' or min_temperature = 2 and max_temperature = 8 LIMIT 1), 10) ON CONFLICT DO NOTHING;
INSERT INTO changelog (record_id, table_name, row_action) VALUES ('d9774192-a027-451d-ac55-5a3fe20c6a65', 'item_variant', 'UPSERT');
INSERT INTO packaging_variant (id, item_variant_id, name, packaging_level, volume_per_unit) VALUES ('682a9b92-a359-4b5d-b72e-7d6d282d83f4', 'd9774192-a027-451d-ac55-5a3fe20c6a65', 'Primary', 1, 2.1) ON CONFLICT DO NOTHING;
INSERT INTO packaging_variant (id, item_variant_id, name, packaging_level, volume_per_unit) VALUES ('45a38b7b-f9f5-4ced-9081-4b270131c90b', 'd9774192-a027-451d-ac55-5a3fe20c6a65', 'Secondary', 2, 2.1) ON CONFLICT DO NOTHING;
INSERT INTO packaging_variant (id, item_variant_id, name, packaging_level, volume_per_unit) VALUES ('e402d26f-1dff-4949-ad04-ff92612aa4ba', 'd9774192-a027-451d-ac55-5a3fe20c6a65', 'Tertiary', 3, 2.61) ON CONFLICT DO NOTHING;
INSERT INTO item (id, name, code, ven_category, type, legacy_record, is_active, is_vaccine, vaccine_doses, default_pack_size) VALUES ('7cadb075-864c-4319-9265-a3d9b5f35606', 'Covid-19 vaccine', 'C19-VaxZevria ChAdOx1-S', 'NOT_ASSIGNED', 'STOCK', '', 'True', 'True', 1, 1) ON CONFLICT DO NOTHING;
INSERT INTO item_link (id, item_id) VALUES ('7cadb075-864c-4319-9265-a3d9b5f35606', '7cadb075-864c-4319-9265-a3d9b5f35606') ON CONFLICT DO NOTHING;
INSERT INTO changelog (record_id, table_name, row_action) VALUES ('7cadb075-864c-4319-9265-a3d9b5f35606', 'item', 'UPSERT');
INSERT INTO master_list_line (id, master_list_id, item_link_id) VALUES (uuid_in(md5(random()::text || random()::text)::cstring), '43491ce9-bc89-4ee5-988d-9dbb2856e398', '7cadb075-864c-4319-9265-a3d9b5f35606') ON CONFLICT DO NOTHING;
INSERT INTO item_variant (id, name, item_link_id, cold_storage_type_id, doses_per_unit) VALUES ('92d330cc-83ed-4dc0-9d0d-3d369eabd166', 'C19-VaxZevria ChAdOx1-S Vaxzevria', '7cadb075-864c-4319-9265-a3d9b5f35606', (SELECT id FROM cold_storage_type WHERE name = '+5' or min_temperature = 2 and max_temperature = 8 LIMIT 1), 8) ON CONFLICT DO NOTHING;
INSERT INTO changelog (record_id, table_name, row_action) VALUES ('92d330cc-83ed-4dc0-9d0d-3d369eabd166', 'item_variant', 'UPSERT');
INSERT INTO packaging_variant (id, item_variant_id, name, packaging_level, volume_per_unit) VALUES ('5fb86736-31ac-4a32-8aaa-7093cc400ed3', '92d330cc-83ed-4dc0-9d0d-3d369eabd166', 'Primary', 1, 4.4) ON CONFLICT DO NOTHING;
INSERT INTO packaging_variant (id, item_variant_id, name, packaging_level, volume_per_unit) VALUES ('847fa7e4-869f-46ea-bd15-38a1795a7b51', '92d330cc-83ed-4dc0-9d0d-3d369eabd166', 'Secondary', 2, 4.4) ON CONFLICT DO NOTHING;
INSERT INTO packaging_variant (id, item_variant_id, name, packaging_level, volume_per_unit) VALUES ('dfea096c-5bd8-4ab5-89dc-bc754bd21d63', '92d330cc-83ed-4dc0-9d0d-3d369eabd166', 'Tertiary', 3, 5.85) ON CONFLICT DO NOTHING;
INSERT INTO item_variant (id, name, item_link_id, cold_storage_type_id, doses_per_unit) VALUES ('5676e0bb-96b4-4ecd-a0cd-01564e9b8fad', 'C19-VaxZevria ChAdOx1-S Vaxzevria', '7cadb075-864c-4319-9265-a3d9b5f35606', (SELECT id FROM cold_storage_type WHERE name = '+5' or min_temperature = 2 and max_temperature = 8 LIMIT 1), 10) ON CONFLICT DO NOTHING;
INSERT INTO changelog (record_id, table_name, row_action) VALUES ('5676e0bb-96b4-4ecd-a0cd-01564e9b8fad', 'item_variant', 'UPSERT');
INSERT INTO packaging_variant (id, item_variant_id, name, packaging_level, volume_per_unit) VALUES ('91b30e06-80dc-4fee-af5e-99a285447d46', '5676e0bb-96b4-4ecd-a0cd-01564e9b8fad', 'Primary', 1, 3.76) ON CONFLICT DO NOTHING;
INSERT INTO packaging_variant (id, item_variant_id, name, packaging_level, volume_per_unit) VALUES ('ec2b1a6e-75ca-44b2-9d1b-7d3229d3cb73', '5676e0bb-96b4-4ecd-a0cd-01564e9b8fad', 'Secondary', 2, 3.76) ON CONFLICT DO NOTHING;
INSERT INTO packaging_variant (id, item_variant_id, name, packaging_level, volume_per_unit) VALUES ('77f065b4-6b8b-4b1d-b3e2-efaef16840ee', '5676e0bb-96b4-4ecd-a0cd-01564e9b8fad', 'Tertiary', 3, 5.35) ON CONFLICT DO NOTHING;
INSERT INTO item_variant (id, name, item_link_id, cold_storage_type_id, doses_per_unit) VALUES ('5676e0bb-96b4-4ecd-a0cd-01564e9b8fad', 'C19-VaxZevria ChAdOx1-S Vaxzevria', '7cadb075-864c-4319-9265-a3d9b5f35606', (SELECT id FROM cold_storage_type WHERE name = '+5' or min_temperature = 2 and max_temperature = 8 LIMIT 1), 10) ON CONFLICT DO NOTHING;
INSERT INTO changelog (record_id, table_name, row_action) VALUES ('5676e0bb-96b4-4ecd-a0cd-01564e9b8fad', 'item_variant', 'UPSERT');
INSERT INTO packaging_variant (id, item_variant_id, name, packaging_level, volume_per_unit) VALUES ('91b30e06-80dc-4fee-af5e-99a285447d46', '5676e0bb-96b4-4ecd-a0cd-01564e9b8fad', 'Primary', 1, 2.76) ON CONFLICT DO NOTHING;
INSERT INTO packaging_variant (id, item_variant_id, name, packaging_level, volume_per_unit) VALUES ('ec2b1a6e-75ca-44b2-9d1b-7d3229d3cb73', '5676e0bb-96b4-4ecd-a0cd-01564e9b8fad', 'Secondary', 2, 2.76) ON CONFLICT DO NOTHING;
INSERT INTO packaging_variant (id, item_variant_id, name, packaging_level, volume_per_unit) VALUES ('77f065b4-6b8b-4b1d-b3e2-efaef16840ee', '5676e0bb-96b4-4ecd-a0cd-01564e9b8fad', 'Tertiary', 3, 5.29) ON CONFLICT DO NOTHING;
INSERT INTO item_variant (id, name, item_link_id, cold_storage_type_id, doses_per_unit) VALUES ('92d330cc-83ed-4dc0-9d0d-3d369eabd166', 'C19-VaxZevria ChAdOx1-S Vaxzevria', '7cadb075-864c-4319-9265-a3d9b5f35606', (SELECT id FROM cold_storage_type WHERE name = '+5' or min_temperature = 2 and max_temperature = 8 LIMIT 1), 8) ON CONFLICT DO NOTHING;
INSERT INTO changelog (record_id, table_name, row_action) VALUES ('92d330cc-83ed-4dc0-9d0d-3d369eabd166', 'item_variant', 'UPSERT');
INSERT INTO packaging_variant (id, item_variant_id, name, packaging_level, volume_per_unit) VALUES ('5fb86736-31ac-4a32-8aaa-7093cc400ed3', '92d330cc-83ed-4dc0-9d0d-3d369eabd166', 'Primary', 1, 3.45) ON CONFLICT DO NOTHING;
INSERT INTO packaging_variant (id, item_variant_id, name, packaging_level, volume_per_unit) VALUES ('847fa7e4-869f-46ea-bd15-38a1795a7b51', '92d330cc-83ed-4dc0-9d0d-3d369eabd166', 'Secondary', 2, 3.45) ON CONFLICT DO NOTHING;
INSERT INTO packaging_variant (id, item_variant_id, name, packaging_level, volume_per_unit) VALUES ('dfea096c-5bd8-4ab5-89dc-bc754bd21d63', '92d330cc-83ed-4dc0-9d0d-3d369eabd166', 'Tertiary', 3, 6.61) ON CONFLICT DO NOTHING;
INSERT INTO item (id, name, code, ven_category, type, legacy_record, is_active, is_vaccine, vaccine_doses, default_pack_size) VALUES ('766f3c71-69fa-4248-b8c7-4e213b04ff80', 'Covid-19 vaccine', 'C19-Moderna mRNA-1273', 'NOT_ASSIGNED', 'STOCK', '', 'True', 'True', 1, 1) ON CONFLICT DO NOTHING;
INSERT INTO item_link (id, item_id) VALUES ('766f3c71-69fa-4248-b8c7-4e213b04ff80', '766f3c71-69fa-4248-b8c7-4e213b04ff80') ON CONFLICT DO NOTHING;
INSERT INTO changelog (record_id, table_name, row_action) VALUES ('766f3c71-69fa-4248-b8c7-4e213b04ff80', 'item', 'UPSERT');
INSERT INTO master_list_line (id, master_list_id, item_link_id) VALUES (uuid_in(md5(random()::text || random()::text)::cstring), '43491ce9-bc89-4ee5-988d-9dbb2856e398', '766f3c71-69fa-4248-b8c7-4e213b04ff80') ON CONFLICT DO NOTHING;
INSERT INTO item_variant (id, name, item_link_id, cold_storage_type_id, doses_per_unit) VALUES ('a43e159c-935e-46f8-9abb-b6d09953304e', 'C19-Moderna mRNA-1273 mRNA-1273', '766f3c71-69fa-4248-b8c7-4e213b04ff80', (SELECT id FROM cold_storage_type WHERE name = '-20' or min_temperature = -20 and max_temperature = -20 LIMIT 1), 10) ON CONFLICT DO NOTHING;
INSERT INTO changelog (record_id, table_name, row_action) VALUES ('a43e159c-935e-46f8-9abb-b6d09953304e', 'item_variant', 'UPSERT');
INSERT INTO packaging_variant (id, item_variant_id, name, packaging_level, volume_per_unit) VALUES ('5b9cf9ee-d76d-44a1-98e7-9e565f4d77e6', 'a43e159c-935e-46f8-9abb-b6d09953304e', 'Primary', 1, 4.3) ON CONFLICT DO NOTHING;
INSERT INTO packaging_variant (id, item_variant_id, name, packaging_level, volume_per_unit) VALUES ('ea7f0b9d-39e7-43ec-9026-33d58c9c7f7d', 'a43e159c-935e-46f8-9abb-b6d09953304e', 'Secondary', 2, 4.3) ON CONFLICT DO NOTHING;
INSERT INTO packaging_variant (id, item_variant_id, name, packaging_level, volume_per_unit) VALUES ('0ffc9622-d731-47d3-8a9e-9c3bb8144c59', 'a43e159c-935e-46f8-9abb-b6d09953304e', 'Tertiary', 3, 5.83) ON CONFLICT DO NOTHING;
INSERT INTO item_variant (id, name, item_link_id, cold_storage_type_id, doses_per_unit) VALUES ('65df7e73-2945-4514-808f-eac4b1bee3cc', 'C19-Moderna mRNA-1273 mRNA-1273', '766f3c71-69fa-4248-b8c7-4e213b04ff80', (SELECT id FROM cold_storage_type WHERE name = '-20' or min_temperature = -20 and max_temperature = -20 LIMIT 1), 14) ON CONFLICT DO NOTHING;
INSERT INTO changelog (record_id, table_name, row_action) VALUES ('65df7e73-2945-4514-808f-eac4b1bee3cc', 'item_variant', 'UPSERT');
INSERT INTO packaging_variant (id, item_variant_id, name, packaging_level, volume_per_unit) VALUES ('9bcfe3fb-4bd5-4223-803d-7305da3df010', '65df7e73-2945-4514-808f-eac4b1bee3cc', 'Primary', 1, 2.1) ON CONFLICT DO NOTHING;
INSERT INTO packaging_variant (id, item_variant_id, name, packaging_level, volume_per_unit) VALUES ('299481d7-d2ba-4b2f-b156-1afe141c5ab2', '65df7e73-2945-4514-808f-eac4b1bee3cc', 'Secondary', 2, 2.1) ON CONFLICT DO NOTHING;
INSERT INTO packaging_variant (id, item_variant_id, name, packaging_level, volume_per_unit) VALUES ('c0b5970d-cb88-4d19-9e51-73ecdcaebf35', '65df7e73-2945-4514-808f-eac4b1bee3cc', 'Tertiary', 3, 3) ON CONFLICT DO NOTHING;
INSERT INTO item (id, name, code, ven_category, type, legacy_record, is_active, is_vaccine, vaccine_doses, default_pack_size) VALUES ('214116d9-dc84-451f-8931-b9e604cf0754', 'Covid-19 vaccine', 'C19-Janssen Ad26.COV2.S', 'NOT_ASSIGNED', 'STOCK', '', 'True', 'True', 1, 1) ON CONFLICT DO NOTHING;
INSERT INTO item_link (id, item_id) VALUES ('214116d9-dc84-451f-8931-b9e604cf0754', '214116d9-dc84-451f-8931-b9e604cf0754') ON CONFLICT DO NOTHING;
INSERT INTO changelog (record_id, table_name, row_action) VALUES ('214116d9-dc84-451f-8931-b9e604cf0754', 'item', 'UPSERT');
INSERT INTO master_list_line (id, master_list_id, item_link_id) VALUES (uuid_in(md5(random()::text || random()::text)::cstring), '43491ce9-bc89-4ee5-988d-9dbb2856e398', '214116d9-dc84-451f-8931-b9e604cf0754') ON CONFLICT DO NOTHING;
INSERT INTO item_variant (id, name, item_link_id, cold_storage_type_id, doses_per_unit) VALUES ('a4f1de73-50df-4248-b684-01d0d2acc579', 'C19-Janssen Ad26.COV2.S Ad26.COV2.S', '214116d9-dc84-451f-8931-b9e604cf0754', (SELECT id FROM cold_storage_type WHERE name = '-20' or min_temperature = -20 and max_temperature = -20 LIMIT 1), 5) ON CONFLICT DO NOTHING;
INSERT INTO changelog (record_id, table_name, row_action) VALUES ('a4f1de73-50df-4248-b684-01d0d2acc579', 'item_variant', 'UPSERT');
INSERT INTO packaging_variant (id, item_variant_id, name, packaging_level, volume_per_unit) VALUES ('82b9355d-1ee1-4f7b-b109-71b5408d252f', 'a4f1de73-50df-4248-b684-01d0d2acc579', 'Primary', 1, 3.82) ON CONFLICT DO NOTHING;
INSERT INTO packaging_variant (id, item_variant_id, name, packaging_level, volume_per_unit) VALUES ('70ccc4d7-b6dc-46dc-ab7d-a52996b610f3', 'a4f1de73-50df-4248-b684-01d0d2acc579', 'Secondary', 2, 3.82) ON CONFLICT DO NOTHING;
INSERT INTO packaging_variant (id, item_variant_id, name, packaging_level, volume_per_unit) VALUES ('524bb052-9fde-405d-a18b-43b3b13a8d1c', 'a4f1de73-50df-4248-b684-01d0d2acc579', 'Tertiary', 3, 5.32) ON CONFLICT DO NOTHING;
INSERT INTO item (id, name, code, ven_category, type, legacy_record, is_active, is_vaccine, vaccine_doses, default_pack_size) VALUES ('e6a3bdfb-8bc6-416e-891c-4103c778fe48', 'Covid-19 vaccine', 'C19-Pfizer PBS/Sucrose (purple cap)', 'NOT_ASSIGNED', 'STOCK', '', 'True', 'True', 1, 1) ON CONFLICT DO NOTHING;
INSERT INTO item_link (id, item_id) VALUES ('e6a3bdfb-8bc6-416e-891c-4103c778fe48', 'e6a3bdfb-8bc6-416e-891c-4103c778fe48') ON CONFLICT DO NOTHING;
INSERT INTO changelog (record_id, table_name, row_action) VALUES ('e6a3bdfb-8bc6-416e-891c-4103c778fe48', 'item', 'UPSERT');
INSERT INTO master_list_line (id, master_list_id, item_link_id) VALUES (uuid_in(md5(random()::text || random()::text)::cstring), '43491ce9-bc89-4ee5-988d-9dbb2856e398', 'e6a3bdfb-8bc6-416e-891c-4103c778fe48') ON CONFLICT DO NOTHING;
INSERT INTO item_variant (id, name, item_link_id, cold_storage_type_id, doses_per_unit) VALUES ('731f42f3-a714-4f1c-882c-8a6baab77cd5', 'C19-Pfizer PBS/Sucrose (purple cap) Comirnaty', 'e6a3bdfb-8bc6-416e-891c-4103c778fe48', (SELECT id FROM cold_storage_type WHERE name = '-70' or min_temperature = -70 and max_temperature = -70 LIMIT 1), 6) ON CONFLICT DO NOTHING;
INSERT INTO changelog (record_id, table_name, row_action) VALUES ('731f42f3-a714-4f1c-882c-8a6baab77cd5', 'item_variant', 'UPSERT');
INSERT INTO packaging_variant (id, item_variant_id, name, packaging_level, volume_per_unit) VALUES ('77467b48-e2e4-4539-b103-7afd82b9ca97', '731f42f3-a714-4f1c-882c-8a6baab77cd5', 'Primary', 1, 1.8) ON CONFLICT DO NOTHING;
INSERT INTO packaging_variant (id, item_variant_id, name, packaging_level, volume_per_unit) VALUES ('5d3d54b0-0194-4e77-829e-c7c3c0f789e4', '731f42f3-a714-4f1c-882c-8a6baab77cd5', 'Secondary', 2, 1.8) ON CONFLICT DO NOTHING;
INSERT INTO packaging_variant (id, item_variant_id, name, packaging_level, volume_per_unit) VALUES ('42b26abc-4fe6-4af9-9b9b-00994fbf849e', '731f42f3-a714-4f1c-882c-8a6baab77cd5', 'Tertiary', 3, 2.97) ON CONFLICT DO NOTHING;
INSERT INTO item (id, name, code, ven_category, type, legacy_record, is_active, is_vaccine, vaccine_doses, default_pack_size) VALUES ('35cead25-b90d-40f7-91d8-bd05d53a926e', 'C19-Pfizer PBS/Sucrose (purple cap) Diluent', 'C19-Pfizer PBS/Sucrose (purple cap)_DILUENT', 'NOT_ASSIGNED', 'STOCK', '', 'True', 'False', 0, 1) ON CONFLICT DO NOTHING;
INSERT INTO item_link (id, item_id) VALUES ('35cead25-b90d-40f7-91d8-bd05d53a926e', '35cead25-b90d-40f7-91d8-bd05d53a926e') ON CONFLICT DO NOTHING;
INSERT INTO changelog (record_id, table_name, row_action) VALUES ('35cead25-b90d-40f7-91d8-bd05d53a926e', 'item', 'UPSERT');
INSERT INTO item_variant (id, name, item_link_id, cold_storage_type_id, doses_per_unit) VALUES ('ab69ed70-1939-46bb-a707-657fce790d46', 'C19-Pfizer PBS/Sucrose (purple cap) Comirnaty Diluent', '35cead25-b90d-40f7-91d8-bd05d53a926e', (SELECT id FROM cold_storage_type WHERE name = '-70' or min_temperature = -70 and max_temperature = -70 LIMIT 1), 6) ON CONFLICT DO NOTHING;
INSERT INTO changelog (record_id, table_name, row_action) VALUES ('ab69ed70-1939-46bb-a707-657fce790d46', 'item_variant', 'UPSERT');
INSERT INTO packaging_variant (id, item_variant_id, name, packaging_level, volume_per_unit) VALUES ('681fd09f-d223-44dd-b50e-aaa8bb3f7cd6', 'ab69ed70-1939-46bb-a707-657fce790d46', 'Primary', 1, 4.63) ON CONFLICT DO NOTHING;
INSERT INTO packaging_variant (id, item_variant_id, name, packaging_level, volume_per_unit) VALUES ('838184c1-b7e7-4236-938d-d25fc96e34fe', 'ab69ed70-1939-46bb-a707-657fce790d46', 'Secondary', 2, 4.63) ON CONFLICT DO NOTHING;
INSERT INTO packaging_variant (id, item_variant_id, name, packaging_level, volume_per_unit) VALUES ('79aaa8cb-eaab-407d-ba29-2b8bb93934e9', 'ab69ed70-1939-46bb-a707-657fce790d46', 'Tertiary', 3, 13) ON CONFLICT DO NOTHING;
INSERT INTO bundled_item (id, principal_item_variant_id, bundled_item_variant_id, ratio) VALUES ('9ab33610-aa40-4a3e-864a-64cda6a0e71d', '731f42f3-a714-4f1c-882c-8a6baab77cd5', 'ab69ed70-1939-46bb-a707-657fce790d46', 1) ON CONFLICT DO NOTHING;
INSERT INTO changelog (record_id, table_name, row_action) VALUES ('9ab33610-aa40-4a3e-864a-64cda6a0e71d', 'bundled_item', 'UPSERT');
INSERT INTO item (id, name, code, ven_category, type, legacy_record, is_active, is_vaccine, vaccine_doses, default_pack_size) VALUES ('20392d4f-f868-43a7-9e0b-2e266888b655', 'Covid-19 vaccine', 'C19-Pfizer Tris/Sucrose (grey cap)', 'NOT_ASSIGNED', 'STOCK', '', 'True', 'True', 1, 1) ON CONFLICT DO NOTHING;
INSERT INTO item_link (id, item_id) VALUES ('20392d4f-f868-43a7-9e0b-2e266888b655', '20392d4f-f868-43a7-9e0b-2e266888b655') ON CONFLICT DO NOTHING;
INSERT INTO changelog (record_id, table_name, row_action) VALUES ('20392d4f-f868-43a7-9e0b-2e266888b655', 'item', 'UPSERT');
INSERT INTO master_list_line (id, master_list_id, item_link_id) VALUES (uuid_in(md5(random()::text || random()::text)::cstring), '43491ce9-bc89-4ee5-988d-9dbb2856e398', '20392d4f-f868-43a7-9e0b-2e266888b655') ON CONFLICT DO NOTHING;
INSERT INTO item_variant (id, name, item_link_id, cold_storage_type_id, doses_per_unit) VALUES ('59ae9c43-60d6-4f6e-811c-4ecab090dcb1', 'C19-Pfizer Tris/Sucrose (grey cap) Comirnaty', '20392d4f-f868-43a7-9e0b-2e266888b655', (SELECT id FROM cold_storage_type WHERE name = '-70' or min_temperature = -70 and max_temperature = -70 LIMIT 1), 6) ON CONFLICT DO NOTHING;
INSERT INTO changelog (record_id, table_name, row_action) VALUES ('59ae9c43-60d6-4f6e-811c-4ecab090dcb1', 'item_variant', 'UPSERT');
INSERT INTO packaging_variant (id, item_variant_id, name, packaging_level, volume_per_unit) VALUES ('b69d05a0-cdfd-40f8-9c03-ff8854e79d82', '59ae9c43-60d6-4f6e-811c-4ecab090dcb1', 'Primary', 1, 1.9) ON CONFLICT DO NOTHING;
INSERT INTO packaging_variant (id, item_variant_id, name, packaging_level, volume_per_unit) VALUES ('35b3f430-86f1-4dac-a075-46245d8ee708', '59ae9c43-60d6-4f6e-811c-4ecab090dcb1', 'Secondary', 2, 1.9) ON CONFLICT DO NOTHING;
INSERT INTO packaging_variant (id, item_variant_id, name, packaging_level, volume_per_unit) VALUES ('c6539974-2b37-47bf-a187-e87f4469534c', '59ae9c43-60d6-4f6e-811c-4ecab090dcb1', 'Tertiary', 3, 15.32) ON CONFLICT DO NOTHING;
INSERT INTO item (id, name, code, ven_category, type, legacy_record, is_active, is_vaccine, vaccine_doses, default_pack_size) VALUES ('b5b7dead-80d8-40f7-a021-99ad0c735438', 'Covid-19 vaccine', 'C19-Pfizer Tris/Sucrose (orange cap)', 'NOT_ASSIGNED', 'STOCK', '', 'True', 'True', 1, 1) ON CONFLICT DO NOTHING;
INSERT INTO item_link (id, item_id) VALUES ('b5b7dead-80d8-40f7-a021-99ad0c735438', 'b5b7dead-80d8-40f7-a021-99ad0c735438') ON CONFLICT DO NOTHING;
INSERT INTO changelog (record_id, table_name, row_action) VALUES ('b5b7dead-80d8-40f7-a021-99ad0c735438', 'item', 'UPSERT');
INSERT INTO master_list_line (id, master_list_id, item_link_id) VALUES (uuid_in(md5(random()::text || random()::text)::cstring), '43491ce9-bc89-4ee5-988d-9dbb2856e398', 'b5b7dead-80d8-40f7-a021-99ad0c735438') ON CONFLICT DO NOTHING;
INSERT INTO item_variant (id, name, item_link_id, cold_storage_type_id, doses_per_unit) VALUES ('8ae51ba9-b690-4e1a-9213-2d8ce88cebcd', 'C19-Pfizer Tris/Sucrose (orange cap) Comirnaty', 'b5b7dead-80d8-40f7-a021-99ad0c735438', (SELECT id FROM cold_storage_type WHERE name = '-70' or min_temperature = -70 and max_temperature = -70 LIMIT 1), 6) ON CONFLICT DO NOTHING;
INSERT INTO changelog (record_id, table_name, row_action) VALUES ('8ae51ba9-b690-4e1a-9213-2d8ce88cebcd', 'item_variant', 'UPSERT');
INSERT INTO packaging_variant (id, item_variant_id, name, packaging_level, volume_per_unit) VALUES ('67c531c4-3d5f-4aff-8c6f-0c21a1e8f88e', '8ae51ba9-b690-4e1a-9213-2d8ce88cebcd', 'Primary', 1, 2.6) ON CONFLICT DO NOTHING;
INSERT INTO packaging_variant (id, item_variant_id, name, packaging_level, volume_per_unit) VALUES ('30c73523-12bd-47c7-a860-543b5df9396a', '8ae51ba9-b690-4e1a-9213-2d8ce88cebcd', 'Secondary', 2, 2.6) ON CONFLICT DO NOTHING;
INSERT INTO packaging_variant (id, item_variant_id, name, packaging_level, volume_per_unit) VALUES ('d57277fa-d606-4223-8d9d-2b9bf51212d0', '8ae51ba9-b690-4e1a-9213-2d8ce88cebcd', 'Tertiary', 3, 24.89) ON CONFLICT DO NOTHING;
INSERT INTO item (id, name, code, ven_category, type, legacy_record, is_active, is_vaccine, vaccine_doses, default_pack_size) VALUES ('6f9988ba-2cd9-497f-9eaa-ac7a521b0192', 'C19-Pfizer Tris/Sucrose (orange cap) Diluent', 'C19-Pfizer Tris/Sucrose (orange cap)_DILUENT', 'NOT_ASSIGNED', 'STOCK', '', 'True', 'False', 0, 1) ON CONFLICT DO NOTHING;
INSERT INTO item_link (id, item_id) VALUES ('6f9988ba-2cd9-497f-9eaa-ac7a521b0192', '6f9988ba-2cd9-497f-9eaa-ac7a521b0192') ON CONFLICT DO NOTHING;
INSERT INTO changelog (record_id, table_name, row_action) VALUES ('6f9988ba-2cd9-497f-9eaa-ac7a521b0192', 'item', 'UPSERT');
INSERT INTO item_variant (id, name, item_link_id, cold_storage_type_id, doses_per_unit) VALUES ('5b5835f3-b18a-4886-bc0e-e358943cc1aa', 'C19-Pfizer Tris/Sucrose (orange cap) Comirnaty Diluent', '6f9988ba-2cd9-497f-9eaa-ac7a521b0192', (SELECT id FROM cold_storage_type WHERE name = '-70' or min_temperature = -70 and max_temperature = -70 LIMIT 1), 6) ON CONFLICT DO NOTHING;
INSERT INTO changelog (record_id, table_name, row_action) VALUES ('5b5835f3-b18a-4886-bc0e-e358943cc1aa', 'item_variant', 'UPSERT');
INSERT INTO packaging_variant (id, item_variant_id, name, packaging_level, volume_per_unit) VALUES ('cd7399a7-f4c4-4609-8255-9bf4b5d7810a', '5b5835f3-b18a-4886-bc0e-e358943cc1aa', 'Primary', 1, 4.63) ON CONFLICT DO NOTHING;
INSERT INTO packaging_variant (id, item_variant_id, name, packaging_level, volume_per_unit) VALUES ('594624b8-b9ae-46d0-9834-779ee707c192', '5b5835f3-b18a-4886-bc0e-e358943cc1aa', 'Secondary', 2, 4.63) ON CONFLICT DO NOTHING;
INSERT INTO packaging_variant (id, item_variant_id, name, packaging_level, volume_per_unit) VALUES ('b66f4af4-b67b-4f8e-a79e-40f37af37269', '5b5835f3-b18a-4886-bc0e-e358943cc1aa', 'Tertiary', 3, 13) ON CONFLICT DO NOTHING;
INSERT INTO bundled_item (id, principal_item_variant_id, bundled_item_variant_id, ratio) VALUES ('59e3d439-5fcd-42f6-ab5b-969e3f9ee5a5', '8ae51ba9-b690-4e1a-9213-2d8ce88cebcd', '5b5835f3-b18a-4886-bc0e-e358943cc1aa', 1) ON CONFLICT DO NOTHING;
INSERT INTO changelog (record_id, table_name, row_action) VALUES ('59e3d439-5fcd-42f6-ab5b-969e3f9ee5a5', 'bundled_item', 'UPSERT');
INSERT INTO item (id, name, code, ven_category, type, legacy_record, is_active, is_vaccine, vaccine_doses, default_pack_size) VALUES ('8768067f-50b3-4b86-9ee8-650c1f8d9784', 'Covid-19 vaccine', 'C19-Sinopharm VeroCell', 'NOT_ASSIGNED', 'STOCK', '', 'True', 'True', 1, 1) ON CONFLICT DO NOTHING;
INSERT INTO item_link (id, item_id) VALUES ('8768067f-50b3-4b86-9ee8-650c1f8d9784', '8768067f-50b3-4b86-9ee8-650c1f8d9784') ON CONFLICT DO NOTHING;
INSERT INTO changelog (record_id, table_name, row_action) VALUES ('8768067f-50b3-4b86-9ee8-650c1f8d9784', 'item', 'UPSERT');
INSERT INTO master_list_line (id, master_list_id, item_link_id) VALUES (uuid_in(md5(random()::text || random()::text)::cstring), '43491ce9-bc89-4ee5-988d-9dbb2856e398', '8768067f-50b3-4b86-9ee8-650c1f8d9784') ON CONFLICT DO NOTHING;
INSERT INTO item_variant (id, name, item_link_id, cold_storage_type_id, doses_per_unit) VALUES ('e232412c-5b46-42b4-a869-7e238c7d41cf', 'C19-Sinopharm VeroCell Sinopharm', '8768067f-50b3-4b86-9ee8-650c1f8d9784', (SELECT id FROM cold_storage_type WHERE name = '+5' or min_temperature = 2 and max_temperature = 8 LIMIT 1), 1) ON CONFLICT DO NOTHING;
INSERT INTO changelog (record_id, table_name, row_action) VALUES ('e232412c-5b46-42b4-a869-7e238c7d41cf', 'item_variant', 'UPSERT');
INSERT INTO packaging_variant (id, item_variant_id, name, packaging_level, volume_per_unit) VALUES ('f029cdcd-70b9-441f-9b2a-6a4174ba402c', 'e232412c-5b46-42b4-a869-7e238c7d41cf', 'Primary', 1, 61.8) ON CONFLICT DO NOTHING;
INSERT INTO packaging_variant (id, item_variant_id, name, packaging_level, volume_per_unit) VALUES ('43afb05a-6ce4-445d-a72f-e2f209599542', 'e232412c-5b46-42b4-a869-7e238c7d41cf', 'Secondary', 2, 61.8) ON CONFLICT DO NOTHING;
INSERT INTO packaging_variant (id, item_variant_id, name, packaging_level, volume_per_unit) VALUES ('58ba0223-79e4-43f8-b4bc-85e5b00f3fe7', 'e232412c-5b46-42b4-a869-7e238c7d41cf', 'Tertiary', 3, 78.3) ON CONFLICT DO NOTHING;
INSERT INTO item_variant (id, name, item_link_id, cold_storage_type_id, doses_per_unit) VALUES ('e232412c-5b46-42b4-a869-7e238c7d41cf', 'C19-Sinopharm VeroCell Sinopharm', '8768067f-50b3-4b86-9ee8-650c1f8d9784', (SELECT id FROM cold_storage_type WHERE name = '+5' or min_temperature = 2 and max_temperature = 8 LIMIT 1), 1) ON CONFLICT DO NOTHING;
INSERT INTO changelog (record_id, table_name, row_action) VALUES ('e232412c-5b46-42b4-a869-7e238c7d41cf', 'item_variant', 'UPSERT');
INSERT INTO packaging_variant (id, item_variant_id, name, packaging_level, volume_per_unit) VALUES ('f029cdcd-70b9-441f-9b2a-6a4174ba402c', 'e232412c-5b46-42b4-a869-7e238c7d41cf', 'Primary', 1, 21.2) ON CONFLICT DO NOTHING;
INSERT INTO packaging_variant (id, item_variant_id, name, packaging_level, volume_per_unit) VALUES ('43afb05a-6ce4-445d-a72f-e2f209599542', 'e232412c-5b46-42b4-a869-7e238c7d41cf', 'Secondary', 2, 21.2) ON CONFLICT DO NOTHING;
INSERT INTO packaging_variant (id, item_variant_id, name, packaging_level, volume_per_unit) VALUES ('58ba0223-79e4-43f8-b4bc-85e5b00f3fe7', 'e232412c-5b46-42b4-a869-7e238c7d41cf', 'Tertiary', 3, 28.9) ON CONFLICT DO NOTHING;
INSERT INTO item_variant (id, name, item_link_id, cold_storage_type_id, doses_per_unit) VALUES ('e232412c-5b46-42b4-a869-7e238c7d41cf', 'C19-Sinopharm VeroCell Sinopharm', '8768067f-50b3-4b86-9ee8-650c1f8d9784', (SELECT id FROM cold_storage_type WHERE name = '+5' or min_temperature = 2 and max_temperature = 8 LIMIT 1), 1) ON CONFLICT DO NOTHING;
INSERT INTO changelog (record_id, table_name, row_action) VALUES ('e232412c-5b46-42b4-a869-7e238c7d41cf', 'item_variant', 'UPSERT');
INSERT INTO packaging_variant (id, item_variant_id, name, packaging_level, volume_per_unit) VALUES ('f029cdcd-70b9-441f-9b2a-6a4174ba402c', 'e232412c-5b46-42b4-a869-7e238c7d41cf', 'Primary', 1, 94.9) ON CONFLICT DO NOTHING;
INSERT INTO packaging_variant (id, item_variant_id, name, packaging_level, volume_per_unit) VALUES ('43afb05a-6ce4-445d-a72f-e2f209599542', 'e232412c-5b46-42b4-a869-7e238c7d41cf', 'Secondary', 2, 94.9) ON CONFLICT DO NOTHING;
INSERT INTO packaging_variant (id, item_variant_id, name, packaging_level, volume_per_unit) VALUES ('58ba0223-79e4-43f8-b4bc-85e5b00f3fe7', 'e232412c-5b46-42b4-a869-7e238c7d41cf', 'Tertiary', 3, 115.9) ON CONFLICT DO NOTHING;
INSERT INTO item_variant (id, name, item_link_id, cold_storage_type_id, doses_per_unit) VALUES ('e232412c-5b46-42b4-a869-7e238c7d41cf', 'C19-Sinopharm VeroCell Sinopharm', '8768067f-50b3-4b86-9ee8-650c1f8d9784', (SELECT id FROM cold_storage_type WHERE name = '+5' or min_temperature = 2 and max_temperature = 8 LIMIT 1), 1) ON CONFLICT DO NOTHING;
INSERT INTO changelog (record_id, table_name, row_action) VALUES ('e232412c-5b46-42b4-a869-7e238c7d41cf', 'item_variant', 'UPSERT');
INSERT INTO packaging_variant (id, item_variant_id, name, packaging_level, volume_per_unit) VALUES ('f029cdcd-70b9-441f-9b2a-6a4174ba402c', 'e232412c-5b46-42b4-a869-7e238c7d41cf', 'Primary', 1, 124.9) ON CONFLICT DO NOTHING;
INSERT INTO packaging_variant (id, item_variant_id, name, packaging_level, volume_per_unit) VALUES ('43afb05a-6ce4-445d-a72f-e2f209599542', 'e232412c-5b46-42b4-a869-7e238c7d41cf', 'Secondary', 2, 124.9) ON CONFLICT DO NOTHING;
INSERT INTO packaging_variant (id, item_variant_id, name, packaging_level, volume_per_unit) VALUES ('58ba0223-79e4-43f8-b4bc-85e5b00f3fe7', 'e232412c-5b46-42b4-a869-7e238c7d41cf', 'Tertiary', 3, 154) ON CONFLICT DO NOTHING;
INSERT INTO item_variant (id, name, item_link_id, cold_storage_type_id, doses_per_unit) VALUES ('b2179ed0-a43d-45cf-8d60-1d4b83c423cb', 'C19-Sinopharm VeroCell Sinopharm', '8768067f-50b3-4b86-9ee8-650c1f8d9784', (SELECT id FROM cold_storage_type WHERE name = '+5' or min_temperature = 2 and max_temperature = 8 LIMIT 1), 2) ON CONFLICT DO NOTHING;
INSERT INTO changelog (record_id, table_name, row_action) VALUES ('b2179ed0-a43d-45cf-8d60-1d4b83c423cb', 'item_variant', 'UPSERT');
INSERT INTO packaging_variant (id, item_variant_id, name, packaging_level, volume_per_unit) VALUES ('a40446fd-3488-4342-9364-a36ba93c16b2', 'b2179ed0-a43d-45cf-8d60-1d4b83c423cb', 'Primary', 1, 30.8) ON CONFLICT DO NOTHING;
INSERT INTO packaging_variant (id, item_variant_id, name, packaging_level, volume_per_unit) VALUES ('05c6f9de-19de-4804-95e8-f83df894e9a3', 'b2179ed0-a43d-45cf-8d60-1d4b83c423cb', 'Secondary', 2, 30.8) ON CONFLICT DO NOTHING;
INSERT INTO packaging_variant (id, item_variant_id, name, packaging_level, volume_per_unit) VALUES ('501de17d-ec76-490a-a294-909ee9015bbd', 'b2179ed0-a43d-45cf-8d60-1d4b83c423cb', 'Tertiary', 3, 39.16) ON CONFLICT DO NOTHING;
INSERT INTO item_variant (id, name, item_link_id, cold_storage_type_id, doses_per_unit) VALUES ('b2179ed0-a43d-45cf-8d60-1d4b83c423cb', 'C19-Sinopharm VeroCell Sinopharm', '8768067f-50b3-4b86-9ee8-650c1f8d9784', (SELECT id FROM cold_storage_type WHERE name = '+5' or min_temperature = 2 and max_temperature = 8 LIMIT 1), 2) ON CONFLICT DO NOTHING;
INSERT INTO changelog (record_id, table_name, row_action) VALUES ('b2179ed0-a43d-45cf-8d60-1d4b83c423cb', 'item_variant', 'UPSERT');
INSERT INTO packaging_variant (id, item_variant_id, name, packaging_level, volume_per_unit) VALUES ('a40446fd-3488-4342-9364-a36ba93c16b2', 'b2179ed0-a43d-45cf-8d60-1d4b83c423cb', 'Primary', 1, 10.5) ON CONFLICT DO NOTHING;
INSERT INTO packaging_variant (id, item_variant_id, name, packaging_level, volume_per_unit) VALUES ('05c6f9de-19de-4804-95e8-f83df894e9a3', 'b2179ed0-a43d-45cf-8d60-1d4b83c423cb', 'Secondary', 2, 10.5) ON CONFLICT DO NOTHING;
INSERT INTO packaging_variant (id, item_variant_id, name, packaging_level, volume_per_unit) VALUES ('501de17d-ec76-490a-a294-909ee9015bbd', 'b2179ed0-a43d-45cf-8d60-1d4b83c423cb', 'Tertiary', 3, 14.45) ON CONFLICT DO NOTHING;
INSERT INTO item_variant (id, name, item_link_id, cold_storage_type_id, doses_per_unit) VALUES ('b2179ed0-a43d-45cf-8d60-1d4b83c423cb', 'C19-Sinopharm VeroCell Sinopharm', '8768067f-50b3-4b86-9ee8-650c1f8d9784', (SELECT id FROM cold_storage_type WHERE name = '+5' or min_temperature = 2 and max_temperature = 8 LIMIT 1), 2) ON CONFLICT DO NOTHING;
INSERT INTO changelog (record_id, table_name, row_action) VALUES ('b2179ed0-a43d-45cf-8d60-1d4b83c423cb', 'item_variant', 'UPSERT');
INSERT INTO packaging_variant (id, item_variant_id, name, packaging_level, volume_per_unit) VALUES ('a40446fd-3488-4342-9364-a36ba93c16b2', 'b2179ed0-a43d-45cf-8d60-1d4b83c423cb', 'Primary', 1, 11.4) ON CONFLICT DO NOTHING;
INSERT INTO packaging_variant (id, item_variant_id, name, packaging_level, volume_per_unit) VALUES ('05c6f9de-19de-4804-95e8-f83df894e9a3', 'b2179ed0-a43d-45cf-8d60-1d4b83c423cb', 'Secondary', 2, 11.4) ON CONFLICT DO NOTHING;
INSERT INTO packaging_variant (id, item_variant_id, name, packaging_level, volume_per_unit) VALUES ('501de17d-ec76-490a-a294-909ee9015bbd', 'b2179ed0-a43d-45cf-8d60-1d4b83c423cb', 'Tertiary', 3, 14.03) ON CONFLICT DO NOTHING;
INSERT INTO item_variant (id, name, item_link_id, cold_storage_type_id, doses_per_unit) VALUES ('eda00e14-e5f9-4fd0-acdf-07218109f36d', 'C19-Sinopharm VeroCell Sinopharm', '8768067f-50b3-4b86-9ee8-650c1f8d9784', (SELECT id FROM cold_storage_type WHERE name = '+5' or min_temperature = 2 and max_temperature = 8 LIMIT 1), 5) ON CONFLICT DO NOTHING;
INSERT INTO changelog (record_id, table_name, row_action) VALUES ('eda00e14-e5f9-4fd0-acdf-07218109f36d', 'item_variant', 'UPSERT');
INSERT INTO packaging_variant (id, item_variant_id, name, packaging_level, volume_per_unit) VALUES ('161510a7-193d-4a13-bbb1-6c57934e2a84', 'eda00e14-e5f9-4fd0-acdf-07218109f36d', 'Primary', 1, 12.3) ON CONFLICT DO NOTHING;
INSERT INTO packaging_variant (id, item_variant_id, name, packaging_level, volume_per_unit) VALUES ('803ce6b7-b97c-4d16-834f-cadde0eafb6b', 'eda00e14-e5f9-4fd0-acdf-07218109f36d', 'Secondary', 2, 12.3) ON CONFLICT DO NOTHING;
INSERT INTO packaging_variant (id, item_variant_id, name, packaging_level, volume_per_unit) VALUES ('c26086d1-5f7e-4c33-b950-8b61bfd8979d', 'eda00e14-e5f9-4fd0-acdf-07218109f36d', 'Tertiary', 3, 15.66) ON CONFLICT DO NOTHING;
INSERT INTO item_variant (id, name, item_link_id, cold_storage_type_id, doses_per_unit) VALUES ('eda00e14-e5f9-4fd0-acdf-07218109f36d', 'C19-Sinopharm VeroCell Sinopharm', '8768067f-50b3-4b86-9ee8-650c1f8d9784', (SELECT id FROM cold_storage_type WHERE name = '+5' or min_temperature = 2 and max_temperature = 8 LIMIT 1), 5) ON CONFLICT DO NOTHING;
INSERT INTO changelog (record_id, table_name, row_action) VALUES ('eda00e14-e5f9-4fd0-acdf-07218109f36d', 'item_variant', 'UPSERT');
INSERT INTO packaging_variant (id, item_variant_id, name, packaging_level, volume_per_unit) VALUES ('161510a7-193d-4a13-bbb1-6c57934e2a84', 'eda00e14-e5f9-4fd0-acdf-07218109f36d', 'Primary', 1, 4.2) ON CONFLICT DO NOTHING;
INSERT INTO packaging_variant (id, item_variant_id, name, packaging_level, volume_per_unit) VALUES ('803ce6b7-b97c-4d16-834f-cadde0eafb6b', 'eda00e14-e5f9-4fd0-acdf-07218109f36d', 'Secondary', 2, 4.2) ON CONFLICT DO NOTHING;
INSERT INTO packaging_variant (id, item_variant_id, name, packaging_level, volume_per_unit) VALUES ('c26086d1-5f7e-4c33-b950-8b61bfd8979d', 'eda00e14-e5f9-4fd0-acdf-07218109f36d', 'Tertiary', 3, 5.78) ON CONFLICT DO NOTHING;
INSERT INTO item_variant (id, name, item_link_id, cold_storage_type_id, doses_per_unit) VALUES ('eda00e14-e5f9-4fd0-acdf-07218109f36d', 'C19-Sinopharm VeroCell Sinopharm', '8768067f-50b3-4b86-9ee8-650c1f8d9784', (SELECT id FROM cold_storage_type WHERE name = '+5' or min_temperature = 2 and max_temperature = 8 LIMIT 1), 5) ON CONFLICT DO NOTHING;
INSERT INTO changelog (record_id, table_name, row_action) VALUES ('eda00e14-e5f9-4fd0-acdf-07218109f36d', 'item_variant', 'UPSERT');
INSERT INTO packaging_variant (id, item_variant_id, name, packaging_level, volume_per_unit) VALUES ('161510a7-193d-4a13-bbb1-6c57934e2a84', 'eda00e14-e5f9-4fd0-acdf-07218109f36d', 'Primary', 1, 4.5) ON CONFLICT DO NOTHING;
INSERT INTO packaging_variant (id, item_variant_id, name, packaging_level, volume_per_unit) VALUES ('803ce6b7-b97c-4d16-834f-cadde0eafb6b', 'eda00e14-e5f9-4fd0-acdf-07218109f36d', 'Secondary', 2, 4.5) ON CONFLICT DO NOTHING;
INSERT INTO packaging_variant (id, item_variant_id, name, packaging_level, volume_per_unit) VALUES ('c26086d1-5f7e-4c33-b950-8b61bfd8979d', 'eda00e14-e5f9-4fd0-acdf-07218109f36d', 'Tertiary', 3, 6.82) ON CONFLICT DO NOTHING;
INSERT INTO item (id, name, code, ven_category, type, legacy_record, is_active, is_vaccine, vaccine_doses, default_pack_size) VALUES ('6551947e-17f3-495c-9e6f-184dc04cf496', 'Covid-19 vaccine', 'C19-Sinovac Coronovac', 'NOT_ASSIGNED', 'STOCK', '', 'True', 'True', 1, 1) ON CONFLICT DO NOTHING;
INSERT INTO item_link (id, item_id) VALUES ('6551947e-17f3-495c-9e6f-184dc04cf496', '6551947e-17f3-495c-9e6f-184dc04cf496') ON CONFLICT DO NOTHING;
INSERT INTO changelog (record_id, table_name, row_action) VALUES ('6551947e-17f3-495c-9e6f-184dc04cf496', 'item', 'UPSERT');
INSERT INTO master_list_line (id, master_list_id, item_link_id) VALUES (uuid_in(md5(random()::text || random()::text)::cstring), '43491ce9-bc89-4ee5-988d-9dbb2856e398', '6551947e-17f3-495c-9e6f-184dc04cf496') ON CONFLICT DO NOTHING;
INSERT INTO item_variant (id, name, item_link_id, cold_storage_type_id, doses_per_unit) VALUES ('a59fb486-c11f-48d0-b9af-6e054e1cc7dc', 'C19-Sinovac Coronovac CoronaVac', '6551947e-17f3-495c-9e6f-184dc04cf496', (SELECT id FROM cold_storage_type WHERE name = '+5' or min_temperature = 2 and max_temperature = 8 LIMIT 1), 2) ON CONFLICT DO NOTHING;
INSERT INTO changelog (record_id, table_name, row_action) VALUES ('a59fb486-c11f-48d0-b9af-6e054e1cc7dc', 'item_variant', 'UPSERT');
INSERT INTO packaging_variant (id, item_variant_id, name, packaging_level, volume_per_unit) VALUES ('752a4a18-b76a-480f-9f07-5bda991888b6', 'a59fb486-c11f-48d0-b9af-6e054e1cc7dc', 'Primary', 1, 8.15) ON CONFLICT DO NOTHING;
INSERT INTO packaging_variant (id, item_variant_id, name, packaging_level, volume_per_unit) VALUES ('ffba2f7b-60da-4fcc-ad82-ac561643642f', 'a59fb486-c11f-48d0-b9af-6e054e1cc7dc', 'Secondary', 2, 8.15) ON CONFLICT DO NOTHING;
INSERT INTO packaging_variant (id, item_variant_id, name, packaging_level, volume_per_unit) VALUES ('259a67a9-46a5-4ea1-add5-bbe92f117ee1', 'a59fb486-c11f-48d0-b9af-6e054e1cc7dc', 'Tertiary', 3, 10.12) ON CONFLICT DO NOTHING;
INSERT INTO item_variant (id, name, item_link_id, cold_storage_type_id, doses_per_unit) VALUES ('a15ec76d-f3c4-4622-8915-ffa87bd02d9d', 'C19-Sinovac Coronovac CoronaVac', '6551947e-17f3-495c-9e6f-184dc04cf496', (SELECT id FROM cold_storage_type WHERE name = '+5' or min_temperature = 2 and max_temperature = 8 LIMIT 1), 1) ON CONFLICT DO NOTHING;
INSERT INTO changelog (record_id, table_name, row_action) VALUES ('a15ec76d-f3c4-4622-8915-ffa87bd02d9d', 'item_variant', 'UPSERT');
INSERT INTO packaging_variant (id, item_variant_id, name, packaging_level, volume_per_unit) VALUES ('4c4f5cc6-26b8-4b98-bc5c-b92eefa164e5', 'a15ec76d-f3c4-4622-8915-ffa87bd02d9d', 'Primary', 1, 16.3) ON CONFLICT DO NOTHING;
INSERT INTO packaging_variant (id, item_variant_id, name, packaging_level, volume_per_unit) VALUES ('d3229012-4131-467f-8bc0-3a451fd5eff7', 'a15ec76d-f3c4-4622-8915-ffa87bd02d9d', 'Secondary', 2, 16.3) ON CONFLICT DO NOTHING;
INSERT INTO packaging_variant (id, item_variant_id, name, packaging_level, volume_per_unit) VALUES ('fb655196-03af-4a23-8f2a-d10fedd4aed4', 'a15ec76d-f3c4-4622-8915-ffa87bd02d9d', 'Tertiary', 3, 20.24) ON CONFLICT DO NOTHING;
INSERT INTO item_variant (id, name, item_link_id, cold_storage_type_id, doses_per_unit) VALUES ('a15ec76d-f3c4-4622-8915-ffa87bd02d9d', 'C19-Sinovac Coronovac CoronaVac', '6551947e-17f3-495c-9e6f-184dc04cf496', (SELECT id FROM cold_storage_type WHERE name = '+5' or min_temperature = 2 and max_temperature = 8 LIMIT 1), 1) ON CONFLICT DO NOTHING;
INSERT INTO changelog (record_id, table_name, row_action) VALUES ('a15ec76d-f3c4-4622-8915-ffa87bd02d9d', 'item_variant', 'UPSERT');
INSERT INTO packaging_variant (id, item_variant_id, name, packaging_level, volume_per_unit) VALUES ('4c4f5cc6-26b8-4b98-bc5c-b92eefa164e5', 'a15ec76d-f3c4-4622-8915-ffa87bd02d9d', 'Primary', 1, 41.65) ON CONFLICT DO NOTHING;
INSERT INTO packaging_variant (id, item_variant_id, name, packaging_level, volume_per_unit) VALUES ('d3229012-4131-467f-8bc0-3a451fd5eff7', 'a15ec76d-f3c4-4622-8915-ffa87bd02d9d', 'Secondary', 2, 41.65) ON CONFLICT DO NOTHING;
INSERT INTO packaging_variant (id, item_variant_id, name, packaging_level, volume_per_unit) VALUES ('fb655196-03af-4a23-8f2a-d10fedd4aed4', 'a15ec76d-f3c4-4622-8915-ffa87bd02d9d', 'Tertiary', 3, 49.82) ON CONFLICT DO NOTHING;
INSERT INTO item (id, name, code, ven_category, type, legacy_record, is_active, is_vaccine, vaccine_doses, default_pack_size) VALUES ('916d7f01-9060-45a0-bc59-f1038a3455af', 'Covid-19 vaccine', 'C19-Sputnik', 'NOT_ASSIGNED', 'STOCK', '', 'True', 'True', 1, 1) ON CONFLICT DO NOTHING;
INSERT INTO item_link (id, item_id) VALUES ('916d7f01-9060-45a0-bc59-f1038a3455af', '916d7f01-9060-45a0-bc59-f1038a3455af') ON CONFLICT DO NOTHING;
INSERT INTO changelog (record_id, table_name, row_action) VALUES ('916d7f01-9060-45a0-bc59-f1038a3455af', 'item', 'UPSERT');
INSERT INTO master_list_line (id, master_list_id, item_link_id) VALUES (uuid_in(md5(random()::text || random()::text)::cstring), '43491ce9-bc89-4ee5-988d-9dbb2856e398', '916d7f01-9060-45a0-bc59-f1038a3455af') ON CONFLICT DO NOTHING;
INSERT INTO item_variant (id, name, item_link_id, cold_storage_type_id, doses_per_unit) VALUES ('38573394-929b-46b3-a94e-78e7d2c8b128', 'C19-Sputnik Sputnik V', '916d7f01-9060-45a0-bc59-f1038a3455af', (SELECT id FROM cold_storage_type WHERE name = '-20' or min_temperature = -20 and max_temperature = -20 LIMIT 1), 1) ON CONFLICT DO NOTHING;
INSERT INTO changelog (record_id, table_name, row_action) VALUES ('38573394-929b-46b3-a94e-78e7d2c8b128', 'item_variant', 'UPSERT');
INSERT INTO packaging_variant (id, item_variant_id, name, packaging_level, volume_per_unit) VALUES ('f1ae5acc-d783-4c01-b907-f5a26543fdc5', '38573394-929b-46b3-a94e-78e7d2c8b128', 'Primary', 1, 27.5) ON CONFLICT DO NOTHING;
INSERT INTO packaging_variant (id, item_variant_id, name, packaging_level, volume_per_unit) VALUES ('5ee011e8-9075-4dd0-8ac3-f466f5dde05d', '38573394-929b-46b3-a94e-78e7d2c8b128', 'Secondary', 2, 27.5) ON CONFLICT DO NOTHING;
INSERT INTO packaging_variant (id, item_variant_id, name, packaging_level, volume_per_unit) VALUES ('d6465431-7ba8-440a-99f9-b6cf7ef7f010', '38573394-929b-46b3-a94e-78e7d2c8b128', 'Tertiary', 3, 31.1) ON CONFLICT DO NOTHING;
INSERT INTO item (id, name, code, ven_category, type, legacy_record, is_active, is_vaccine, vaccine_doses, default_pack_size) VALUES ('bdc74895-93b8-4fb8-86df-d186a99224c6', 'Covid-19 vaccine', 'C19-Bharat COVAXIN', 'NOT_ASSIGNED', 'STOCK', '', 'True', 'True', 1, 1) ON CONFLICT DO NOTHING;
INSERT INTO item_link (id, item_id) VALUES ('bdc74895-93b8-4fb8-86df-d186a99224c6', 'bdc74895-93b8-4fb8-86df-d186a99224c6') ON CONFLICT DO NOTHING;
INSERT INTO changelog (record_id, table_name, row_action) VALUES ('bdc74895-93b8-4fb8-86df-d186a99224c6', 'item', 'UPSERT');
INSERT INTO master_list_line (id, master_list_id, item_link_id) VALUES (uuid_in(md5(random()::text || random()::text)::cstring), '43491ce9-bc89-4ee5-988d-9dbb2856e398', 'bdc74895-93b8-4fb8-86df-d186a99224c6') ON CONFLICT DO NOTHING;
INSERT INTO item_variant (id, name, item_link_id, cold_storage_type_id, doses_per_unit) VALUES ('38a393c3-917c-43eb-8074-79c08dc6da1b', 'C19-Bharat COVAXIN BBV152, COVAXIN', 'bdc74895-93b8-4fb8-86df-d186a99224c6', (SELECT id FROM cold_storage_type WHERE name = '+5' or min_temperature = 2 and max_temperature = 8 LIMIT 1), 1) ON CONFLICT DO NOTHING;
INSERT INTO changelog (record_id, table_name, row_action) VALUES ('38a393c3-917c-43eb-8074-79c08dc6da1b', 'item_variant', 'UPSERT');
INSERT INTO packaging_variant (id, item_variant_id, name, packaging_level, volume_per_unit) VALUES ('c04a214c-d24f-40bf-8d90-e57abd5f5311', '38a393c3-917c-43eb-8074-79c08dc6da1b', 'Primary', 1, 14.45) ON CONFLICT DO NOTHING;
INSERT INTO packaging_variant (id, item_variant_id, name, packaging_level, volume_per_unit) VALUES ('10d32823-c180-460d-b724-3b577f62c5ec', '38a393c3-917c-43eb-8074-79c08dc6da1b', 'Secondary', 2, 14.45) ON CONFLICT DO NOTHING;
INSERT INTO packaging_variant (id, item_variant_id, name, packaging_level, volume_per_unit) VALUES ('dd5b887b-618a-48bd-88ea-d6c30b15a4a7', '38a393c3-917c-43eb-8074-79c08dc6da1b', 'Tertiary', 3, 18.31) ON CONFLICT DO NOTHING;
INSERT INTO item_variant (id, name, item_link_id, cold_storage_type_id, doses_per_unit) VALUES ('1f3dde8f-59fe-469c-8d0a-e4ffa4a30a9f', 'C19-Bharat COVAXIN BBV152, COVAXIN', 'bdc74895-93b8-4fb8-86df-d186a99224c6', (SELECT id FROM cold_storage_type WHERE name = '+5' or min_temperature = 2 and max_temperature = 8 LIMIT 1), 5) ON CONFLICT DO NOTHING;
INSERT INTO changelog (record_id, table_name, row_action) VALUES ('1f3dde8f-59fe-469c-8d0a-e4ffa4a30a9f', 'item_variant', 'UPSERT');
INSERT INTO packaging_variant (id, item_variant_id, name, packaging_level, volume_per_unit) VALUES ('beb96a1d-19e2-4c2e-84a5-cb303c7a6307', '1f3dde8f-59fe-469c-8d0a-e4ffa4a30a9f', 'Primary', 1, 2.89) ON CONFLICT DO NOTHING;
INSERT INTO packaging_variant (id, item_variant_id, name, packaging_level, volume_per_unit) VALUES ('6f7f8278-a8fd-4292-b49c-f3ffc8cd6cb3', '1f3dde8f-59fe-469c-8d0a-e4ffa4a30a9f', 'Secondary', 2, 2.89) ON CONFLICT DO NOTHING;
INSERT INTO packaging_variant (id, item_variant_id, name, packaging_level, volume_per_unit) VALUES ('330f427b-4bf3-40c8-b31a-c5836a9398df', '1f3dde8f-59fe-469c-8d0a-e4ffa4a30a9f', 'Tertiary', 3, 3.66) ON CONFLICT DO NOTHING;
INSERT INTO item_variant (id, name, item_link_id, cold_storage_type_id, doses_per_unit) VALUES ('79a74171-0020-489c-b674-7f0c1f007fed', 'C19-Bharat COVAXIN BBV152, COVAXIN', 'bdc74895-93b8-4fb8-86df-d186a99224c6', (SELECT id FROM cold_storage_type WHERE name = '+5' or min_temperature = 2 and max_temperature = 8 LIMIT 1), 10) ON CONFLICT DO NOTHING;
INSERT INTO changelog (record_id, table_name, row_action) VALUES ('79a74171-0020-489c-b674-7f0c1f007fed', 'item_variant', 'UPSERT');
INSERT INTO packaging_variant (id, item_variant_id, name, packaging_level, volume_per_unit) VALUES ('ab39c0f1-81ac-42bb-bf76-9ccb3cf88bd0', '79a74171-0020-489c-b674-7f0c1f007fed', 'Primary', 1, 2.69) ON CONFLICT DO NOTHING;
INSERT INTO packaging_variant (id, item_variant_id, name, packaging_level, volume_per_unit) VALUES ('92ef4310-a3cc-4cb6-a149-968e3f5356b8', '79a74171-0020-489c-b674-7f0c1f007fed', 'Secondary', 2, 2.69) ON CONFLICT DO NOTHING;
INSERT INTO packaging_variant (id, item_variant_id, name, packaging_level, volume_per_unit) VALUES ('3389f37e-3dd9-4f9d-bf81-f74aae9c9026', '79a74171-0020-489c-b674-7f0c1f007fed', 'Tertiary', 3, 3.5) ON CONFLICT DO NOTHING;
INSERT INTO item_variant (id, name, item_link_id, cold_storage_type_id, doses_per_unit) VALUES ('5654e05d-cf14-4c60-a228-5b19917939ff', 'C19-Bharat COVAXIN BBV152, COVAXIN', 'bdc74895-93b8-4fb8-86df-d186a99224c6', (SELECT id FROM cold_storage_type WHERE name = '+5' or min_temperature = 2 and max_temperature = 8 LIMIT 1), 20) ON CONFLICT DO NOTHING;
INSERT INTO changelog (record_id, table_name, row_action) VALUES ('5654e05d-cf14-4c60-a228-5b19917939ff', 'item_variant', 'UPSERT');
INSERT INTO packaging_variant (id, item_variant_id, name, packaging_level, volume_per_unit) VALUES ('ec32415b-4cdf-4f36-87d3-504a6a51af0b', '5654e05d-cf14-4c60-a228-5b19917939ff', 'Primary', 1, 1.72) ON CONFLICT DO NOTHING;
INSERT INTO packaging_variant (id, item_variant_id, name, packaging_level, volume_per_unit) VALUES ('c0dcff7b-21dd-4ee2-bfe8-b305bc9dc4c7', '5654e05d-cf14-4c60-a228-5b19917939ff', 'Secondary', 2, 1.72) ON CONFLICT DO NOTHING;
INSERT INTO packaging_variant (id, item_variant_id, name, packaging_level, volume_per_unit) VALUES ('dd536aeb-eb06-4e5f-813c-88135aee0845', '5654e05d-cf14-4c60-a228-5b19917939ff', 'Tertiary', 3, 2.03) ON CONFLICT DO NOTHING;
INSERT INTO item (id, name, code, ven_category, type, legacy_record, is_active, is_vaccine, vaccine_doses, default_pack_size) VALUES ('702ec220-8dd9-4a28-9646-03fa30c88013', 'Covid-19 vaccine', 'C-19 Covovax SARS-CoV-2 rS', 'NOT_ASSIGNED', 'STOCK', '', 'True', 'True', 1, 1) ON CONFLICT DO NOTHING;
INSERT INTO item_link (id, item_id) VALUES ('702ec220-8dd9-4a28-9646-03fa30c88013', '702ec220-8dd9-4a28-9646-03fa30c88013') ON CONFLICT DO NOTHING;
INSERT INTO changelog (record_id, table_name, row_action) VALUES ('702ec220-8dd9-4a28-9646-03fa30c88013', 'item', 'UPSERT');
INSERT INTO master_list_line (id, master_list_id, item_link_id) VALUES (uuid_in(md5(random()::text || random()::text)::cstring), '43491ce9-bc89-4ee5-988d-9dbb2856e398', '702ec220-8dd9-4a28-9646-03fa30c88013') ON CONFLICT DO NOTHING;
INSERT INTO item_variant (id, name, item_link_id, cold_storage_type_id, doses_per_unit) VALUES ('2cc27e05-6c42-4d18-bac8-0be974c28b26', 'C-19 Covovax SARS-CoV-2 rS COVOVAX', '702ec220-8dd9-4a28-9646-03fa30c88013', (SELECT id FROM cold_storage_type WHERE name = '+5' or min_temperature = 2 and max_temperature = 8 LIMIT 1), 10) ON CONFLICT DO NOTHING;
INSERT INTO changelog (record_id, table_name, row_action) VALUES ('2cc27e05-6c42-4d18-bac8-0be974c28b26', 'item_variant', 'UPSERT');
INSERT INTO packaging_variant (id, item_variant_id, name, packaging_level, volume_per_unit) VALUES ('5e5f2e8a-4a17-4ae3-bd5d-db8572693359', '2cc27e05-6c42-4d18-bac8-0be974c28b26', 'Primary', 1, 2.1) ON CONFLICT DO NOTHING;
INSERT INTO packaging_variant (id, item_variant_id, name, packaging_level, volume_per_unit) VALUES ('f5cf3d07-52d3-4dca-8152-172ae4382ce1', '2cc27e05-6c42-4d18-bac8-0be974c28b26', 'Secondary', 2, 2.1) ON CONFLICT DO NOTHING;
INSERT INTO packaging_variant (id, item_variant_id, name, packaging_level, volume_per_unit) VALUES ('06e04cb4-38cb-42b3-9c26-4f15b0e70048', '2cc27e05-6c42-4d18-bac8-0be974c28b26', 'Tertiary', 3, 22.89) ON CONFLICT DO NOTHING;
INSERT INTO item_variant (id, name, item_link_id, cold_storage_type_id, doses_per_unit) VALUES ('06498641-d5b3-4f01-a5fb-12c44784b387', 'C-19 Covovax SARS-CoV-2 rS COVOVAX', '702ec220-8dd9-4a28-9646-03fa30c88013', (SELECT id FROM cold_storage_type WHERE name = '+5' or min_temperature = 2 and max_temperature = 8 LIMIT 1), 1) ON CONFLICT DO NOTHING;
INSERT INTO changelog (record_id, table_name, row_action) VALUES ('06498641-d5b3-4f01-a5fb-12c44784b387', 'item_variant', 'UPSERT');
INSERT INTO packaging_variant (id, item_variant_id, name, packaging_level, volume_per_unit) VALUES ('3e5e723d-f509-488b-a103-20271c3ee8eb', '06498641-d5b3-4f01-a5fb-12c44784b387', 'Primary', 1, 15.8) ON CONFLICT DO NOTHING;
INSERT INTO packaging_variant (id, item_variant_id, name, packaging_level, volume_per_unit) VALUES ('a7822f8a-b642-4334-b98e-44c751ebe0c1', '06498641-d5b3-4f01-a5fb-12c44784b387', 'Secondary', 2, 15.8) ON CONFLICT DO NOTHING;
INSERT INTO packaging_variant (id, item_variant_id, name, packaging_level, volume_per_unit) VALUES ('91022713-699d-41c0-a366-61a7f0bbf5a9', '06498641-d5b3-4f01-a5fb-12c44784b387', 'Tertiary', 3, 15.8) ON CONFLICT DO NOTHING;
INSERT INTO item (id, name, code, ven_category, type, legacy_record, is_active, is_vaccine, vaccine_doses, default_pack_size) VALUES ('064280ae-b70c-4bd6-bdc3-53aa91897355', 'Covid-19 vaccine', 'C-19 Nuvaxovid SARS-CoV-2 rS', 'NOT_ASSIGNED', 'STOCK', '', 'True', 'True', 1, 1) ON CONFLICT DO NOTHING;
INSERT INTO item_link (id, item_id) VALUES ('064280ae-b70c-4bd6-bdc3-53aa91897355', '064280ae-b70c-4bd6-bdc3-53aa91897355') ON CONFLICT DO NOTHING;
INSERT INTO changelog (record_id, table_name, row_action) VALUES ('064280ae-b70c-4bd6-bdc3-53aa91897355', 'item', 'UPSERT');
INSERT INTO master_list_line (id, master_list_id, item_link_id) VALUES (uuid_in(md5(random()::text || random()::text)::cstring), '43491ce9-bc89-4ee5-988d-9dbb2856e398', '064280ae-b70c-4bd6-bdc3-53aa91897355') ON CONFLICT DO NOTHING;
INSERT INTO item_variant (id, name, item_link_id, cold_storage_type_id, doses_per_unit) VALUES ('e6d51eaf-0440-4ee3-a760-a1560123ba82', 'C-19 Nuvaxovid SARS-CoV-2 rS NUVAXOVID', '064280ae-b70c-4bd6-bdc3-53aa91897355', (SELECT id FROM cold_storage_type WHERE name = '+5' or min_temperature = 2 and max_temperature = 8 LIMIT 1), 10) ON CONFLICT DO NOTHING;
INSERT INTO changelog (record_id, table_name, row_action) VALUES ('e6d51eaf-0440-4ee3-a760-a1560123ba82', 'item_variant', 'UPSERT');
INSERT INTO packaging_variant (id, item_variant_id, name, packaging_level, volume_per_unit) VALUES ('e569df7a-81d5-484e-bb4f-f515ee9faa69', 'e6d51eaf-0440-4ee3-a760-a1560123ba82', 'Primary', 1, 2.05) ON CONFLICT DO NOTHING;
INSERT INTO packaging_variant (id, item_variant_id, name, packaging_level, volume_per_unit) VALUES ('f4f49636-71a8-4ac4-9557-e30a258c12cf', 'e6d51eaf-0440-4ee3-a760-a1560123ba82', 'Secondary', 2, 2.05) ON CONFLICT DO NOTHING;
INSERT INTO packaging_variant (id, item_variant_id, name, packaging_level, volume_per_unit) VALUES ('c215033a-94de-4950-8d21-b4a3dd3fd090', 'e6d51eaf-0440-4ee3-a760-a1560123ba82', 'Tertiary', 3, 2.7) ON CONFLICT DO NOTHING;
INSERT INTO item (id, name, code, ven_category, type, legacy_record, is_active, is_vaccine, vaccine_doses, default_pack_size) VALUES ('bf403c92-accd-4d44-9ada-acc8e0fe5d4e', 'Covid-19 vaccine', 'COVID-A', 'NOT_ASSIGNED', 'STOCK', '', 'True', 'True', 1, 1) ON CONFLICT DO NOTHING;
INSERT INTO item_link (id, item_id) VALUES ('bf403c92-accd-4d44-9ada-acc8e0fe5d4e', 'bf403c92-accd-4d44-9ada-acc8e0fe5d4e') ON CONFLICT DO NOTHING;
INSERT INTO changelog (record_id, table_name, row_action) VALUES ('bf403c92-accd-4d44-9ada-acc8e0fe5d4e', 'item', 'UPSERT');
INSERT INTO master_list_line (id, master_list_id, item_link_id) VALUES (uuid_in(md5(random()::text || random()::text)::cstring), '43491ce9-bc89-4ee5-988d-9dbb2856e398', 'bf403c92-accd-4d44-9ada-acc8e0fe5d4e') ON CONFLICT DO NOTHING;
INSERT INTO item_variant (id, name, item_link_id, cold_storage_type_id, doses_per_unit) VALUES ('7e3b438c-d5ad-4a18-82be-b9c77bb2a2f6', 'COVID-A', 'bf403c92-accd-4d44-9ada-acc8e0fe5d4e', (SELECT id FROM cold_storage_type WHERE name = '+5' or min_temperature = 2 and max_temperature = 8 LIMIT 1), 10) ON CONFLICT DO NOTHING;
INSERT INTO changelog (record_id, table_name, row_action) VALUES ('7e3b438c-d5ad-4a18-82be-b9c77bb2a2f6', 'item_variant', 'UPSERT');
INSERT INTO packaging_variant (id, item_variant_id, name, packaging_level, volume_per_unit) VALUES ('1d85a1f5-dab3-4af3-8cd9-10a392b82a59', '7e3b438c-d5ad-4a18-82be-b9c77bb2a2f6', 'Primary', 1, 4.63) ON CONFLICT DO NOTHING;
INSERT INTO packaging_variant (id, item_variant_id, name, packaging_level, volume_per_unit) VALUES ('9ad99362-fde6-480a-aba0-992349cbda7d', '7e3b438c-d5ad-4a18-82be-b9c77bb2a2f6', 'Secondary', 2, 4.63) ON CONFLICT DO NOTHING;
INSERT INTO packaging_variant (id, item_variant_id, name, packaging_level, volume_per_unit) VALUES ('01c7e2b0-6021-4e16-ae80-e1f5cc078122', '7e3b438c-d5ad-4a18-82be-b9c77bb2a2f6', 'Tertiary', 3, 13) ON CONFLICT DO NOTHING;
INSERT INTO item (id, name, code, ven_category, type, legacy_record, is_active, is_vaccine, vaccine_doses, default_pack_size) VALUES ('08161377-efec-4608-9a3f-6eff4717ed8a', 'Covid-19 vaccine', 'COVID-B', 'NOT_ASSIGNED', 'STOCK', '', 'True', 'True', 1, 1) ON CONFLICT DO NOTHING;
INSERT INTO item_link (id, item_id) VALUES ('08161377-efec-4608-9a3f-6eff4717ed8a', '08161377-efec-4608-9a3f-6eff4717ed8a') ON CONFLICT DO NOTHING;
INSERT INTO changelog (record_id, table_name, row_action) VALUES ('08161377-efec-4608-9a3f-6eff4717ed8a', 'item', 'UPSERT');
INSERT INTO master_list_line (id, master_list_id, item_link_id) VALUES (uuid_in(md5(random()::text || random()::text)::cstring), '43491ce9-bc89-4ee5-988d-9dbb2856e398', '08161377-efec-4608-9a3f-6eff4717ed8a') ON CONFLICT DO NOTHING;
INSERT INTO item_variant (id, name, item_link_id, cold_storage_type_id, doses_per_unit) VALUES ('6011c6dc-3e6e-41d7-9a9d-8744e62f75e9', 'COVID-B', '08161377-efec-4608-9a3f-6eff4717ed8a', (SELECT id FROM cold_storage_type WHERE name = '+5' or min_temperature = 2 and max_temperature = 8 LIMIT 1), 10) ON CONFLICT DO NOTHING;
INSERT INTO changelog (record_id, table_name, row_action) VALUES ('6011c6dc-3e6e-41d7-9a9d-8744e62f75e9', 'item_variant', 'UPSERT');
INSERT INTO packaging_variant (id, item_variant_id, name, packaging_level, volume_per_unit) VALUES ('71eb7009-70bc-406e-95cd-15574b86bae7', '6011c6dc-3e6e-41d7-9a9d-8744e62f75e9', 'Primary', 1, 4.63) ON CONFLICT DO NOTHING;
INSERT INTO packaging_variant (id, item_variant_id, name, packaging_level, volume_per_unit) VALUES ('921ce098-bfb4-434a-b255-59f13f20ba74', '6011c6dc-3e6e-41d7-9a9d-8744e62f75e9', 'Secondary', 2, 4.63) ON CONFLICT DO NOTHING;
INSERT INTO packaging_variant (id, item_variant_id, name, packaging_level, volume_per_unit) VALUES ('008f9f42-9a54-4437-a34e-48ae6b998ff3', '6011c6dc-3e6e-41d7-9a9d-8744e62f75e9', 'Tertiary', 3, 13) ON CONFLICT DO NOTHING;
INSERT INTO item (id, name, code, ven_category, type, legacy_record, is_active, is_vaccine, vaccine_doses, default_pack_size) VALUES ('87f8f1c5-af2d-4202-9daf-dc7910b695a8', 'COVID-B Diluent', 'COVID-B_DILUENT', 'NOT_ASSIGNED', 'STOCK', '', 'True', 'False', 0, 1) ON CONFLICT DO NOTHING;
INSERT INTO item_link (id, item_id) VALUES ('87f8f1c5-af2d-4202-9daf-dc7910b695a8', '87f8f1c5-af2d-4202-9daf-dc7910b695a8') ON CONFLICT DO NOTHING;
INSERT INTO changelog (record_id, table_name, row_action) VALUES ('87f8f1c5-af2d-4202-9daf-dc7910b695a8', 'item', 'UPSERT');
INSERT INTO item_variant (id, name, item_link_id, cold_storage_type_id, doses_per_unit) VALUES ('ec4254c6-952b-400b-8435-ed89b85db3ac', 'COVID-B Diluent', '87f8f1c5-af2d-4202-9daf-dc7910b695a8', (SELECT id FROM cold_storage_type WHERE name = '+5' or min_temperature = 2 and max_temperature = 8 LIMIT 1), 10) ON CONFLICT DO NOTHING;
INSERT INTO changelog (record_id, table_name, row_action) VALUES ('ec4254c6-952b-400b-8435-ed89b85db3ac', 'item_variant', 'UPSERT');
INSERT INTO packaging_variant (id, item_variant_id, name, packaging_level, volume_per_unit) VALUES ('c7b6f35f-bac1-494c-a2f9-a5f4b8442f1f', 'ec4254c6-952b-400b-8435-ed89b85db3ac', 'Primary', 1, 4.63) ON CONFLICT DO NOTHING;
INSERT INTO packaging_variant (id, item_variant_id, name, packaging_level, volume_per_unit) VALUES ('22125e56-9123-4676-a059-ae62ae8b1c52', 'ec4254c6-952b-400b-8435-ed89b85db3ac', 'Secondary', 2, 4.63) ON CONFLICT DO NOTHING;
INSERT INTO packaging_variant (id, item_variant_id, name, packaging_level, volume_per_unit) VALUES ('ae92acfa-8c2c-4d2b-9238-1070ba05254a', 'ec4254c6-952b-400b-8435-ed89b85db3ac', 'Tertiary', 3, 13) ON CONFLICT DO NOTHING;
INSERT INTO bundled_item (id, principal_item_variant_id, bundled_item_variant_id, ratio) VALUES ('db65d5ef-63d0-4364-a4bf-aa9e0d7497a3', '6011c6dc-3e6e-41d7-9a9d-8744e62f75e9', 'ec4254c6-952b-400b-8435-ed89b85db3ac', 1) ON CONFLICT DO NOTHING;
INSERT INTO changelog (record_id, table_name, row_action) VALUES ('db65d5ef-63d0-4364-a4bf-aa9e0d7497a3', 'bundled_item', 'UPSERT');
INSERT INTO item (id, name, code, ven_category, type, legacy_record, is_active, is_vaccine, vaccine_doses, default_pack_size) VALUES ('c98d95a0-0a57-4468-a102-2608ce8efe27', 'Covid-19 vaccine', 'COVID-C', 'NOT_ASSIGNED', 'STOCK', '', 'True', 'True', 1, 1) ON CONFLICT DO NOTHING;
INSERT INTO item_link (id, item_id) VALUES ('c98d95a0-0a57-4468-a102-2608ce8efe27', 'c98d95a0-0a57-4468-a102-2608ce8efe27') ON CONFLICT DO NOTHING;
INSERT INTO changelog (record_id, table_name, row_action) VALUES ('c98d95a0-0a57-4468-a102-2608ce8efe27', 'item', 'UPSERT');
INSERT INTO master_list_line (id, master_list_id, item_link_id) VALUES (uuid_in(md5(random()::text || random()::text)::cstring), '43491ce9-bc89-4ee5-988d-9dbb2856e398', 'c98d95a0-0a57-4468-a102-2608ce8efe27') ON CONFLICT DO NOTHING;
INSERT INTO item_variant (id, name, item_link_id, cold_storage_type_id, doses_per_unit) VALUES ('0e57797e-3000-4f96-8b4a-90b4974a28a8', 'COVID-C', 'c98d95a0-0a57-4468-a102-2608ce8efe27', (SELECT id FROM cold_storage_type WHERE name = '+5' or min_temperature = 2 and max_temperature = 8 LIMIT 1), 1) ON CONFLICT DO NOTHING;
INSERT INTO changelog (record_id, table_name, row_action) VALUES ('0e57797e-3000-4f96-8b4a-90b4974a28a8', 'item_variant', 'UPSERT');
INSERT INTO packaging_variant (id, item_variant_id, name, packaging_level, volume_per_unit) VALUES ('66c5bcd2-b7ec-4884-94b6-3b4c161a8b83', '0e57797e-3000-4f96-8b4a-90b4974a28a8', 'Primary', 1, 17) ON CONFLICT DO NOTHING;
INSERT INTO packaging_variant (id, item_variant_id, name, packaging_level, volume_per_unit) VALUES ('74b0c2d6-3557-4a2b-a30c-ece97e56864b', '0e57797e-3000-4f96-8b4a-90b4974a28a8', 'Secondary', 2, 17) ON CONFLICT DO NOTHING;
INSERT INTO packaging_variant (id, item_variant_id, name, packaging_level, volume_per_unit) VALUES ('18fa697c-202e-4f03-b1ee-3d3abc1a621b', '0e57797e-3000-4f96-8b4a-90b4974a28a8', 'Tertiary', 3, 23) ON CONFLICT DO NOTHING;
