INSERT INTO item (id, name, code, ven_category, type, legacy_record, is_active, is_vaccine, vaccine_doses, default_pack_size) VALUES ('bb7e0d49-fb62-406d-9098-ed01d517691d', 'BCG', 'BCG', 'NOT_ASSIGNED', 'STOCK', '', 'True', 'True', 1, 1) ON CONFLICT DO NOTHING;
INSERT INTO changelog (record_id, table_name, row_action) VALUES ('bb7e0d49-fb62-406d-9098-ed01d517691d', 'item', 'UPSERT');
INSERT INTO item_variant (id, name, item_link_id, cold_storage_type_id, doses_per_unit) VALUES ('53103102-fee4-4966-b425-7c1abdff2050', 'BCG BCG Vaccine', 'bb7e0d49-fb62-406d-9098-ed01d517691d', (SELECT id FROM cold_storage_type WHERE name = '+5' or min_temperature = 2 and max_temperature = 8 LIMIT 1), 10) ON CONFLICT DO NOTHING;
INSERT INTO changelog (record_id, table_name, row_action) VALUES ('53103102-fee4-4966-b425-7c1abdff2050', 'item_variant', 'UPSERT');
INSERT INTO item (id, name, code, ven_category, type, legacy_record, is_active, is_vaccine, vaccine_doses, default_pack_size) VALUES ('9f6e83fb-04d8-4926-a701-e2d1b861ae89', 'BCG Diluent', 'BCG_DILUENT', 'NOT_ASSIGNED', 'STOCK', '', 'True', 'False', 0, 1) ON CONFLICT DO NOTHING;
INSERT INTO changelog (record_id, table_name, row_action) VALUES ('9f6e83fb-04d8-4926-a701-e2d1b861ae89', 'item', 'UPSERT');
INSERT INTO item_variant (id, name, item_link_id, cold_storage_type_id, doses_per_unit) VALUES ('8cc1e97c-201b-4617-878e-babdae6ee41d', 'BCG BCG Vaccine Diluent', '9f6e83fb-04d8-4926-a701-e2d1b861ae89', (SELECT id FROM cold_storage_type WHERE name = '+5' or min_temperature = 2 and max_temperature = 8 LIMIT 1), 10) ON CONFLICT DO NOTHING;
INSERT INTO changelog (record_id, table_name, row_action) VALUES ('8cc1e97c-201b-4617-878e-babdae6ee41d', 'item_variant', 'UPSERT');
INSERT INTO item_variant (id, name, item_link_id, cold_storage_type_id, doses_per_unit) VALUES ('138e8646-5ec4-4d82-a747-5c4a048ed4ca', 'BCG BCG Vaccine SSI', 'bb7e0d49-fb62-406d-9098-ed01d517691d', (SELECT id FROM cold_storage_type WHERE name = '+5' or min_temperature = 2 and max_temperature = 8 LIMIT 1), 10) ON CONFLICT DO NOTHING;
INSERT INTO changelog (record_id, table_name, row_action) VALUES ('138e8646-5ec4-4d82-a747-5c4a048ed4ca', 'item_variant', 'UPSERT');
INSERT INTO item_variant (id, name, item_link_id, cold_storage_type_id, doses_per_unit) VALUES ('85c152f9-210d-43c0-b31d-fd380992dbc0', 'BCG BCG Freezed Dried Glutamate vaccine', 'bb7e0d49-fb62-406d-9098-ed01d517691d', (SELECT id FROM cold_storage_type WHERE name = '+5' or min_temperature = 2 and max_temperature = 8 LIMIT 1), 10) ON CONFLICT DO NOTHING;
INSERT INTO changelog (record_id, table_name, row_action) VALUES ('85c152f9-210d-43c0-b31d-fd380992dbc0', 'item_variant', 'UPSERT');
INSERT INTO item_variant (id, name, item_link_id, cold_storage_type_id, doses_per_unit) VALUES ('b5b8af74-6021-4ace-9048-8894f7015d78', 'BCG BCG Freeze Dried Glutamate vaccine', 'bb7e0d49-fb62-406d-9098-ed01d517691d', (SELECT id FROM cold_storage_type WHERE name = '+5' or min_temperature = 2 and max_temperature = 8 LIMIT 1), 20) ON CONFLICT DO NOTHING;
INSERT INTO changelog (record_id, table_name, row_action) VALUES ('b5b8af74-6021-4ace-9048-8894f7015d78', 'item_variant', 'UPSERT');
INSERT INTO item_variant (id, name, item_link_id, cold_storage_type_id, doses_per_unit) VALUES ('56320d32-db36-4eb4-aba4-685b92eca845', 'BCG BCG Vaccine', 'bb7e0d49-fb62-406d-9098-ed01d517691d', (SELECT id FROM cold_storage_type WHERE name = '+5' or min_temperature = 2 and max_temperature = 8 LIMIT 1), 20) ON CONFLICT DO NOTHING;
INSERT INTO changelog (record_id, table_name, row_action) VALUES ('56320d32-db36-4eb4-aba4-685b92eca845', 'item_variant', 'UPSERT');
INSERT INTO item_variant (id, name, item_link_id, cold_storage_type_id, doses_per_unit) VALUES ('450820fc-71c9-421c-9358-b64bfd070dd9', 'BCG BCG Vaccine', 'bb7e0d49-fb62-406d-9098-ed01d517691d', (SELECT id FROM cold_storage_type WHERE name = '+5' or min_temperature = 2 and max_temperature = 8 LIMIT 1), 20) ON CONFLICT DO NOTHING;
INSERT INTO changelog (record_id, table_name, row_action) VALUES ('450820fc-71c9-421c-9358-b64bfd070dd9', 'item_variant', 'UPSERT');
INSERT INTO item_variant (id, name, item_link_id, cold_storage_type_id, doses_per_unit) VALUES ('66ed5bde-936c-4f94-bdb0-bf5695b82346', 'BCG BCG vaccine (Freeze Dried) - Intradermal', 'bb7e0d49-fb62-406d-9098-ed01d517691d', (SELECT id FROM cold_storage_type WHERE name = '+5' or min_temperature = 2 and max_temperature = 8 LIMIT 1), 20) ON CONFLICT DO NOTHING;
INSERT INTO changelog (record_id, table_name, row_action) VALUES ('66ed5bde-936c-4f94-bdb0-bf5695b82346', 'item_variant', 'UPSERT');
INSERT INTO item (id, name, code, ven_category, type, legacy_record, is_active, is_vaccine, vaccine_doses, default_pack_size) VALUES ('2858df47-055f-4792-bce1-4f927edec8b4', 'Polio Vaccine - Oral (OPV) Bivalent Types 1 and 3', 'bOPV', 'NOT_ASSIGNED', 'STOCK', '', 'True', 'True', 1, 1) ON CONFLICT DO NOTHING;
INSERT INTO changelog (record_id, table_name, row_action) VALUES ('2858df47-055f-4792-bce1-4f927edec8b4', 'item', 'UPSERT');
INSERT INTO item_variant (id, name, item_link_id, cold_storage_type_id, doses_per_unit) VALUES ('16d3d086-4828-4c92-a142-71bef94c8b19', 'bOPV Polio Sabin One and Three', '2858df47-055f-4792-bce1-4f927edec8b4', (SELECT id FROM cold_storage_type WHERE name = '-20' or min_temperature = -20 and max_temperature = -20 LIMIT 1), 10) ON CONFLICT DO NOTHING;
INSERT INTO changelog (record_id, table_name, row_action) VALUES ('16d3d086-4828-4c92-a142-71bef94c8b19', 'item_variant', 'UPSERT');
INSERT INTO item_variant (id, name, item_link_id, cold_storage_type_id, doses_per_unit) VALUES ('0aca3bdf-0734-4516-a1ae-3ce9fee20c69', 'bOPV Poliomyelitis Vaccine (Oral), Bivalent types 1 and 3', '2858df47-055f-4792-bce1-4f927edec8b4', (SELECT id FROM cold_storage_type WHERE name = '-20' or min_temperature = -20 and max_temperature = -20 LIMIT 1), 10) ON CONFLICT DO NOTHING;
INSERT INTO changelog (record_id, table_name, row_action) VALUES ('0aca3bdf-0734-4516-a1ae-3ce9fee20c69', 'item_variant', 'UPSERT');
INSERT INTO item_variant (id, name, item_link_id, cold_storage_type_id, doses_per_unit) VALUES ('070450f7-5cb7-4a2a-a324-cad45684d62f', 'bOPV Bivalent Oral Poliomyelitis Vaccine Type 1&3 (bOPV 1&3)', '2858df47-055f-4792-bce1-4f927edec8b4', (SELECT id FROM cold_storage_type WHERE name = '-20' or min_temperature = -20 and max_temperature = -20 LIMIT 1), 10) ON CONFLICT DO NOTHING;
INSERT INTO changelog (record_id, table_name, row_action) VALUES ('070450f7-5cb7-4a2a-a324-cad45684d62f', 'item_variant', 'UPSERT');
INSERT INTO item_variant (id, name, item_link_id, cold_storage_type_id, doses_per_unit) VALUES ('5f149009-5c8e-4226-b675-1112e5c86377', 'bOPV BIOPOLIO B1/3', '2858df47-055f-4792-bce1-4f927edec8b4', (SELECT id FROM cold_storage_type WHERE name = '-20' or min_temperature = -20 and max_temperature = -20 LIMIT 1), 10) ON CONFLICT DO NOTHING;
INSERT INTO changelog (record_id, table_name, row_action) VALUES ('5f149009-5c8e-4226-b675-1112e5c86377', 'item_variant', 'UPSERT');
INSERT INTO item_variant (id, name, item_link_id, cold_storage_type_id, doses_per_unit) VALUES ('1c26845f-2fc0-4665-8fa2-92697e78df12', 'bOPV Polio Sabin One and Three', '2858df47-055f-4792-bce1-4f927edec8b4', (SELECT id FROM cold_storage_type WHERE name = '-20' or min_temperature = -20 and max_temperature = -20 LIMIT 1), 20) ON CONFLICT DO NOTHING;
INSERT INTO changelog (record_id, table_name, row_action) VALUES ('1c26845f-2fc0-4665-8fa2-92697e78df12', 'item_variant', 'UPSERT');
INSERT INTO item_variant (id, name, item_link_id, cold_storage_type_id, doses_per_unit) VALUES ('0ec21600-c93f-4f4b-a975-5caae17a5a5d', 'bOPV Bivalent Oral Poliomyelitis Vaccine Type 1&3 (bOPV 1&3)', '2858df47-055f-4792-bce1-4f927edec8b4', (SELECT id FROM cold_storage_type WHERE name = '-20' or min_temperature = -20 and max_temperature = -20 LIMIT 1), 20) ON CONFLICT DO NOTHING;
INSERT INTO changelog (record_id, table_name, row_action) VALUES ('0ec21600-c93f-4f4b-a975-5caae17a5a5d', 'item_variant', 'UPSERT');
INSERT INTO item_variant (id, name, item_link_id, cold_storage_type_id, doses_per_unit) VALUES ('6dd25e16-1c06-4589-be65-be257ac9fdc0', 'bOPV Bivalent type 1&3 Oral Poliomyelitis vaccine, IP (bOPV1&3)', '2858df47-055f-4792-bce1-4f927edec8b4', (SELECT id FROM cold_storage_type WHERE name = '-20' or min_temperature = -20 and max_temperature = -20 LIMIT 1), 20) ON CONFLICT DO NOTHING;
INSERT INTO changelog (record_id, table_name, row_action) VALUES ('6dd25e16-1c06-4589-be65-be257ac9fdc0', 'item_variant', 'UPSERT');
INSERT INTO item_variant (id, name, item_link_id, cold_storage_type_id, doses_per_unit) VALUES ('83253f77-40f3-4e54-b878-71c36e9b45dd', 'bOPV BIOPOLIO B1/3', '2858df47-055f-4792-bce1-4f927edec8b4', (SELECT id FROM cold_storage_type WHERE name = '-20' or min_temperature = -20 and max_temperature = -20 LIMIT 1), 20) ON CONFLICT DO NOTHING;
INSERT INTO changelog (record_id, table_name, row_action) VALUES ('83253f77-40f3-4e54-b878-71c36e9b45dd', 'item_variant', 'UPSERT');
INSERT INTO item_variant (id, name, item_link_id, cold_storage_type_id, doses_per_unit) VALUES ('f114de22-0229-43cf-8f4b-540375fdaafa', 'bOPV none', '2858df47-055f-4792-bce1-4f927edec8b4', (SELECT id FROM cold_storage_type WHERE name = '-20' or min_temperature = -20 and max_temperature = -20 LIMIT 1), 20) ON CONFLICT DO NOTHING;
INSERT INTO changelog (record_id, table_name, row_action) VALUES ('f114de22-0229-43cf-8f4b-540375fdaafa', 'item_variant', 'UPSERT');
INSERT INTO item_variant (id, name, item_link_id, cold_storage_type_id, doses_per_unit) VALUES ('35aa6456-301e-4c1a-923d-d33e1c533036', 'bOPV Poliomyelitis Vaccine (Oral), Bivalent types 1 and 3', '2858df47-055f-4792-bce1-4f927edec8b4', (SELECT id FROM cold_storage_type WHERE name = '-20' or min_temperature = -20 and max_temperature = -20 LIMIT 1), 20) ON CONFLICT DO NOTHING;
INSERT INTO changelog (record_id, table_name, row_action) VALUES ('35aa6456-301e-4c1a-923d-d33e1c533036', 'item_variant', 'UPSERT');
INSERT INTO item (id, name, code, ven_category, type, legacy_record, is_active, is_vaccine, vaccine_doses, default_pack_size) VALUES ('ce261042-7358-44b2-acb9-667ac709de99', 'Dengue Tetravalent (live, attenuated)', 'Dengue', 'NOT_ASSIGNED', 'STOCK', '', 'True', 'True', 1, 1) ON CONFLICT DO NOTHING;
INSERT INTO changelog (record_id, table_name, row_action) VALUES ('ce261042-7358-44b2-acb9-667ac709de99', 'item', 'UPSERT');
INSERT INTO item_variant (id, name, item_link_id, cold_storage_type_id, doses_per_unit) VALUES ('4dffa844-af16-4c57-aa61-563e88148f85', 'Dengue Dengvaxia', 'ce261042-7358-44b2-acb9-667ac709de99', (SELECT id FROM cold_storage_type WHERE name = '+5' or min_temperature = 2 and max_temperature = 8 LIMIT 1), 5) ON CONFLICT DO NOTHING;
INSERT INTO changelog (record_id, table_name, row_action) VALUES ('4dffa844-af16-4c57-aa61-563e88148f85', 'item_variant', 'UPSERT');
INSERT INTO item (id, name, code, ven_category, type, legacy_record, is_active, is_vaccine, vaccine_doses, default_pack_size) VALUES ('cd867629-024b-4f44-941f-d39c4756bd4b', 'Diphtheria-Tetanus', 'DT', 'NOT_ASSIGNED', 'STOCK', '', 'True', 'True', 1, 1) ON CONFLICT DO NOTHING;
INSERT INTO changelog (record_id, table_name, row_action) VALUES ('cd867629-024b-4f44-941f-d39c4756bd4b', 'item', 'UPSERT');
INSERT INTO item_variant (id, name, item_link_id, cold_storage_type_id, doses_per_unit) VALUES ('add7bfea-6001-4768-aa2a-64bf5ad85ec3', 'DT Diphtheria and Tetanus Vaccine Adsorbed (Paediatric)', 'cd867629-024b-4f44-941f-d39c4756bd4b', (SELECT id FROM cold_storage_type WHERE name = '+5' or min_temperature = 2 and max_temperature = 8 LIMIT 1), 1) ON CONFLICT DO NOTHING;
INSERT INTO changelog (record_id, table_name, row_action) VALUES ('add7bfea-6001-4768-aa2a-64bf5ad85ec3', 'item_variant', 'UPSERT');
INSERT INTO item_variant (id, name, item_link_id, cold_storage_type_id, doses_per_unit) VALUES ('c828e30c-2e44-4790-85b0-79ec52d34168', 'DT Adsorbed DT Vaccine', 'cd867629-024b-4f44-941f-d39c4756bd4b', (SELECT id FROM cold_storage_type WHERE name = '+5' or min_temperature = 2 and max_temperature = 8 LIMIT 1), 10) ON CONFLICT DO NOTHING;
INSERT INTO changelog (record_id, table_name, row_action) VALUES ('c828e30c-2e44-4790-85b0-79ec52d34168', 'item_variant', 'UPSERT');
INSERT INTO item_variant (id, name, item_link_id, cold_storage_type_id, doses_per_unit) VALUES ('d28b79d4-b6fe-4d1e-9041-b080841ba154', 'DT Diftet', 'cd867629-024b-4f44-941f-d39c4756bd4b', (SELECT id FROM cold_storage_type WHERE name = '+5' or min_temperature = 2 and max_temperature = 8 LIMIT 1), 10) ON CONFLICT DO NOTHING;
INSERT INTO changelog (record_id, table_name, row_action) VALUES ('d28b79d4-b6fe-4d1e-9041-b080841ba154', 'item_variant', 'UPSERT');
INSERT INTO item_variant (id, name, item_link_id, cold_storage_type_id, doses_per_unit) VALUES ('89aa1bfb-baf0-4e26-a6e7-d0886e0ab93a', 'DT Diphtheria and Tetanus Vaccine Adsorbed (Pediatric)', 'cd867629-024b-4f44-941f-d39c4756bd4b', (SELECT id FROM cold_storage_type WHERE name = '+5' or min_temperature = 2 and max_temperature = 8 LIMIT 1), 10) ON CONFLICT DO NOTHING;
INSERT INTO changelog (record_id, table_name, row_action) VALUES ('89aa1bfb-baf0-4e26-a6e7-d0886e0ab93a', 'item_variant', 'UPSERT');
INSERT INTO item_variant (id, name, item_link_id, cold_storage_type_id, doses_per_unit) VALUES ('8a3aaccf-81f0-4939-b2ff-f0b80aa00ad6', 'DT Diftet', 'cd867629-024b-4f44-941f-d39c4756bd4b', (SELECT id FROM cold_storage_type WHERE name = '+5' or min_temperature = 2 and max_temperature = 8 LIMIT 1), 20) ON CONFLICT DO NOTHING;
INSERT INTO changelog (record_id, table_name, row_action) VALUES ('8a3aaccf-81f0-4939-b2ff-f0b80aa00ad6', 'item_variant', 'UPSERT');
INSERT INTO item_variant (id, name, item_link_id, cold_storage_type_id, doses_per_unit) VALUES ('cc6b7b60-5987-4951-9cf1-34d81012028e', 'DT Diphtheria and Tetanus Vaccine Adsorbed (Pediatric)', 'cd867629-024b-4f44-941f-d39c4756bd4b', (SELECT id FROM cold_storage_type WHERE name = '+5' or min_temperature = 2 and max_temperature = 8 LIMIT 1), 20) ON CONFLICT DO NOTHING;
INSERT INTO changelog (record_id, table_name, row_action) VALUES ('cc6b7b60-5987-4951-9cf1-34d81012028e', 'item_variant', 'UPSERT');
INSERT INTO item (id, name, code, ven_category, type, legacy_record, is_active, is_vaccine, vaccine_doses, default_pack_size) VALUES ('cebfc5fd-0f83-4324-8d90-3be8bd723daa', 'Diphtheria-Tetanus-Pertussis (acellular)', 'DTaP', 'NOT_ASSIGNED', 'STOCK', '', 'True', 'True', 1, 1) ON CONFLICT DO NOTHING;
INSERT INTO changelog (record_id, table_name, row_action) VALUES ('cebfc5fd-0f83-4324-8d90-3be8bd723daa', 'item', 'UPSERT');
INSERT INTO item_variant (id, name, item_link_id, cold_storage_type_id, doses_per_unit) VALUES ('02b27905-228f-474b-84d7-b6375c9f52ca', 'DTaP Boostrix', 'cebfc5fd-0f83-4324-8d90-3be8bd723daa', (SELECT id FROM cold_storage_type WHERE name = '+5' or min_temperature = 2 and max_temperature = 8 LIMIT 1), 1) ON CONFLICT DO NOTHING;
INSERT INTO changelog (record_id, table_name, row_action) VALUES ('02b27905-228f-474b-84d7-b6375c9f52ca', 'item_variant', 'UPSERT');
INSERT INTO item_variant (id, name, item_link_id, cold_storage_type_id, doses_per_unit) VALUES ('c5408feb-e9e9-42ad-9550-b9bf19487bbd', 'DTaP Adacel', 'cebfc5fd-0f83-4324-8d90-3be8bd723daa', (SELECT id FROM cold_storage_type WHERE name = '+5' or min_temperature = 2 and max_temperature = 8 LIMIT 1), 1) ON CONFLICT DO NOTHING;
INSERT INTO changelog (record_id, table_name, row_action) VALUES ('c5408feb-e9e9-42ad-9550-b9bf19487bbd', 'item_variant', 'UPSERT');
INSERT INTO item (id, name, code, ven_category, type, legacy_record, is_active, is_vaccine, vaccine_doses, default_pack_size) VALUES ('d3f6a43b-1f17-4a41-8e7d-627cd582df6b', 'Diphtheria-Tetanus-Pertussis (acellular)-Hepatitis B-Haemophilus influenzae type b-Polio (Inactivated)', 'DTaP-HepB-Hib-IPV', 'NOT_ASSIGNED', 'STOCK', '', 'True', 'True', 1, 1) ON CONFLICT DO NOTHING;
INSERT INTO changelog (record_id, table_name, row_action) VALUES ('d3f6a43b-1f17-4a41-8e7d-627cd582df6b', 'item', 'UPSERT');
INSERT INTO item_variant (id, name, item_link_id, cold_storage_type_id, doses_per_unit) VALUES ('dbb74672-7739-47ee-a4bb-841f0b1869bb', 'DTaP-HepB-Hib-IPV Hexaxim', 'd3f6a43b-1f17-4a41-8e7d-627cd582df6b', (SELECT id FROM cold_storage_type WHERE name = '+5' or min_temperature = 2 and max_temperature = 8 LIMIT 1), 1) ON CONFLICT DO NOTHING;
INSERT INTO changelog (record_id, table_name, row_action) VALUES ('dbb74672-7739-47ee-a4bb-841f0b1869bb', 'item_variant', 'UPSERT');
INSERT INTO item (id, name, code, ven_category, type, legacy_record, is_active, is_vaccine, vaccine_doses, default_pack_size) VALUES ('17fc9657-c920-4734-a1c9-fca9bfcead59', 'Diphtheria-Tetanus-Pertussis (whole cell)', 'DTwP', 'NOT_ASSIGNED', 'STOCK', '', 'True', 'True', 1, 1) ON CONFLICT DO NOTHING;
INSERT INTO changelog (record_id, table_name, row_action) VALUES ('17fc9657-c920-4734-a1c9-fca9bfcead59', 'item', 'UPSERT');
INSERT INTO item_variant (id, name, item_link_id, cold_storage_type_id, doses_per_unit) VALUES ('07d790a5-a96b-4f66-b3e0-9abda06beaf0', 'DTwP DT COQ', '17fc9657-c920-4734-a1c9-fca9bfcead59', (SELECT id FROM cold_storage_type WHERE name = '+5' or min_temperature = 2 and max_temperature = 8 LIMIT 1), 1) ON CONFLICT DO NOTHING;
INSERT INTO changelog (record_id, table_name, row_action) VALUES ('07d790a5-a96b-4f66-b3e0-9abda06beaf0', 'item_variant', 'UPSERT');
INSERT INTO item_variant (id, name, item_link_id, cold_storage_type_id, doses_per_unit) VALUES ('b9f308cf-6426-4783-8b56-478266e832d9', 'DTwP Diphtheria-Tetanus-Pertussis Vaccine Adsorbed', '17fc9657-c920-4734-a1c9-fca9bfcead59', (SELECT id FROM cold_storage_type WHERE name = '+5' or min_temperature = 2 and max_temperature = 8 LIMIT 1), 1) ON CONFLICT DO NOTHING;
INSERT INTO changelog (record_id, table_name, row_action) VALUES ('b9f308cf-6426-4783-8b56-478266e832d9', 'item_variant', 'UPSERT');
INSERT INTO item_variant (id, name, item_link_id, cold_storage_type_id, doses_per_unit) VALUES ('8c996065-ce74-4c3b-8920-a93f1f51b068', 'DTwP None used on labelling for supply through UN agencies.     Also marketed with labelled commercial name  TRIPVAC', '17fc9657-c920-4734-a1c9-fca9bfcead59', (SELECT id FROM cold_storage_type WHERE name = '+5' or min_temperature = 2 and max_temperature = 8 LIMIT 1), 1) ON CONFLICT DO NOTHING;
INSERT INTO changelog (record_id, table_name, row_action) VALUES ('8c996065-ce74-4c3b-8920-a93f1f51b068', 'item_variant', 'UPSERT');
INSERT INTO item_variant (id, name, item_link_id, cold_storage_type_id, doses_per_unit) VALUES ('95e4e5a5-fa7b-4cac-983c-81c03f804679', 'DTwP DTP Vaccine', '17fc9657-c920-4734-a1c9-fca9bfcead59', (SELECT id FROM cold_storage_type WHERE name = '+5' or min_temperature = 2 and max_temperature = 8 LIMIT 1), 10) ON CONFLICT DO NOTHING;
INSERT INTO changelog (record_id, table_name, row_action) VALUES ('95e4e5a5-fa7b-4cac-983c-81c03f804679', 'item_variant', 'UPSERT');
INSERT INTO item_variant (id, name, item_link_id, cold_storage_type_id, doses_per_unit) VALUES ('7618cc05-db27-4574-b408-514abfb495b7', 'DTwP DT COQ', '17fc9657-c920-4734-a1c9-fca9bfcead59', (SELECT id FROM cold_storage_type WHERE name = '+5' or min_temperature = 2 and max_temperature = 8 LIMIT 1), 10) ON CONFLICT DO NOTHING;
INSERT INTO changelog (record_id, table_name, row_action) VALUES ('7618cc05-db27-4574-b408-514abfb495b7', 'item_variant', 'UPSERT');
INSERT INTO item_variant (id, name, item_link_id, cold_storage_type_id, doses_per_unit) VALUES ('8ea80e89-12ed-4c59-88a3-018bd3180ba2', 'DTwP Diphtheria-Tetanus-Pertussis Vaccine Adsorbed', '17fc9657-c920-4734-a1c9-fca9bfcead59', (SELECT id FROM cold_storage_type WHERE name = '+5' or min_temperature = 2 and max_temperature = 8 LIMIT 1), 10) ON CONFLICT DO NOTHING;
INSERT INTO changelog (record_id, table_name, row_action) VALUES ('8ea80e89-12ed-4c59-88a3-018bd3180ba2', 'item_variant', 'UPSERT');
INSERT INTO item_variant (id, name, item_link_id, cold_storage_type_id, doses_per_unit) VALUES ('abfae704-3c24-4e04-ae85-b126c56fc038', 'DTwP None used on labelling for supply through UN agencies.     Also marketed with labelled commercial name  TRIPVAC', '17fc9657-c920-4734-a1c9-fca9bfcead59', (SELECT id FROM cold_storage_type WHERE name = '+5' or min_temperature = 2 and max_temperature = 8 LIMIT 1), 10) ON CONFLICT DO NOTHING;
INSERT INTO changelog (record_id, table_name, row_action) VALUES ('abfae704-3c24-4e04-ae85-b126c56fc038', 'item_variant', 'UPSERT');
INSERT INTO item_variant (id, name, item_link_id, cold_storage_type_id, doses_per_unit) VALUES ('c74c8d60-7665-4518-914c-91f00a124aaf', 'DTwP Diphtheria-Tetanus-Pertussis Vaccine Adsorbed', '17fc9657-c920-4734-a1c9-fca9bfcead59', (SELECT id FROM cold_storage_type WHERE name = '+5' or min_temperature = 2 and max_temperature = 8 LIMIT 1), 20) ON CONFLICT DO NOTHING;
INSERT INTO changelog (record_id, table_name, row_action) VALUES ('c74c8d60-7665-4518-914c-91f00a124aaf', 'item_variant', 'UPSERT');
INSERT INTO item (id, name, code, ven_category, type, legacy_record, is_active, is_vaccine, vaccine_doses, default_pack_size) VALUES ('fbbc1395-3f02-46a3-ba9d-4625aa1b47e2', 'Diphtheria-Tetanus-Pertussis (whole cell)-Haemophilus influenzae type b', 'DTwP+Hib', 'NOT_ASSIGNED', 'STOCK', '', 'True', 'True', 1, 1) ON CONFLICT DO NOTHING;
INSERT INTO changelog (record_id, table_name, row_action) VALUES ('fbbc1395-3f02-46a3-ba9d-4625aa1b47e2', 'item', 'UPSERT');
INSERT INTO item_variant (id, name, item_link_id, cold_storage_type_id, doses_per_unit) VALUES ('e0f66bba-5d13-4128-a212-7f9e730d3bce', 'DTwP+Hib TETRAct-HIB', 'fbbc1395-3f02-46a3-ba9d-4625aa1b47e2', (SELECT id FROM cold_storage_type WHERE name = '+5' or min_temperature = 2 and max_temperature = 8 LIMIT 1), 1) ON CONFLICT DO NOTHING;
INSERT INTO changelog (record_id, table_name, row_action) VALUES ('e0f66bba-5d13-4128-a212-7f9e730d3bce', 'item_variant', 'UPSERT');
INSERT INTO item_variant (id, name, item_link_id, cold_storage_type_id, doses_per_unit) VALUES ('d0a2d3ac-10ca-4dd2-b794-6da0867aa77b', 'DTwP+Hib Diphtheria, Tetanus, Pertussis and Haemophilus influenzae type b Conjugate Vaccine', 'fbbc1395-3f02-46a3-ba9d-4625aa1b47e2', (SELECT id FROM cold_storage_type WHERE name = '+5' or min_temperature = 2 and max_temperature = 8 LIMIT 1), 1) ON CONFLICT DO NOTHING;
INSERT INTO changelog (record_id, table_name, row_action) VALUES ('d0a2d3ac-10ca-4dd2-b794-6da0867aa77b', 'item_variant', 'UPSERT');
INSERT INTO item_variant (id, name, item_link_id, cold_storage_type_id, doses_per_unit) VALUES ('efdda8c1-3486-4085-b090-57bca7aa0dbd', 'DTwP+Hib TETRAct-HIB', 'fbbc1395-3f02-46a3-ba9d-4625aa1b47e2', (SELECT id FROM cold_storage_type WHERE name = '+5' or min_temperature = 2 and max_temperature = 8 LIMIT 1), 10) ON CONFLICT DO NOTHING;
INSERT INTO changelog (record_id, table_name, row_action) VALUES ('efdda8c1-3486-4085-b090-57bca7aa0dbd', 'item_variant', 'UPSERT');
INSERT INTO item (id, name, code, ven_category, type, legacy_record, is_active, is_vaccine, vaccine_doses, default_pack_size) VALUES ('8843a369-935e-46e9-8e03-d7f03ebb3af3', 'Diphtheria-Tetanus-Pertussis (whole cell)-Hepatitis B', 'DTwP-HepB', 'NOT_ASSIGNED', 'STOCK', '', 'True', 'True', 1, 1) ON CONFLICT DO NOTHING;
INSERT INTO changelog (record_id, table_name, row_action) VALUES ('8843a369-935e-46e9-8e03-d7f03ebb3af3', 'item', 'UPSERT');
INSERT INTO item_variant (id, name, item_link_id, cold_storage_type_id, doses_per_unit) VALUES ('00bf6aac-3623-4824-924a-2a5bd86f6115', 'DTwP-HepB Diphtheria ,Tetanus, Pertussis and Hepatitis B Vaccine Adsorbed', '8843a369-935e-46e9-8e03-d7f03ebb3af3', (SELECT id FROM cold_storage_type WHERE name = '+5' or min_temperature = 2 and max_temperature = 8 LIMIT 1), 1) ON CONFLICT DO NOTHING;
INSERT INTO changelog (record_id, table_name, row_action) VALUES ('00bf6aac-3623-4824-924a-2a5bd86f6115', 'item_variant', 'UPSERT');
INSERT INTO item_variant (id, name, item_link_id, cold_storage_type_id, doses_per_unit) VALUES ('46fe898a-6d9d-4e77-8588-b17aedb1592c', 'DTwP-HepB DTP - Hep B 5', '8843a369-935e-46e9-8e03-d7f03ebb3af3', (SELECT id FROM cold_storage_type WHERE name = '+5' or min_temperature = 2 and max_temperature = 8 LIMIT 1), 5) ON CONFLICT DO NOTHING;
INSERT INTO changelog (record_id, table_name, row_action) VALUES ('46fe898a-6d9d-4e77-8588-b17aedb1592c', 'item_variant', 'UPSERT');
INSERT INTO item_variant (id, name, item_link_id, cold_storage_type_id, doses_per_unit) VALUES ('4cade4f2-4348-4a9d-8c43-f441280947eb', 'DTwP-HepB DTP - Hep B 10', '8843a369-935e-46e9-8e03-d7f03ebb3af3', (SELECT id FROM cold_storage_type WHERE name = '+5' or min_temperature = 2 and max_temperature = 8 LIMIT 1), 10) ON CONFLICT DO NOTHING;
INSERT INTO changelog (record_id, table_name, row_action) VALUES ('4cade4f2-4348-4a9d-8c43-f441280947eb', 'item_variant', 'UPSERT');
INSERT INTO item_variant (id, name, item_link_id, cold_storage_type_id, doses_per_unit) VALUES ('091f4b78-5b27-4d71-853e-7046a935affc', 'DTwP-HepB Diphtheria ,Tetanus, Pertussis and Hepatitis B Vaccine Adsorbed', '8843a369-935e-46e9-8e03-d7f03ebb3af3', (SELECT id FROM cold_storage_type WHERE name = '+5' or min_temperature = 2 and max_temperature = 8 LIMIT 1), 10) ON CONFLICT DO NOTHING;
INSERT INTO changelog (record_id, table_name, row_action) VALUES ('091f4b78-5b27-4d71-853e-7046a935affc', 'item_variant', 'UPSERT');
INSERT INTO item_variant (id, name, item_link_id, cold_storage_type_id, doses_per_unit) VALUES ('b84b5f17-c7a6-4113-af04-be4448168114', 'DTwP-HepB Diphtheria ,Tetanus, Pertussis and Hepatitis B Vaccine Adsorbed', '8843a369-935e-46e9-8e03-d7f03ebb3af3', (SELECT id FROM cold_storage_type WHERE name = '+5' or min_temperature = 2 and max_temperature = 8 LIMIT 1), 20) ON CONFLICT DO NOTHING;
INSERT INTO changelog (record_id, table_name, row_action) VALUES ('b84b5f17-c7a6-4113-af04-be4448168114', 'item_variant', 'UPSERT');
INSERT INTO item (id, name, code, ven_category, type, legacy_record, is_active, is_vaccine, vaccine_doses, default_pack_size) VALUES ('8679dcd5-c4d1-4fae-95b3-c1df67e7a770', 'Diphtheria-Tetanus-Pertussis (whole cell)-Hepatitis B-Haemophilus influenzae type b', 'DTwP-HepB+Hib', 'NOT_ASSIGNED', 'STOCK', '', 'True', 'True', 1, 1) ON CONFLICT DO NOTHING;
INSERT INTO changelog (record_id, table_name, row_action) VALUES ('8679dcd5-c4d1-4fae-95b3-c1df67e7a770', 'item', 'UPSERT');
INSERT INTO item_variant (id, name, item_link_id, cold_storage_type_id, doses_per_unit) VALUES ('07679c7b-656d-4169-94c6-cfd4928aa9c0', 'DTwP-HepB+Hib Tritanrix HB+Hib', '8679dcd5-c4d1-4fae-95b3-c1df67e7a770', (SELECT id FROM cold_storage_type WHERE name = '+5' or min_temperature = 2 and max_temperature = 8 LIMIT 1), 1) ON CONFLICT DO NOTHING;
INSERT INTO changelog (record_id, table_name, row_action) VALUES ('07679c7b-656d-4169-94c6-cfd4928aa9c0', 'item_variant', 'UPSERT');
INSERT INTO item_variant (id, name, item_link_id, cold_storage_type_id, doses_per_unit) VALUES ('9733c7ab-ece8-40c4-9132-c13f8953bbf1', 'DTwP-HepB+Hib Diphtheria, Tetanus, Pertussis, Hepatitis B and Haemophilus influenzae type b Conjugate Vaccine', '8679dcd5-c4d1-4fae-95b3-c1df67e7a770', (SELECT id FROM cold_storage_type WHERE name = '+5' or min_temperature = 2 and max_temperature = 8 LIMIT 1), 1) ON CONFLICT DO NOTHING;
INSERT INTO changelog (record_id, table_name, row_action) VALUES ('9733c7ab-ece8-40c4-9132-c13f8953bbf1', 'item_variant', 'UPSERT');
INSERT INTO item_variant (id, name, item_link_id, cold_storage_type_id, doses_per_unit) VALUES ('775d75b2-20e7-4a34-8249-e6aed2daed69', 'DTwP-HepB+Hib None used on labelling for supply through UN agencies.     Also marketed with labelled commercial name  ComBE Five (Reconstituted).', '8679dcd5-c4d1-4fae-95b3-c1df67e7a770', (SELECT id FROM cold_storage_type WHERE name = '+5' or min_temperature = 2 and max_temperature = 8 LIMIT 1), 1) ON CONFLICT DO NOTHING;
INSERT INTO changelog (record_id, table_name, row_action) VALUES ('775d75b2-20e7-4a34-8249-e6aed2daed69', 'item_variant', 'UPSERT');
INSERT INTO item_variant (id, name, item_link_id, cold_storage_type_id, doses_per_unit) VALUES ('72f7acf0-d422-4033-a4cf-a851e45f8f28', 'DTwP-HepB+Hib Euforvac-Hib Inj', '8679dcd5-c4d1-4fae-95b3-c1df67e7a770', (SELECT id FROM cold_storage_type WHERE name = '+5' or min_temperature = 2 and max_temperature = 8 LIMIT 1), 1) ON CONFLICT DO NOTHING;
INSERT INTO changelog (record_id, table_name, row_action) VALUES ('72f7acf0-d422-4033-a4cf-a851e45f8f28', 'item_variant', 'UPSERT');
INSERT INTO item_variant (id, name, item_link_id, cold_storage_type_id, doses_per_unit) VALUES ('06bc3bf8-fc34-4069-8efd-e10730810600', 'DTwP-HepB+Hib Tritanrix HB+Hib', '8679dcd5-c4d1-4fae-95b3-c1df67e7a770', (SELECT id FROM cold_storage_type WHERE name = '+5' or min_temperature = 2 and max_temperature = 8 LIMIT 1), 2) ON CONFLICT DO NOTHING;
INSERT INTO changelog (record_id, table_name, row_action) VALUES ('06bc3bf8-fc34-4069-8efd-e10730810600', 'item_variant', 'UPSERT');
INSERT INTO item_variant (id, name, item_link_id, cold_storage_type_id, doses_per_unit) VALUES ('44407500-b836-45a3-95dc-61f4b3a80d1b', 'DTwP-HepB+Hib Diphtheria, Tetanus, Pertussis, Hepatitis B and Haemophilus influenzae type b Conjugate Vaccine', '8679dcd5-c4d1-4fae-95b3-c1df67e7a770', (SELECT id FROM cold_storage_type WHERE name = '+5' or min_temperature = 2 and max_temperature = 8 LIMIT 1), 2) ON CONFLICT DO NOTHING;
INSERT INTO changelog (record_id, table_name, row_action) VALUES ('44407500-b836-45a3-95dc-61f4b3a80d1b', 'item_variant', 'UPSERT');
INSERT INTO item_variant (id, name, item_link_id, cold_storage_type_id, doses_per_unit) VALUES ('3c0f4520-73c5-4963-ae89-a5117f34e1f7', 'DTwP-HepB+Hib Euforvac-Hib Inj.', '8679dcd5-c4d1-4fae-95b3-c1df67e7a770', (SELECT id FROM cold_storage_type WHERE name = '+5' or min_temperature = 2 and max_temperature = 8 LIMIT 1), 2) ON CONFLICT DO NOTHING;
INSERT INTO changelog (record_id, table_name, row_action) VALUES ('3c0f4520-73c5-4963-ae89-a5117f34e1f7', 'item_variant', 'UPSERT');
INSERT INTO item_variant (id, name, item_link_id, cold_storage_type_id, doses_per_unit) VALUES ('6c7679ff-a27b-43ae-8e49-75bd29225b18', 'DTwP-HepB+Hib Diphtheria, Tetanus, Pertussis, Hepatitis B and Haemophilus influenzae type b Conjugate Vaccine', '8679dcd5-c4d1-4fae-95b3-c1df67e7a770', (SELECT id FROM cold_storage_type WHERE name = '+5' or min_temperature = 2 and max_temperature = 8 LIMIT 1), 10) ON CONFLICT DO NOTHING;
INSERT INTO changelog (record_id, table_name, row_action) VALUES ('6c7679ff-a27b-43ae-8e49-75bd29225b18', 'item_variant', 'UPSERT');
INSERT INTO item_variant (id, name, item_link_id, cold_storage_type_id, doses_per_unit) VALUES ('14ad1842-1a32-4823-bc7a-6a5b9c17ba98', 'DTwP-HepB+Hib None used on labelling for supply through UN agencies.     Also marketed with labelled commercial name  ComBE Five (Reconstituted).', '8679dcd5-c4d1-4fae-95b3-c1df67e7a770', (SELECT id FROM cold_storage_type WHERE name = '+5' or min_temperature = 2 and max_temperature = 8 LIMIT 1), 10) ON CONFLICT DO NOTHING;
INSERT INTO changelog (record_id, table_name, row_action) VALUES ('14ad1842-1a32-4823-bc7a-6a5b9c17ba98', 'item_variant', 'UPSERT');
INSERT INTO item (id, name, code, ven_category, type, legacy_record, is_active, is_vaccine, vaccine_doses, default_pack_size) VALUES ('d985f447-86bc-4cf4-af67-c55654e7c3e6', 'Diphtheria-Tetanus-Pertussis (whole cell)-Hepatitis B-Haemophilus influenzae type b', 'DTwP-HepB-Hib', 'NOT_ASSIGNED', 'STOCK', '', 'True', 'True', 1, 1) ON CONFLICT DO NOTHING;
INSERT INTO changelog (record_id, table_name, row_action) VALUES ('d985f447-86bc-4cf4-af67-c55654e7c3e6', 'item', 'UPSERT');
INSERT INTO item_variant (id, name, item_link_id, cold_storage_type_id, doses_per_unit) VALUES ('04dacb34-bfc6-4227-87c7-47796270b5f7', 'DTwP-HepB-Hib Quinvaxem', 'd985f447-86bc-4cf4-af67-c55654e7c3e6', (SELECT id FROM cold_storage_type WHERE name = '+5' or min_temperature = 2 and max_temperature = 8 LIMIT 1), 1) ON CONFLICT DO NOTHING;
INSERT INTO changelog (record_id, table_name, row_action) VALUES ('04dacb34-bfc6-4227-87c7-47796270b5f7', 'item_variant', 'UPSERT');
INSERT INTO item_variant (id, name, item_link_id, cold_storage_type_id, doses_per_unit) VALUES ('7d37839c-43c1-487f-b3a1-8403e57b09ba', 'DTwP-HepB-Hib Shan-5', 'd985f447-86bc-4cf4-af67-c55654e7c3e6', (SELECT id FROM cold_storage_type WHERE name = '+5' or min_temperature = 2 and max_temperature = 8 LIMIT 1), 1) ON CONFLICT DO NOTHING;
INSERT INTO changelog (record_id, table_name, row_action) VALUES ('7d37839c-43c1-487f-b3a1-8403e57b09ba', 'item_variant', 'UPSERT');
INSERT INTO item_variant (id, name, item_link_id, cold_storage_type_id, doses_per_unit) VALUES ('b202380c-0291-4735-bdbd-8d2dfb9dcb1e', 'DTwP-HepB-Hib Diphtheria, Tetanus, Pertussis, Hepatitis B and Haemophilus influenzae type b Conjugate Vaccine Adsorbed', 'd985f447-86bc-4cf4-af67-c55654e7c3e6', (SELECT id FROM cold_storage_type WHERE name = '+5' or min_temperature = 2 and max_temperature = 8 LIMIT 1), 1) ON CONFLICT DO NOTHING;
INSERT INTO changelog (record_id, table_name, row_action) VALUES ('b202380c-0291-4735-bdbd-8d2dfb9dcb1e', 'item_variant', 'UPSERT');
INSERT INTO item_variant (id, name, item_link_id, cold_storage_type_id, doses_per_unit) VALUES ('1805996c-ac08-4dcd-b0de-ec2d1d20494e', 'DTwP-HepB-Hib Easyfive-TT', 'd985f447-86bc-4cf4-af67-c55654e7c3e6', (SELECT id FROM cold_storage_type WHERE name = '+5' or min_temperature = 2 and max_temperature = 8 LIMIT 1), 1) ON CONFLICT DO NOTHING;
INSERT INTO changelog (record_id, table_name, row_action) VALUES ('1805996c-ac08-4dcd-b0de-ec2d1d20494e', 'item_variant', 'UPSERT');
INSERT INTO item_variant (id, name, item_link_id, cold_storage_type_id, doses_per_unit) VALUES ('22f2cf61-c487-48b4-ac5b-be809c477796', 'DTwP-HepB-Hib None used on labelling for supply through UN agencies.     Also marketed with labelled commercial name  ComBE Five (Liquid).', 'd985f447-86bc-4cf4-af67-c55654e7c3e6', (SELECT id FROM cold_storage_type WHERE name = '+5' or min_temperature = 2 and max_temperature = 8 LIMIT 1), 1) ON CONFLICT DO NOTHING;
INSERT INTO changelog (record_id, table_name, row_action) VALUES ('22f2cf61-c487-48b4-ac5b-be809c477796', 'item_variant', 'UPSERT');
INSERT INTO item_variant (id, name, item_link_id, cold_storage_type_id, doses_per_unit) VALUES ('a2b85b74-83a2-40e0-a36a-3bb8685347e7', 'DTwP-HepB-Hib Eupenta', 'd985f447-86bc-4cf4-af67-c55654e7c3e6', (SELECT id FROM cold_storage_type WHERE name = '+5' or min_temperature = 2 and max_temperature = 8 LIMIT 1), 1) ON CONFLICT DO NOTHING;
INSERT INTO changelog (record_id, table_name, row_action) VALUES ('a2b85b74-83a2-40e0-a36a-3bb8685347e7', 'item_variant', 'UPSERT');
INSERT INTO item_variant (id, name, item_link_id, cold_storage_type_id, doses_per_unit) VALUES ('afe38f72-b7b4-4500-b3f2-2b2ea213c785', 'DTwP-HepB-Hib Diphtheria, Tetanus, Pertussis, Hepatitis B and Haemophilus influenzae type b Conjugate Vaccine Adsorbed', 'd985f447-86bc-4cf4-af67-c55654e7c3e6', (SELECT id FROM cold_storage_type WHERE name = '+5' or min_temperature = 2 and max_temperature = 8 LIMIT 1), 2) ON CONFLICT DO NOTHING;
INSERT INTO changelog (record_id, table_name, row_action) VALUES ('afe38f72-b7b4-4500-b3f2-2b2ea213c785', 'item_variant', 'UPSERT');
INSERT INTO item_variant (id, name, item_link_id, cold_storage_type_id, doses_per_unit) VALUES ('4f52ec90-9770-4fa9-b6ff-1fcdff0ce749', 'DTwP-HepB-Hib None used on labelling for supply through UN agencies.     Also marketed with labelled commercial name  ComBE Five (Liquid).', 'd985f447-86bc-4cf4-af67-c55654e7c3e6', (SELECT id FROM cold_storage_type WHERE name = '+5' or min_temperature = 2 and max_temperature = 8 LIMIT 1), 2) ON CONFLICT DO NOTHING;
INSERT INTO changelog (record_id, table_name, row_action) VALUES ('4f52ec90-9770-4fa9-b6ff-1fcdff0ce749', 'item_variant', 'UPSERT');
INSERT INTO item_variant (id, name, item_link_id, cold_storage_type_id, doses_per_unit) VALUES ('c599a08c-68b8-49e7-b0b4-3157ee22b693', 'DTwP-HepB-Hib None used on labelling for supply through UN agencies.     Also marketed with labelled commercial name  ComBE Five (Liquid).', 'd985f447-86bc-4cf4-af67-c55654e7c3e6', (SELECT id FROM cold_storage_type WHERE name = '+5' or min_temperature = 2 and max_temperature = 8 LIMIT 1), 5) ON CONFLICT DO NOTHING;
INSERT INTO changelog (record_id, table_name, row_action) VALUES ('c599a08c-68b8-49e7-b0b4-3157ee22b693', 'item_variant', 'UPSERT');
INSERT INTO item_variant (id, name, item_link_id, cold_storage_type_id, doses_per_unit) VALUES ('1d35ee95-e484-4b98-9560-6db68808501f', 'DTwP-HepB-Hib Pentabio', 'd985f447-86bc-4cf4-af67-c55654e7c3e6', (SELECT id FROM cold_storage_type WHERE name = '+5' or min_temperature = 2 and max_temperature = 8 LIMIT 1), 5) ON CONFLICT DO NOTHING;
INSERT INTO changelog (record_id, table_name, row_action) VALUES ('1d35ee95-e484-4b98-9560-6db68808501f', 'item_variant', 'UPSERT');
INSERT INTO item_variant (id, name, item_link_id, cold_storage_type_id, doses_per_unit) VALUES ('505f320c-0989-445c-abbc-6c3e44395de9', 'DTwP-HepB-Hib Easyfive-TT', 'd985f447-86bc-4cf4-af67-c55654e7c3e6', (SELECT id FROM cold_storage_type WHERE name = '+5' or min_temperature = 2 and max_temperature = 8 LIMIT 1), 10) ON CONFLICT DO NOTHING;
INSERT INTO changelog (record_id, table_name, row_action) VALUES ('505f320c-0989-445c-abbc-6c3e44395de9', 'item_variant', 'UPSERT');
INSERT INTO item_variant (id, name, item_link_id, cold_storage_type_id, doses_per_unit) VALUES ('52495e40-b9e5-4ea2-8331-c8fcd6e86a74', 'DTwP-HepB-Hib Shan-5', 'd985f447-86bc-4cf4-af67-c55654e7c3e6', (SELECT id FROM cold_storage_type WHERE name = '+5' or min_temperature = 2 and max_temperature = 8 LIMIT 1), 10) ON CONFLICT DO NOTHING;
INSERT INTO changelog (record_id, table_name, row_action) VALUES ('52495e40-b9e5-4ea2-8331-c8fcd6e86a74', 'item_variant', 'UPSERT');
INSERT INTO item_variant (id, name, item_link_id, cold_storage_type_id, doses_per_unit) VALUES ('d236cf24-a40e-4772-8b3c-91826ddbad46', 'DTwP-HepB-Hib Diphtheria, Tetanus, Pertussis, Hepatitis B and Haemophilus influenzae type b Conjugate Vaccine Adsorbed', 'd985f447-86bc-4cf4-af67-c55654e7c3e6', (SELECT id FROM cold_storage_type WHERE name = '+5' or min_temperature = 2 and max_temperature = 8 LIMIT 1), 10) ON CONFLICT DO NOTHING;
INSERT INTO changelog (record_id, table_name, row_action) VALUES ('d236cf24-a40e-4772-8b3c-91826ddbad46', 'item_variant', 'UPSERT');
INSERT INTO item_variant (id, name, item_link_id, cold_storage_type_id, doses_per_unit) VALUES ('088a6cc8-6680-47d5-a81b-e18eb75d3da7', 'DTwP-HepB-Hib None used on labelling for supply through UN agencies.     Also marketed with labelled commercial name  ComBE Five (Liquid).', 'd985f447-86bc-4cf4-af67-c55654e7c3e6', (SELECT id FROM cold_storage_type WHERE name = '+5' or min_temperature = 2 and max_temperature = 8 LIMIT 1), 10) ON CONFLICT DO NOTHING;
INSERT INTO changelog (record_id, table_name, row_action) VALUES ('088a6cc8-6680-47d5-a81b-e18eb75d3da7', 'item_variant', 'UPSERT');
INSERT INTO item_variant (id, name, item_link_id, cold_storage_type_id, doses_per_unit) VALUES ('5bcf2396-d825-43bd-9f0d-d51df291cfd7', 'DTwP-HepB-Hib Eupenta', 'd985f447-86bc-4cf4-af67-c55654e7c3e6', (SELECT id FROM cold_storage_type WHERE name = '+5' or min_temperature = 2 and max_temperature = 8 LIMIT 1), 10) ON CONFLICT DO NOTHING;
INSERT INTO changelog (record_id, table_name, row_action) VALUES ('5bcf2396-d825-43bd-9f0d-d51df291cfd7', 'item_variant', 'UPSERT');
INSERT INTO item_variant (id, name, item_link_id, cold_storage_type_id, doses_per_unit) VALUES ('aad86022-9e69-4be0-a122-c8ec6a9a23d8', 'DTwP-HepB-Hib Pentabio', 'd985f447-86bc-4cf4-af67-c55654e7c3e6', (SELECT id FROM cold_storage_type WHERE name = '+5' or min_temperature = 2 and max_temperature = 8 LIMIT 1), 10) ON CONFLICT DO NOTHING;
INSERT INTO changelog (record_id, table_name, row_action) VALUES ('aad86022-9e69-4be0-a122-c8ec6a9a23d8', 'item_variant', 'UPSERT');
INSERT INTO item (id, name, code, ven_category, type, legacy_record, is_active, is_vaccine, vaccine_doses, default_pack_size) VALUES ('2c2944e2-0f5e-4918-94ba-7cb6357a29a5', 'Diphtheria-Tetanus-Pertussis (whole cell)-Hepatitis B-Haemophilus influenzae type b', 'DTwP-HepB-Hib-IPV', 'NOT_ASSIGNED', 'STOCK', '', 'True', 'True', 1, 1) ON CONFLICT DO NOTHING;
INSERT INTO changelog (record_id, table_name, row_action) VALUES ('2c2944e2-0f5e-4918-94ba-7cb6357a29a5', 'item', 'UPSERT');
INSERT INTO item_variant (id, name, item_link_id, cold_storage_type_id, doses_per_unit) VALUES ('1e6ef172-2cff-4f44-825b-f8ca4d42cb57', 'DTwP-HepB-Hib-IPV Shan6', '2c2944e2-0f5e-4918-94ba-7cb6357a29a5', (SELECT id FROM cold_storage_type WHERE name = '+5' or min_temperature = 2 and max_temperature = 8 LIMIT 1), 1) ON CONFLICT DO NOTHING;
INSERT INTO changelog (record_id, table_name, row_action) VALUES ('1e6ef172-2cff-4f44-825b-f8ca4d42cb57', 'item_variant', 'UPSERT');
INSERT INTO item_variant (id, name, item_link_id, cold_storage_type_id, doses_per_unit) VALUES ('1e6ef172-2cff-4f44-825b-f8ca4d42cb57', 'DTwP-HepB-Hib-IPV Shan6', '2c2944e2-0f5e-4918-94ba-7cb6357a29a5', (SELECT id FROM cold_storage_type WHERE name = '+5' or min_temperature = 2 and max_temperature = 8 LIMIT 1), 5) ON CONFLICT DO NOTHING;
INSERT INTO changelog (record_id, table_name, row_action) VALUES ('1e6ef172-2cff-4f44-825b-f8ca4d42cb57', 'item_variant', 'UPSERT');
INSERT INTO item (id, name, code, ven_category, type, legacy_record, is_active, is_vaccine, vaccine_doses, default_pack_size) VALUES ('d07da8cf-4b5a-485f-97f1-5855778c5772', 'Ebola Zaire (rVSV∆G-ZEBOV-GP, live attenuated)', 'Ebola-Vax (rVSV∆G-ZEBOV-GP, live attenuated)', 'NOT_ASSIGNED', 'STOCK', '', 'True', 'True', 1, 1) ON CONFLICT DO NOTHING;
INSERT INTO changelog (record_id, table_name, row_action) VALUES ('d07da8cf-4b5a-485f-97f1-5855778c5772', 'item', 'UPSERT');
INSERT INTO item_variant (id, name, item_link_id, cold_storage_type_id, doses_per_unit) VALUES ('2bb9b940-b3ec-4d98-8f00-a0afb8b4a78b', 'Ebola-Vax (rVSV∆G-ZEBOV-GP, live attenuated) ERVEBO', 'd07da8cf-4b5a-485f-97f1-5855778c5772', (SELECT id FROM cold_storage_type WHERE name = '-70' or min_temperature = -70 and max_temperature = -70 LIMIT 1), 1) ON CONFLICT DO NOTHING;
INSERT INTO changelog (record_id, table_name, row_action) VALUES ('2bb9b940-b3ec-4d98-8f00-a0afb8b4a78b', 'item_variant', 'UPSERT');
INSERT INTO item_variant (id, name, item_link_id, cold_storage_type_id, doses_per_unit) VALUES ('1e6ef172-2cff-4f44-825b-f8ca4d42cb57', 'Ebola-Vax (MVA-BN-Filo [recombinant]) Mvabea', '2c2944e2-0f5e-4918-94ba-7cb6357a29a5', (SELECT id FROM cold_storage_type WHERE name = '-70' or min_temperature = -70 and max_temperature = -70 LIMIT 1), 1) ON CONFLICT DO NOTHING;
INSERT INTO changelog (record_id, table_name, row_action) VALUES ('1e6ef172-2cff-4f44-825b-f8ca4d42cb57', 'item_variant', 'UPSERT');
INSERT INTO item_variant (id, name, item_link_id, cold_storage_type_id, doses_per_unit) VALUES ('1e6ef172-2cff-4f44-825b-f8ca4d42cb57', 'Ebola-Vax (Ad26.ZEBOV-GP [recombinant]) Zabdeno', '2c2944e2-0f5e-4918-94ba-7cb6357a29a5', (SELECT id FROM cold_storage_type WHERE name = '-70' or min_temperature = -70 and max_temperature = -70 LIMIT 1), 1) ON CONFLICT DO NOTHING;
INSERT INTO changelog (record_id, table_name, row_action) VALUES ('1e6ef172-2cff-4f44-825b-f8ca4d42cb57', 'item_variant', 'UPSERT');
INSERT INTO item (id, name, code, ven_category, type, legacy_record, is_active, is_vaccine, vaccine_doses, default_pack_size) VALUES ('6f509c87-4a0a-41c1-95ff-24361a1cbff0', 'Influenza, pandemic H1N1', 'H1N1', 'NOT_ASSIGNED', 'STOCK', '', 'True', 'True', 1, 1) ON CONFLICT DO NOTHING;
INSERT INTO changelog (record_id, table_name, row_action) VALUES ('6f509c87-4a0a-41c1-95ff-24361a1cbff0', 'item', 'UPSERT');
INSERT INTO item_variant (id, name, item_link_id, cold_storage_type_id, doses_per_unit) VALUES ('a2353059-e63e-4387-b826-b6cc1390a450', 'H1N1 Green Flu-S', '6f509c87-4a0a-41c1-95ff-24361a1cbff0', (SELECT id FROM cold_storage_type WHERE name = '+5' or min_temperature = 2 and max_temperature = 8 LIMIT 1), 1) ON CONFLICT DO NOTHING;
INSERT INTO changelog (record_id, table_name, row_action) VALUES ('a2353059-e63e-4387-b826-b6cc1390a450', 'item_variant', 'UPSERT');
INSERT INTO item_variant (id, name, item_link_id, cold_storage_type_id, doses_per_unit) VALUES ('22b959b1-7d62-4eb7-94b1-f6f0cdef5dad', 'H1N1 Influenza A (H1N1) 2009 monovalent vaccine', '6f509c87-4a0a-41c1-95ff-24361a1cbff0', (SELECT id FROM cold_storage_type WHERE name = '+5' or min_temperature = 2 and max_temperature = 8 LIMIT 1), 1) ON CONFLICT DO NOTHING;
INSERT INTO changelog (record_id, table_name, row_action) VALUES ('22b959b1-7d62-4eb7-94b1-f6f0cdef5dad', 'item_variant', 'UPSERT');
INSERT INTO item_variant (id, name, item_link_id, cold_storage_type_id, doses_per_unit) VALUES ('3b5079ea-ac6f-45b9-9f35-fca1a77f9ba9', 'H1N1 Influenza A (H1N1) 2009 monovalent vaccine', '6f509c87-4a0a-41c1-95ff-24361a1cbff0', (SELECT id FROM cold_storage_type WHERE name = '+5' or min_temperature = 2 and max_temperature = 8 LIMIT 1), 1) ON CONFLICT DO NOTHING;
INSERT INTO changelog (record_id, table_name, row_action) VALUES ('3b5079ea-ac6f-45b9-9f35-fca1a77f9ba9', 'item_variant', 'UPSERT');
INSERT INTO item_variant (id, name, item_link_id, cold_storage_type_id, doses_per_unit) VALUES ('306a0fb3-77c7-46f8-b73c-b9af8fe06e4a', 'H1N1 NASOVAC Influenza Vaccine, Live Attenuated (Human) Freeze-Dried', '6f509c87-4a0a-41c1-95ff-24361a1cbff0', (SELECT id FROM cold_storage_type WHERE name = '+5' or min_temperature = 2 and max_temperature = 8 LIMIT 1), 1) ON CONFLICT DO NOTHING;
INSERT INTO changelog (record_id, table_name, row_action) VALUES ('306a0fb3-77c7-46f8-b73c-b9af8fe06e4a', 'item_variant', 'UPSERT');
INSERT INTO item (id, name, code, ven_category, type, legacy_record, is_active, is_vaccine, vaccine_doses, default_pack_size) VALUES ('356eea33-b382-421e-8413-7d3670e9b11c', 'H1N1 Diluent', 'H1N1_DILUENT', 'NOT_ASSIGNED', 'STOCK', '', 'True', 'False', 0, 1) ON CONFLICT DO NOTHING;
INSERT INTO changelog (record_id, table_name, row_action) VALUES ('356eea33-b382-421e-8413-7d3670e9b11c', 'item', 'UPSERT');
INSERT INTO item_variant (id, name, item_link_id, cold_storage_type_id, doses_per_unit) VALUES ('d48c442a-dd1b-4959-a0cf-ebaac0eb8fcc', 'H1N1 NASOVAC Influenza Vaccine, Live Attenuated (Human) Freeze-Dried Diluent', '356eea33-b382-421e-8413-7d3670e9b11c', (SELECT id FROM cold_storage_type WHERE name = '+5' or min_temperature = 2 and max_temperature = 8 LIMIT 1), 1) ON CONFLICT DO NOTHING;
INSERT INTO changelog (record_id, table_name, row_action) VALUES ('d48c442a-dd1b-4959-a0cf-ebaac0eb8fcc', 'item_variant', 'UPSERT');
INSERT INTO item_variant (id, name, item_link_id, cold_storage_type_id, doses_per_unit) VALUES ('e9b09dd4-65d2-4505-a0bf-388c6d2780e9', 'H1N1 NASOVAC Influenza Vaccine, Live Attenuated (Human) Freeze-Dried', '6f509c87-4a0a-41c1-95ff-24361a1cbff0', (SELECT id FROM cold_storage_type WHERE name = '+5' or min_temperature = 2 and max_temperature = 8 LIMIT 1), 5) ON CONFLICT DO NOTHING;
INSERT INTO changelog (record_id, table_name, row_action) VALUES ('e9b09dd4-65d2-4505-a0bf-388c6d2780e9', 'item_variant', 'UPSERT');
INSERT INTO item_variant (id, name, item_link_id, cold_storage_type_id, doses_per_unit) VALUES ('88c7977b-3bb2-42ae-bf7b-972dd6566c3d', 'H1N1 Panvax', '6f509c87-4a0a-41c1-95ff-24361a1cbff0', (SELECT id FROM cold_storage_type WHERE name = '+5' or min_temperature = 2 and max_temperature = 8 LIMIT 1), 10) ON CONFLICT DO NOTHING;
INSERT INTO changelog (record_id, table_name, row_action) VALUES ('88c7977b-3bb2-42ae-bf7b-972dd6566c3d', 'item_variant', 'UPSERT');
INSERT INTO item_variant (id, name, item_link_id, cold_storage_type_id, doses_per_unit) VALUES ('6857c7ab-3b6a-4c39-ab66-84c9cfb14c64', 'H1N1 Focetria', '6f509c87-4a0a-41c1-95ff-24361a1cbff0', (SELECT id FROM cold_storage_type WHERE name = '+5' or min_temperature = 2 and max_temperature = 8 LIMIT 1), 10) ON CONFLICT DO NOTHING;
INSERT INTO changelog (record_id, table_name, row_action) VALUES ('6857c7ab-3b6a-4c39-ab66-84c9cfb14c64', 'item_variant', 'UPSERT');
INSERT INTO item_variant (id, name, item_link_id, cold_storage_type_id, doses_per_unit) VALUES ('5418aae7-100f-458b-8ae0-8db98309633c', 'H1N1 Fluvirin-H1N1', '6f509c87-4a0a-41c1-95ff-24361a1cbff0', (SELECT id FROM cold_storage_type WHERE name = '+5' or min_temperature = 2 and max_temperature = 8 LIMIT 1), 10) ON CONFLICT DO NOTHING;
INSERT INTO changelog (record_id, table_name, row_action) VALUES ('5418aae7-100f-458b-8ae0-8db98309633c', 'item_variant', 'UPSERT');
INSERT INTO item_variant (id, name, item_link_id, cold_storage_type_id, doses_per_unit) VALUES ('e1f64d42-d8a5-4ce7-be58-921b1287df17', 'H1N1 Panenza', '6f509c87-4a0a-41c1-95ff-24361a1cbff0', (SELECT id FROM cold_storage_type WHERE name = '+5' or min_temperature = 2 and max_temperature = 8 LIMIT 1), 10) ON CONFLICT DO NOTHING;
INSERT INTO changelog (record_id, table_name, row_action) VALUES ('e1f64d42-d8a5-4ce7-be58-921b1287df17', 'item_variant', 'UPSERT');
INSERT INTO item_variant (id, name, item_link_id, cold_storage_type_id, doses_per_unit) VALUES ('454e9f86-b21a-4c4d-8843-7e4365b5536a', 'H1N1 Influenza A (H1N1) 2009 monovalent vaccine', '6f509c87-4a0a-41c1-95ff-24361a1cbff0', (SELECT id FROM cold_storage_type WHERE name = '+5' or min_temperature = 2 and max_temperature = 8 LIMIT 1), 10) ON CONFLICT DO NOTHING;
INSERT INTO changelog (record_id, table_name, row_action) VALUES ('454e9f86-b21a-4c4d-8843-7e4365b5536a', 'item_variant', 'UPSERT');
INSERT INTO item_variant (id, name, item_link_id, cold_storage_type_id, doses_per_unit) VALUES ('dd887c2c-d6ce-4a82-b39d-fcdfb5a812a4', 'H1N1 Celtura', '6f509c87-4a0a-41c1-95ff-24361a1cbff0', (SELECT id FROM cold_storage_type WHERE name = '+5' or min_temperature = 2 and max_temperature = 8 LIMIT 1), 17) ON CONFLICT DO NOTHING;
INSERT INTO changelog (record_id, table_name, row_action) VALUES ('dd887c2c-d6ce-4a82-b39d-fcdfb5a812a4', 'item_variant', 'UPSERT');
INSERT INTO item (id, name, code, ven_category, type, legacy_record, is_active, is_vaccine, vaccine_doses, default_pack_size) VALUES ('09a72e16-cb10-4fbb-a5be-a0ebf30f9521', 'Hepatitis A (inactivated)', 'HepA', 'NOT_ASSIGNED', 'STOCK', '', 'True', 'True', 1, 1) ON CONFLICT DO NOTHING;
INSERT INTO changelog (record_id, table_name, row_action) VALUES ('09a72e16-cb10-4fbb-a5be-a0ebf30f9521', 'item', 'UPSERT');
INSERT INTO item_variant (id, name, item_link_id, cold_storage_type_id, doses_per_unit) VALUES ('f14ed01c-e64b-4440-b77e-293a3ad5c36c', 'HepA Havrix 1440 Adult', '09a72e16-cb10-4fbb-a5be-a0ebf30f9521', (SELECT id FROM cold_storage_type WHERE name = '+5' or min_temperature = 2 and max_temperature = 8 LIMIT 1), 1) ON CONFLICT DO NOTHING;
INSERT INTO changelog (record_id, table_name, row_action) VALUES ('f14ed01c-e64b-4440-b77e-293a3ad5c36c', 'item_variant', 'UPSERT');
INSERT INTO item_variant (id, name, item_link_id, cold_storage_type_id, doses_per_unit) VALUES ('27859d98-4d8c-4539-a410-7b13f8ee4c66', 'HepA Havrix 720 Junior', '09a72e16-cb10-4fbb-a5be-a0ebf30f9521', (SELECT id FROM cold_storage_type WHERE name = '+5' or min_temperature = 2 and max_temperature = 8 LIMIT 1), 1) ON CONFLICT DO NOTHING;
INSERT INTO changelog (record_id, table_name, row_action) VALUES ('27859d98-4d8c-4539-a410-7b13f8ee4c66', 'item_variant', 'UPSERT');
INSERT INTO item (id, name, code, ven_category, type, legacy_record, is_active, is_vaccine, vaccine_doses, default_pack_size) VALUES ('1513ffb0-01aa-43c8-9ee3-e406185472b6', 'Hepatitis B', 'HepB', 'NOT_ASSIGNED', 'STOCK', '', 'True', 'True', 1, 1) ON CONFLICT DO NOTHING;
INSERT INTO changelog (record_id, table_name, row_action) VALUES ('1513ffb0-01aa-43c8-9ee3-e406185472b6', 'item', 'UPSERT');
INSERT INTO item_variant (id, name, item_link_id, cold_storage_type_id, doses_per_unit) VALUES ('b7454c94-3283-4786-b02b-5c8f34a3dd3e', 'HepB Hepatitis B  Vaccine Recombinant', '1513ffb0-01aa-43c8-9ee3-e406185472b6', (SELECT id FROM cold_storage_type WHERE name = '+5' or min_temperature = 2 and max_temperature = 8 LIMIT 1), 1) ON CONFLICT DO NOTHING;
INSERT INTO changelog (record_id, table_name, row_action) VALUES ('b7454c94-3283-4786-b02b-5c8f34a3dd3e', 'item_variant', 'UPSERT');
INSERT INTO item_variant (id, name, item_link_id, cold_storage_type_id, doses_per_unit) VALUES ('f8543174-f553-4c05-8e7f-bc4e987e5427', 'HepB Heberbiovac HB', '1513ffb0-01aa-43c8-9ee3-e406185472b6', (SELECT id FROM cold_storage_type WHERE name = '+5' or min_temperature = 2 and max_temperature = 8 LIMIT 1), 1) ON CONFLICT DO NOTHING;
INSERT INTO changelog (record_id, table_name, row_action) VALUES ('f8543174-f553-4c05-8e7f-bc4e987e5427', 'item_variant', 'UPSERT');
INSERT INTO item_variant (id, name, item_link_id, cold_storage_type_id, doses_per_unit) VALUES ('62042081-141c-468d-8c4d-5223383feae9', 'HepB Engerix', '1513ffb0-01aa-43c8-9ee3-e406185472b6', (SELECT id FROM cold_storage_type WHERE name = '+5' or min_temperature = 2 and max_temperature = 8 LIMIT 1), 1) ON CONFLICT DO NOTHING;
INSERT INTO changelog (record_id, table_name, row_action) VALUES ('62042081-141c-468d-8c4d-5223383feae9', 'item_variant', 'UPSERT');
INSERT INTO item_variant (id, name, item_link_id, cold_storage_type_id, doses_per_unit) VALUES ('b241c427-ad9d-4e97-a0ea-da9bcaa1759f', 'HepB Euvax B', '1513ffb0-01aa-43c8-9ee3-e406185472b6', (SELECT id FROM cold_storage_type WHERE name = '+5' or min_temperature = 2 and max_temperature = 8 LIMIT 1), 1) ON CONFLICT DO NOTHING;
INSERT INTO changelog (record_id, table_name, row_action) VALUES ('b241c427-ad9d-4e97-a0ea-da9bcaa1759f', 'item_variant', 'UPSERT');
INSERT INTO item_variant (id, name, item_link_id, cold_storage_type_id, doses_per_unit) VALUES ('a9ce2376-346b-4b65-8e15-9bd3bd4651cd', 'HepB Hepatitis B Vaccine (rDNA) (Adult)', '1513ffb0-01aa-43c8-9ee3-e406185472b6', (SELECT id FROM cold_storage_type WHERE name = '+5' or min_temperature = 2 and max_temperature = 8 LIMIT 1), 1) ON CONFLICT DO NOTHING;
INSERT INTO changelog (record_id, table_name, row_action) VALUES ('a9ce2376-346b-4b65-8e15-9bd3bd4651cd', 'item_variant', 'UPSERT');
INSERT INTO item_variant (id, name, item_link_id, cold_storage_type_id, doses_per_unit) VALUES ('fc605fc8-bfae-4cd0-93c2-b63e54d9273a', 'HepB Hepatitis B Vaccine (rDNA) (Paedriatic)', '1513ffb0-01aa-43c8-9ee3-e406185472b6', (SELECT id FROM cold_storage_type WHERE name = '+5' or min_temperature = 2 and max_temperature = 8 LIMIT 1), 1) ON CONFLICT DO NOTHING;
INSERT INTO changelog (record_id, table_name, row_action) VALUES ('fc605fc8-bfae-4cd0-93c2-b63e54d9273a', 'item_variant', 'UPSERT');
INSERT INTO item_variant (id, name, item_link_id, cold_storage_type_id, doses_per_unit) VALUES ('1f4ce885-86c3-4e54-838a-f6bf634d19c3', 'HepB Shanvac-B', '1513ffb0-01aa-43c8-9ee3-e406185472b6', (SELECT id FROM cold_storage_type WHERE name = '+5' or min_temperature = 2 and max_temperature = 8 LIMIT 1), 1) ON CONFLICT DO NOTHING;
INSERT INTO changelog (record_id, table_name, row_action) VALUES ('1f4ce885-86c3-4e54-838a-f6bf634d19c3', 'item_variant', 'UPSERT');
INSERT INTO item_variant (id, name, item_link_id, cold_storage_type_id, doses_per_unit) VALUES ('d51358d5-d114-4c42-902e-4e4e45a42620', 'HepB Euvax B', '1513ffb0-01aa-43c8-9ee3-e406185472b6', (SELECT id FROM cold_storage_type WHERE name = '+5' or min_temperature = 2 and max_temperature = 8 LIMIT 1), 2) ON CONFLICT DO NOTHING;
INSERT INTO changelog (record_id, table_name, row_action) VALUES ('d51358d5-d114-4c42-902e-4e4e45a42620', 'item_variant', 'UPSERT');
INSERT INTO item_variant (id, name, item_link_id, cold_storage_type_id, doses_per_unit) VALUES ('f425883b-e6e0-4c62-a479-c55646a31936', 'HepB Shanvac-B', '1513ffb0-01aa-43c8-9ee3-e406185472b6', (SELECT id FROM cold_storage_type WHERE name = '+5' or min_temperature = 2 and max_temperature = 8 LIMIT 1), 2) ON CONFLICT DO NOTHING;
INSERT INTO changelog (record_id, table_name, row_action) VALUES ('f425883b-e6e0-4c62-a479-c55646a31936', 'item_variant', 'UPSERT');
INSERT INTO item_variant (id, name, item_link_id, cold_storage_type_id, doses_per_unit) VALUES ('9552ef0b-1d04-4813-be90-2f5968cd21ac', 'HepB Euvax B', '1513ffb0-01aa-43c8-9ee3-e406185472b6', (SELECT id FROM cold_storage_type WHERE name = '+5' or min_temperature = 2 and max_temperature = 8 LIMIT 1), 6) ON CONFLICT DO NOTHING;
INSERT INTO changelog (record_id, table_name, row_action) VALUES ('9552ef0b-1d04-4813-be90-2f5968cd21ac', 'item_variant', 'UPSERT');
INSERT INTO item_variant (id, name, item_link_id, cold_storage_type_id, doses_per_unit) VALUES ('524c247c-9189-4e55-bb9a-54224e960972', 'HepB Shanvac-B', '1513ffb0-01aa-43c8-9ee3-e406185472b6', (SELECT id FROM cold_storage_type WHERE name = '+5' or min_temperature = 2 and max_temperature = 8 LIMIT 1), 6) ON CONFLICT DO NOTHING;
INSERT INTO changelog (record_id, table_name, row_action) VALUES ('524c247c-9189-4e55-bb9a-54224e960972', 'item_variant', 'UPSERT');
INSERT INTO item_variant (id, name, item_link_id, cold_storage_type_id, doses_per_unit) VALUES ('23d69a7a-1b7d-4e9a-8e32-66b8b6e2a981', 'HepB Hepavax-Gene', '1513ffb0-01aa-43c8-9ee3-e406185472b6', (SELECT id FROM cold_storage_type WHERE name = '+5' or min_temperature = 2 and max_temperature = 8 LIMIT 1), 10) ON CONFLICT DO NOTHING;
INSERT INTO changelog (record_id, table_name, row_action) VALUES ('23d69a7a-1b7d-4e9a-8e32-66b8b6e2a981', 'item_variant', 'UPSERT');
INSERT INTO item_variant (id, name, item_link_id, cold_storage_type_id, doses_per_unit) VALUES ('7eb56c52-8abe-4849-9336-aed64776d4ef', 'HepB Heberbiovac HB', '1513ffb0-01aa-43c8-9ee3-e406185472b6', (SELECT id FROM cold_storage_type WHERE name = '+5' or min_temperature = 2 and max_temperature = 8 LIMIT 1), 10) ON CONFLICT DO NOTHING;
INSERT INTO changelog (record_id, table_name, row_action) VALUES ('7eb56c52-8abe-4849-9336-aed64776d4ef', 'item_variant', 'UPSERT');
INSERT INTO item_variant (id, name, item_link_id, cold_storage_type_id, doses_per_unit) VALUES ('09ae5288-a7ea-41b3-8ae5-dea5d372898d', 'HepB Engerix', '1513ffb0-01aa-43c8-9ee3-e406185472b6', (SELECT id FROM cold_storage_type WHERE name = '+5' or min_temperature = 2 and max_temperature = 8 LIMIT 1), 10) ON CONFLICT DO NOTHING;
INSERT INTO changelog (record_id, table_name, row_action) VALUES ('09ae5288-a7ea-41b3-8ae5-dea5d372898d', 'item_variant', 'UPSERT');
INSERT INTO item_variant (id, name, item_link_id, cold_storage_type_id, doses_per_unit) VALUES ('e357d2f3-d17b-4923-96d3-d2aaa3af9402', 'HepB Euvax B', '1513ffb0-01aa-43c8-9ee3-e406185472b6', (SELECT id FROM cold_storage_type WHERE name = '+5' or min_temperature = 2 and max_temperature = 8 LIMIT 1), 10) ON CONFLICT DO NOTHING;
INSERT INTO changelog (record_id, table_name, row_action) VALUES ('e357d2f3-d17b-4923-96d3-d2aaa3af9402', 'item_variant', 'UPSERT');
INSERT INTO item_variant (id, name, item_link_id, cold_storage_type_id, doses_per_unit) VALUES ('4f1e0e06-d64f-48df-b7e9-9c631bd486f2', 'HepB Hepatitis B Vaccine (rDNA) (Adult)', '1513ffb0-01aa-43c8-9ee3-e406185472b6', (SELECT id FROM cold_storage_type WHERE name = '+5' or min_temperature = 2 and max_temperature = 8 LIMIT 1), 10) ON CONFLICT DO NOTHING;
INSERT INTO changelog (record_id, table_name, row_action) VALUES ('4f1e0e06-d64f-48df-b7e9-9c631bd486f2', 'item_variant', 'UPSERT');
INSERT INTO item_variant (id, name, item_link_id, cold_storage_type_id, doses_per_unit) VALUES ('623bac1b-cb2e-461e-9f28-a0a5d03f7b42', 'HepB Hepatitis B Vaccine (rDNA) (Paediatric)', '1513ffb0-01aa-43c8-9ee3-e406185472b6', (SELECT id FROM cold_storage_type WHERE name = '+5' or min_temperature = 2 and max_temperature = 8 LIMIT 1), 10) ON CONFLICT DO NOTHING;
INSERT INTO changelog (record_id, table_name, row_action) VALUES ('623bac1b-cb2e-461e-9f28-a0a5d03f7b42', 'item_variant', 'UPSERT');
INSERT INTO item_variant (id, name, item_link_id, cold_storage_type_id, doses_per_unit) VALUES ('92721fe1-94f4-4f2e-a4fa-7327d0969d7f', 'HepB Shanvac-B', '1513ffb0-01aa-43c8-9ee3-e406185472b6', (SELECT id FROM cold_storage_type WHERE name = '+5' or min_temperature = 2 and max_temperature = 8 LIMIT 1), 10) ON CONFLICT DO NOTHING;
INSERT INTO changelog (record_id, table_name, row_action) VALUES ('92721fe1-94f4-4f2e-a4fa-7327d0969d7f', 'item_variant', 'UPSERT');
INSERT INTO item_variant (id, name, item_link_id, cold_storage_type_id, doses_per_unit) VALUES ('2af3ace5-597f-40e7-97e8-02d752ebeef5', 'HepB Engerix', '1513ffb0-01aa-43c8-9ee3-e406185472b6', (SELECT id FROM cold_storage_type WHERE name = '+5' or min_temperature = 2 and max_temperature = 8 LIMIT 1), 20) ON CONFLICT DO NOTHING;
INSERT INTO changelog (record_id, table_name, row_action) VALUES ('2af3ace5-597f-40e7-97e8-02d752ebeef5', 'item_variant', 'UPSERT');
INSERT INTO item_variant (id, name, item_link_id, cold_storage_type_id, doses_per_unit) VALUES ('d54da628-3f16-497a-8c24-1502a5d35d3e', 'HepB Shanvac-B', '1513ffb0-01aa-43c8-9ee3-e406185472b6', (SELECT id FROM cold_storage_type WHERE name = '+5' or min_temperature = 2 and max_temperature = 8 LIMIT 1), 20) ON CONFLICT DO NOTHING;
INSERT INTO changelog (record_id, table_name, row_action) VALUES ('d54da628-3f16-497a-8c24-1502a5d35d3e', 'item_variant', 'UPSERT');
INSERT INTO item (id, name, code, ven_category, type, legacy_record, is_active, is_vaccine, vaccine_doses, default_pack_size) VALUES ('05d8d779-1174-4f03-94c2-a6f8b8e6aabc', 'Haemophilus influenzae type b', 'Hib_liq', 'NOT_ASSIGNED', 'STOCK', '', 'True', 'True', 1, 1) ON CONFLICT DO NOTHING;
INSERT INTO changelog (record_id, table_name, row_action) VALUES ('05d8d779-1174-4f03-94c2-a6f8b8e6aabc', 'item', 'UPSERT');
INSERT INTO item_variant (id, name, item_link_id, cold_storage_type_id, doses_per_unit) VALUES ('643ef491-61a8-4712-970a-5578b54c1c36', 'Hib_liq Vaxem HIB', '05d8d779-1174-4f03-94c2-a6f8b8e6aabc', (SELECT id FROM cold_storage_type WHERE name = '+5' or min_temperature = 2 and max_temperature = 8 LIMIT 1), 1) ON CONFLICT DO NOTHING;
INSERT INTO changelog (record_id, table_name, row_action) VALUES ('643ef491-61a8-4712-970a-5578b54c1c36', 'item_variant', 'UPSERT');
INSERT INTO item_variant (id, name, item_link_id, cold_storage_type_id, doses_per_unit) VALUES ('aaf2ffd2-2f84-41b3-8674-522116e43ce5', 'Hib_liq Pedvax HIB', '05d8d779-1174-4f03-94c2-a6f8b8e6aabc', (SELECT id FROM cold_storage_type WHERE name = '+5' or min_temperature = 2 and max_temperature = 8 LIMIT 1), 1) ON CONFLICT DO NOTHING;
INSERT INTO changelog (record_id, table_name, row_action) VALUES ('aaf2ffd2-2f84-41b3-8674-522116e43ce5', 'item_variant', 'UPSERT');
INSERT INTO item_variant (id, name, item_link_id, cold_storage_type_id, doses_per_unit) VALUES ('4273bf71-5d73-46de-b85b-1d0c3093e482', 'Hib_liq Quimi-Hib', '05d8d779-1174-4f03-94c2-a6f8b8e6aabc', (SELECT id FROM cold_storage_type WHERE name = '+5' or min_temperature = 2 and max_temperature = 8 LIMIT 1), 1) ON CONFLICT DO NOTHING;
INSERT INTO changelog (record_id, table_name, row_action) VALUES ('4273bf71-5d73-46de-b85b-1d0c3093e482', 'item_variant', 'UPSERT');
INSERT INTO item (id, name, code, ven_category, type, legacy_record, is_active, is_vaccine, vaccine_doses, default_pack_size) VALUES ('9926cd08-5c53-47ca-80c7-2bb09817c8f5', 'Haemophilus influenzae type b', 'Hib_lyo', 'NOT_ASSIGNED', 'STOCK', '', 'True', 'True', 1, 1) ON CONFLICT DO NOTHING;
INSERT INTO changelog (record_id, table_name, row_action) VALUES ('9926cd08-5c53-47ca-80c7-2bb09817c8f5', 'item', 'UPSERT');
INSERT INTO item_variant (id, name, item_link_id, cold_storage_type_id, doses_per_unit) VALUES ('f5f6e96f-a03d-4de0-8ae2-a8993b0e70e8', 'Hib_lyo Act-HIB', '9926cd08-5c53-47ca-80c7-2bb09817c8f5', (SELECT id FROM cold_storage_type WHERE name = '+5' or min_temperature = 2 and max_temperature = 8 LIMIT 1), 1) ON CONFLICT DO NOTHING;
INSERT INTO changelog (record_id, table_name, row_action) VALUES ('f5f6e96f-a03d-4de0-8ae2-a8993b0e70e8', 'item_variant', 'UPSERT');
INSERT INTO item_variant (id, name, item_link_id, cold_storage_type_id, doses_per_unit) VALUES ('464f2a30-3b7d-4ee1-b283-3185a6ac4047', 'Hib_lyo Hemophilus influenzae type b Conjugated Vaccine', '9926cd08-5c53-47ca-80c7-2bb09817c8f5', (SELECT id FROM cold_storage_type WHERE name = '+5' or min_temperature = 2 and max_temperature = 8 LIMIT 1), 1) ON CONFLICT DO NOTHING;
INSERT INTO changelog (record_id, table_name, row_action) VALUES ('464f2a30-3b7d-4ee1-b283-3185a6ac4047', 'item_variant', 'UPSERT');
INSERT INTO item (id, name, code, ven_category, type, legacy_record, is_active, is_vaccine, vaccine_doses, default_pack_size) VALUES ('b6f9979c-86a0-4a76-a777-eeea3d9ebc6f', 'Hib_lyo Diluent', 'Hib_lyo_DILUENT', 'NOT_ASSIGNED', 'STOCK', '', 'True', 'False', 0, 1) ON CONFLICT DO NOTHING;
INSERT INTO changelog (record_id, table_name, row_action) VALUES ('b6f9979c-86a0-4a76-a777-eeea3d9ebc6f', 'item', 'UPSERT');
INSERT INTO item_variant (id, name, item_link_id, cold_storage_type_id, doses_per_unit) VALUES ('5f79b648-ddec-4b6f-8281-3df285782506', 'Hib_lyo Hemophilus influenzae type b Conjugated Vaccine Diluent', 'b6f9979c-86a0-4a76-a777-eeea3d9ebc6f', (SELECT id FROM cold_storage_type WHERE name = '+5' or min_temperature = 2 and max_temperature = 8 LIMIT 1), 1) ON CONFLICT DO NOTHING;
INSERT INTO changelog (record_id, table_name, row_action) VALUES ('5f79b648-ddec-4b6f-8281-3df285782506', 'item_variant', 'UPSERT');
INSERT INTO item_variant (id, name, item_link_id, cold_storage_type_id, doses_per_unit) VALUES ('e9967e62-428a-41c6-8fb5-85218d033822', 'Hib_lyo Act-HIB', '9926cd08-5c53-47ca-80c7-2bb09817c8f5', (SELECT id FROM cold_storage_type WHERE name = '+5' or min_temperature = 2 and max_temperature = 8 LIMIT 1), 10) ON CONFLICT DO NOTHING;
INSERT INTO changelog (record_id, table_name, row_action) VALUES ('e9967e62-428a-41c6-8fb5-85218d033822', 'item_variant', 'UPSERT');
INSERT INTO item (id, name, code, ven_category, type, legacy_record, is_active, is_vaccine, vaccine_doses, default_pack_size) VALUES ('307e870f-760e-424f-b387-29275bdb1e66', 'HPV', 'HPV', 'NOT_ASSIGNED', 'STOCK', '', 'True', 'True', 1, 1) ON CONFLICT DO NOTHING;
INSERT INTO changelog (record_id, table_name, row_action) VALUES ('307e870f-760e-424f-b387-29275bdb1e66', 'item', 'UPSERT');
INSERT INTO item_variant (id, name, item_link_id, cold_storage_type_id, doses_per_unit) VALUES ('2f714f57-91ef-42a7-9436-825c4e3ec723', 'HPV Gardasil', '307e870f-760e-424f-b387-29275bdb1e66', (SELECT id FROM cold_storage_type WHERE name = '+5' or min_temperature = 2 and max_temperature = 8 LIMIT 1), 1) ON CONFLICT DO NOTHING;
INSERT INTO changelog (record_id, table_name, row_action) VALUES ('2f714f57-91ef-42a7-9436-825c4e3ec723', 'item_variant', 'UPSERT');
INSERT INTO item_variant (id, name, item_link_id, cold_storage_type_id, doses_per_unit) VALUES ('05df1875-2460-420d-b307-e444594c6019', 'HPV Cervarix', '307e870f-760e-424f-b387-29275bdb1e66', (SELECT id FROM cold_storage_type WHERE name = '+5' or min_temperature = 2 and max_temperature = 8 LIMIT 1), 1) ON CONFLICT DO NOTHING;
INSERT INTO changelog (record_id, table_name, row_action) VALUES ('05df1875-2460-420d-b307-e444594c6019', 'item_variant', 'UPSERT');
INSERT INTO item_variant (id, name, item_link_id, cold_storage_type_id, doses_per_unit) VALUES ('76c96f21-5787-4b5e-b3e8-ea0bc65e050d', 'HPV Cervarix', '307e870f-760e-424f-b387-29275bdb1e66', (SELECT id FROM cold_storage_type WHERE name = '+5' or min_temperature = 2 and max_temperature = 8 LIMIT 1), 2) ON CONFLICT DO NOTHING;
INSERT INTO changelog (record_id, table_name, row_action) VALUES ('76c96f21-5787-4b5e-b3e8-ea0bc65e050d', 'item_variant', 'UPSERT');
INSERT INTO item_variant (id, name, item_link_id, cold_storage_type_id, doses_per_unit) VALUES ('d3ddf919-95fb-4cd9-8f67-d10ada6e34fa', 'HPV Cecolin®', '307e870f-760e-424f-b387-29275bdb1e66', (SELECT id FROM cold_storage_type WHERE name = '+5' or min_temperature = 2 and max_temperature = 8 LIMIT 1), 1) ON CONFLICT DO NOTHING;
INSERT INTO changelog (record_id, table_name, row_action) VALUES ('d3ddf919-95fb-4cd9-8f67-d10ada6e34fa', 'item_variant', 'UPSERT');
INSERT INTO item (id, name, code, ven_category, type, legacy_record, is_active, is_vaccine, vaccine_doses, default_pack_size) VALUES ('59dcc8d8-2847-42a3-b99a-51bc20f2505d', 'Influenza, seasonal', 'Influenza', 'NOT_ASSIGNED', 'STOCK', '', 'True', 'True', 1, 1) ON CONFLICT DO NOTHING;
INSERT INTO changelog (record_id, table_name, row_action) VALUES ('59dcc8d8-2847-42a3-b99a-51bc20f2505d', 'item', 'UPSERT');
INSERT INTO item_variant (id, name, item_link_id, cold_storage_type_id, doses_per_unit) VALUES ('f8be082d-8afb-403b-a5d4-e97c7db35b09', 'Influenza Fluzone', '59dcc8d8-2847-42a3-b99a-51bc20f2505d', (SELECT id FROM cold_storage_type WHERE name = '+5' or min_temperature = 2 and max_temperature = 8 LIMIT 1), 1) ON CONFLICT DO NOTHING;
INSERT INTO changelog (record_id, table_name, row_action) VALUES ('f8be082d-8afb-403b-a5d4-e97c7db35b09', 'item_variant', 'UPSERT');
INSERT INTO item_variant (id, name, item_link_id, cold_storage_type_id, doses_per_unit) VALUES ('221ef2f6-83b8-4d76-a75f-73afd7f0eaf8', 'Influenza GC FLU  inj', '59dcc8d8-2847-42a3-b99a-51bc20f2505d', (SELECT id FROM cold_storage_type WHERE name = '+5' or min_temperature = 2 and max_temperature = 8 LIMIT 1), 1) ON CONFLICT DO NOTHING;
INSERT INTO changelog (record_id, table_name, row_action) VALUES ('221ef2f6-83b8-4d76-a75f-73afd7f0eaf8', 'item_variant', 'UPSERT');
INSERT INTO item_variant (id, name, item_link_id, cold_storage_type_id, doses_per_unit) VALUES ('cc40512b-4434-4b4f-a5e9-03d531e0b5b8', 'Influenza Nasovac-S Influenza Vaccine, Live, Attenuated (Human)', '59dcc8d8-2847-42a3-b99a-51bc20f2505d', (SELECT id FROM cold_storage_type WHERE name = '+5' or min_temperature = 2 and max_temperature = 8 LIMIT 1), 1) ON CONFLICT DO NOTHING;
INSERT INTO changelog (record_id, table_name, row_action) VALUES ('cc40512b-4434-4b4f-a5e9-03d531e0b5b8', 'item_variant', 'UPSERT');
INSERT INTO item (id, name, code, ven_category, type, legacy_record, is_active, is_vaccine, vaccine_doses, default_pack_size) VALUES ('a5d387fa-4534-4006-8d2e-983ded5c1869', 'Influenza Diluent', 'Influenza_DILUENT', 'NOT_ASSIGNED', 'STOCK', '', 'True', 'False', 0, 1) ON CONFLICT DO NOTHING;
INSERT INTO changelog (record_id, table_name, row_action) VALUES ('a5d387fa-4534-4006-8d2e-983ded5c1869', 'item', 'UPSERT');
INSERT INTO item_variant (id, name, item_link_id, cold_storage_type_id, doses_per_unit) VALUES ('338f6737-a8b1-45c5-8f69-fb025102f99e', 'Influenza Nasovac-S Influenza Vaccine, Live, Attenuated (Human) Diluent', 'a5d387fa-4534-4006-8d2e-983ded5c1869', (SELECT id FROM cold_storage_type WHERE name = '+5' or min_temperature = 2 and max_temperature = 8 LIMIT 1), 1) ON CONFLICT DO NOTHING;
INSERT INTO changelog (record_id, table_name, row_action) VALUES ('338f6737-a8b1-45c5-8f69-fb025102f99e', 'item_variant', 'UPSERT');
INSERT INTO item_variant (id, name, item_link_id, cold_storage_type_id, doses_per_unit) VALUES ('a32098ca-87e5-4e85-bf35-b756b0f487b0', 'Influenza Influenza Vaccine (Split virion, inactivated)', '59dcc8d8-2847-42a3-b99a-51bc20f2505d', (SELECT id FROM cold_storage_type WHERE name = '+5' or min_temperature = 2 and max_temperature = 8 LIMIT 1), 1) ON CONFLICT DO NOTHING;
INSERT INTO changelog (record_id, table_name, row_action) VALUES ('a32098ca-87e5-4e85-bf35-b756b0f487b0', 'item_variant', 'UPSERT');
INSERT INTO item_variant (id, name, item_link_id, cold_storage_type_id, doses_per_unit) VALUES ('f284701f-ac18-491a-a1cc-d7c74e700c75', 'Influenza FluLaval', '59dcc8d8-2847-42a3-b99a-51bc20f2505d', (SELECT id FROM cold_storage_type WHERE name = '+5' or min_temperature = 2 and max_temperature = 8 LIMIT 1), 10) ON CONFLICT DO NOTHING;
INSERT INTO changelog (record_id, table_name, row_action) VALUES ('f284701f-ac18-491a-a1cc-d7c74e700c75', 'item_variant', 'UPSERT');
INSERT INTO item_variant (id, name, item_link_id, cold_storage_type_id, doses_per_unit) VALUES ('6a5cea60-7b67-4491-885c-d2a4d6a3da35', 'Influenza Fluvirin', '59dcc8d8-2847-42a3-b99a-51bc20f2505d', (SELECT id FROM cold_storage_type WHERE name = '+5' or min_temperature = 2 and max_temperature = 8 LIMIT 1), 10) ON CONFLICT DO NOTHING;
INSERT INTO changelog (record_id, table_name, row_action) VALUES ('6a5cea60-7b67-4491-885c-d2a4d6a3da35', 'item_variant', 'UPSERT');
INSERT INTO item_variant (id, name, item_link_id, cold_storage_type_id, doses_per_unit) VALUES ('a7fe8837-85fc-46b9-95ea-82e74aa135dc', 'Influenza Fluzone', '59dcc8d8-2847-42a3-b99a-51bc20f2505d', (SELECT id FROM cold_storage_type WHERE name = '+5' or min_temperature = 2 and max_temperature = 8 LIMIT 1), 10) ON CONFLICT DO NOTHING;
INSERT INTO changelog (record_id, table_name, row_action) VALUES ('a7fe8837-85fc-46b9-95ea-82e74aa135dc', 'item_variant', 'UPSERT');
INSERT INTO item_variant (id, name, item_link_id, cold_storage_type_id, doses_per_unit) VALUES ('7388429f-fe92-4978-8cbb-78262bb39e6e', 'Influenza Vaxigrip', '59dcc8d8-2847-42a3-b99a-51bc20f2505d', (SELECT id FROM cold_storage_type WHERE name = '+5' or min_temperature = 2 and max_temperature = 8 LIMIT 1), 10) ON CONFLICT DO NOTHING;
INSERT INTO changelog (record_id, table_name, row_action) VALUES ('7388429f-fe92-4978-8cbb-78262bb39e6e', 'item_variant', 'UPSERT');
INSERT INTO item_variant (id, name, item_link_id, cold_storage_type_id, doses_per_unit) VALUES ('4312f9b3-f702-4089-ab83-7795502e3bf9', 'Influenza GC FLU Multi inj.', '59dcc8d8-2847-42a3-b99a-51bc20f2505d', (SELECT id FROM cold_storage_type WHERE name = '+5' or min_temperature = 2 and max_temperature = 8 LIMIT 1), 10) ON CONFLICT DO NOTHING;
INSERT INTO changelog (record_id, table_name, row_action) VALUES ('4312f9b3-f702-4089-ab83-7795502e3bf9', 'item_variant', 'UPSERT');
INSERT INTO item_variant (id, name, item_link_id, cold_storage_type_id, doses_per_unit) VALUES ('10b57959-7b35-477a-a0f0-3864dd40bde1', 'Influenza AGRIFLU', '59dcc8d8-2847-42a3-b99a-51bc20f2505d', (SELECT id FROM cold_storage_type WHERE name = '+5' or min_temperature = 2 and max_temperature = 8 LIMIT 1), 10) ON CONFLICT DO NOTHING;
INSERT INTO changelog (record_id, table_name, row_action) VALUES ('10b57959-7b35-477a-a0f0-3864dd40bde1', 'item_variant', 'UPSERT');
INSERT INTO item (id, name, code, ven_category, type, legacy_record, is_active, is_vaccine, vaccine_doses, default_pack_size) VALUES ('2b9ef016-848b-4a8e-8135-8518470f24aa', 'Influenza, seasonal Quadrivalent', 'Influenza (Quadrivalent)', 'NOT_ASSIGNED', 'STOCK', '', 'True', 'True', 1, 1) ON CONFLICT DO NOTHING;
INSERT INTO changelog (record_id, table_name, row_action) VALUES ('2b9ef016-848b-4a8e-8135-8518470f24aa', 'item', 'UPSERT');
INSERT INTO item_variant (id, name, item_link_id, cold_storage_type_id, doses_per_unit) VALUES ('22de32a4-3e0e-467b-bba7-4204ab2f6f96', 'Influenza (Quadrivalent) Fluzone Quadrivalent', '2b9ef016-848b-4a8e-8135-8518470f24aa', (SELECT id FROM cold_storage_type WHERE name = '+5' or min_temperature = 2 and max_temperature = 8 LIMIT 1), 1) ON CONFLICT DO NOTHING;
INSERT INTO changelog (record_id, table_name, row_action) VALUES ('22de32a4-3e0e-467b-bba7-4204ab2f6f96', 'item_variant', 'UPSERT');
INSERT INTO item_variant (id, name, item_link_id, cold_storage_type_id, doses_per_unit) VALUES ('d776056e-5d98-4cfb-b09e-986dbe6cb135', 'Influenza (Quadrivalent) GCFLU Quadrivalent inj.', '2b9ef016-848b-4a8e-8135-8518470f24aa', (SELECT id FROM cold_storage_type WHERE name = '+5' or min_temperature = 2 and max_temperature = 8 LIMIT 1), 1) ON CONFLICT DO NOTHING;
INSERT INTO changelog (record_id, table_name, row_action) VALUES ('d776056e-5d98-4cfb-b09e-986dbe6cb135', 'item_variant', 'UPSERT');
INSERT INTO item_variant (id, name, item_link_id, cold_storage_type_id, doses_per_unit) VALUES ('071de54c-898d-4709-8608-54c2d0393307', 'Influenza (Quadrivalent) Fluzone Quadrivalent', '2b9ef016-848b-4a8e-8135-8518470f24aa', (SELECT id FROM cold_storage_type WHERE name = '+5' or min_temperature = 2 and max_temperature = 8 LIMIT 1), 10) ON CONFLICT DO NOTHING;
INSERT INTO changelog (record_id, table_name, row_action) VALUES ('071de54c-898d-4709-8608-54c2d0393307', 'item_variant', 'UPSERT');
INSERT INTO item_variant (id, name, item_link_id, cold_storage_type_id, doses_per_unit) VALUES ('d609cf45-113d-45c1-9502-8e5d634e7ccb', 'Influenza (Quadrivalent) GCFLU Quadrivalent Multi inj.', '2b9ef016-848b-4a8e-8135-8518470f24aa', (SELECT id FROM cold_storage_type WHERE name = '+5' or min_temperature = 2 and max_temperature = 8 LIMIT 1), 10) ON CONFLICT DO NOTHING;
INSERT INTO changelog (record_id, table_name, row_action) VALUES ('d609cf45-113d-45c1-9502-8e5d634e7ccb', 'item_variant', 'UPSERT');
INSERT INTO item (id, name, code, ven_category, type, legacy_record, is_active, is_vaccine, vaccine_doses, default_pack_size) VALUES ('b08e33de-0b4f-4e56-9213-fc50628ce594', 'Polio Vaccine - Inactivated (IPV)', 'IPV', 'NOT_ASSIGNED', 'STOCK', '', 'True', 'True', 1, 1) ON CONFLICT DO NOTHING;
INSERT INTO changelog (record_id, table_name, row_action) VALUES ('b08e33de-0b4f-4e56-9213-fc50628ce594', 'item', 'UPSERT');
INSERT INTO item_variant (id, name, item_link_id, cold_storage_type_id, doses_per_unit) VALUES ('40f38eef-f88b-4c12-89e5-ecbcddd690ca', 'IPV Poliorix', 'b08e33de-0b4f-4e56-9213-fc50628ce594', (SELECT id FROM cold_storage_type WHERE name = '+5' or min_temperature = 2 and max_temperature = 8 LIMIT 1), 1) ON CONFLICT DO NOTHING;
INSERT INTO changelog (record_id, table_name, row_action) VALUES ('40f38eef-f88b-4c12-89e5-ecbcddd690ca', 'item_variant', 'UPSERT');
INSERT INTO item_variant (id, name, item_link_id, cold_storage_type_id, doses_per_unit) VALUES ('78a090fe-4fc2-449d-9e6f-fce551972aef', 'IPV Poliomyelitis vaccine', 'b08e33de-0b4f-4e56-9213-fc50628ce594', (SELECT id FROM cold_storage_type WHERE name = '+5' or min_temperature = 2 and max_temperature = 8 LIMIT 1), 1) ON CONFLICT DO NOTHING;
INSERT INTO changelog (record_id, table_name, row_action) VALUES ('78a090fe-4fc2-449d-9e6f-fce551972aef', 'item_variant', 'UPSERT');
INSERT INTO item_variant (id, name, item_link_id, cold_storage_type_id, doses_per_unit) VALUES ('d870acee-6c82-47f9-8138-49a011cf7ddd', 'IPV IPV Vaccine SSI', 'b08e33de-0b4f-4e56-9213-fc50628ce594', (SELECT id FROM cold_storage_type WHERE name = '+5' or min_temperature = 2 and max_temperature = 8 LIMIT 1), 1) ON CONFLICT DO NOTHING;
INSERT INTO changelog (record_id, table_name, row_action) VALUES ('d870acee-6c82-47f9-8138-49a011cf7ddd', 'item_variant', 'UPSERT');
INSERT INTO item_variant (id, name, item_link_id, cold_storage_type_id, doses_per_unit) VALUES ('1d2b6b49-c1c8-4665-ba50-1897a830af84', 'IPV Poliomyelitis Vaccine (Inactivated)', 'b08e33de-0b4f-4e56-9213-fc50628ce594', (SELECT id FROM cold_storage_type WHERE name = '+5' or min_temperature = 2 and max_temperature = 8 LIMIT 1), 1) ON CONFLICT DO NOTHING;
INSERT INTO changelog (record_id, table_name, row_action) VALUES ('1d2b6b49-c1c8-4665-ba50-1897a830af84', 'item_variant', 'UPSERT');
INSERT INTO item_variant (id, name, item_link_id, cold_storage_type_id, doses_per_unit) VALUES ('be0fbfc5-4100-467e-921f-7a27525d2223', 'IPV Eupolio Inj.', 'b08e33de-0b4f-4e56-9213-fc50628ce594', (SELECT id FROM cold_storage_type WHERE name = '+5' or min_temperature = 2 and max_temperature = 8 LIMIT 1), 1) ON CONFLICT DO NOTHING;
INSERT INTO changelog (record_id, table_name, row_action) VALUES ('be0fbfc5-4100-467e-921f-7a27525d2223', 'item_variant', 'UPSERT');
INSERT INTO item_variant (id, name, item_link_id, cold_storage_type_id, doses_per_unit) VALUES ('ed38697a-b676-49a2-a404-239c5dae9576', 'IPV Poliorix', 'b08e33de-0b4f-4e56-9213-fc50628ce594', (SELECT id FROM cold_storage_type WHERE name = '+5' or min_temperature = 2 and max_temperature = 8 LIMIT 1), 2) ON CONFLICT DO NOTHING;
INSERT INTO changelog (record_id, table_name, row_action) VALUES ('ed38697a-b676-49a2-a404-239c5dae9576', 'item_variant', 'UPSERT');
INSERT INTO item_variant (id, name, item_link_id, cold_storage_type_id, doses_per_unit) VALUES ('30262fa4-b23a-4162-bb10-4c8b79dc2b08', 'IPV Poliomyelitis Vaccine (Inactivated)', 'b08e33de-0b4f-4e56-9213-fc50628ce594', (SELECT id FROM cold_storage_type WHERE name = '+5' or min_temperature = 2 and max_temperature = 8 LIMIT 1), 2) ON CONFLICT DO NOTHING;
INSERT INTO changelog (record_id, table_name, row_action) VALUES ('30262fa4-b23a-4162-bb10-4c8b79dc2b08', 'item_variant', 'UPSERT');
INSERT INTO item_variant (id, name, item_link_id, cold_storage_type_id, doses_per_unit) VALUES ('53586471-ef05-432f-b008-e951c38fbf54', 'IPV Poliomyelitis vaccine multidose, suspension for injection 2.5 mL', 'b08e33de-0b4f-4e56-9213-fc50628ce594', (SELECT id FROM cold_storage_type WHERE name = '+5' or min_temperature = 2 and max_temperature = 8 LIMIT 1), 5) ON CONFLICT DO NOTHING;
INSERT INTO changelog (record_id, table_name, row_action) VALUES ('53586471-ef05-432f-b008-e951c38fbf54', 'item_variant', 'UPSERT');
INSERT INTO item_variant (id, name, item_link_id, cold_storage_type_id, doses_per_unit) VALUES ('c0c2614e-da6b-4047-a5aa-ddb44ea39e9d', 'IPV Poliomyelitis Vaccine (Inactivated)', 'b08e33de-0b4f-4e56-9213-fc50628ce594', (SELECT id FROM cold_storage_type WHERE name = '+5' or min_temperature = 2 and max_temperature = 8 LIMIT 1), 5) ON CONFLICT DO NOTHING;
INSERT INTO changelog (record_id, table_name, row_action) VALUES ('c0c2614e-da6b-4047-a5aa-ddb44ea39e9d', 'item_variant', 'UPSERT');
INSERT INTO item_variant (id, name, item_link_id, cold_storage_type_id, doses_per_unit) VALUES ('62e37717-e954-4235-92f3-ca2431b5addb', 'IPV Picovax', 'b08e33de-0b4f-4e56-9213-fc50628ce594', (SELECT id FROM cold_storage_type WHERE name = '+5' or min_temperature = 2 and max_temperature = 8 LIMIT 1), 5) ON CONFLICT DO NOTHING;
INSERT INTO changelog (record_id, table_name, row_action) VALUES ('62e37717-e954-4235-92f3-ca2431b5addb', 'item_variant', 'UPSERT');
INSERT INTO item_variant (id, name, item_link_id, cold_storage_type_id, doses_per_unit) VALUES ('9eae3176-8772-4cd0-b6fe-417aa454185d', 'IPV Eupolio Inj.', 'b08e33de-0b4f-4e56-9213-fc50628ce594', (SELECT id FROM cold_storage_type WHERE name = '+5' or min_temperature = 2 and max_temperature = 8 LIMIT 1), 5) ON CONFLICT DO NOTHING;
INSERT INTO changelog (record_id, table_name, row_action) VALUES ('9eae3176-8772-4cd0-b6fe-417aa454185d', 'item_variant', 'UPSERT');
INSERT INTO item_variant (id, name, item_link_id, cold_storage_type_id, doses_per_unit) VALUES ('1e6ef172-2cff-4f44-825b-f8ca4d42cb57', 'IPV ShanIPV™', '2c2944e2-0f5e-4918-94ba-7cb6357a29a5', (SELECT id FROM cold_storage_type WHERE name = '+5' or min_temperature = 2 and max_temperature = 8 LIMIT 1), 5) ON CONFLICT DO NOTHING;
INSERT INTO changelog (record_id, table_name, row_action) VALUES ('1e6ef172-2cff-4f44-825b-f8ca4d42cb57', 'item_variant', 'UPSERT');
INSERT INTO item_variant (id, name, item_link_id, cold_storage_type_id, doses_per_unit) VALUES ('ce903687-e60e-4b87-82f4-e71137938cf0', 'IPV IMOVAX POLIO', 'b08e33de-0b4f-4e56-9213-fc50628ce594', (SELECT id FROM cold_storage_type WHERE name = '+5' or min_temperature = 2 and max_temperature = 8 LIMIT 1), 10) ON CONFLICT DO NOTHING;
INSERT INTO changelog (record_id, table_name, row_action) VALUES ('ce903687-e60e-4b87-82f4-e71137938cf0', 'item_variant', 'UPSERT');
INSERT INTO item_variant (id, name, item_link_id, cold_storage_type_id, doses_per_unit) VALUES ('1e6ef172-2cff-4f44-825b-f8ca4d42cb57', 'IPV ShanIPV™', '2c2944e2-0f5e-4918-94ba-7cb6357a29a5', (SELECT id FROM cold_storage_type WHERE name = '+5' or min_temperature = 2 and max_temperature = 8 LIMIT 1), 10) ON CONFLICT DO NOTHING;
INSERT INTO changelog (record_id, table_name, row_action) VALUES ('1e6ef172-2cff-4f44-825b-f8ca4d42cb57', 'item_variant', 'UPSERT');
INSERT INTO item_variant (id, name, item_link_id, cold_storage_type_id, doses_per_unit) VALUES ('1e6ef172-2cff-4f44-825b-f8ca4d42cb57', 'sIPV Poliomyelitis Vaccine (Vero Cell), Inactivated, Sabin Strains', '2c2944e2-0f5e-4918-94ba-7cb6357a29a5', (SELECT id FROM cold_storage_type WHERE name = '+5' or min_temperature = 2 and max_temperature = 8 LIMIT 1), 1) ON CONFLICT DO NOTHING;
INSERT INTO changelog (record_id, table_name, row_action) VALUES ('1e6ef172-2cff-4f44-825b-f8ca4d42cb57', 'item_variant', 'UPSERT');
INSERT INTO item_variant (id, name, item_link_id, cold_storage_type_id, doses_per_unit) VALUES ('1e6ef172-2cff-4f44-825b-f8ca4d42cb57', 'sIPV Poliomyelitis Vaccine (Vero Cell), Inactivated, Sabin Strains', '2c2944e2-0f5e-4918-94ba-7cb6357a29a5', (SELECT id FROM cold_storage_type WHERE name = '+5' or min_temperature = 2 and max_temperature = 8 LIMIT 1), 1) ON CONFLICT DO NOTHING;
INSERT INTO changelog (record_id, table_name, row_action) VALUES ('1e6ef172-2cff-4f44-825b-f8ca4d42cb57', 'item_variant', 'UPSERT');
INSERT INTO item (id, name, code, ven_category, type, legacy_record, is_active, is_vaccine, vaccine_doses, default_pack_size) VALUES ('23121bc2-5757-4b55-9189-9bddd883d810', 'Japanese Encephalitis Vaccine (Inactivated)', 'JE_liq', 'NOT_ASSIGNED', 'STOCK', '', 'True', 'True', 1, 1) ON CONFLICT DO NOTHING;
INSERT INTO changelog (record_id, table_name, row_action) VALUES ('23121bc2-5757-4b55-9189-9bddd883d810', 'item', 'UPSERT');
INSERT INTO item_variant (id, name, item_link_id, cold_storage_type_id, doses_per_unit) VALUES ('3e6e12c8-79d1-435a-8c13-cd20951c4ff5', 'JE_liq JEEV Pediatric', '23121bc2-5757-4b55-9189-9bddd883d810', (SELECT id FROM cold_storage_type WHERE name = '+5' or min_temperature = 2 and max_temperature = 8 LIMIT 1), 1) ON CONFLICT DO NOTHING;
INSERT INTO changelog (record_id, table_name, row_action) VALUES ('3e6e12c8-79d1-435a-8c13-cd20951c4ff5', 'item_variant', 'UPSERT');
INSERT INTO item_variant (id, name, item_link_id, cold_storage_type_id, doses_per_unit) VALUES ('b9c4b6f7-8143-41a7-9e0a-c1b432120247', 'JE_liq JEEV Pediatric', '23121bc2-5757-4b55-9189-9bddd883d810', (SELECT id FROM cold_storage_type WHERE name = '+5' or min_temperature = 2 and max_temperature = 8 LIMIT 1), 5) ON CONFLICT DO NOTHING;
INSERT INTO changelog (record_id, table_name, row_action) VALUES ('b9c4b6f7-8143-41a7-9e0a-c1b432120247', 'item_variant', 'UPSERT');
INSERT INTO item (id, name, code, ven_category, type, legacy_record, is_active, is_vaccine, vaccine_doses, default_pack_size) VALUES ('dddf7905-95a2-4f2b-990a-1888bcf66a7a', 'Japanese Encephalitis Vaccine (live, attenuated)', 'JE_lyo', 'NOT_ASSIGNED', 'STOCK', '', 'True', 'True', 1, 1) ON CONFLICT DO NOTHING;
INSERT INTO changelog (record_id, table_name, row_action) VALUES ('dddf7905-95a2-4f2b-990a-1888bcf66a7a', 'item', 'UPSERT');
INSERT INTO item_variant (id, name, item_link_id, cold_storage_type_id, doses_per_unit) VALUES ('6e2b8eaa-c9e6-4f19-8d1b-cb179a3e2b36', 'JE_lyo Japanese Encephalitis Vaccine Live (SA14-14-2)', 'dddf7905-95a2-4f2b-990a-1888bcf66a7a', (SELECT id FROM cold_storage_type WHERE name = '+5' or min_temperature = 2 and max_temperature = 8 LIMIT 1), 1) ON CONFLICT DO NOTHING;
INSERT INTO changelog (record_id, table_name, row_action) VALUES ('6e2b8eaa-c9e6-4f19-8d1b-cb179a3e2b36', 'item_variant', 'UPSERT');
INSERT INTO item (id, name, code, ven_category, type, legacy_record, is_active, is_vaccine, vaccine_doses, default_pack_size) VALUES ('046ba88d-a747-4b18-b645-35c76d78f5ff', 'JE_lyo Diluent', 'JE_lyo_DILUENT', 'NOT_ASSIGNED', 'STOCK', '', 'True', 'False', 0, 1) ON CONFLICT DO NOTHING;
INSERT INTO changelog (record_id, table_name, row_action) VALUES ('046ba88d-a747-4b18-b645-35c76d78f5ff', 'item', 'UPSERT');
INSERT INTO item_variant (id, name, item_link_id, cold_storage_type_id, doses_per_unit) VALUES ('449c3cc2-6312-4104-9ee4-9aba00b28007', 'JE_lyo Japanese Encephalitis Vaccine Live (SA14-14-2) Diluent', '046ba88d-a747-4b18-b645-35c76d78f5ff', (SELECT id FROM cold_storage_type WHERE name = '+5' or min_temperature = 2 and max_temperature = 8 LIMIT 1), 1) ON CONFLICT DO NOTHING;
INSERT INTO changelog (record_id, table_name, row_action) VALUES ('449c3cc2-6312-4104-9ee4-9aba00b28007', 'item_variant', 'UPSERT');
INSERT INTO item_variant (id, name, item_link_id, cold_storage_type_id, doses_per_unit) VALUES ('ea680f0b-2a7f-4e7b-a07d-44c728287a9c', 'JE_lyo IMOJEV MD', 'dddf7905-95a2-4f2b-990a-1888bcf66a7a', (SELECT id FROM cold_storage_type WHERE name = '+5' or min_temperature = 2 and max_temperature = 8 LIMIT 1), 4) ON CONFLICT DO NOTHING;
INSERT INTO changelog (record_id, table_name, row_action) VALUES ('ea680f0b-2a7f-4e7b-a07d-44c728287a9c', 'item_variant', 'UPSERT');
INSERT INTO item_variant (id, name, item_link_id, cold_storage_type_id, doses_per_unit) VALUES ('0e908078-3a88-4cf4-a549-be2e5524bf95', 'JE_lyo Japanese Encephalitis Vaccine Live (SA14-14-2)', 'dddf7905-95a2-4f2b-990a-1888bcf66a7a', (SELECT id FROM cold_storage_type WHERE name = '+5' or min_temperature = 2 and max_temperature = 8 LIMIT 1), 5) ON CONFLICT DO NOTHING;
INSERT INTO changelog (record_id, table_name, row_action) VALUES ('0e908078-3a88-4cf4-a549-be2e5524bf95', 'item_variant', 'UPSERT');
INSERT INTO item (id, name, code, ven_category, type, legacy_record, is_active, is_vaccine, vaccine_doses, default_pack_size) VALUES ('1d59b1e1-1c18-4e3d-ad1a-6c1f28b1bbee', 'Measles', 'Measles', 'NOT_ASSIGNED', 'STOCK', '', 'True', 'True', 1, 1) ON CONFLICT DO NOTHING;
INSERT INTO changelog (record_id, table_name, row_action) VALUES ('1d59b1e1-1c18-4e3d-ad1a-6c1f28b1bbee', 'item', 'UPSERT');
INSERT INTO item_variant (id, name, item_link_id, cold_storage_type_id, doses_per_unit) VALUES ('aff973a3-67f7-4b5c-8618-6d7089602bc6', 'Measles Measles Vaccine, Live, Attenuated', '1d59b1e1-1c18-4e3d-ad1a-6c1f28b1bbee', (SELECT id FROM cold_storage_type WHERE name = '+5' or min_temperature = 2 and max_temperature = 8 LIMIT 1), 1) ON CONFLICT DO NOTHING;
INSERT INTO changelog (record_id, table_name, row_action) VALUES ('aff973a3-67f7-4b5c-8618-6d7089602bc6', 'item_variant', 'UPSERT');
INSERT INTO item (id, name, code, ven_category, type, legacy_record, is_active, is_vaccine, vaccine_doses, default_pack_size) VALUES ('cda37766-061e-438e-8747-c1198495d4bf', 'Measles Diluent', 'Measles_DILUENT', 'NOT_ASSIGNED', 'STOCK', '', 'True', 'False', 0, 1) ON CONFLICT DO NOTHING;
INSERT INTO changelog (record_id, table_name, row_action) VALUES ('cda37766-061e-438e-8747-c1198495d4bf', 'item', 'UPSERT');
INSERT INTO item_variant (id, name, item_link_id, cold_storage_type_id, doses_per_unit) VALUES ('1a2387ed-1995-448d-8030-a0245b3e5e67', 'Measles Measles Vaccine, Live, Attenuated Diluent', 'cda37766-061e-438e-8747-c1198495d4bf', (SELECT id FROM cold_storage_type WHERE name = '+5' or min_temperature = 2 and max_temperature = 8 LIMIT 1), 1) ON CONFLICT DO NOTHING;
INSERT INTO changelog (record_id, table_name, row_action) VALUES ('1a2387ed-1995-448d-8030-a0245b3e5e67', 'item_variant', 'UPSERT');
INSERT INTO item_variant (id, name, item_link_id, cold_storage_type_id, doses_per_unit) VALUES ('0c1ca978-5902-4748-80b1-1032ac46fd1c', 'Measles Measles Vaccine, Live, Attenuated', '1d59b1e1-1c18-4e3d-ad1a-6c1f28b1bbee', (SELECT id FROM cold_storage_type WHERE name = '+5' or min_temperature = 2 and max_temperature = 8 LIMIT 1), 2) ON CONFLICT DO NOTHING;
INSERT INTO changelog (record_id, table_name, row_action) VALUES ('0c1ca978-5902-4748-80b1-1032ac46fd1c', 'item_variant', 'UPSERT');
INSERT INTO item_variant (id, name, item_link_id, cold_storage_type_id, doses_per_unit) VALUES ('7b9e0b27-679b-428e-badc-fb7c6073303a', 'Measles Measles Vaccine, Live, Attenuated', '1d59b1e1-1c18-4e3d-ad1a-6c1f28b1bbee', (SELECT id FROM cold_storage_type WHERE name = '+5' or min_temperature = 2 and max_temperature = 8 LIMIT 1), 5) ON CONFLICT DO NOTHING;
INSERT INTO changelog (record_id, table_name, row_action) VALUES ('7b9e0b27-679b-428e-badc-fb7c6073303a', 'item_variant', 'UPSERT');
INSERT INTO item_variant (id, name, item_link_id, cold_storage_type_id, doses_per_unit) VALUES ('c7bbffc3-d507-4d05-85e1-58e49cc45b2c', 'Measles Measles vaccine', '1d59b1e1-1c18-4e3d-ad1a-6c1f28b1bbee', (SELECT id FROM cold_storage_type WHERE name = '+5' or min_temperature = 2 and max_temperature = 8 LIMIT 1), 10) ON CONFLICT DO NOTHING;
INSERT INTO changelog (record_id, table_name, row_action) VALUES ('c7bbffc3-d507-4d05-85e1-58e49cc45b2c', 'item_variant', 'UPSERT');
INSERT INTO item_variant (id, name, item_link_id, cold_storage_type_id, doses_per_unit) VALUES ('fa4a7354-7251-4281-90f6-8da884e441c4', 'Measles ROUVAX', '1d59b1e1-1c18-4e3d-ad1a-6c1f28b1bbee', (SELECT id FROM cold_storage_type WHERE name = '+5' or min_temperature = 2 and max_temperature = 8 LIMIT 1), 10) ON CONFLICT DO NOTHING;
INSERT INTO changelog (record_id, table_name, row_action) VALUES ('fa4a7354-7251-4281-90f6-8da884e441c4', 'item_variant', 'UPSERT');
INSERT INTO item_variant (id, name, item_link_id, cold_storage_type_id, doses_per_unit) VALUES ('bda1675c-2617-4eba-8946-27b038ed81cd', 'Measles Measles Vaccine, Live, Attenuated', '1d59b1e1-1c18-4e3d-ad1a-6c1f28b1bbee', (SELECT id FROM cold_storage_type WHERE name = '+5' or min_temperature = 2 and max_temperature = 8 LIMIT 1), 10) ON CONFLICT DO NOTHING;
INSERT INTO changelog (record_id, table_name, row_action) VALUES ('bda1675c-2617-4eba-8946-27b038ed81cd', 'item_variant', 'UPSERT');
INSERT INTO item_variant (id, name, item_link_id, cold_storage_type_id, doses_per_unit) VALUES ('2ba5fd7e-402a-418c-bce2-ea8123d32097', 'Measles Measles vaccine', '1d59b1e1-1c18-4e3d-ad1a-6c1f28b1bbee', (SELECT id FROM cold_storage_type WHERE name = '+5' or min_temperature = 2 and max_temperature = 8 LIMIT 1), 20) ON CONFLICT DO NOTHING;
INSERT INTO changelog (record_id, table_name, row_action) VALUES ('2ba5fd7e-402a-418c-bce2-ea8123d32097', 'item_variant', 'UPSERT');
INSERT INTO item (id, name, code, ven_category, type, legacy_record, is_active, is_vaccine, vaccine_doses, default_pack_size) VALUES ('9d21eff1-0261-42a5-aac0-579960b440d1', 'Meningococcal A Conjugate', 'Men-A', 'NOT_ASSIGNED', 'STOCK', '', 'True', 'True', 1, 1) ON CONFLICT DO NOTHING;
INSERT INTO changelog (record_id, table_name, row_action) VALUES ('9d21eff1-0261-42a5-aac0-579960b440d1', 'item', 'UPSERT');
INSERT INTO item_variant (id, name, item_link_id, cold_storage_type_id, doses_per_unit) VALUES ('070a0a93-e8f7-4450-86bf-ae53c0b3a8a8', 'Men-A MenAfriVac A Conjugate Vaccine', '9d21eff1-0261-42a5-aac0-579960b440d1', (SELECT id FROM cold_storage_type WHERE name = '+5' or min_temperature = 2 and max_temperature = 8 LIMIT 1), 10) ON CONFLICT DO NOTHING;
INSERT INTO changelog (record_id, table_name, row_action) VALUES ('070a0a93-e8f7-4450-86bf-ae53c0b3a8a8', 'item_variant', 'UPSERT');
INSERT INTO item (id, name, code, ven_category, type, legacy_record, is_active, is_vaccine, vaccine_doses, default_pack_size) VALUES ('af44611d-3646-4766-b585-c557d9c92049', 'Men-A Diluent', 'Men-A_DILUENT', 'NOT_ASSIGNED', 'STOCK', '', 'True', 'False', 0, 1) ON CONFLICT DO NOTHING;
INSERT INTO changelog (record_id, table_name, row_action) VALUES ('af44611d-3646-4766-b585-c557d9c92049', 'item', 'UPSERT');
INSERT INTO item_variant (id, name, item_link_id, cold_storage_type_id, doses_per_unit) VALUES ('2b8c5721-2579-43ad-b798-5ef200ff3207', 'Men-A MenAfriVac A Conjugate Vaccine Diluent', 'af44611d-3646-4766-b585-c557d9c92049', (SELECT id FROM cold_storage_type WHERE name = '+5' or min_temperature = 2 and max_temperature = 8 LIMIT 1), 10) ON CONFLICT DO NOTHING;
INSERT INTO changelog (record_id, table_name, row_action) VALUES ('2b8c5721-2579-43ad-b798-5ef200ff3207', 'item_variant', 'UPSERT');
INSERT INTO item (id, name, code, ven_category, type, legacy_record, is_active, is_vaccine, vaccine_doses, default_pack_size) VALUES ('4a83be38-42b3-443f-aa2f-3e147a605928', 'Meningococcal A Conjugate (paediatric)', 'Men-A (paediatric)', 'NOT_ASSIGNED', 'STOCK', '', 'True', 'True', 1, 1) ON CONFLICT DO NOTHING;
INSERT INTO changelog (record_id, table_name, row_action) VALUES ('4a83be38-42b3-443f-aa2f-3e147a605928', 'item', 'UPSERT');
INSERT INTO item_variant (id, name, item_link_id, cold_storage_type_id, doses_per_unit) VALUES ('41d58cad-5b22-405e-bd35-e24489f0b814', 'Men-A (paediatric) MenAfriVac 5 micrograms', '4a83be38-42b3-443f-aa2f-3e147a605928', (SELECT id FROM cold_storage_type WHERE name = '+5' or min_temperature = 2 and max_temperature = 8 LIMIT 1), 10) ON CONFLICT DO NOTHING;
INSERT INTO changelog (record_id, table_name, row_action) VALUES ('41d58cad-5b22-405e-bd35-e24489f0b814', 'item_variant', 'UPSERT');
INSERT INTO item (id, name, code, ven_category, type, legacy_record, is_active, is_vaccine, vaccine_doses, default_pack_size) VALUES ('97f634a5-2063-4d34-bd02-5ae4db712163', 'Men-A (paediatric) Diluent', 'Men-A (paediatric)_DILUENT', 'NOT_ASSIGNED', 'STOCK', '', 'True', 'False', 0, 1) ON CONFLICT DO NOTHING;
INSERT INTO changelog (record_id, table_name, row_action) VALUES ('97f634a5-2063-4d34-bd02-5ae4db712163', 'item', 'UPSERT');
INSERT INTO item_variant (id, name, item_link_id, cold_storage_type_id, doses_per_unit) VALUES ('fa0a35ba-c80e-40a6-b79d-cd6994cdf135', 'Men-A (paediatric) MenAfriVac 5 micrograms Diluent', '97f634a5-2063-4d34-bd02-5ae4db712163', (SELECT id FROM cold_storage_type WHERE name = '+5' or min_temperature = 2 and max_temperature = 8 LIMIT 1), 10) ON CONFLICT DO NOTHING;
INSERT INTO changelog (record_id, table_name, row_action) VALUES ('fa0a35ba-c80e-40a6-b79d-cd6994cdf135', 'item_variant', 'UPSERT');
INSERT INTO item (id, name, code, ven_category, type, legacy_record, is_active, is_vaccine, vaccine_doses, default_pack_size) VALUES ('27528742-b402-4047-b079-93545f58b9e0', 'Meningococcal A+C', 'Men-A+C', 'NOT_ASSIGNED', 'STOCK', '', 'True', 'True', 1, 1) ON CONFLICT DO NOTHING;
INSERT INTO changelog (record_id, table_name, row_action) VALUES ('27528742-b402-4047-b079-93545f58b9e0', 'item', 'UPSERT');
INSERT INTO item_variant (id, name, item_link_id, cold_storage_type_id, doses_per_unit) VALUES ('374deb4f-a535-43af-920f-b7a1bdd0b9a1', 'Men-A+C POLYSACCHARIDE MENINGOCOCCAL A+C VACCINE', '27528742-b402-4047-b079-93545f58b9e0', (SELECT id FROM cold_storage_type WHERE name = '+5' or min_temperature = 2 and max_temperature = 8 LIMIT 1), 10) ON CONFLICT DO NOTHING;
INSERT INTO changelog (record_id, table_name, row_action) VALUES ('374deb4f-a535-43af-920f-b7a1bdd0b9a1', 'item_variant', 'UPSERT');
INSERT INTO item (id, name, code, ven_category, type, legacy_record, is_active, is_vaccine, vaccine_doses, default_pack_size) VALUES ('1a45a240-276e-47d5-ad10-e15eead2dbf8', 'Men-A+C Diluent', 'Men-A+C_DILUENT', 'NOT_ASSIGNED', 'STOCK', '', 'True', 'False', 0, 1) ON CONFLICT DO NOTHING;
INSERT INTO changelog (record_id, table_name, row_action) VALUES ('1a45a240-276e-47d5-ad10-e15eead2dbf8', 'item', 'UPSERT');
INSERT INTO item_variant (id, name, item_link_id, cold_storage_type_id, doses_per_unit) VALUES ('30e6d5a2-cdee-46e2-b736-0f7134bd2296', 'Men-A+C POLYSACCHARIDE MENINGOCOCCAL A+C VACCINE Diluent', '1a45a240-276e-47d5-ad10-e15eead2dbf8', (SELECT id FROM cold_storage_type WHERE name = '+5' or min_temperature = 2 and max_temperature = 8 LIMIT 1), 10) ON CONFLICT DO NOTHING;
INSERT INTO changelog (record_id, table_name, row_action) VALUES ('30e6d5a2-cdee-46e2-b736-0f7134bd2296', 'item_variant', 'UPSERT');
INSERT INTO item (id, name, code, ven_category, type, legacy_record, is_active, is_vaccine, vaccine_doses, default_pack_size) VALUES ('692d8867-d09c-47ba-bfd8-4dfb12a38a2c', 'Meningococcal ACYW-135 (conjugate vaccine)', 'Men-ACYW-135', 'NOT_ASSIGNED', 'STOCK', '', 'True', 'True', 1, 1) ON CONFLICT DO NOTHING;
INSERT INTO changelog (record_id, table_name, row_action) VALUES ('692d8867-d09c-47ba-bfd8-4dfb12a38a2c', 'item', 'UPSERT');
INSERT INTO item_variant (id, name, item_link_id, cold_storage_type_id, doses_per_unit) VALUES ('9e869ec3-b7d0-4554-9222-57dfdf8a99e6', 'Men-ACYW-135 Menveo', '692d8867-d09c-47ba-bfd8-4dfb12a38a2c', (SELECT id FROM cold_storage_type WHERE name = '+5' or min_temperature = 2 and max_temperature = 8 LIMIT 1), 1) ON CONFLICT DO NOTHING;
INSERT INTO changelog (record_id, table_name, row_action) VALUES ('9e869ec3-b7d0-4554-9222-57dfdf8a99e6', 'item_variant', 'UPSERT');
INSERT INTO item_variant (id, name, item_link_id, cold_storage_type_id, doses_per_unit) VALUES ('84b0ccd8-0eaa-4608-8ecb-7545103476f7', 'Men-ACYW-135 Menactra', '692d8867-d09c-47ba-bfd8-4dfb12a38a2c', (SELECT id FROM cold_storage_type WHERE name = '+5' or min_temperature = 2 and max_temperature = 8 LIMIT 1), 1) ON CONFLICT DO NOTHING;
INSERT INTO changelog (record_id, table_name, row_action) VALUES ('84b0ccd8-0eaa-4608-8ecb-7545103476f7', 'item_variant', 'UPSERT');
INSERT INTO item_variant (id, name, item_link_id, cold_storage_type_id, doses_per_unit) VALUES ('5bb73f58-6201-48e2-9812-604015d9b67d', 'Men-ACYW-135 Nimenrix', '692d8867-d09c-47ba-bfd8-4dfb12a38a2c', (SELECT id FROM cold_storage_type WHERE name = '+5' or min_temperature = 2 and max_temperature = 8 LIMIT 1), 1) ON CONFLICT DO NOTHING;
INSERT INTO changelog (record_id, table_name, row_action) VALUES ('5bb73f58-6201-48e2-9812-604015d9b67d', 'item_variant', 'UPSERT');
INSERT INTO item (id, name, code, ven_category, type, legacy_record, is_active, is_vaccine, vaccine_doses, default_pack_size) VALUES ('1200e0b5-93cf-47d5-bf80-16c5ee8d89ac', 'Men-ACYW-135 Diluent', 'Men-ACYW-135_DILUENT', 'NOT_ASSIGNED', 'STOCK', '', 'True', 'False', 0, 1) ON CONFLICT DO NOTHING;
INSERT INTO changelog (record_id, table_name, row_action) VALUES ('1200e0b5-93cf-47d5-bf80-16c5ee8d89ac', 'item', 'UPSERT');
INSERT INTO item_variant (id, name, item_link_id, cold_storage_type_id, doses_per_unit) VALUES ('3ed843fc-6458-4cda-9d51-efa41a8667ed', 'Men-ACYW-135 Nimenrix Diluent', '1200e0b5-93cf-47d5-bf80-16c5ee8d89ac', (SELECT id FROM cold_storage_type WHERE name = '+5' or min_temperature = 2 and max_temperature = 8 LIMIT 1), 1) ON CONFLICT DO NOTHING;
INSERT INTO changelog (record_id, table_name, row_action) VALUES ('3ed843fc-6458-4cda-9d51-efa41a8667ed', 'item_variant', 'UPSERT');
INSERT INTO item_variant (id, name, item_link_id, cold_storage_type_id, doses_per_unit) VALUES ('1e6ef172-2cff-4f44-825b-f8ca4d42cb57', 'Men-ACYW-135 MenQuadfi', '2c2944e2-0f5e-4918-94ba-7cb6357a29a5', (SELECT id FROM cold_storage_type WHERE name = '+5' or min_temperature = 2 and max_temperature = 8 LIMIT 1), 1) ON CONFLICT DO NOTHING;
INSERT INTO changelog (record_id, table_name, row_action) VALUES ('1e6ef172-2cff-4f44-825b-f8ca4d42cb57', 'item_variant', 'UPSERT');
INSERT INTO item (id, name, code, ven_category, type, legacy_record, is_active, is_vaccine, vaccine_doses, default_pack_size) VALUES ('5435825c-4153-407e-8ef9-c410ddc142de', 'Meningococcal ACYW-135 (polysaccharide)', 'Men-ACYW-135 (polysaccharide)', 'NOT_ASSIGNED', 'STOCK', '', 'True', 'True', 1, 1) ON CONFLICT DO NOTHING;
INSERT INTO changelog (record_id, table_name, row_action) VALUES ('5435825c-4153-407e-8ef9-c410ddc142de', 'item', 'UPSERT');
INSERT INTO item_variant (id, name, item_link_id, cold_storage_type_id, doses_per_unit) VALUES ('9bf0edfb-fb4f-417d-8579-928ee147e334', 'Men-ACYW-135 (polysaccharide) Menomune', '5435825c-4153-407e-8ef9-c410ddc142de', (SELECT id FROM cold_storage_type WHERE name = '+5' or min_temperature = 2 and max_temperature = 8 LIMIT 1), 10) ON CONFLICT DO NOTHING;
INSERT INTO changelog (record_id, table_name, row_action) VALUES ('9bf0edfb-fb4f-417d-8579-928ee147e334', 'item_variant', 'UPSERT');
INSERT INTO item_variant (id, name, item_link_id, cold_storage_type_id, doses_per_unit) VALUES ('1e6ef172-2cff-4f44-825b-f8ca4d42cb57', 'Men-ACYW MenFive™', '2c2944e2-0f5e-4918-94ba-7cb6357a29a5', (SELECT id FROM cold_storage_type WHERE name = '+5' or min_temperature = 2 and max_temperature = 8 LIMIT 1), 1) ON CONFLICT DO NOTHING;
INSERT INTO changelog (record_id, table_name, row_action) VALUES ('1e6ef172-2cff-4f44-825b-f8ca4d42cb57', 'item_variant', 'UPSERT');
INSERT INTO item_variant (id, name, item_link_id, cold_storage_type_id, doses_per_unit) VALUES ('1e6ef172-2cff-4f44-825b-f8ca4d42cb57', 'Men-ACYW MenFive™', '2c2944e2-0f5e-4918-94ba-7cb6357a29a5', (SELECT id FROM cold_storage_type WHERE name = '+5' or min_temperature = 2 and max_temperature = 8 LIMIT 1), 5) ON CONFLICT DO NOTHING;
INSERT INTO changelog (record_id, table_name, row_action) VALUES ('1e6ef172-2cff-4f44-825b-f8ca4d42cb57', 'item_variant', 'UPSERT');
INSERT INTO item (id, name, code, ven_category, type, legacy_record, is_active, is_vaccine, vaccine_doses, default_pack_size) VALUES ('106ad93b-40ff-48b0-a84a-2542925ab6b9', 'Measles, Mumps and Rubella', 'MMR', 'NOT_ASSIGNED', 'STOCK', '', 'True', 'True', 1, 1) ON CONFLICT DO NOTHING;
INSERT INTO changelog (record_id, table_name, row_action) VALUES ('106ad93b-40ff-48b0-a84a-2542925ab6b9', 'item', 'UPSERT');
INSERT INTO item_variant (id, name, item_link_id, cold_storage_type_id, doses_per_unit) VALUES ('521ba288-d323-4bcd-8839-4e348b6bfc5b', 'MMR Priorix', '106ad93b-40ff-48b0-a84a-2542925ab6b9', (SELECT id FROM cold_storage_type WHERE name = '+5' or min_temperature = 2 and max_temperature = 8 LIMIT 1), 1) ON CONFLICT DO NOTHING;
INSERT INTO changelog (record_id, table_name, row_action) VALUES ('521ba288-d323-4bcd-8839-4e348b6bfc5b', 'item_variant', 'UPSERT');
INSERT INTO item (id, name, code, ven_category, type, legacy_record, is_active, is_vaccine, vaccine_doses, default_pack_size) VALUES ('b092b58d-e3c3-4378-9f14-61a193d63fa7', 'MMR Diluent', 'MMR_DILUENT', 'NOT_ASSIGNED', 'STOCK', '', 'True', 'False', 0, 1) ON CONFLICT DO NOTHING;
INSERT INTO changelog (record_id, table_name, row_action) VALUES ('b092b58d-e3c3-4378-9f14-61a193d63fa7', 'item', 'UPSERT');
INSERT INTO item_variant (id, name, item_link_id, cold_storage_type_id, doses_per_unit) VALUES ('f5ef8f0c-cdd6-43f1-a063-909c8a6d93bc', 'MMR Priorix Diluent', 'b092b58d-e3c3-4378-9f14-61a193d63fa7', (SELECT id FROM cold_storage_type WHERE name = '+5' or min_temperature = 2 and max_temperature = 8 LIMIT 1), 1) ON CONFLICT DO NOTHING;
INSERT INTO changelog (record_id, table_name, row_action) VALUES ('f5ef8f0c-cdd6-43f1-a063-909c8a6d93bc', 'item_variant', 'UPSERT');
INSERT INTO item_variant (id, name, item_link_id, cold_storage_type_id, doses_per_unit) VALUES ('243c5bbc-1c28-4443-8a43-b7515845041b', 'MMR TRIMOVAX MÉRIEUX', '106ad93b-40ff-48b0-a84a-2542925ab6b9', (SELECT id FROM cold_storage_type WHERE name = '+5' or min_temperature = 2 and max_temperature = 8 LIMIT 1), 1) ON CONFLICT DO NOTHING;
INSERT INTO changelog (record_id, table_name, row_action) VALUES ('243c5bbc-1c28-4443-8a43-b7515845041b', 'item_variant', 'UPSERT');
INSERT INTO item_variant (id, name, item_link_id, cold_storage_type_id, doses_per_unit) VALUES ('1a37c059-c68f-432c-941f-cbdf3ac73109', 'MMR Measles, Mumps and Rubella Vaccine, Live, Attenuated', '106ad93b-40ff-48b0-a84a-2542925ab6b9', (SELECT id FROM cold_storage_type WHERE name = '+5' or min_temperature = 2 and max_temperature = 8 LIMIT 1), 1) ON CONFLICT DO NOTHING;
INSERT INTO changelog (record_id, table_name, row_action) VALUES ('1a37c059-c68f-432c-941f-cbdf3ac73109', 'item_variant', 'UPSERT');
INSERT INTO item_variant (id, name, item_link_id, cold_storage_type_id, doses_per_unit) VALUES ('f67baa1e-3a30-4d72-8401-806226d3d39c', 'MMR rHA M-M-R II', '106ad93b-40ff-48b0-a84a-2542925ab6b9', (SELECT id FROM cold_storage_type WHERE name = '+5' or min_temperature = 2 and max_temperature = 8 LIMIT 1), 1) ON CONFLICT DO NOTHING;
INSERT INTO changelog (record_id, table_name, row_action) VALUES ('f67baa1e-3a30-4d72-8401-806226d3d39c', 'item_variant', 'UPSERT');
INSERT INTO item_variant (id, name, item_link_id, cold_storage_type_id, doses_per_unit) VALUES ('6797c7e7-79f0-4126-9ad9-cbfa77e7b510', 'MMR Measles, Mumps and Rubella Vaccine, Live, Attenuated', '106ad93b-40ff-48b0-a84a-2542925ab6b9', (SELECT id FROM cold_storage_type WHERE name = '+5' or min_temperature = 2 and max_temperature = 8 LIMIT 1), 2) ON CONFLICT DO NOTHING;
INSERT INTO changelog (record_id, table_name, row_action) VALUES ('6797c7e7-79f0-4126-9ad9-cbfa77e7b510', 'item_variant', 'UPSERT');
INSERT INTO item_variant (id, name, item_link_id, cold_storage_type_id, doses_per_unit) VALUES ('a9b376bd-1078-438b-89d6-877eb69fe22e', 'MMR Priorix', '106ad93b-40ff-48b0-a84a-2542925ab6b9', (SELECT id FROM cold_storage_type WHERE name = '+5' or min_temperature = 2 and max_temperature = 8 LIMIT 1), 2) ON CONFLICT DO NOTHING;
INSERT INTO changelog (record_id, table_name, row_action) VALUES ('a9b376bd-1078-438b-89d6-877eb69fe22e', 'item_variant', 'UPSERT');
INSERT INTO item_variant (id, name, item_link_id, cold_storage_type_id, doses_per_unit) VALUES ('f39c98aa-ca39-41af-a089-24fb2d6591f3', 'MMR Measles, Mumps and Rubella Vaccine, Live, Attenuated', '106ad93b-40ff-48b0-a84a-2542925ab6b9', (SELECT id FROM cold_storage_type WHERE name = '+5' or min_temperature = 2 and max_temperature = 8 LIMIT 1), 5) ON CONFLICT DO NOTHING;
INSERT INTO changelog (record_id, table_name, row_action) VALUES ('f39c98aa-ca39-41af-a089-24fb2d6591f3', 'item_variant', 'UPSERT');
INSERT INTO item_variant (id, name, item_link_id, cold_storage_type_id, doses_per_unit) VALUES ('2e67438a-d7bf-456c-9500-7e8e97b03a60', 'MMR TRIMOVAX MÉRIEUX', '106ad93b-40ff-48b0-a84a-2542925ab6b9', (SELECT id FROM cold_storage_type WHERE name = '+5' or min_temperature = 2 and max_temperature = 8 LIMIT 1), 10) ON CONFLICT DO NOTHING;
INSERT INTO changelog (record_id, table_name, row_action) VALUES ('2e67438a-d7bf-456c-9500-7e8e97b03a60', 'item_variant', 'UPSERT');
INSERT INTO item_variant (id, name, item_link_id, cold_storage_type_id, doses_per_unit) VALUES ('20e34751-d0cc-4c3a-8922-b5d6bf5ff58a', 'MMR Measles, Mumps and Rubella Vaccine, Live, Attenuated', '106ad93b-40ff-48b0-a84a-2542925ab6b9', (SELECT id FROM cold_storage_type WHERE name = '+5' or min_temperature = 2 and max_temperature = 8 LIMIT 1), 10) ON CONFLICT DO NOTHING;
INSERT INTO changelog (record_id, table_name, row_action) VALUES ('20e34751-d0cc-4c3a-8922-b5d6bf5ff58a', 'item_variant', 'UPSERT');
INSERT INTO item (id, name, code, ven_category, type, legacy_record, is_active, is_vaccine, vaccine_doses, default_pack_size) VALUES ('84b3af01-77b0-43ea-aece-e79f2eb57ddc', 'Polio Vaccine - Oral (OPV) Monovalent Type 1', 'mOPV1', 'NOT_ASSIGNED', 'STOCK', '', 'True', 'True', 1, 1) ON CONFLICT DO NOTHING;
INSERT INTO changelog (record_id, table_name, row_action) VALUES ('84b3af01-77b0-43ea-aece-e79f2eb57ddc', 'item', 'UPSERT');
INSERT INTO item_variant (id, name, item_link_id, cold_storage_type_id, doses_per_unit) VALUES ('dba76225-c323-4874-a1cc-70ab7a443c25', 'mOPV1 Polio Sabin Mono T1', '84b3af01-77b0-43ea-aece-e79f2eb57ddc', (SELECT id FROM cold_storage_type WHERE name = '-20' or min_temperature = -20 and max_temperature = -20 LIMIT 1), 10) ON CONFLICT DO NOTHING;
INSERT INTO changelog (record_id, table_name, row_action) VALUES ('dba76225-c323-4874-a1cc-70ab7a443c25', 'item_variant', 'UPSERT');
INSERT INTO item_variant (id, name, item_link_id, cold_storage_type_id, doses_per_unit) VALUES ('c13d96b4-9b79-409b-adef-f23b372b3e72', 'mOPV1 ORAL MONOVALENT TYPE 1 POLIOMYELITIS VACCINE', '84b3af01-77b0-43ea-aece-e79f2eb57ddc', (SELECT id FROM cold_storage_type WHERE name = '-20' or min_temperature = -20 and max_temperature = -20 LIMIT 1), 20) ON CONFLICT DO NOTHING;
INSERT INTO changelog (record_id, table_name, row_action) VALUES ('c13d96b4-9b79-409b-adef-f23b372b3e72', 'item_variant', 'UPSERT');
INSERT INTO item_variant (id, name, item_link_id, cold_storage_type_id, doses_per_unit) VALUES ('5f58b466-51d6-417a-bf2a-43e33e7c2c6c', 'mOPV1 Polio Sabin Mono T1', '84b3af01-77b0-43ea-aece-e79f2eb57ddc', (SELECT id FROM cold_storage_type WHERE name = '-20' or min_temperature = -20 and max_temperature = -20 LIMIT 1), 20) ON CONFLICT DO NOTHING;
INSERT INTO changelog (record_id, table_name, row_action) VALUES ('5f58b466-51d6-417a-bf2a-43e33e7c2c6c', 'item_variant', 'UPSERT');
INSERT INTO item_variant (id, name, item_link_id, cold_storage_type_id, doses_per_unit) VALUES ('80cc0cfc-0696-42fe-8725-6bc8538e5473', 'mOPV1 Monovalent type 1 Oral Poliomyelitis vaccine, IP (mOPV1)', '84b3af01-77b0-43ea-aece-e79f2eb57ddc', (SELECT id FROM cold_storage_type WHERE name = '-20' or min_temperature = -20 and max_temperature = -20 LIMIT 1), 20) ON CONFLICT DO NOTHING;
INSERT INTO changelog (record_id, table_name, row_action) VALUES ('80cc0cfc-0696-42fe-8725-6bc8538e5473', 'item_variant', 'UPSERT');
INSERT INTO item_variant (id, name, item_link_id, cold_storage_type_id, doses_per_unit) VALUES ('d26cd4a0-3677-4b6d-af76-960c8e017d85', 'mOPV1 Monovalent Oral Poliomyelitis Vaccine Type 1 (mOPV1)', '84b3af01-77b0-43ea-aece-e79f2eb57ddc', (SELECT id FROM cold_storage_type WHERE name = '-20' or min_temperature = -20 and max_temperature = -20 LIMIT 1), 20) ON CONFLICT DO NOTHING;
INSERT INTO changelog (record_id, table_name, row_action) VALUES ('d26cd4a0-3677-4b6d-af76-960c8e017d85', 'item_variant', 'UPSERT');
INSERT INTO item (id, name, code, ven_category, type, legacy_record, is_active, is_vaccine, vaccine_doses, default_pack_size) VALUES ('624a33d8-8015-4daf-85a7-76b3c4354a44', 'Polio Vaccine - Oral (OPV) Monovalent Type 2', 'mOPV2', 'NOT_ASSIGNED', 'STOCK', '', 'True', 'True', 1, 1) ON CONFLICT DO NOTHING;
INSERT INTO changelog (record_id, table_name, row_action) VALUES ('624a33d8-8015-4daf-85a7-76b3c4354a44', 'item', 'UPSERT');
INSERT INTO item_variant (id, name, item_link_id, cold_storage_type_id, doses_per_unit) VALUES ('25ecc769-48c5-4219-8ed5-492f55e413fd', 'mOPV2 Polio Sabin Mono Two (oral)', '624a33d8-8015-4daf-85a7-76b3c4354a44', (SELECT id FROM cold_storage_type WHERE name = '-20' or min_temperature = -20 and max_temperature = -20 LIMIT 1), 10) ON CONFLICT DO NOTHING;
INSERT INTO changelog (record_id, table_name, row_action) VALUES ('25ecc769-48c5-4219-8ed5-492f55e413fd', 'item_variant', 'UPSERT');
INSERT INTO item_variant (id, name, item_link_id, cold_storage_type_id, doses_per_unit) VALUES ('8d0b1b85-45f6-4ded-b26f-ee74557b80bb', 'mOPV2 Polio Sabin Mono Two (oral)', '624a33d8-8015-4daf-85a7-76b3c4354a44', (SELECT id FROM cold_storage_type WHERE name = '-20' or min_temperature = -20 and max_temperature = -20 LIMIT 1), 20) ON CONFLICT DO NOTHING;
INSERT INTO changelog (record_id, table_name, row_action) VALUES ('8d0b1b85-45f6-4ded-b26f-ee74557b80bb', 'item_variant', 'UPSERT');
INSERT INTO item_variant (id, name, item_link_id, cold_storage_type_id, doses_per_unit) VALUES ('df156ca9-2cd5-4d71-83d2-a07639ace14b', 'mOPV2 ORAL MONOVALENT TYPE 2 POLIOMYELITIS VACCINE (mOPV2)', '624a33d8-8015-4daf-85a7-76b3c4354a44', (SELECT id FROM cold_storage_type WHERE name = '-20' or min_temperature = -20 and max_temperature = -20 LIMIT 1), 20) ON CONFLICT DO NOTHING;
INSERT INTO changelog (record_id, table_name, row_action) VALUES ('df156ca9-2cd5-4d71-83d2-a07639ace14b', 'item_variant', 'UPSERT');
INSERT INTO item (id, name, code, ven_category, type, legacy_record, is_active, is_vaccine, vaccine_doses, default_pack_size) VALUES ('b0820cb9-71bb-41e6-9f77-9718dbe5ccd3', 'Polio Vaccine - Oral (OPV) Monovalent Type 3', 'mOPV3', 'NOT_ASSIGNED', 'STOCK', '', 'True', 'True', 1, 1) ON CONFLICT DO NOTHING;
INSERT INTO changelog (record_id, table_name, row_action) VALUES ('b0820cb9-71bb-41e6-9f77-9718dbe5ccd3', 'item', 'UPSERT');
INSERT INTO item_variant (id, name, item_link_id, cold_storage_type_id, doses_per_unit) VALUES ('aef8f309-1fb0-40d8-a3e1-60fb1f5df5ae', 'mOPV3 Polio Sabin Mono Three (oral)', 'b0820cb9-71bb-41e6-9f77-9718dbe5ccd3', (SELECT id FROM cold_storage_type WHERE name = '-20' or min_temperature = -20 and max_temperature = -20 LIMIT 1), 10) ON CONFLICT DO NOTHING;
INSERT INTO changelog (record_id, table_name, row_action) VALUES ('aef8f309-1fb0-40d8-a3e1-60fb1f5df5ae', 'item_variant', 'UPSERT');
INSERT INTO item_variant (id, name, item_link_id, cold_storage_type_id, doses_per_unit) VALUES ('ad55146d-6118-4a08-8334-eb1fdee43e90', 'mOPV3 Polio Sabin Mono Three (oral)', 'b0820cb9-71bb-41e6-9f77-9718dbe5ccd3', (SELECT id FROM cold_storage_type WHERE name = '-20' or min_temperature = -20 and max_temperature = -20 LIMIT 1), 20) ON CONFLICT DO NOTHING;
INSERT INTO changelog (record_id, table_name, row_action) VALUES ('ad55146d-6118-4a08-8334-eb1fdee43e90', 'item_variant', 'UPSERT');
INSERT INTO item_variant (id, name, item_link_id, cold_storage_type_id, doses_per_unit) VALUES ('7cb0ef77-ecf5-41bc-902e-c9e9ee8b2ccf', 'mOPV3 ORAL MONOVALENT TYPE 3 POLIOMYELITIS VACCINE', 'b0820cb9-71bb-41e6-9f77-9718dbe5ccd3', (SELECT id FROM cold_storage_type WHERE name = '-20' or min_temperature = -20 and max_temperature = -20 LIMIT 1), 20) ON CONFLICT DO NOTHING;
INSERT INTO changelog (record_id, table_name, row_action) VALUES ('7cb0ef77-ecf5-41bc-902e-c9e9ee8b2ccf', 'item_variant', 'UPSERT');
INSERT INTO item (id, name, code, ven_category, type, legacy_record, is_active, is_vaccine, vaccine_doses, default_pack_size) VALUES ('04ca227c-697e-4a06-ab1b-7acfcdbc7127', 'Measles and Rubella', 'MR', 'NOT_ASSIGNED', 'STOCK', '', 'True', 'True', 1, 1) ON CONFLICT DO NOTHING;
INSERT INTO changelog (record_id, table_name, row_action) VALUES ('04ca227c-697e-4a06-ab1b-7acfcdbc7127', 'item', 'UPSERT');
INSERT INTO item_variant (id, name, item_link_id, cold_storage_type_id, doses_per_unit) VALUES ('b70c007e-8e24-4224-b4bd-a1a9eec1910c', 'MR Measles and Rubella Vaccine, Live, Attenuated', '04ca227c-697e-4a06-ab1b-7acfcdbc7127', (SELECT id FROM cold_storage_type WHERE name = '+5' or min_temperature = 2 and max_temperature = 8 LIMIT 1), 1) ON CONFLICT DO NOTHING;
INSERT INTO changelog (record_id, table_name, row_action) VALUES ('b70c007e-8e24-4224-b4bd-a1a9eec1910c', 'item_variant', 'UPSERT');
INSERT INTO item (id, name, code, ven_category, type, legacy_record, is_active, is_vaccine, vaccine_doses, default_pack_size) VALUES ('69d6bb3b-4ab0-4bd0-9ba2-06c69143046d', 'MR Diluent', 'MR_DILUENT', 'NOT_ASSIGNED', 'STOCK', '', 'True', 'False', 0, 1) ON CONFLICT DO NOTHING;
INSERT INTO changelog (record_id, table_name, row_action) VALUES ('69d6bb3b-4ab0-4bd0-9ba2-06c69143046d', 'item', 'UPSERT');
INSERT INTO item_variant (id, name, item_link_id, cold_storage_type_id, doses_per_unit) VALUES ('0102e17c-62e0-43a2-983e-67b217a63566', 'MR Measles and Rubella Vaccine, Live, Attenuated Diluent', '69d6bb3b-4ab0-4bd0-9ba2-06c69143046d', (SELECT id FROM cold_storage_type WHERE name = '+5' or min_temperature = 2 and max_temperature = 8 LIMIT 1), 1) ON CONFLICT DO NOTHING;
INSERT INTO changelog (record_id, table_name, row_action) VALUES ('0102e17c-62e0-43a2-983e-67b217a63566', 'item_variant', 'UPSERT');
INSERT INTO item_variant (id, name, item_link_id, cold_storage_type_id, doses_per_unit) VALUES ('c205a65f-20c7-4ae5-8fd7-a803a2589cf8', 'MR Measles and Rubella Vaccine (Live)', '04ca227c-697e-4a06-ab1b-7acfcdbc7127', (SELECT id FROM cold_storage_type WHERE name = '+5' or min_temperature = 2 and max_temperature = 8 LIMIT 1), 1) ON CONFLICT DO NOTHING;
INSERT INTO changelog (record_id, table_name, row_action) VALUES ('c205a65f-20c7-4ae5-8fd7-a803a2589cf8', 'item_variant', 'UPSERT');
INSERT INTO item_variant (id, name, item_link_id, cold_storage_type_id, doses_per_unit) VALUES ('c6d8ab97-11a7-4359-89b8-385c677e2dd4', 'MR Measles and Rubella Vaccine, Live, Attenuated', '04ca227c-697e-4a06-ab1b-7acfcdbc7127', (SELECT id FROM cold_storage_type WHERE name = '+5' or min_temperature = 2 and max_temperature = 8 LIMIT 1), 2) ON CONFLICT DO NOTHING;
INSERT INTO changelog (record_id, table_name, row_action) VALUES ('c6d8ab97-11a7-4359-89b8-385c677e2dd4', 'item_variant', 'UPSERT');
INSERT INTO item_variant (id, name, item_link_id, cold_storage_type_id, doses_per_unit) VALUES ('411ae5b2-7841-4bb1-847b-c66c86fd20d2', 'MR Measles and Rubella Vaccine, Live, Attenuated', '04ca227c-697e-4a06-ab1b-7acfcdbc7127', (SELECT id FROM cold_storage_type WHERE name = '+5' or min_temperature = 2 and max_temperature = 8 LIMIT 1), 5) ON CONFLICT DO NOTHING;
INSERT INTO changelog (record_id, table_name, row_action) VALUES ('411ae5b2-7841-4bb1-847b-c66c86fd20d2', 'item_variant', 'UPSERT');
INSERT INTO item_variant (id, name, item_link_id, cold_storage_type_id, doses_per_unit) VALUES ('98d5ae9d-0de2-44d1-bd32-8148bed83e23', 'MR Measles and Rubella Vaccine (Live)', '04ca227c-697e-4a06-ab1b-7acfcdbc7127', (SELECT id FROM cold_storage_type WHERE name = '+5' or min_temperature = 2 and max_temperature = 8 LIMIT 1), 5) ON CONFLICT DO NOTHING;
INSERT INTO changelog (record_id, table_name, row_action) VALUES ('98d5ae9d-0de2-44d1-bd32-8148bed83e23', 'item_variant', 'UPSERT');
INSERT INTO item_variant (id, name, item_link_id, cold_storage_type_id, doses_per_unit) VALUES ('de10e5c8-039c-4a50-8fb5-23aa6806a87f', 'MR Measles and Rubella Vaccine, Live, Attenuated', '04ca227c-697e-4a06-ab1b-7acfcdbc7127', (SELECT id FROM cold_storage_type WHERE name = '+5' or min_temperature = 2 and max_temperature = 8 LIMIT 1), 10) ON CONFLICT DO NOTHING;
INSERT INTO changelog (record_id, table_name, row_action) VALUES ('de10e5c8-039c-4a50-8fb5-23aa6806a87f', 'item_variant', 'UPSERT');
INSERT INTO item_variant (id, name, item_link_id, cold_storage_type_id, doses_per_unit) VALUES ('14122b08-5906-4648-b43f-76978008660f', 'MR Measles and Rubella Vaccine (Live)', '04ca227c-697e-4a06-ab1b-7acfcdbc7127', (SELECT id FROM cold_storage_type WHERE name = '+5' or min_temperature = 2 and max_temperature = 8 LIMIT 1), 10) ON CONFLICT DO NOTHING;
INSERT INTO changelog (record_id, table_name, row_action) VALUES ('14122b08-5906-4648-b43f-76978008660f', 'item_variant', 'UPSERT');
INSERT INTO item (id, name, code, ven_category, type, legacy_record, is_active, is_vaccine, vaccine_doses, default_pack_size) VALUES ('942deda2-574d-4a26-b657-e90c831794b1', 'cholera: inactivated oral', 'OCV', 'NOT_ASSIGNED', 'STOCK', '', 'True', 'True', 1, 1) ON CONFLICT DO NOTHING;
INSERT INTO changelog (record_id, table_name, row_action) VALUES ('942deda2-574d-4a26-b657-e90c831794b1', 'item', 'UPSERT');
INSERT INTO item_variant (id, name, item_link_id, cold_storage_type_id, doses_per_unit) VALUES ('c1fb138a-3472-4258-9090-3c5700cab38d', 'OCV Dukoral', '942deda2-574d-4a26-b657-e90c831794b1', (SELECT id FROM cold_storage_type WHERE name = '+5' or min_temperature = 2 and max_temperature = 8 LIMIT 1), 1) ON CONFLICT DO NOTHING;
INSERT INTO changelog (record_id, table_name, row_action) VALUES ('c1fb138a-3472-4258-9090-3c5700cab38d', 'item_variant', 'UPSERT');
INSERT INTO item_variant (id, name, item_link_id, cold_storage_type_id, doses_per_unit) VALUES ('9df4e5b0-42c5-4970-b8ff-f3b6b0a66675', 'OCV Shanchol', '942deda2-574d-4a26-b657-e90c831794b1', (SELECT id FROM cold_storage_type WHERE name = '+5' or min_temperature = 2 and max_temperature = 8 LIMIT 1), 1) ON CONFLICT DO NOTHING;
INSERT INTO changelog (record_id, table_name, row_action) VALUES ('9df4e5b0-42c5-4970-b8ff-f3b6b0a66675', 'item_variant', 'UPSERT');
INSERT INTO item_variant (id, name, item_link_id, cold_storage_type_id, doses_per_unit) VALUES ('bb9675f2-789d-4b3a-a3fb-6cd2fe0a78f5', 'OCV Euvichol', '942deda2-574d-4a26-b657-e90c831794b1', (SELECT id FROM cold_storage_type WHERE name = '+5' or min_temperature = 2 and max_temperature = 8 LIMIT 1), 1) ON CONFLICT DO NOTHING;
INSERT INTO changelog (record_id, table_name, row_action) VALUES ('bb9675f2-789d-4b3a-a3fb-6cd2fe0a78f5', 'item_variant', 'UPSERT');
INSERT INTO item_variant (id, name, item_link_id, cold_storage_type_id, doses_per_unit) VALUES ('f5190529-d006-43db-ab88-96c02cf63435', 'OCV Euvichol-Plus', '942deda2-574d-4a26-b657-e90c831794b1', (SELECT id FROM cold_storage_type WHERE name = '+5' or min_temperature = 2 and max_temperature = 8 LIMIT 1), 1) ON CONFLICT DO NOTHING;
INSERT INTO changelog (record_id, table_name, row_action) VALUES ('f5190529-d006-43db-ab88-96c02cf63435', 'item_variant', 'UPSERT');
INSERT INTO item (id, name, code, ven_category, type, legacy_record, is_active, is_vaccine, vaccine_doses, default_pack_size) VALUES ('6b078ffd-7243-4b66-b176-2a99d23eecaf', 'Pneumococcal (conjugate)', 'PCV10', 'NOT_ASSIGNED', 'STOCK', '', 'True', 'True', 1, 1) ON CONFLICT DO NOTHING;
INSERT INTO changelog (record_id, table_name, row_action) VALUES ('6b078ffd-7243-4b66-b176-2a99d23eecaf', 'item', 'UPSERT');
INSERT INTO item_variant (id, name, item_link_id, cold_storage_type_id, doses_per_unit) VALUES ('166df8f2-1724-4f4e-b2f6-0f39e9b50926', 'PCV10 Synflorix', '6b078ffd-7243-4b66-b176-2a99d23eecaf', (SELECT id FROM cold_storage_type WHERE name = '+5' or min_temperature = 2 and max_temperature = 8 LIMIT 1), 1) ON CONFLICT DO NOTHING;
INSERT INTO changelog (record_id, table_name, row_action) VALUES ('166df8f2-1724-4f4e-b2f6-0f39e9b50926', 'item_variant', 'UPSERT');
INSERT INTO item_variant (id, name, item_link_id, cold_storage_type_id, doses_per_unit) VALUES ('eb25ee70-bd77-4c75-92f5-30ecc7407912', 'PCV10 PNEUMOSIL', '6b078ffd-7243-4b66-b176-2a99d23eecaf', (SELECT id FROM cold_storage_type WHERE name = '+5' or min_temperature = 2 and max_temperature = 8 LIMIT 1), 1) ON CONFLICT DO NOTHING;
INSERT INTO changelog (record_id, table_name, row_action) VALUES ('eb25ee70-bd77-4c75-92f5-30ecc7407912', 'item_variant', 'UPSERT');
INSERT INTO item_variant (id, name, item_link_id, cold_storage_type_id, doses_per_unit) VALUES ('99038823-007c-4a0e-a4e5-47971ffb52f9', 'PCV10 Synflorix', '6b078ffd-7243-4b66-b176-2a99d23eecaf', (SELECT id FROM cold_storage_type WHERE name = '+5' or min_temperature = 2 and max_temperature = 8 LIMIT 1), 2) ON CONFLICT DO NOTHING;
INSERT INTO changelog (record_id, table_name, row_action) VALUES ('99038823-007c-4a0e-a4e5-47971ffb52f9', 'item_variant', 'UPSERT');
INSERT INTO item_variant (id, name, item_link_id, cold_storage_type_id, doses_per_unit) VALUES ('ae8c5399-dbd5-4210-a96e-ac2838b2a848', 'PCV10 Synflorix', '6b078ffd-7243-4b66-b176-2a99d23eecaf', (SELECT id FROM cold_storage_type WHERE name = '+5' or min_temperature = 2 and max_temperature = 8 LIMIT 1), 4) ON CONFLICT DO NOTHING;
INSERT INTO changelog (record_id, table_name, row_action) VALUES ('ae8c5399-dbd5-4210-a96e-ac2838b2a848', 'item_variant', 'UPSERT');
INSERT INTO item_variant (id, name, item_link_id, cold_storage_type_id, doses_per_unit) VALUES ('62eac757-9954-4551-a8c3-97eed7ad573b', 'PCV10 PNEUMOSIL', '6b078ffd-7243-4b66-b176-2a99d23eecaf', (SELECT id FROM cold_storage_type WHERE name = '+5' or min_temperature = 2 and max_temperature = 8 LIMIT 1), 5) ON CONFLICT DO NOTHING;
INSERT INTO changelog (record_id, table_name, row_action) VALUES ('62eac757-9954-4551-a8c3-97eed7ad573b', 'item_variant', 'UPSERT');
INSERT INTO item (id, name, code, ven_category, type, legacy_record, is_active, is_vaccine, vaccine_doses, default_pack_size) VALUES ('df41f96e-cf1f-45cf-8111-29b1077419b3', 'Pneumococcal (conjugate)', 'PCV13', 'NOT_ASSIGNED', 'STOCK', '', 'True', 'True', 1, 1) ON CONFLICT DO NOTHING;
INSERT INTO changelog (record_id, table_name, row_action) VALUES ('df41f96e-cf1f-45cf-8111-29b1077419b3', 'item', 'UPSERT');
INSERT INTO item_variant (id, name, item_link_id, cold_storage_type_id, doses_per_unit) VALUES ('92dec3b4-2c05-4ae6-999d-e9f5a36307b9', 'PCV13 Prevenar 13', 'df41f96e-cf1f-45cf-8111-29b1077419b3', (SELECT id FROM cold_storage_type WHERE name = '+5' or min_temperature = 2 and max_temperature = 8 LIMIT 1), 1) ON CONFLICT DO NOTHING;
INSERT INTO changelog (record_id, table_name, row_action) VALUES ('92dec3b4-2c05-4ae6-999d-e9f5a36307b9', 'item_variant', 'UPSERT');
INSERT INTO item_variant (id, name, item_link_id, cold_storage_type_id, doses_per_unit) VALUES ('0e56174e-4794-4987-aba3-69cacbd97bed', 'PCV13 Prevenar 13 Multidose Vial', 'df41f96e-cf1f-45cf-8111-29b1077419b3', (SELECT id FROM cold_storage_type WHERE name = '+5' or min_temperature = 2 and max_temperature = 8 LIMIT 1), 4) ON CONFLICT DO NOTHING;
INSERT INTO changelog (record_id, table_name, row_action) VALUES ('0e56174e-4794-4987-aba3-69cacbd97bed', 'item_variant', 'UPSERT');
INSERT INTO item (id, name, code, ven_category, type, legacy_record, is_active, is_vaccine, vaccine_doses, default_pack_size) VALUES ('af1c9662-dd7b-44f7-b908-43e88d3dbd86', 'Rabies', 'Rabies', 'NOT_ASSIGNED', 'STOCK', '', 'True', 'True', 1, 1) ON CONFLICT DO NOTHING;
INSERT INTO changelog (record_id, table_name, row_action) VALUES ('af1c9662-dd7b-44f7-b908-43e88d3dbd86', 'item', 'UPSERT');
INSERT INTO item_variant (id, name, item_link_id, cold_storage_type_id, doses_per_unit) VALUES ('f2faf211-5d71-42d0-b825-6b60a1e13280', 'Rabies Rabipur', 'af1c9662-dd7b-44f7-b908-43e88d3dbd86', (SELECT id FROM cold_storage_type WHERE name = '+5' or min_temperature = 2 and max_temperature = 8 LIMIT 1), 1) ON CONFLICT DO NOTHING;
INSERT INTO changelog (record_id, table_name, row_action) VALUES ('f2faf211-5d71-42d0-b825-6b60a1e13280', 'item_variant', 'UPSERT');
INSERT INTO item_variant (id, name, item_link_id, cold_storage_type_id, doses_per_unit) VALUES ('1a7cb569-100e-4af2-a2e3-68feebe4ad94', 'Rabies Rabipur', 'af1c9662-dd7b-44f7-b908-43e88d3dbd86', (SELECT id FROM cold_storage_type WHERE name = '+5' or min_temperature = 2 and max_temperature = 8 LIMIT 1), 1) ON CONFLICT DO NOTHING;
INSERT INTO changelog (record_id, table_name, row_action) VALUES ('1a7cb569-100e-4af2-a2e3-68feebe4ad94', 'item_variant', 'UPSERT');
INSERT INTO item_variant (id, name, item_link_id, cold_storage_type_id, doses_per_unit) VALUES ('19b0ce4c-4114-4072-b079-b59b418308f6', 'Rabies VERORAB', 'af1c9662-dd7b-44f7-b908-43e88d3dbd86', (SELECT id FROM cold_storage_type WHERE name = '+5' or min_temperature = 2 and max_temperature = 8 LIMIT 1), 1) ON CONFLICT DO NOTHING;
INSERT INTO changelog (record_id, table_name, row_action) VALUES ('19b0ce4c-4114-4072-b079-b59b418308f6', 'item_variant', 'UPSERT');
INSERT INTO item (id, name, code, ven_category, type, legacy_record, is_active, is_vaccine, vaccine_doses, default_pack_size) VALUES ('cf3d30c3-4154-40a5-a4b6-eb8a12dab8fe', 'Rotavirus', 'Rota_Liq', 'NOT_ASSIGNED', 'STOCK', '', 'True', 'True', 1, 1) ON CONFLICT DO NOTHING;
INSERT INTO changelog (record_id, table_name, row_action) VALUES ('cf3d30c3-4154-40a5-a4b6-eb8a12dab8fe', 'item', 'UPSERT');
INSERT INTO item_variant (id, name, item_link_id, cold_storage_type_id, doses_per_unit) VALUES ('3e6a6cf9-8fe0-41c6-8051-8102a8ebaf84', 'Rota_Liq Rotarix', 'cf3d30c3-4154-40a5-a4b6-eb8a12dab8fe', (SELECT id FROM cold_storage_type WHERE name = '+5' or min_temperature = 2 and max_temperature = 8 LIMIT 1), 1) ON CONFLICT DO NOTHING;
INSERT INTO changelog (record_id, table_name, row_action) VALUES ('3e6a6cf9-8fe0-41c6-8051-8102a8ebaf84', 'item_variant', 'UPSERT');
INSERT INTO item_variant (id, name, item_link_id, cold_storage_type_id, doses_per_unit) VALUES ('db3efbf8-5994-46f7-8ed9-8f8d2e06bb84', 'Rota_Liq Rotateq', 'cf3d30c3-4154-40a5-a4b6-eb8a12dab8fe', (SELECT id FROM cold_storage_type WHERE name = '+5' or min_temperature = 2 and max_temperature = 8 LIMIT 1), 1) ON CONFLICT DO NOTHING;
INSERT INTO changelog (record_id, table_name, row_action) VALUES ('db3efbf8-5994-46f7-8ed9-8f8d2e06bb84', 'item_variant', 'UPSERT');
INSERT INTO item_variant (id, name, item_link_id, cold_storage_type_id, doses_per_unit) VALUES ('10ba05ec-1ef9-424d-a4f9-cda7b549cd1f', 'Rota_Liq Rotarix', 'cf3d30c3-4154-40a5-a4b6-eb8a12dab8fe', (SELECT id FROM cold_storage_type WHERE name = '+5' or min_temperature = 2 and max_temperature = 8 LIMIT 1), 1) ON CONFLICT DO NOTHING;
INSERT INTO changelog (record_id, table_name, row_action) VALUES ('10ba05ec-1ef9-424d-a4f9-cda7b549cd1f', 'item_variant', 'UPSERT');
INSERT INTO item (id, name, code, ven_category, type, legacy_record, is_active, is_vaccine, vaccine_doses, default_pack_size) VALUES ('15ef0606-4d6d-4738-8a69-691d7fe5b9bc', 'Rotavirus', 'Rota_liq', 'NOT_ASSIGNED', 'STOCK', '', 'True', 'True', 1, 1) ON CONFLICT DO NOTHING;
INSERT INTO changelog (record_id, table_name, row_action) VALUES ('15ef0606-4d6d-4738-8a69-691d7fe5b9bc', 'item', 'UPSERT');
INSERT INTO item_variant (id, name, item_link_id, cold_storage_type_id, doses_per_unit) VALUES ('316a2a4d-daac-4b9a-95c0-77766c58a21e', 'Rota_liq Rotarix', '15ef0606-4d6d-4738-8a69-691d7fe5b9bc', (SELECT id FROM cold_storage_type WHERE name = '+5' or min_temperature = 2 and max_temperature = 8 LIMIT 1), 1) ON CONFLICT DO NOTHING;
INSERT INTO changelog (record_id, table_name, row_action) VALUES ('316a2a4d-daac-4b9a-95c0-77766c58a21e', 'item_variant', 'UPSERT');
INSERT INTO item_variant (id, name, item_link_id, cold_storage_type_id, doses_per_unit) VALUES ('b9c4b6f7-8143-41a7-9e0a-c1b432120247', 'Rota_Liq_frozen Rotavac', '23121bc2-5757-4b55-9189-9bddd883d810', (SELECT id FROM cold_storage_type WHERE name = '-20' or min_temperature = -20 and max_temperature = -20 LIMIT 1), 5) ON CONFLICT DO NOTHING;
INSERT INTO changelog (record_id, table_name, row_action) VALUES ('b9c4b6f7-8143-41a7-9e0a-c1b432120247', 'item_variant', 'UPSERT');
INSERT INTO item (id, name, code, ven_category, type, legacy_record, is_active, is_vaccine, vaccine_doses, default_pack_size) VALUES ('32edb356-3f46-4ca1-b0f6-cbcf04d5fe89', 'Rotavirus', 'Rota_Liq_frozen', 'NOT_ASSIGNED', 'STOCK', '', 'True', 'True', 1, 1) ON CONFLICT DO NOTHING;
INSERT INTO changelog (record_id, table_name, row_action) VALUES ('32edb356-3f46-4ca1-b0f6-cbcf04d5fe89', 'item', 'UPSERT');
INSERT INTO item_variant (id, name, item_link_id, cold_storage_type_id, doses_per_unit) VALUES ('0aaf8027-c07f-4307-9b9c-a4c2b875274f', 'Rota_Liq_frozen Rotavac', '32edb356-3f46-4ca1-b0f6-cbcf04d5fe89', (SELECT id FROM cold_storage_type WHERE name = '-20' or min_temperature = -20 and max_temperature = -20 LIMIT 1), 10) ON CONFLICT DO NOTHING;
INSERT INTO changelog (record_id, table_name, row_action) VALUES ('0aaf8027-c07f-4307-9b9c-a4c2b875274f', 'item_variant', 'UPSERT');
INSERT INTO item_variant (id, name, item_link_id, cold_storage_type_id, doses_per_unit) VALUES ('b9c4b6f7-8143-41a7-9e0a-c1b432120247', 'Rota_liq Rotavac 50D', '23121bc2-5757-4b55-9189-9bddd883d810', (SELECT id FROM cold_storage_type WHERE name = '+5' or min_temperature = 2 and max_temperature = 8 LIMIT 1), 1) ON CONFLICT DO NOTHING;
INSERT INTO changelog (record_id, table_name, row_action) VALUES ('b9c4b6f7-8143-41a7-9e0a-c1b432120247', 'item_variant', 'UPSERT');
INSERT INTO item_variant (id, name, item_link_id, cold_storage_type_id, doses_per_unit) VALUES ('0aaf8027-c07f-4307-9b9c-a4c2b875274f', 'Rota_liq Rotavac 50D', '32edb356-3f46-4ca1-b0f6-cbcf04d5fe89', (SELECT id FROM cold_storage_type WHERE name = '+5' or min_temperature = 2 and max_temperature = 8 LIMIT 1), 5) ON CONFLICT DO NOTHING;
INSERT INTO changelog (record_id, table_name, row_action) VALUES ('0aaf8027-c07f-4307-9b9c-a4c2b875274f', 'item_variant', 'UPSERT');
INSERT INTO item (id, name, code, ven_category, type, legacy_record, is_active, is_vaccine, vaccine_doses, default_pack_size) VALUES ('5dede083-3dbc-4ef5-aed4-d4d5a9d3190c', 'Rotavirus', 'Rota_Lyo', 'NOT_ASSIGNED', 'STOCK', '', 'True', 'True', 1, 1) ON CONFLICT DO NOTHING;
INSERT INTO changelog (record_id, table_name, row_action) VALUES ('5dede083-3dbc-4ef5-aed4-d4d5a9d3190c', 'item', 'UPSERT');
INSERT INTO item_variant (id, name, item_link_id, cold_storage_type_id, doses_per_unit) VALUES ('e2b6397a-b8c5-4bca-99b5-998c21798b2c', 'Rota_Lyo Rotasiil', '5dede083-3dbc-4ef5-aed4-d4d5a9d3190c', (SELECT id FROM cold_storage_type WHERE name = '+5' or min_temperature = 2 and max_temperature = 8 LIMIT 1), 1) ON CONFLICT DO NOTHING;
INSERT INTO changelog (record_id, table_name, row_action) VALUES ('e2b6397a-b8c5-4bca-99b5-998c21798b2c', 'item_variant', 'UPSERT');
INSERT INTO item (id, name, code, ven_category, type, legacy_record, is_active, is_vaccine, vaccine_doses, default_pack_size) VALUES ('eb873cfe-1cf3-42b8-a706-29e2662a0b4f', 'Rota_Lyo Diluent', 'Rota_Lyo_DILUENT', 'NOT_ASSIGNED', 'STOCK', '', 'True', 'False', 0, 1) ON CONFLICT DO NOTHING;
INSERT INTO changelog (record_id, table_name, row_action) VALUES ('eb873cfe-1cf3-42b8-a706-29e2662a0b4f', 'item', 'UPSERT');
INSERT INTO item_variant (id, name, item_link_id, cold_storage_type_id, doses_per_unit) VALUES ('bd5747ee-efb6-46c5-80e0-0f083a4737e1', 'Rota_Lyo Rotasiil Diluent', 'eb873cfe-1cf3-42b8-a706-29e2662a0b4f', (SELECT id FROM cold_storage_type WHERE name = '+5' or min_temperature = 2 and max_temperature = 8 LIMIT 1), 1) ON CONFLICT DO NOTHING;
INSERT INTO changelog (record_id, table_name, row_action) VALUES ('bd5747ee-efb6-46c5-80e0-0f083a4737e1', 'item_variant', 'UPSERT');
INSERT INTO item_variant (id, name, item_link_id, cold_storage_type_id, doses_per_unit) VALUES ('785cd7fc-1661-4672-a42c-21b0f5c93ce5', 'Rota_Lyo ROTASIIL®Thermo', '5dede083-3dbc-4ef5-aed4-d4d5a9d3190c', null, 1) ON CONFLICT DO NOTHING;
INSERT INTO changelog (record_id, table_name, row_action) VALUES ('785cd7fc-1661-4672-a42c-21b0f5c93ce5', 'item_variant', 'UPSERT');
INSERT INTO item_variant (id, name, item_link_id, cold_storage_type_id, doses_per_unit) VALUES ('98d0d819-0796-4798-af3f-3ce3a61477fc', 'Rota_Lyo Rotasiil', '5dede083-3dbc-4ef5-aed4-d4d5a9d3190c', (SELECT id FROM cold_storage_type WHERE name = '+5' or min_temperature = 2 and max_temperature = 8 LIMIT 1), 2) ON CONFLICT DO NOTHING;
INSERT INTO changelog (record_id, table_name, row_action) VALUES ('98d0d819-0796-4798-af3f-3ce3a61477fc', 'item_variant', 'UPSERT');
INSERT INTO item_variant (id, name, item_link_id, cold_storage_type_id, doses_per_unit) VALUES ('785cd7fc-1661-4672-a42c-21b0f5c93ce5', 'Rota_Lyo ROTASIIL®Thermo', '5dede083-3dbc-4ef5-aed4-d4d5a9d3190c', null, 2) ON CONFLICT DO NOTHING;
INSERT INTO changelog (record_id, table_name, row_action) VALUES ('785cd7fc-1661-4672-a42c-21b0f5c93ce5', 'item_variant', 'UPSERT');
INSERT INTO item_variant (id, name, item_link_id, cold_storage_type_id, doses_per_unit) VALUES ('c7c672a7-86e7-42e6-9a26-23c35e33d024', 'Rota_liq Rotasiil-Liquid', '15ef0606-4d6d-4738-8a69-691d7fe5b9bc', (SELECT id FROM cold_storage_type WHERE name = '+5' or min_temperature = 2 and max_temperature = 8 LIMIT 1), 1) ON CONFLICT DO NOTHING;
INSERT INTO changelog (record_id, table_name, row_action) VALUES ('c7c672a7-86e7-42e6-9a26-23c35e33d024', 'item_variant', 'UPSERT');
INSERT INTO item_variant (id, name, item_link_id, cold_storage_type_id, doses_per_unit) VALUES ('1e6ef172-2cff-4f44-825b-f8ca4d42cb57', 'Rota_liq Rotasiil-Liquid', '2c2944e2-0f5e-4918-94ba-7cb6357a29a5', (SELECT id FROM cold_storage_type WHERE name = '+5' or min_temperature = 2 and max_temperature = 8 LIMIT 1), 2) ON CONFLICT DO NOTHING;
INSERT INTO changelog (record_id, table_name, row_action) VALUES ('1e6ef172-2cff-4f44-825b-f8ca4d42cb57', 'item_variant', 'UPSERT');
INSERT INTO item (id, name, code, ven_category, type, legacy_record, is_active, is_vaccine, vaccine_doses, default_pack_size) VALUES ('b4e4d4af-e476-42b6-904a-578803e5ade2', 'Rubella', 'Rubella', 'NOT_ASSIGNED', 'STOCK', '', 'True', 'True', 1, 1) ON CONFLICT DO NOTHING;
INSERT INTO changelog (record_id, table_name, row_action) VALUES ('b4e4d4af-e476-42b6-904a-578803e5ade2', 'item', 'UPSERT');
INSERT INTO item_variant (id, name, item_link_id, cold_storage_type_id, doses_per_unit) VALUES ('f5dc3aca-c39d-4a0b-bc1d-3066ed0b0c98', 'Rubella Rubella Vaccine, Live, Attenuated', 'b4e4d4af-e476-42b6-904a-578803e5ade2', (SELECT id FROM cold_storage_type WHERE name = '+5' or min_temperature = 2 and max_temperature = 8 LIMIT 1), 1) ON CONFLICT DO NOTHING;
INSERT INTO changelog (record_id, table_name, row_action) VALUES ('f5dc3aca-c39d-4a0b-bc1d-3066ed0b0c98', 'item_variant', 'UPSERT');
INSERT INTO item (id, name, code, ven_category, type, legacy_record, is_active, is_vaccine, vaccine_doses, default_pack_size) VALUES ('f91b19fa-c291-4e55-9f6d-52c64505a6c6', 'Rubella Diluent', 'Rubella_DILUENT', 'NOT_ASSIGNED', 'STOCK', '', 'True', 'False', 0, 1) ON CONFLICT DO NOTHING;
INSERT INTO changelog (record_id, table_name, row_action) VALUES ('f91b19fa-c291-4e55-9f6d-52c64505a6c6', 'item', 'UPSERT');
INSERT INTO item_variant (id, name, item_link_id, cold_storage_type_id, doses_per_unit) VALUES ('16fbaf45-be4e-408d-b6d1-0f516a660ff0', 'Rubella Rubella Vaccine, Live, Attenuated Diluent', 'f91b19fa-c291-4e55-9f6d-52c64505a6c6', (SELECT id FROM cold_storage_type WHERE name = '+5' or min_temperature = 2 and max_temperature = 8 LIMIT 1), 1) ON CONFLICT DO NOTHING;
INSERT INTO changelog (record_id, table_name, row_action) VALUES ('16fbaf45-be4e-408d-b6d1-0f516a660ff0', 'item_variant', 'UPSERT');
INSERT INTO item_variant (id, name, item_link_id, cold_storage_type_id, doses_per_unit) VALUES ('5051d800-0129-4a5a-8486-b33994c7710f', 'Rubella Rubella Vaccine, Live, Attenuated', 'b4e4d4af-e476-42b6-904a-578803e5ade2', (SELECT id FROM cold_storage_type WHERE name = '+5' or min_temperature = 2 and max_temperature = 8 LIMIT 1), 2) ON CONFLICT DO NOTHING;
INSERT INTO changelog (record_id, table_name, row_action) VALUES ('5051d800-0129-4a5a-8486-b33994c7710f', 'item_variant', 'UPSERT');
INSERT INTO item_variant (id, name, item_link_id, cold_storage_type_id, doses_per_unit) VALUES ('59f6ddd2-dfe3-4c92-bccb-22f182e32c24', 'Rubella Rubella Vaccine, Live, Attenuated', 'b4e4d4af-e476-42b6-904a-578803e5ade2', (SELECT id FROM cold_storage_type WHERE name = '+5' or min_temperature = 2 and max_temperature = 8 LIMIT 1), 5) ON CONFLICT DO NOTHING;
INSERT INTO changelog (record_id, table_name, row_action) VALUES ('59f6ddd2-dfe3-4c92-bccb-22f182e32c24', 'item_variant', 'UPSERT');
INSERT INTO item_variant (id, name, item_link_id, cold_storage_type_id, doses_per_unit) VALUES ('66b5356f-66bf-44fc-9f8b-3801123d9f89', 'Rubella Rubella Vaccine, Live, Attenuated', 'b4e4d4af-e476-42b6-904a-578803e5ade2', (SELECT id FROM cold_storage_type WHERE name = '+5' or min_temperature = 2 and max_temperature = 8 LIMIT 1), 10) ON CONFLICT DO NOTHING;
INSERT INTO changelog (record_id, table_name, row_action) VALUES ('66b5356f-66bf-44fc-9f8b-3801123d9f89', 'item_variant', 'UPSERT');
INSERT INTO item (id, name, code, ven_category, type, legacy_record, is_active, is_vaccine, vaccine_doses, default_pack_size) VALUES ('292eff31-a4c1-4d49-9611-8f4004a8dbea', 'Diphtheria-Tetanus (reduced antigen content)', 'Td', 'NOT_ASSIGNED', 'STOCK', '', 'True', 'True', 1, 1) ON CONFLICT DO NOTHING;
INSERT INTO changelog (record_id, table_name, row_action) VALUES ('292eff31-a4c1-4d49-9611-8f4004a8dbea', 'item', 'UPSERT');
INSERT INTO item_variant (id, name, item_link_id, cold_storage_type_id, doses_per_unit) VALUES ('0b5a2d29-8a0b-4070-b7b5-85030e106b72', 'Td Diphtheria and Tetanus Vaccine Adsorbed for Adults and Adolescents', '292eff31-a4c1-4d49-9611-8f4004a8dbea', (SELECT id FROM cold_storage_type WHERE name = '+5' or min_temperature = 2 and max_temperature = 8 LIMIT 1), 1) ON CONFLICT DO NOTHING;
INSERT INTO changelog (record_id, table_name, row_action) VALUES ('0b5a2d29-8a0b-4070-b7b5-85030e106b72', 'item_variant', 'UPSERT');
INSERT INTO item_variant (id, name, item_link_id, cold_storage_type_id, doses_per_unit) VALUES ('3573a483-91ec-435b-9cd2-3445243ea551', 'Td None used on labelling for supply through UN agencies.     Also marketed with labelled commercial name  BE Td', '292eff31-a4c1-4d49-9611-8f4004a8dbea', (SELECT id FROM cold_storage_type WHERE name = '+5' or min_temperature = 2 and max_temperature = 8 LIMIT 1), 1) ON CONFLICT DO NOTHING;
INSERT INTO changelog (record_id, table_name, row_action) VALUES ('3573a483-91ec-435b-9cd2-3445243ea551', 'item_variant', 'UPSERT');
INSERT INTO item_variant (id, name, item_link_id, cold_storage_type_id, doses_per_unit) VALUES ('fe4bdb47-b511-497d-8b9d-28a0a24e49c9', 'Td Tetadif', '292eff31-a4c1-4d49-9611-8f4004a8dbea', (SELECT id FROM cold_storage_type WHERE name = '+5' or min_temperature = 2 and max_temperature = 8 LIMIT 1), 10) ON CONFLICT DO NOTHING;
INSERT INTO changelog (record_id, table_name, row_action) VALUES ('fe4bdb47-b511-497d-8b9d-28a0a24e49c9', 'item_variant', 'UPSERT');
INSERT INTO item_variant (id, name, item_link_id, cold_storage_type_id, doses_per_unit) VALUES ('84231f78-84be-48c3-939a-197d60d955fd', 'Td IMOVAX dT adult', '292eff31-a4c1-4d49-9611-8f4004a8dbea', (SELECT id FROM cold_storage_type WHERE name = '+5' or min_temperature = 2 and max_temperature = 8 LIMIT 1), 10) ON CONFLICT DO NOTHING;
INSERT INTO changelog (record_id, table_name, row_action) VALUES ('84231f78-84be-48c3-939a-197d60d955fd', 'item_variant', 'UPSERT');
INSERT INTO item_variant (id, name, item_link_id, cold_storage_type_id, doses_per_unit) VALUES ('93161c4c-5ddd-47a7-a693-11cf8f65083f', 'Td Diphtheria and Tetanus Vaccine Adsorbed for Adults and Adolescents', '292eff31-a4c1-4d49-9611-8f4004a8dbea', (SELECT id FROM cold_storage_type WHERE name = '+5' or min_temperature = 2 and max_temperature = 8 LIMIT 1), 10) ON CONFLICT DO NOTHING;
INSERT INTO changelog (record_id, table_name, row_action) VALUES ('93161c4c-5ddd-47a7-a693-11cf8f65083f', 'item_variant', 'UPSERT');
INSERT INTO item_variant (id, name, item_link_id, cold_storage_type_id, doses_per_unit) VALUES ('545dc675-7fe3-4fd6-80d5-1f6730471e7d', 'Td none', '292eff31-a4c1-4d49-9611-8f4004a8dbea', (SELECT id FROM cold_storage_type WHERE name = '+5' or min_temperature = 2 and max_temperature = 8 LIMIT 1), 10) ON CONFLICT DO NOTHING;
INSERT INTO changelog (record_id, table_name, row_action) VALUES ('545dc675-7fe3-4fd6-80d5-1f6730471e7d', 'item_variant', 'UPSERT');
INSERT INTO item_variant (id, name, item_link_id, cold_storage_type_id, doses_per_unit) VALUES ('328c6f69-9ab3-4a27-b15c-16c7690d688e', 'Td None used on labelling for supply through UN agencies.     Also marketed with labelled commercial name  BE Td', '292eff31-a4c1-4d49-9611-8f4004a8dbea', (SELECT id FROM cold_storage_type WHERE name = '+5' or min_temperature = 2 and max_temperature = 8 LIMIT 1), 10) ON CONFLICT DO NOTHING;
INSERT INTO changelog (record_id, table_name, row_action) VALUES ('328c6f69-9ab3-4a27-b15c-16c7690d688e', 'item_variant', 'UPSERT');
INSERT INTO item_variant (id, name, item_link_id, cold_storage_type_id, doses_per_unit) VALUES ('25ec1116-d1da-4fba-ac14-42942e9cff29', 'Td Tetadif', '292eff31-a4c1-4d49-9611-8f4004a8dbea', (SELECT id FROM cold_storage_type WHERE name = '+5' or min_temperature = 2 and max_temperature = 8 LIMIT 1), 20) ON CONFLICT DO NOTHING;
INSERT INTO changelog (record_id, table_name, row_action) VALUES ('25ec1116-d1da-4fba-ac14-42942e9cff29', 'item_variant', 'UPSERT');
INSERT INTO item_variant (id, name, item_link_id, cold_storage_type_id, doses_per_unit) VALUES ('21023a8c-6e58-4394-b1db-d6af86fe45c8', 'Td Diphtheria and Tetanus Vaccine Adsorbed for Adults and Adolescents', '292eff31-a4c1-4d49-9611-8f4004a8dbea', (SELECT id FROM cold_storage_type WHERE name = '+5' or min_temperature = 2 and max_temperature = 8 LIMIT 1), 20) ON CONFLICT DO NOTHING;
INSERT INTO changelog (record_id, table_name, row_action) VALUES ('21023a8c-6e58-4394-b1db-d6af86fe45c8', 'item_variant', 'UPSERT');
INSERT INTO item (id, name, code, ven_category, type, legacy_record, is_active, is_vaccine, vaccine_doses, default_pack_size) VALUES ('3963b07a-ebc4-4d0f-bcec-4981b201da66', 'Polio Vaccine - Oral (OPV) Trivalent', 'tOPV', 'NOT_ASSIGNED', 'STOCK', '', 'True', 'True', 1, 1) ON CONFLICT DO NOTHING;
INSERT INTO changelog (record_id, table_name, row_action) VALUES ('3963b07a-ebc4-4d0f-bcec-4981b201da66', 'item', 'UPSERT');
INSERT INTO item_variant (id, name, item_link_id, cold_storage_type_id, doses_per_unit) VALUES ('8cd7eb80-12c3-4f34-999c-3557e7503e07', 'tOPV Oral polio', '3963b07a-ebc4-4d0f-bcec-4981b201da66', (SELECT id FROM cold_storage_type WHERE name = '-20' or min_temperature = -20 and max_temperature = -20 LIMIT 1), 10) ON CONFLICT DO NOTHING;
INSERT INTO changelog (record_id, table_name, row_action) VALUES ('8cd7eb80-12c3-4f34-999c-3557e7503e07', 'item_variant', 'UPSERT');
INSERT INTO item_variant (id, name, item_link_id, cold_storage_type_id, doses_per_unit) VALUES ('c187659a-6816-4b19-86e6-7d404cc37897', 'tOPV Polio sabin', '3963b07a-ebc4-4d0f-bcec-4981b201da66', (SELECT id FROM cold_storage_type WHERE name = '-20' or min_temperature = -20 and max_temperature = -20 LIMIT 1), 10) ON CONFLICT DO NOTHING;
INSERT INTO changelog (record_id, table_name, row_action) VALUES ('c187659a-6816-4b19-86e6-7d404cc37897', 'item_variant', 'UPSERT');
INSERT INTO item_variant (id, name, item_link_id, cold_storage_type_id, doses_per_unit) VALUES ('b95d8ff3-1057-455c-bd56-92f6b09a945b', 'tOPV OPVERO', '3963b07a-ebc4-4d0f-bcec-4981b201da66', (SELECT id FROM cold_storage_type WHERE name = '-20' or min_temperature = -20 and max_temperature = -20 LIMIT 1), 10) ON CONFLICT DO NOTHING;
INSERT INTO changelog (record_id, table_name, row_action) VALUES ('b95d8ff3-1057-455c-bd56-92f6b09a945b', 'item_variant', 'UPSERT');
INSERT INTO item_variant (id, name, item_link_id, cold_storage_type_id, doses_per_unit) VALUES ('1b72f8fc-f75b-4e8e-b34d-fac99fa18784', 'tOPV OPVERO', '3963b07a-ebc4-4d0f-bcec-4981b201da66', (SELECT id FROM cold_storage_type WHERE name = '-20' or min_temperature = -20 and max_temperature = -20 LIMIT 1), 10) ON CONFLICT DO NOTHING;
INSERT INTO changelog (record_id, table_name, row_action) VALUES ('1b72f8fc-f75b-4e8e-b34d-fac99fa18784', 'item_variant', 'UPSERT');
INSERT INTO item_variant (id, name, item_link_id, cold_storage_type_id, doses_per_unit) VALUES ('2e7ae4af-458f-41e0-9573-51be8dd484be', 'tOPV Poliomyelitis Vaccine (Oral), Trivalent types 1, 2 and 3', '3963b07a-ebc4-4d0f-bcec-4981b201da66', (SELECT id FROM cold_storage_type WHERE name = '-20' or min_temperature = -20 and max_temperature = -20 LIMIT 1), 10) ON CONFLICT DO NOTHING;
INSERT INTO changelog (record_id, table_name, row_action) VALUES ('2e7ae4af-458f-41e0-9573-51be8dd484be', 'item_variant', 'UPSERT');
INSERT INTO item_variant (id, name, item_link_id, cold_storage_type_id, doses_per_unit) VALUES ('a706ce79-79b8-4d6c-b183-bec02a4edc42', 'tOPV BIOPOLIO', '3963b07a-ebc4-4d0f-bcec-4981b201da66', (SELECT id FROM cold_storage_type WHERE name = '-20' or min_temperature = -20 and max_temperature = -20 LIMIT 1), 10) ON CONFLICT DO NOTHING;
INSERT INTO changelog (record_id, table_name, row_action) VALUES ('a706ce79-79b8-4d6c-b183-bec02a4edc42', 'item_variant', 'UPSERT');
INSERT INTO item_variant (id, name, item_link_id, cold_storage_type_id, doses_per_unit) VALUES ('ca8792b3-0b88-4c1c-81af-560eb8f4ee99', 'tOPV Oral polio', '3963b07a-ebc4-4d0f-bcec-4981b201da66', (SELECT id FROM cold_storage_type WHERE name = '-20' or min_temperature = -20 and max_temperature = -20 LIMIT 1), 20) ON CONFLICT DO NOTHING;
INSERT INTO changelog (record_id, table_name, row_action) VALUES ('ca8792b3-0b88-4c1c-81af-560eb8f4ee99', 'item_variant', 'UPSERT');
INSERT INTO item_variant (id, name, item_link_id, cold_storage_type_id, doses_per_unit) VALUES ('9115bd12-3c85-406e-b4d3-1fac294faebf', 'tOPV Polio sabin', '3963b07a-ebc4-4d0f-bcec-4981b201da66', (SELECT id FROM cold_storage_type WHERE name = '-20' or min_temperature = -20 and max_temperature = -20 LIMIT 1), 20) ON CONFLICT DO NOTHING;
INSERT INTO changelog (record_id, table_name, row_action) VALUES ('9115bd12-3c85-406e-b4d3-1fac294faebf', 'item_variant', 'UPSERT');
INSERT INTO item_variant (id, name, item_link_id, cold_storage_type_id, doses_per_unit) VALUES ('f83e3557-1f50-4f58-91a1-2903a085fd2a', 'tOPV Polioviral vaccine', '3963b07a-ebc4-4d0f-bcec-4981b201da66', (SELECT id FROM cold_storage_type WHERE name = '-20' or min_temperature = -20 and max_temperature = -20 LIMIT 1), 20) ON CONFLICT DO NOTHING;
INSERT INTO changelog (record_id, table_name, row_action) VALUES ('f83e3557-1f50-4f58-91a1-2903a085fd2a', 'item_variant', 'UPSERT');
INSERT INTO item_variant (id, name, item_link_id, cold_storage_type_id, doses_per_unit) VALUES ('9c0247e4-0ab6-4775-9379-81fdcc8e9697', 'tOPV OPVERO', '3963b07a-ebc4-4d0f-bcec-4981b201da66', (SELECT id FROM cold_storage_type WHERE name = '-20' or min_temperature = -20 and max_temperature = -20 LIMIT 1), 20) ON CONFLICT DO NOTHING;
INSERT INTO changelog (record_id, table_name, row_action) VALUES ('9c0247e4-0ab6-4775-9379-81fdcc8e9697', 'item_variant', 'UPSERT');
INSERT INTO item_variant (id, name, item_link_id, cold_storage_type_id, doses_per_unit) VALUES ('bebee28e-cdab-4456-b77c-e68534ecaf94', 'tOPV Poliomyelitis Vaccine (Oral), Trivalent types 1, 2 and 3', '3963b07a-ebc4-4d0f-bcec-4981b201da66', (SELECT id FROM cold_storage_type WHERE name = '-20' or min_temperature = -20 and max_temperature = -20 LIMIT 1), 20) ON CONFLICT DO NOTHING;
INSERT INTO changelog (record_id, table_name, row_action) VALUES ('bebee28e-cdab-4456-b77c-e68534ecaf94', 'item_variant', 'UPSERT');
INSERT INTO item_variant (id, name, item_link_id, cold_storage_type_id, doses_per_unit) VALUES ('61628e92-bae6-44bf-ab90-23cb6bc02f57', 'tOPV BIOPOLIO', '3963b07a-ebc4-4d0f-bcec-4981b201da66', (SELECT id FROM cold_storage_type WHERE name = '-20' or min_temperature = -20 and max_temperature = -20 LIMIT 1), 20) ON CONFLICT DO NOTHING;
INSERT INTO changelog (record_id, table_name, row_action) VALUES ('61628e92-bae6-44bf-ab90-23cb6bc02f57', 'item_variant', 'UPSERT');
INSERT INTO item (id, name, code, ven_category, type, legacy_record, is_active, is_vaccine, vaccine_doses, default_pack_size) VALUES ('afe93fbf-afa5-435b-a5df-c07e4469e0be', 'Tetanus Toxoid', 'TT', 'NOT_ASSIGNED', 'STOCK', '', 'True', 'True', 1, 1) ON CONFLICT DO NOTHING;
INSERT INTO changelog (record_id, table_name, row_action) VALUES ('afe93fbf-afa5-435b-a5df-c07e4469e0be', 'item', 'UPSERT');
INSERT INTO item_variant (id, name, item_link_id, cold_storage_type_id, doses_per_unit) VALUES ('f53c34a0-13d3-4330-b7f0-d0ed4b5e2bce', 'TT TT vaccine', 'afe93fbf-afa5-435b-a5df-c07e4469e0be', (SELECT id FROM cold_storage_type WHERE name = '+5' or min_temperature = 2 and max_temperature = 8 LIMIT 1), 1) ON CONFLICT DO NOTHING;
INSERT INTO changelog (record_id, table_name, row_action) VALUES ('f53c34a0-13d3-4330-b7f0-d0ed4b5e2bce', 'item_variant', 'UPSERT');
INSERT INTO item_variant (id, name, item_link_id, cold_storage_type_id, doses_per_unit) VALUES ('00774269-3da8-4ed4-aba6-cb810c4e8edc', 'TT Tetanus  Toxoid Vaccine Adsorbed', 'afe93fbf-afa5-435b-a5df-c07e4469e0be', (SELECT id FROM cold_storage_type WHERE name = '+5' or min_temperature = 2 and max_temperature = 8 LIMIT 1), 1) ON CONFLICT DO NOTHING;
INSERT INTO changelog (record_id, table_name, row_action) VALUES ('00774269-3da8-4ed4-aba6-cb810c4e8edc', 'item_variant', 'UPSERT');
INSERT INTO item_variant (id, name, item_link_id, cold_storage_type_id, doses_per_unit) VALUES ('f1e6c8ce-afb4-4f95-94cb-2782fe03605a', 'TT None used on labelling for supply through UN agencies.     Also marketed with labelled commercial name  BEtt.', 'afe93fbf-afa5-435b-a5df-c07e4469e0be', (SELECT id FROM cold_storage_type WHERE name = '+5' or min_temperature = 2 and max_temperature = 8 LIMIT 1), 1) ON CONFLICT DO NOTHING;
INSERT INTO changelog (record_id, table_name, row_action) VALUES ('f1e6c8ce-afb4-4f95-94cb-2782fe03605a', 'item_variant', 'UPSERT');
INSERT INTO item_variant (id, name, item_link_id, cold_storage_type_id, doses_per_unit) VALUES ('56c805a8-6bf7-4eee-b4a9-e4097cd0b1cf', 'TT TT vaccine', 'afe93fbf-afa5-435b-a5df-c07e4469e0be', (SELECT id FROM cold_storage_type WHERE name = '+5' or min_temperature = 2 and max_temperature = 8 LIMIT 1), 10) ON CONFLICT DO NOTHING;
INSERT INTO changelog (record_id, table_name, row_action) VALUES ('56c805a8-6bf7-4eee-b4a9-e4097cd0b1cf', 'item_variant', 'UPSERT');
INSERT INTO item_variant (id, name, item_link_id, cold_storage_type_id, doses_per_unit) VALUES ('4e08ae84-ceeb-4588-a465-624c14940e96', 'TT Tetatox', 'afe93fbf-afa5-435b-a5df-c07e4469e0be', (SELECT id FROM cold_storage_type WHERE name = '+5' or min_temperature = 2 and max_temperature = 8 LIMIT 1), 10) ON CONFLICT DO NOTHING;
INSERT INTO changelog (record_id, table_name, row_action) VALUES ('4e08ae84-ceeb-4588-a465-624c14940e96', 'item_variant', 'UPSERT');
INSERT INTO item_variant (id, name, item_link_id, cold_storage_type_id, doses_per_unit) VALUES ('51747aad-16be-4b20-9630-0cfdb6933514', 'TT TETAVAX', 'afe93fbf-afa5-435b-a5df-c07e4469e0be', (SELECT id FROM cold_storage_type WHERE name = '+5' or min_temperature = 2 and max_temperature = 8 LIMIT 1), 10) ON CONFLICT DO NOTHING;
INSERT INTO changelog (record_id, table_name, row_action) VALUES ('51747aad-16be-4b20-9630-0cfdb6933514', 'item_variant', 'UPSERT');
INSERT INTO item_variant (id, name, item_link_id, cold_storage_type_id, doses_per_unit) VALUES ('c36dc512-3547-4321-a5b8-d566c9b9958b', 'TT Tetanus  Toxoid Vaccine Adsorbed', 'afe93fbf-afa5-435b-a5df-c07e4469e0be', (SELECT id FROM cold_storage_type WHERE name = '+5' or min_temperature = 2 and max_temperature = 8 LIMIT 1), 10) ON CONFLICT DO NOTHING;
INSERT INTO changelog (record_id, table_name, row_action) VALUES ('c36dc512-3547-4321-a5b8-d566c9b9958b', 'item_variant', 'UPSERT');
INSERT INTO item_variant (id, name, item_link_id, cold_storage_type_id, doses_per_unit) VALUES ('ddfc7b07-a86c-462b-b637-1ed2191bc0b5', 'TT ShanTT', 'afe93fbf-afa5-435b-a5df-c07e4469e0be', (SELECT id FROM cold_storage_type WHERE name = '+5' or min_temperature = 2 and max_temperature = 8 LIMIT 1), 10) ON CONFLICT DO NOTHING;
INSERT INTO changelog (record_id, table_name, row_action) VALUES ('ddfc7b07-a86c-462b-b637-1ed2191bc0b5', 'item_variant', 'UPSERT');
INSERT INTO item_variant (id, name, item_link_id, cold_storage_type_id, doses_per_unit) VALUES ('502ecfbd-09f9-4b4f-a62e-5c23347213f4', 'TT None used on labelling for supply through UN agencies.     Also marketed with labelled commercial name  BEtt.', 'afe93fbf-afa5-435b-a5df-c07e4469e0be', (SELECT id FROM cold_storage_type WHERE name = '+5' or min_temperature = 2 and max_temperature = 8 LIMIT 1), 10) ON CONFLICT DO NOTHING;
INSERT INTO changelog (record_id, table_name, row_action) VALUES ('502ecfbd-09f9-4b4f-a62e-5c23347213f4', 'item_variant', 'UPSERT');
INSERT INTO item_variant (id, name, item_link_id, cold_storage_type_id, doses_per_unit) VALUES ('a7c60e59-55d5-4cd8-b6ad-4de0e65425f1', 'TT TT vaccine', 'afe93fbf-afa5-435b-a5df-c07e4469e0be', (SELECT id FROM cold_storage_type WHERE name = '+5' or min_temperature = 2 and max_temperature = 8 LIMIT 1), 20) ON CONFLICT DO NOTHING;
INSERT INTO changelog (record_id, table_name, row_action) VALUES ('a7c60e59-55d5-4cd8-b6ad-4de0e65425f1', 'item_variant', 'UPSERT');
INSERT INTO item_variant (id, name, item_link_id, cold_storage_type_id, doses_per_unit) VALUES ('1a45c4e1-1790-4ac9-8c15-e621b106def0', 'TT Tetatox', 'afe93fbf-afa5-435b-a5df-c07e4469e0be', (SELECT id FROM cold_storage_type WHERE name = '+5' or min_temperature = 2 and max_temperature = 8 LIMIT 1), 20) ON CONFLICT DO NOTHING;
INSERT INTO changelog (record_id, table_name, row_action) VALUES ('1a45c4e1-1790-4ac9-8c15-e621b106def0', 'item_variant', 'UPSERT');
INSERT INTO item_variant (id, name, item_link_id, cold_storage_type_id, doses_per_unit) VALUES ('9306aff7-68a2-4ded-91e0-b0570595da1c', 'TT TETAVAX', 'afe93fbf-afa5-435b-a5df-c07e4469e0be', (SELECT id FROM cold_storage_type WHERE name = '+5' or min_temperature = 2 and max_temperature = 8 LIMIT 1), 20) ON CONFLICT DO NOTHING;
INSERT INTO changelog (record_id, table_name, row_action) VALUES ('9306aff7-68a2-4ded-91e0-b0570595da1c', 'item_variant', 'UPSERT');
INSERT INTO item_variant (id, name, item_link_id, cold_storage_type_id, doses_per_unit) VALUES ('4a926ae1-b0cf-4a7b-af17-36b2c0dcb8e9', 'TT Tetanus  Toxoid Vaccine Adsorbed', 'afe93fbf-afa5-435b-a5df-c07e4469e0be', (SELECT id FROM cold_storage_type WHERE name = '+5' or min_temperature = 2 and max_temperature = 8 LIMIT 1), 20) ON CONFLICT DO NOTHING;
INSERT INTO changelog (record_id, table_name, row_action) VALUES ('4a926ae1-b0cf-4a7b-af17-36b2c0dcb8e9', 'item_variant', 'UPSERT');
INSERT INTO item_variant (id, name, item_link_id, cold_storage_type_id, doses_per_unit) VALUES ('b6d8aac6-7702-44ce-a4c4-43e0f0293cef', 'TT ShanTT', 'afe93fbf-afa5-435b-a5df-c07e4469e0be', (SELECT id FROM cold_storage_type WHERE name = '+5' or min_temperature = 2 and max_temperature = 8 LIMIT 1), 20) ON CONFLICT DO NOTHING;
INSERT INTO changelog (record_id, table_name, row_action) VALUES ('b6d8aac6-7702-44ce-a4c4-43e0f0293cef', 'item_variant', 'UPSERT');
INSERT INTO item_variant (id, name, item_link_id, cold_storage_type_id, doses_per_unit) VALUES ('6b58af52-c58d-408f-9072-699bd2a77238', 'TT None used on labelling for supply through UN agencies.     Also marketed with labelled commercial name  BEtt.', 'afe93fbf-afa5-435b-a5df-c07e4469e0be', (SELECT id FROM cold_storage_type WHERE name = '+5' or min_temperature = 2 and max_temperature = 8 LIMIT 1), 20) ON CONFLICT DO NOTHING;
INSERT INTO changelog (record_id, table_name, row_action) VALUES ('6b58af52-c58d-408f-9072-699bd2a77238', 'item_variant', 'UPSERT');
INSERT INTO item (id, name, code, ven_category, type, legacy_record, is_active, is_vaccine, vaccine_doses, default_pack_size) VALUES ('1d76bdbb-9a14-4d5a-b85c-22c822df4639', 'Typhoid (Conjugate)', 'TCV', 'NOT_ASSIGNED', 'STOCK', '', 'True', 'True', 1, 1) ON CONFLICT DO NOTHING;
INSERT INTO changelog (record_id, table_name, row_action) VALUES ('1d76bdbb-9a14-4d5a-b85c-22c822df4639', 'item', 'UPSERT');
INSERT INTO item_variant (id, name, item_link_id, cold_storage_type_id, doses_per_unit) VALUES ('781f62cc-dd51-4c91-bcd1-0f96592392d9', 'TCV Typbar-TCV', '1d76bdbb-9a14-4d5a-b85c-22c822df4639', (SELECT id FROM cold_storage_type WHERE name = '+5' or min_temperature = 2 and max_temperature = 8 LIMIT 1), 1) ON CONFLICT DO NOTHING;
INSERT INTO changelog (record_id, table_name, row_action) VALUES ('781f62cc-dd51-4c91-bcd1-0f96592392d9', 'item_variant', 'UPSERT');
INSERT INTO item_variant (id, name, item_link_id, cold_storage_type_id, doses_per_unit) VALUES ('c01202fc-df85-42d3-b566-1413886e8495', 'TCV Typbar-TCV', '1d76bdbb-9a14-4d5a-b85c-22c822df4639', (SELECT id FROM cold_storage_type WHERE name = '+5' or min_temperature = 2 and max_temperature = 8 LIMIT 1), 5) ON CONFLICT DO NOTHING;
INSERT INTO changelog (record_id, table_name, row_action) VALUES ('c01202fc-df85-42d3-b566-1413886e8495', 'item_variant', 'UPSERT');
INSERT INTO item (id, name, code, ven_category, type, legacy_record, is_active, is_vaccine, vaccine_doses, default_pack_size) VALUES ('d49e2c0d-e264-4aa9-82b7-e76ae7f3c7e7', 'Typhoid (Polysaccharide)', 'TPV', 'NOT_ASSIGNED', 'STOCK', '', 'True', 'True', 1, 1) ON CONFLICT DO NOTHING;
INSERT INTO changelog (record_id, table_name, row_action) VALUES ('d49e2c0d-e264-4aa9-82b7-e76ae7f3c7e7', 'item', 'UPSERT');
INSERT INTO item_variant (id, name, item_link_id, cold_storage_type_id, doses_per_unit) VALUES ('abedf05a-a0fc-46a8-9780-54097914cbfe', 'TPV Typhym-Vi', 'd49e2c0d-e264-4aa9-82b7-e76ae7f3c7e7', (SELECT id FROM cold_storage_type WHERE name = '+5' or min_temperature = 2 and max_temperature = 8 LIMIT 1), 20) ON CONFLICT DO NOTHING;
INSERT INTO changelog (record_id, table_name, row_action) VALUES ('abedf05a-a0fc-46a8-9780-54097914cbfe', 'item_variant', 'UPSERT');
INSERT INTO item (id, name, code, ven_category, type, legacy_record, is_active, is_vaccine, vaccine_doses, default_pack_size) VALUES ('ce0624d9-6e65-4f5d-9cd2-badc7b659b8e', 'Yellow Fever', 'YF', 'NOT_ASSIGNED', 'STOCK', '', 'True', 'True', 1, 1) ON CONFLICT DO NOTHING;
INSERT INTO changelog (record_id, table_name, row_action) VALUES ('ce0624d9-6e65-4f5d-9cd2-badc7b659b8e', 'item', 'UPSERT');
INSERT INTO item_variant (id, name, item_link_id, cold_storage_type_id, doses_per_unit) VALUES ('0e454f4d-4579-4a1a-8b25-fa91044072bb', 'YF none', 'ce0624d9-6e65-4f5d-9cd2-badc7b659b8e', (SELECT id FROM cold_storage_type WHERE name = '+5' or min_temperature = 2 and max_temperature = 8 LIMIT 1), 2) ON CONFLICT DO NOTHING;
INSERT INTO changelog (record_id, table_name, row_action) VALUES ('0e454f4d-4579-4a1a-8b25-fa91044072bb', 'item_variant', 'UPSERT');
INSERT INTO item (id, name, code, ven_category, type, legacy_record, is_active, is_vaccine, vaccine_doses, default_pack_size) VALUES ('da45ed9e-ef93-4f87-a45c-e3b5ed4c6a12', 'YF Diluent', 'YF_DILUENT', 'NOT_ASSIGNED', 'STOCK', '', 'True', 'False', 0, 1) ON CONFLICT DO NOTHING;
INSERT INTO changelog (record_id, table_name, row_action) VALUES ('da45ed9e-ef93-4f87-a45c-e3b5ed4c6a12', 'item', 'UPSERT');
INSERT INTO item_variant (id, name, item_link_id, cold_storage_type_id, doses_per_unit) VALUES ('e5f2a5d9-b974-4332-9845-4464341071ee', 'YF none Diluent', 'da45ed9e-ef93-4f87-a45c-e3b5ed4c6a12', (SELECT id FROM cold_storage_type WHERE name = '+5' or min_temperature = 2 and max_temperature = 8 LIMIT 1), 2) ON CONFLICT DO NOTHING;
INSERT INTO changelog (record_id, table_name, row_action) VALUES ('e5f2a5d9-b974-4332-9845-4464341071ee', 'item_variant', 'UPSERT');
INSERT INTO item_variant (id, name, item_link_id, cold_storage_type_id, doses_per_unit) VALUES ('aa21e3c1-e407-4333-b3d4-4d60b941d7de', 'YF Yellow Fever', 'ce0624d9-6e65-4f5d-9cd2-badc7b659b8e', (SELECT id FROM cold_storage_type WHERE name = '+5' or min_temperature = 2 and max_temperature = 8 LIMIT 1), 5) ON CONFLICT DO NOTHING;
INSERT INTO changelog (record_id, table_name, row_action) VALUES ('aa21e3c1-e407-4333-b3d4-4d60b941d7de', 'item_variant', 'UPSERT');
INSERT INTO item_variant (id, name, item_link_id, cold_storage_type_id, doses_per_unit) VALUES ('c1d5b760-3fa9-4697-848e-3ffefc707c09', 'YF Stabilized Yellow Fever Vaccine', 'ce0624d9-6e65-4f5d-9cd2-badc7b659b8e', (SELECT id FROM cold_storage_type WHERE name = '+5' or min_temperature = 2 and max_temperature = 8 LIMIT 1), 5) ON CONFLICT DO NOTHING;
INSERT INTO changelog (record_id, table_name, row_action) VALUES ('c1d5b760-3fa9-4697-848e-3ffefc707c09', 'item_variant', 'UPSERT');
INSERT INTO item_variant (id, name, item_link_id, cold_storage_type_id, doses_per_unit) VALUES ('9b20ebe9-9232-4937-8a47-5681112f41bf', 'YF none', 'ce0624d9-6e65-4f5d-9cd2-badc7b659b8e', (SELECT id FROM cold_storage_type WHERE name = '+5' or min_temperature = 2 and max_temperature = 8 LIMIT 1), 5) ON CONFLICT DO NOTHING;
INSERT INTO changelog (record_id, table_name, row_action) VALUES ('9b20ebe9-9232-4937-8a47-5681112f41bf', 'item_variant', 'UPSERT');
INSERT INTO item_variant (id, name, item_link_id, cold_storage_type_id, doses_per_unit) VALUES ('82c4bbbb-7c0d-4ea2-8217-3d6a35ea36a6', 'YF Yellow Fever', 'ce0624d9-6e65-4f5d-9cd2-badc7b659b8e', (SELECT id FROM cold_storage_type WHERE name = '+5' or min_temperature = 2 and max_temperature = 8 LIMIT 1), 10) ON CONFLICT DO NOTHING;
INSERT INTO changelog (record_id, table_name, row_action) VALUES ('82c4bbbb-7c0d-4ea2-8217-3d6a35ea36a6', 'item_variant', 'UPSERT');
INSERT INTO item_variant (id, name, item_link_id, cold_storage_type_id, doses_per_unit) VALUES ('5780e8a9-96e0-4413-8543-9306430402ad', 'YF Stabilized Yellow Fever Vaccine', 'ce0624d9-6e65-4f5d-9cd2-badc7b659b8e', (SELECT id FROM cold_storage_type WHERE name = '+5' or min_temperature = 2 and max_temperature = 8 LIMIT 1), 10) ON CONFLICT DO NOTHING;
INSERT INTO changelog (record_id, table_name, row_action) VALUES ('5780e8a9-96e0-4413-8543-9306430402ad', 'item_variant', 'UPSERT');
INSERT INTO item_variant (id, name, item_link_id, cold_storage_type_id, doses_per_unit) VALUES ('9479c9c3-d50e-4bc8-8d07-e7720c998ea6', 'YF STAMARIL', 'ce0624d9-6e65-4f5d-9cd2-badc7b659b8e', (SELECT id FROM cold_storage_type WHERE name = '+5' or min_temperature = 2 and max_temperature = 8 LIMIT 1), 10) ON CONFLICT DO NOTHING;
INSERT INTO changelog (record_id, table_name, row_action) VALUES ('9479c9c3-d50e-4bc8-8d07-e7720c998ea6', 'item_variant', 'UPSERT');
INSERT INTO item_variant (id, name, item_link_id, cold_storage_type_id, doses_per_unit) VALUES ('b357a443-5294-462e-a0c7-7235968e9897', 'YF none', 'ce0624d9-6e65-4f5d-9cd2-badc7b659b8e', (SELECT id FROM cold_storage_type WHERE name = '+5' or min_temperature = 2 and max_temperature = 8 LIMIT 1), 10) ON CONFLICT DO NOTHING;
INSERT INTO changelog (record_id, table_name, row_action) VALUES ('b357a443-5294-462e-a0c7-7235968e9897', 'item_variant', 'UPSERT');
INSERT INTO item_variant (id, name, item_link_id, cold_storage_type_id, doses_per_unit) VALUES ('3ffd51c1-906b-44ae-85ef-3584d0b1cf37', 'YF Stabilized Yellow Fever Vaccine', 'ce0624d9-6e65-4f5d-9cd2-badc7b659b8e', (SELECT id FROM cold_storage_type WHERE name = '+5' or min_temperature = 2 and max_temperature = 8 LIMIT 1), 20) ON CONFLICT DO NOTHING;
INSERT INTO changelog (record_id, table_name, row_action) VALUES ('3ffd51c1-906b-44ae-85ef-3584d0b1cf37', 'item_variant', 'UPSERT');
INSERT INTO item_variant (id, name, item_link_id, cold_storage_type_id, doses_per_unit) VALUES ('781329f6-17f9-43f9-8b3a-43f0ddf09e0b', 'YF Yellow Fever', 'ce0624d9-6e65-4f5d-9cd2-badc7b659b8e', (SELECT id FROM cold_storage_type WHERE name = '+5' or min_temperature = 2 and max_temperature = 8 LIMIT 1), 50) ON CONFLICT DO NOTHING;
INSERT INTO changelog (record_id, table_name, row_action) VALUES ('781329f6-17f9-43f9-8b3a-43f0ddf09e0b', 'item_variant', 'UPSERT');
INSERT INTO item_variant (id, name, item_link_id, cold_storage_type_id, doses_per_unit) VALUES ('1e6ef172-2cff-4f44-825b-f8ca4d42cb57', 'nOPV Novel Oral (nOPV) Monovalent type 2', '2c2944e2-0f5e-4918-94ba-7cb6357a29a5', (SELECT id FROM cold_storage_type WHERE name = '-20' or min_temperature = -20 and max_temperature = -20 LIMIT 1), 50) ON CONFLICT DO NOTHING;
INSERT INTO changelog (record_id, table_name, row_action) VALUES ('1e6ef172-2cff-4f44-825b-f8ca4d42cb57', 'item_variant', 'UPSERT');
INSERT INTO item_variant (id, name, item_link_id, cold_storage_type_id, doses_per_unit) VALUES ('1e6ef172-2cff-4f44-825b-f8ca4d42cb57', 'RTS,S Mosquirix', '2c2944e2-0f5e-4918-94ba-7cb6357a29a5', (SELECT id FROM cold_storage_type WHERE name = '+5' or min_temperature = 2 and max_temperature = 8 LIMIT 1), 2) ON CONFLICT DO NOTHING;
INSERT INTO changelog (record_id, table_name, row_action) VALUES ('1e6ef172-2cff-4f44-825b-f8ca4d42cb57', 'item_variant', 'UPSERT');
INSERT INTO item_variant (id, name, item_link_id, cold_storage_type_id, doses_per_unit) VALUES ('1e6ef172-2cff-4f44-825b-f8ca4d42cb57', 'C19-Covishield ChAdOx1-S COVISHIELD', '2c2944e2-0f5e-4918-94ba-7cb6357a29a5', (SELECT id FROM cold_storage_type WHERE name = '+5' or min_temperature = 2 and max_temperature = 8 LIMIT 1), 2) ON CONFLICT DO NOTHING;
INSERT INTO changelog (record_id, table_name, row_action) VALUES ('1e6ef172-2cff-4f44-825b-f8ca4d42cb57', 'item_variant', 'UPSERT');
INSERT INTO item_variant (id, name, item_link_id, cold_storage_type_id, doses_per_unit) VALUES ('1e6ef172-2cff-4f44-825b-f8ca4d42cb57', 'C19-Covishield ChAdOx1-S COVISHIELD', '2c2944e2-0f5e-4918-94ba-7cb6357a29a5', (SELECT id FROM cold_storage_type WHERE name = '+5' or min_temperature = 2 and max_temperature = 8 LIMIT 1), 10) ON CONFLICT DO NOTHING;
INSERT INTO changelog (record_id, table_name, row_action) VALUES ('1e6ef172-2cff-4f44-825b-f8ca4d42cb57', 'item_variant', 'UPSERT');
INSERT INTO item_variant (id, name, item_link_id, cold_storage_type_id, doses_per_unit) VALUES ('1e6ef172-2cff-4f44-825b-f8ca4d42cb57', 'C19-VaxZevria ChAdOx1-S Vaxzevria', '2c2944e2-0f5e-4918-94ba-7cb6357a29a5', (SELECT id FROM cold_storage_type WHERE name = '+5' or min_temperature = 2 and max_temperature = 8 LIMIT 1), 8) ON CONFLICT DO NOTHING;
INSERT INTO changelog (record_id, table_name, row_action) VALUES ('1e6ef172-2cff-4f44-825b-f8ca4d42cb57', 'item_variant', 'UPSERT');
INSERT INTO item_variant (id, name, item_link_id, cold_storage_type_id, doses_per_unit) VALUES ('1e6ef172-2cff-4f44-825b-f8ca4d42cb57', 'C19-VaxZevria ChAdOx1-S Vaxzevria', '2c2944e2-0f5e-4918-94ba-7cb6357a29a5', (SELECT id FROM cold_storage_type WHERE name = '+5' or min_temperature = 2 and max_temperature = 8 LIMIT 1), 10) ON CONFLICT DO NOTHING;
INSERT INTO changelog (record_id, table_name, row_action) VALUES ('1e6ef172-2cff-4f44-825b-f8ca4d42cb57', 'item_variant', 'UPSERT');
INSERT INTO item_variant (id, name, item_link_id, cold_storage_type_id, doses_per_unit) VALUES ('1e6ef172-2cff-4f44-825b-f8ca4d42cb57', 'C19-VaxZevria ChAdOx1-S Vaxzevria', '2c2944e2-0f5e-4918-94ba-7cb6357a29a5', (SELECT id FROM cold_storage_type WHERE name = '+5' or min_temperature = 2 and max_temperature = 8 LIMIT 1), 10) ON CONFLICT DO NOTHING;
INSERT INTO changelog (record_id, table_name, row_action) VALUES ('1e6ef172-2cff-4f44-825b-f8ca4d42cb57', 'item_variant', 'UPSERT');
INSERT INTO item_variant (id, name, item_link_id, cold_storage_type_id, doses_per_unit) VALUES ('1e6ef172-2cff-4f44-825b-f8ca4d42cb57', 'C19-VaxZevria ChAdOx1-S Vaxzevria', '2c2944e2-0f5e-4918-94ba-7cb6357a29a5', (SELECT id FROM cold_storage_type WHERE name = '+5' or min_temperature = 2 and max_temperature = 8 LIMIT 1), 8) ON CONFLICT DO NOTHING;
INSERT INTO changelog (record_id, table_name, row_action) VALUES ('1e6ef172-2cff-4f44-825b-f8ca4d42cb57', 'item_variant', 'UPSERT');
INSERT INTO item_variant (id, name, item_link_id, cold_storage_type_id, doses_per_unit) VALUES ('1e6ef172-2cff-4f44-825b-f8ca4d42cb57', 'C19-Moderna mRNA-1273 mRNA-1273', '2c2944e2-0f5e-4918-94ba-7cb6357a29a5', (SELECT id FROM cold_storage_type WHERE name = '-20' or min_temperature = -20 and max_temperature = -20 LIMIT 1), 10) ON CONFLICT DO NOTHING;
INSERT INTO changelog (record_id, table_name, row_action) VALUES ('1e6ef172-2cff-4f44-825b-f8ca4d42cb57', 'item_variant', 'UPSERT');
INSERT INTO item_variant (id, name, item_link_id, cold_storage_type_id, doses_per_unit) VALUES ('1e6ef172-2cff-4f44-825b-f8ca4d42cb57', 'C19-Moderna mRNA-1273 mRNA-1273', '2c2944e2-0f5e-4918-94ba-7cb6357a29a5', (SELECT id FROM cold_storage_type WHERE name = '-20' or min_temperature = -20 and max_temperature = -20 LIMIT 1), 14) ON CONFLICT DO NOTHING;
INSERT INTO changelog (record_id, table_name, row_action) VALUES ('1e6ef172-2cff-4f44-825b-f8ca4d42cb57', 'item_variant', 'UPSERT');
INSERT INTO item_variant (id, name, item_link_id, cold_storage_type_id, doses_per_unit) VALUES ('1e6ef172-2cff-4f44-825b-f8ca4d42cb57', 'C19-Janssen Ad26.COV2.S Ad26.COV2.S', '2c2944e2-0f5e-4918-94ba-7cb6357a29a5', (SELECT id FROM cold_storage_type WHERE name = '-20' or min_temperature = -20 and max_temperature = -20 LIMIT 1), 5) ON CONFLICT DO NOTHING;
INSERT INTO changelog (record_id, table_name, row_action) VALUES ('1e6ef172-2cff-4f44-825b-f8ca4d42cb57', 'item_variant', 'UPSERT');
INSERT INTO item_variant (id, name, item_link_id, cold_storage_type_id, doses_per_unit) VALUES ('1e6ef172-2cff-4f44-825b-f8ca4d42cb57', 'C19-Pfizer PBS/Sucrose (purple cap) Comirnaty', '2c2944e2-0f5e-4918-94ba-7cb6357a29a5', (SELECT id FROM cold_storage_type WHERE name = '-70' or min_temperature = -70 and max_temperature = -70 LIMIT 1), 6) ON CONFLICT DO NOTHING;
INSERT INTO changelog (record_id, table_name, row_action) VALUES ('1e6ef172-2cff-4f44-825b-f8ca4d42cb57', 'item_variant', 'UPSERT');
INSERT INTO item (id, name, code, ven_category, type, legacy_record, is_active, is_vaccine, vaccine_doses, default_pack_size) VALUES ('33dc5377-174b-420f-b765-93be977a740c', 'C19-Pfizer PBS/Sucrose (purple cap) Diluent', 'C19-Pfizer PBS/Sucrose (purple cap)_DILUENT', 'NOT_ASSIGNED', 'STOCK', '', 'True', 'False', 0, 1) ON CONFLICT DO NOTHING;
INSERT INTO changelog (record_id, table_name, row_action) VALUES ('33dc5377-174b-420f-b765-93be977a740c', 'item', 'UPSERT');
INSERT INTO item_variant (id, name, item_link_id, cold_storage_type_id, doses_per_unit) VALUES ('b94af9d1-21ab-4220-b768-6534aa8bd2fe', 'C19-Pfizer PBS/Sucrose (purple cap) Comirnaty Diluent', '33dc5377-174b-420f-b765-93be977a740c', (SELECT id FROM cold_storage_type WHERE name = '-70' or min_temperature = -70 and max_temperature = -70 LIMIT 1), 6) ON CONFLICT DO NOTHING;
INSERT INTO changelog (record_id, table_name, row_action) VALUES ('b94af9d1-21ab-4220-b768-6534aa8bd2fe', 'item_variant', 'UPSERT');
INSERT INTO item_variant (id, name, item_link_id, cold_storage_type_id, doses_per_unit) VALUES ('1e6ef172-2cff-4f44-825b-f8ca4d42cb57', 'C19-Pfizer Tris/Sucrose (grey cap) Comirnaty', '2c2944e2-0f5e-4918-94ba-7cb6357a29a5', (SELECT id FROM cold_storage_type WHERE name = '-70' or min_temperature = -70 and max_temperature = -70 LIMIT 1), 6) ON CONFLICT DO NOTHING;
INSERT INTO changelog (record_id, table_name, row_action) VALUES ('1e6ef172-2cff-4f44-825b-f8ca4d42cb57', 'item_variant', 'UPSERT');
INSERT INTO item_variant (id, name, item_link_id, cold_storage_type_id, doses_per_unit) VALUES ('1e6ef172-2cff-4f44-825b-f8ca4d42cb57', 'C19-Pfizer Tris/Sucrose (orange cap) Comirnaty', '2c2944e2-0f5e-4918-94ba-7cb6357a29a5', (SELECT id FROM cold_storage_type WHERE name = '-70' or min_temperature = -70 and max_temperature = -70 LIMIT 1), 6) ON CONFLICT DO NOTHING;
INSERT INTO changelog (record_id, table_name, row_action) VALUES ('1e6ef172-2cff-4f44-825b-f8ca4d42cb57', 'item_variant', 'UPSERT');
INSERT INTO item_variant (id, name, item_link_id, cold_storage_type_id, doses_per_unit) VALUES ('1e6ef172-2cff-4f44-825b-f8ca4d42cb57', 'C19-Sinopharm VeroCell Sinopharm', '2c2944e2-0f5e-4918-94ba-7cb6357a29a5', (SELECT id FROM cold_storage_type WHERE name = '+5' or min_temperature = 2 and max_temperature = 8 LIMIT 1), 1) ON CONFLICT DO NOTHING;
INSERT INTO changelog (record_id, table_name, row_action) VALUES ('1e6ef172-2cff-4f44-825b-f8ca4d42cb57', 'item_variant', 'UPSERT');
INSERT INTO item_variant (id, name, item_link_id, cold_storage_type_id, doses_per_unit) VALUES ('1e6ef172-2cff-4f44-825b-f8ca4d42cb57', 'C19-Sinopharm VeroCell Sinopharm', '2c2944e2-0f5e-4918-94ba-7cb6357a29a5', (SELECT id FROM cold_storage_type WHERE name = '+5' or min_temperature = 2 and max_temperature = 8 LIMIT 1), 1) ON CONFLICT DO NOTHING;
INSERT INTO changelog (record_id, table_name, row_action) VALUES ('1e6ef172-2cff-4f44-825b-f8ca4d42cb57', 'item_variant', 'UPSERT');
INSERT INTO item_variant (id, name, item_link_id, cold_storage_type_id, doses_per_unit) VALUES ('1e6ef172-2cff-4f44-825b-f8ca4d42cb57', 'C19-Sinopharm VeroCell Sinopharm', '2c2944e2-0f5e-4918-94ba-7cb6357a29a5', (SELECT id FROM cold_storage_type WHERE name = '+5' or min_temperature = 2 and max_temperature = 8 LIMIT 1), 1) ON CONFLICT DO NOTHING;
INSERT INTO changelog (record_id, table_name, row_action) VALUES ('1e6ef172-2cff-4f44-825b-f8ca4d42cb57', 'item_variant', 'UPSERT');
INSERT INTO item_variant (id, name, item_link_id, cold_storage_type_id, doses_per_unit) VALUES ('1e6ef172-2cff-4f44-825b-f8ca4d42cb57', 'C19-Sinopharm VeroCell Sinopharm', '2c2944e2-0f5e-4918-94ba-7cb6357a29a5', (SELECT id FROM cold_storage_type WHERE name = '+5' or min_temperature = 2 and max_temperature = 8 LIMIT 1), 1) ON CONFLICT DO NOTHING;
INSERT INTO changelog (record_id, table_name, row_action) VALUES ('1e6ef172-2cff-4f44-825b-f8ca4d42cb57', 'item_variant', 'UPSERT');
INSERT INTO item_variant (id, name, item_link_id, cold_storage_type_id, doses_per_unit) VALUES ('1e6ef172-2cff-4f44-825b-f8ca4d42cb57', 'C19-Sinopharm VeroCell Sinopharm', '2c2944e2-0f5e-4918-94ba-7cb6357a29a5', (SELECT id FROM cold_storage_type WHERE name = '+5' or min_temperature = 2 and max_temperature = 8 LIMIT 1), 2) ON CONFLICT DO NOTHING;
INSERT INTO changelog (record_id, table_name, row_action) VALUES ('1e6ef172-2cff-4f44-825b-f8ca4d42cb57', 'item_variant', 'UPSERT');
INSERT INTO item_variant (id, name, item_link_id, cold_storage_type_id, doses_per_unit) VALUES ('1e6ef172-2cff-4f44-825b-f8ca4d42cb57', 'C19-Sinopharm VeroCell Sinopharm', '2c2944e2-0f5e-4918-94ba-7cb6357a29a5', (SELECT id FROM cold_storage_type WHERE name = '+5' or min_temperature = 2 and max_temperature = 8 LIMIT 1), 2) ON CONFLICT DO NOTHING;
INSERT INTO changelog (record_id, table_name, row_action) VALUES ('1e6ef172-2cff-4f44-825b-f8ca4d42cb57', 'item_variant', 'UPSERT');
INSERT INTO item_variant (id, name, item_link_id, cold_storage_type_id, doses_per_unit) VALUES ('1e6ef172-2cff-4f44-825b-f8ca4d42cb57', 'C19-Sinopharm VeroCell Sinopharm', '2c2944e2-0f5e-4918-94ba-7cb6357a29a5', (SELECT id FROM cold_storage_type WHERE name = '+5' or min_temperature = 2 and max_temperature = 8 LIMIT 1), 2) ON CONFLICT DO NOTHING;
INSERT INTO changelog (record_id, table_name, row_action) VALUES ('1e6ef172-2cff-4f44-825b-f8ca4d42cb57', 'item_variant', 'UPSERT');
INSERT INTO item_variant (id, name, item_link_id, cold_storage_type_id, doses_per_unit) VALUES ('1e6ef172-2cff-4f44-825b-f8ca4d42cb57', 'C19-Sinopharm VeroCell Sinopharm', '2c2944e2-0f5e-4918-94ba-7cb6357a29a5', (SELECT id FROM cold_storage_type WHERE name = '+5' or min_temperature = 2 and max_temperature = 8 LIMIT 1), 5) ON CONFLICT DO NOTHING;
INSERT INTO changelog (record_id, table_name, row_action) VALUES ('1e6ef172-2cff-4f44-825b-f8ca4d42cb57', 'item_variant', 'UPSERT');
INSERT INTO item_variant (id, name, item_link_id, cold_storage_type_id, doses_per_unit) VALUES ('1e6ef172-2cff-4f44-825b-f8ca4d42cb57', 'C19-Sinopharm VeroCell Sinopharm', '2c2944e2-0f5e-4918-94ba-7cb6357a29a5', (SELECT id FROM cold_storage_type WHERE name = '+5' or min_temperature = 2 and max_temperature = 8 LIMIT 1), 5) ON CONFLICT DO NOTHING;
INSERT INTO changelog (record_id, table_name, row_action) VALUES ('1e6ef172-2cff-4f44-825b-f8ca4d42cb57', 'item_variant', 'UPSERT');
INSERT INTO item_variant (id, name, item_link_id, cold_storage_type_id, doses_per_unit) VALUES ('1e6ef172-2cff-4f44-825b-f8ca4d42cb57', 'C19-Sinopharm VeroCell Sinopharm', '2c2944e2-0f5e-4918-94ba-7cb6357a29a5', (SELECT id FROM cold_storage_type WHERE name = '+5' or min_temperature = 2 and max_temperature = 8 LIMIT 1), 5) ON CONFLICT DO NOTHING;
INSERT INTO changelog (record_id, table_name, row_action) VALUES ('1e6ef172-2cff-4f44-825b-f8ca4d42cb57', 'item_variant', 'UPSERT');
INSERT INTO item_variant (id, name, item_link_id, cold_storage_type_id, doses_per_unit) VALUES ('1e6ef172-2cff-4f44-825b-f8ca4d42cb57', 'C19-Sinovac Coronovac CoronaVac', '2c2944e2-0f5e-4918-94ba-7cb6357a29a5', (SELECT id FROM cold_storage_type WHERE name = '+5' or min_temperature = 2 and max_temperature = 8 LIMIT 1), 2) ON CONFLICT DO NOTHING;
INSERT INTO changelog (record_id, table_name, row_action) VALUES ('1e6ef172-2cff-4f44-825b-f8ca4d42cb57', 'item_variant', 'UPSERT');
INSERT INTO item_variant (id, name, item_link_id, cold_storage_type_id, doses_per_unit) VALUES ('1e6ef172-2cff-4f44-825b-f8ca4d42cb57', 'C19-Sinovac Coronovac CoronaVac', '2c2944e2-0f5e-4918-94ba-7cb6357a29a5', (SELECT id FROM cold_storage_type WHERE name = '+5' or min_temperature = 2 and max_temperature = 8 LIMIT 1), 1) ON CONFLICT DO NOTHING;
INSERT INTO changelog (record_id, table_name, row_action) VALUES ('1e6ef172-2cff-4f44-825b-f8ca4d42cb57', 'item_variant', 'UPSERT');
INSERT INTO item_variant (id, name, item_link_id, cold_storage_type_id, doses_per_unit) VALUES ('1e6ef172-2cff-4f44-825b-f8ca4d42cb57', 'C19-Sinovac Coronovac CoronaVac', '2c2944e2-0f5e-4918-94ba-7cb6357a29a5', (SELECT id FROM cold_storage_type WHERE name = '+5' or min_temperature = 2 and max_temperature = 8 LIMIT 1), 1) ON CONFLICT DO NOTHING;
INSERT INTO changelog (record_id, table_name, row_action) VALUES ('1e6ef172-2cff-4f44-825b-f8ca4d42cb57', 'item_variant', 'UPSERT');
INSERT INTO item_variant (id, name, item_link_id, cold_storage_type_id, doses_per_unit) VALUES ('1e6ef172-2cff-4f44-825b-f8ca4d42cb57', 'C19-Sputnik Sputnik V', '2c2944e2-0f5e-4918-94ba-7cb6357a29a5', (SELECT id FROM cold_storage_type WHERE name = '-20' or min_temperature = -20 and max_temperature = -20 LIMIT 1), 1) ON CONFLICT DO NOTHING;
INSERT INTO changelog (record_id, table_name, row_action) VALUES ('1e6ef172-2cff-4f44-825b-f8ca4d42cb57', 'item_variant', 'UPSERT');
INSERT INTO item_variant (id, name, item_link_id, cold_storage_type_id, doses_per_unit) VALUES ('1e6ef172-2cff-4f44-825b-f8ca4d42cb57', 'C19-Bharat COVAXIN BBV152, COVAXIN®', '2c2944e2-0f5e-4918-94ba-7cb6357a29a5', (SELECT id FROM cold_storage_type WHERE name = '+5' or min_temperature = 2 and max_temperature = 8 LIMIT 1), 1) ON CONFLICT DO NOTHING;
INSERT INTO changelog (record_id, table_name, row_action) VALUES ('1e6ef172-2cff-4f44-825b-f8ca4d42cb57', 'item_variant', 'UPSERT');
INSERT INTO item_variant (id, name, item_link_id, cold_storage_type_id, doses_per_unit) VALUES ('1e6ef172-2cff-4f44-825b-f8ca4d42cb57', 'C19-Bharat COVAXIN BBV152, COVAXIN®', '2c2944e2-0f5e-4918-94ba-7cb6357a29a5', (SELECT id FROM cold_storage_type WHERE name = '+5' or min_temperature = 2 and max_temperature = 8 LIMIT 1), 5) ON CONFLICT DO NOTHING;
INSERT INTO changelog (record_id, table_name, row_action) VALUES ('1e6ef172-2cff-4f44-825b-f8ca4d42cb57', 'item_variant', 'UPSERT');
INSERT INTO item_variant (id, name, item_link_id, cold_storage_type_id, doses_per_unit) VALUES ('1e6ef172-2cff-4f44-825b-f8ca4d42cb57', 'C19-Bharat COVAXIN BBV152, COVAXIN®', '2c2944e2-0f5e-4918-94ba-7cb6357a29a5', (SELECT id FROM cold_storage_type WHERE name = '+5' or min_temperature = 2 and max_temperature = 8 LIMIT 1), 10) ON CONFLICT DO NOTHING;
INSERT INTO changelog (record_id, table_name, row_action) VALUES ('1e6ef172-2cff-4f44-825b-f8ca4d42cb57', 'item_variant', 'UPSERT');
INSERT INTO item_variant (id, name, item_link_id, cold_storage_type_id, doses_per_unit) VALUES ('1e6ef172-2cff-4f44-825b-f8ca4d42cb57', 'C19-Bharat COVAXIN BBV152, COVAXIN®', '2c2944e2-0f5e-4918-94ba-7cb6357a29a5', (SELECT id FROM cold_storage_type WHERE name = '+5' or min_temperature = 2 and max_temperature = 8 LIMIT 1), 20) ON CONFLICT DO NOTHING;
INSERT INTO changelog (record_id, table_name, row_action) VALUES ('1e6ef172-2cff-4f44-825b-f8ca4d42cb57', 'item_variant', 'UPSERT');
INSERT INTO item_variant (id, name, item_link_id, cold_storage_type_id, doses_per_unit) VALUES ('1e6ef172-2cff-4f44-825b-f8ca4d42cb57', 'C-19 Covovax SARS-CoV-2 rS COVOVAX', '2c2944e2-0f5e-4918-94ba-7cb6357a29a5', (SELECT id FROM cold_storage_type WHERE name = '+5' or min_temperature = 2 and max_temperature = 8 LIMIT 1), 10) ON CONFLICT DO NOTHING;
INSERT INTO changelog (record_id, table_name, row_action) VALUES ('1e6ef172-2cff-4f44-825b-f8ca4d42cb57', 'item_variant', 'UPSERT');
INSERT INTO item_variant (id, name, item_link_id, cold_storage_type_id, doses_per_unit) VALUES ('1e6ef172-2cff-4f44-825b-f8ca4d42cb57', 'C-19 Covovax SARS-CoV-2 rS COVOVAX', '2c2944e2-0f5e-4918-94ba-7cb6357a29a5', (SELECT id FROM cold_storage_type WHERE name = '+5' or min_temperature = 2 and max_temperature = 8 LIMIT 1), 1) ON CONFLICT DO NOTHING;
INSERT INTO changelog (record_id, table_name, row_action) VALUES ('1e6ef172-2cff-4f44-825b-f8ca4d42cb57', 'item_variant', 'UPSERT');
INSERT INTO item_variant (id, name, item_link_id, cold_storage_type_id, doses_per_unit) VALUES ('1e6ef172-2cff-4f44-825b-f8ca4d42cb57', 'C-19 Nuvaxovid SARS-CoV-2 rS NUVAXOVID', '2c2944e2-0f5e-4918-94ba-7cb6357a29a5', (SELECT id FROM cold_storage_type WHERE name = '+5' or min_temperature = 2 and max_temperature = 8 LIMIT 1), 10) ON CONFLICT DO NOTHING;
INSERT INTO changelog (record_id, table_name, row_action) VALUES ('1e6ef172-2cff-4f44-825b-f8ca4d42cb57', 'item_variant', 'UPSERT');
INSERT INTO item_variant (id, name, item_link_id, cold_storage_type_id, doses_per_unit) VALUES ('1e6ef172-2cff-4f44-825b-f8ca4d42cb57', 'COVID-A', '2c2944e2-0f5e-4918-94ba-7cb6357a29a5', (SELECT id FROM cold_storage_type WHERE name = '+5' or min_temperature = 2 and max_temperature = 8 LIMIT 1), 10) ON CONFLICT DO NOTHING;
INSERT INTO changelog (record_id, table_name, row_action) VALUES ('1e6ef172-2cff-4f44-825b-f8ca4d42cb57', 'item_variant', 'UPSERT');
INSERT INTO item_variant (id, name, item_link_id, cold_storage_type_id, doses_per_unit) VALUES ('1e6ef172-2cff-4f44-825b-f8ca4d42cb57', 'COVID-B', '2c2944e2-0f5e-4918-94ba-7cb6357a29a5', (SELECT id FROM cold_storage_type WHERE name = '+5' or min_temperature = 2 and max_temperature = 8 LIMIT 1), 10) ON CONFLICT DO NOTHING;
INSERT INTO changelog (record_id, table_name, row_action) VALUES ('1e6ef172-2cff-4f44-825b-f8ca4d42cb57', 'item_variant', 'UPSERT');
INSERT INTO item_variant (id, name, item_link_id, cold_storage_type_id, doses_per_unit) VALUES ('1e6ef172-2cff-4f44-825b-f8ca4d42cb57', 'COVID-C', '2c2944e2-0f5e-4918-94ba-7cb6357a29a5', (SELECT id FROM cold_storage_type WHERE name = '+5' or min_temperature = 2 and max_temperature = 8 LIMIT 1), 1) ON CONFLICT DO NOTHING;
INSERT INTO changelog (record_id, table_name, row_action) VALUES ('1e6ef172-2cff-4f44-825b-f8ca4d42cb57', 'item_variant', 'UPSERT');
