backend,size,op,field,method,median_ms,p95_ms,cleanup_ms,seed_ms_dense,seed_ms_sparse
sqlite,1000,filter,text,legacy,0.9567294999897058,1.035541000021567,174854.219,85.19804099998396,113.79466599998977
sqlite,1000,filter,text,legacyJsonb,0.22404149999033507,0.24016700001538993,174854.219,85.19804099998396,113.79466599998977
sqlite,1000,filter,text,v2,0.08300000000360797,0.09070799998767143,174854.219,85.19804099998396,113.79466599998977
sqlite,1000,filter,number,legacy,0.28927100001396866,0.30533300000001873,174854.219,85.19804099998396,113.79466599998977
sqlite,1000,filter,number,legacyJsonb,0.05470799999329756,0.058375000008936695,174854.219,85.19804099998396,113.79466599998977
sqlite,1000,filter,number,v2,0.031583500017973165,0.033833999992793906,174854.219,85.19804099998396,113.79466599998977
sqlite,1000,filter,option,legacy,0.3051039999917293,0.33016600002611085,174854.219,85.19804099998396,113.79466599998977
sqlite,1000,filter,option,legacyJsonb,0.057521000002225264,0.0581669999917267,174854.219,85.19804099998396,113.79466599998977
sqlite,1000,filter,option,v2,0.02758299999072733,0.02962499999625834,174854.219,85.19804099998396,113.79466599998977
sqlite,1000,filter,date,legacy,1.2315205000135165,1.3010840000049484,174854.219,85.19804099998396,113.79466599998977
sqlite,1000,filter,date,legacyJsonb,0.22370799999293922,0.24083300002075703,174854.219,85.19804099998396,113.79466599998977
sqlite,1000,filter,date,v2,0.07964550000849613,0.08349999998813473,174854.219,85.19804099998396,113.79466599998977
sqlite,1000,filter,date,indexed,0.0038335000027700517,0.005750000013904355,174854.219,85.19804099998396,113.79466599998977
sqlite,1000,filter,text_sparse,legacy,1.3338960000055522,1.425792000020465,174854.219,85.19804099998396,113.79466599998977
sqlite,1000,filter,text_sparse,legacyJsonb,0.32872899998892535,0.3839999999968313,174854.219,85.19804099998396,113.79466599998977
sqlite,1000,filter,text_sparse,v2,0.13408349998655922,0.18449999998892963,174854.219,85.19804099998396,113.79466599998977
sqlite,1000,filter,number_sparse,legacy,1.1353125000113096,1.2846250000109194,174854.219,85.19804099998396,113.79466599998977
sqlite,1000,filter,number_sparse,legacyJsonb,0.25981200001012894,0.270541999981333,174854.219,85.19804099998396,113.79466599998977
sqlite,1000,filter,number_sparse,v2,0.08312500001750323,0.10637500000143518,174854.219,85.19804099998396,113.79466599998977
sqlite,1000,filter,option_sparse,legacy,0.7073539999851164,0.7427500000005693,174854.219,85.19804099998396,113.79466599998977
sqlite,1000,filter,option_sparse,legacyJsonb,0.173145499999805,0.17962500001544868,174854.219,85.19804099998396,113.79466599998977
sqlite,1000,filter,option_sparse,v2,0.04906249999692136,0.059958000008464296,174854.219,85.19804099998396,113.79466599998977
sqlite,1000,filter,date_sparse,legacy,1.310437499995487,1.4289160000089396,174854.219,85.19804099998396,113.79466599998977
sqlite,1000,filter,date_sparse,legacyJsonb,0.3322915000012472,0.3501660000040374,174854.219,85.19804099998396,113.79466599998977
sqlite,1000,filter,date_sparse,v2,0.1012090000074295,0.11399999999639476,174854.219,85.19804099998396,113.79466599998977
sqlite,1000,sort,text,legacy,1.264417000001572,1.29841599999736,174854.219,85.19804099998396,113.79466599998977
sqlite,1000,sort,text,legacyJsonb,0.23162499999784814,0.25237500000230284,174854.219,85.19804099998396,113.79466599998977
sqlite,1000,sort,text,v2,1.3566254999943794,1.4674589999970067,174854.219,85.19804099998396,113.79466599998977
sqlite,1000,sort,number,legacy,1.2890834999979006,1.4109580000081223,174854.219,85.19804099998396,113.79466599998977
sqlite,1000,sort,number,legacyJsonb,0.24631300000521605,0.4969169999924361,174854.219,85.19804099998396,113.79466599998977
sqlite,1000,sort,number,v2,1.3402704999947446,1.4069580000182214,174854.219,85.19804099998396,113.79466599998977
sqlite,1000,sort,option,legacy,1.272021000019663,1.389041999999563,174854.219,85.19804099998396,113.79466599998977
sqlite,1000,sort,option,legacyJsonb,0.24837549999290331,0.28241699999398406,174854.219,85.19804099998396,113.79466599998977
sqlite,1000,sort,option,v2,1.4992915000107132,1.59808399999406,174854.219,85.19804099998396,113.79466599998977
sqlite,1000,sort,date,legacy,1.2165629999998373,1.416707999993605,174854.219,85.19804099998396,113.79466599998977
sqlite,1000,sort,date,legacyJsonb,0.24066649999099354,0.2601670000217382,174854.219,85.19804099998396,113.79466599998977
sqlite,1000,sort,date,v2,1.323749500002691,1.392167000005884,174854.219,85.19804099998396,113.79466599998977
sqlite,1000,sort,date,indexed,0.004042000000481494,0.004749999988007403,174854.219,85.19804099998396,113.79466599998977
sqlite,1000,sort,text_sparse,legacy,1.3195205000045007,1.409125000009226,174854.219,85.19804099998396,113.79466599998977
sqlite,1000,sort,text_sparse,legacyJsonb,0.351874999992674,0.43383400000607253,174854.219,85.19804099998396,113.79466599998977
sqlite,1000,sort,text_sparse,v2,1.325771000011855,1.3619579999897269,174854.219,85.19804099998396,113.79466599998977
sqlite,1000,sort,number_sparse,legacy,1.3495210000087354,1.4505839999969794,174854.219,85.19804099998396,113.79466599998977
sqlite,1000,sort,number_sparse,legacyJsonb,0.33862499999770534,0.3923330000077385,174854.219,85.19804099998396,113.79466599998977
sqlite,1000,sort,number_sparse,v2,1.3454374999923857,1.3809999999807587,174854.219,85.19804099998396,113.79466599998977
sqlite,1000,sort,option_sparse,legacy,1.3539795000099275,1.4389170000015383,174854.219,85.19804099998396,113.79466599998977
sqlite,1000,sort,option_sparse,legacyJsonb,0.33975000000907585,0.3778330000159258,174854.219,85.19804099998396,113.79466599998977
sqlite,1000,sort,option_sparse,v2,1.4104170000024396,1.532499999996162,174854.219,85.19804099998396,113.79466599998977
sqlite,1000,sort,date_sparse,legacy,1.3251040000028524,1.4792919999990772,174854.219,85.19804099998396,113.79466599998977
sqlite,1000,sort,date_sparse,legacyJsonb,0.3483130000034862,0.3783749999968222,174854.219,85.19804099998396,113.79466599998977
sqlite,1000,sort,date_sparse,v2,1.355458500015061,1.4193750000117689,174854.219,85.19804099998396,113.79466599998977
sqlite,10000,filter,text,legacy,0.9083329999981515,1.0139590000051157,54.833124999987604,300.2966669999978,1120.2750419999745
sqlite,10000,filter,text,legacyJsonb,0.19222900000670506,0.19529200000079072,54.833124999987604,300.2966669999978,1120.2750419999745
sqlite,10000,filter,text,v2,0.32349999999325973,0.3368749999879128,54.833124999987604,300.2966669999978,1120.2750419999745
sqlite,10000,filter,number,legacy,0.2903744999969149,0.3034590000083881,54.833124999987604,300.2966669999978,1120.2750419999745
sqlite,10000,filter,number,legacyJsonb,0.06229150000081063,0.06858300000089912,54.833124999987604,300.2966669999978,1120.2750419999745
sqlite,10000,filter,number,v2,0.09925000000521322,0.10891700000570381,54.833124999987604,300.2966669999978,1120.2750419999745
sqlite,10000,filter,option,legacy,0.28966649999517813,0.2974170000129561,54.833124999987604,300.2966669999978,1120.2750419999745
sqlite,10000,filter,option,legacyJsonb,0.06220800000278359,0.0768749999906504,54.833124999987604,300.2966669999978,1120.2750419999745
sqlite,10000,filter,option,v2,0.09639600000355131,0.11387500001092121,54.833124999987604,300.2966669999978,1120.2750419999745
sqlite,10000,filter,date,legacy,5.350541500007466,5.681041999991976,54.833124999987604,300.2966669999978,1120.2750419999745
sqlite,10000,filter,date,legacyJsonb,2.7104165000082503,2.999708000004375,54.833124999987604,300.2966669999978,1120.2750419999745
sqlite,10000,filter,date,v2,1.1121250000059035,1.2217499999849224,54.833124999987604,300.2966669999978,1120.2750419999745
sqlite,10000,filter,date,indexed,0.004728999996927996,0.006666000018640261,54.833124999987604,300.2966669999978,1120.2750419999745
sqlite,10000,filter,text_sparse,legacy,17.680416499985085,20.01716700002021,54.833124999987604,300.2966669999978,1120.2750419999745
sqlite,10000,filter,text_sparse,legacyJsonb,9.809833500000309,10.000958000006221,54.833124999987604,300.2966669999978,1120.2750419999745
sqlite,10000,filter,text_sparse,v2,5.97239600000421,6.420125000005328,54.833124999987604,300.2966669999978,1120.2750419999745
sqlite,10000,filter,number_sparse,legacy,1.0978540000081694,1.2564170000075592,54.833124999987604,300.2966669999978,1120.2750419999745
sqlite,10000,filter,number_sparse,legacyJsonb,0.26739599999814345,0.3073329999949692,54.833124999987604,300.2966669999978,1120.2750419999745
sqlite,10000,filter,number_sparse,v2,0.37404199999002685,0.4322080000065398,54.833124999987604,300.2966669999978,1120.2750419999745
sqlite,10000,filter,option_sparse,legacy,0.7208124999920074,0.8579999999938082,54.833124999987604,300.2966669999978,1120.2750419999745
sqlite,10000,filter,option_sparse,legacyJsonb,0.18724999998198655,0.1970829999891066,54.833124999987604,300.2966669999978,1120.2750419999745
sqlite,10000,filter,option_sparse,v2,0.22022950000177843,0.22212499999341162,54.833124999987604,300.2966669999978,1120.2750419999745
sqlite,10000,filter,date_sparse,legacy,17.45770799999491,18.259999999997945,54.833124999987604,300.2966669999978,1120.2750419999745
sqlite,10000,filter,date_sparse,legacyJsonb,9.27602099999092,9.656959000011511,54.833124999987604,300.2966669999978,1120.2750419999745
sqlite,10000,filter,date_sparse,v2,6.306937500013987,6.55208300000254,54.833124999987604,300.2966669999978,1120.2750419999745
sqlite,10000,sort,text,legacy,20.426354500003185,20.89950000001295,54.833124999987604,300.2966669999978,1120.2750419999745
sqlite,10000,sort,text,legacyJsonb,9.955583000007096,10.302332999998498,54.833124999987604,300.2966669999978,1120.2750419999745
sqlite,10000,sort,text,v2,4.391291499985073,4.839540999995506,54.833124999987604,300.2966669999978,1120.2750419999745
sqlite,10000,sort,number,legacy,20.526478999997266,20.872249999996484,54.833124999987604,300.2966669999978,1120.2750419999745
sqlite,10000,sort,number,legacyJsonb,10.493332999999438,11.782916000015575,54.833124999987604,300.2966669999978,1120.2750419999745
sqlite,10000,sort,number,v2,4.279978999988998,4.501708000020699,54.833124999987604,300.2966669999978,1120.2750419999745
sqlite,10000,sort,option,legacy,21.675687499993046,22.532374999997273,54.833124999987604,300.2966669999978,1120.2750419999745
sqlite,10000,sort,option,legacyJsonb,10.859374999995453,11.366541000001007,54.833124999987604,300.2966669999978,1120.2750419999745
sqlite,10000,sort,option,v2,6.297728999996366,6.5274170000009235,54.833124999987604,300.2966669999978,1120.2750419999745
sqlite,10000,sort,date,legacy,21.882353999998827,22.716374999987465,54.833124999987604,300.2966669999978,1120.2750419999745
sqlite,10000,sort,date,legacyJsonb,11.920437499995273,12.253125000000864,54.833124999987604,300.2966669999978,1120.2750419999745
sqlite,10000,sort,date,v2,4.562957999993955,4.747541999989835,54.833124999987604,300.2966669999978,1120.2750419999745
sqlite,10000,sort,date,indexed,0.004187499996533006,0.005125000001271474,54.833124999987604,300.2966669999978,1120.2750419999745
sqlite,10000,sort,text_sparse,legacy,22.994917000005444,23.443166999982168,54.833124999987604,300.2966669999978,1120.2750419999745
sqlite,10000,sort,text_sparse,legacyJsonb,12.098666500008903,12.340792000003376,54.833124999987604,300.2966669999978,1120.2750419999745
sqlite,10000,sort,text_sparse,v2,8.306563000004985,8.50833300000886,54.833124999987604,300.2966669999978,1120.2750419999745
sqlite,10000,sort,number_sparse,legacy,22.563541500005613,23.77595799998744,54.833124999987604,300.2966669999978,1120.2750419999745
sqlite,10000,sort,number_sparse,legacyJsonb,12.148604000003616,12.41266700000665,54.833124999987604,300.2966669999978,1120.2750419999745
sqlite,10000,sort,number_sparse,v2,8.618228999992539,9.316750000010643,54.833124999987604,300.2966669999978,1120.2750419999745
sqlite,10000,sort,option_sparse,legacy,22.592958500013083,22.99950000002582,54.833124999987604,300.2966669999978,1120.2750419999745
sqlite,10000,sort,option_sparse,legacyJsonb,12.163791500000798,17.362082999994755,54.833124999987604,300.2966669999978,1120.2750419999745
sqlite,10000,sort,option_sparse,v2,9.365250000001879,9.962709000006953,54.833124999987604,300.2966669999978,1120.2750419999745
sqlite,10000,sort,date_sparse,legacy,22.991271000009306,26.468624999978374,54.833124999987604,300.2966669999978,1120.2750419999745
sqlite,10000,sort,date_sparse,legacyJsonb,12.556083000006879,12.838916999982075,54.833124999987604,300.2966669999978,1120.2750419999745
sqlite,10000,sort,date_sparse,v2,8.336562500005584,8.945334000003413,54.833124999987604,300.2966669999978,1120.2750419999745
sqlite,100000,filter,text,legacy,1.1429584999973486,1.1890840000035041,448.36870800000383,3230.240500000008,10729.708166999984
sqlite,100000,filter,text,legacyJsonb,0.19279199999289176,0.20391699999322555,448.36870800000383,3230.240500000008,10729.708166999984
sqlite,100000,filter,text,v2,0.3698745000093595,0.37795800000139934,448.36870800000383,3230.240500000008,10729.708166999984
sqlite,100000,filter,number,legacy,0.28837499998246585,0.29391699999337106,448.36870800000383,3230.240500000008,10729.708166999984
sqlite,100000,filter,number,legacyJsonb,0.06091699999899447,0.06616599998210404,448.36870800000383,3230.240500000008,10729.708166999984
sqlite,100000,filter,number,v2,0.11235450000413039,0.1145419999772912,448.36870800000383,3230.240500000008,10729.708166999984
sqlite,100000,filter,option,legacy,0.30614600001399594,0.3456670000048234,448.36870800000383,3230.240500000008,10729.708166999984
sqlite,100000,filter,option,legacyJsonb,0.06135399999607216,0.0730410000073789,448.36870800000383,3230.240500000008,10729.708166999984
sqlite,100000,filter,option,v2,0.11699949999410819,0.1212919999886708,448.36870800000383,3230.240500000008,10729.708166999984
sqlite,100000,filter,date,legacy,5.370478999992656,5.576999999988175,448.36870800000383,3230.240500000008,10729.708166999984
sqlite,100000,filter,date,legacyJsonb,2.854354500001932,3.3437919999812493,448.36870800000383,3230.240500000008,10729.708166999984
sqlite,100000,filter,date,v2,1.2571040000040057,1.3414580000130627,448.36870800000383,3230.240500000008,10729.708166999984
sqlite,100000,filter,date,indexed,0.0049580000052174,0.0070410000034826226,448.36870800000383,3230.240500000008,10729.708166999984
sqlite,100000,filter,text_sparse,legacy,17.71283300000448,18.166209000014533,448.36870800000383,3230.240500000008,10729.708166999984
sqlite,100000,filter,text_sparse,legacyJsonb,10.76168750000761,12.000124999985928,448.36870800000383,3230.240500000008,10729.708166999984
sqlite,100000,filter,text_sparse,v2,6.624916500001632,7.066457999997056,448.36870800000383,3230.240500000008,10729.708166999984
sqlite,100000,filter,number_sparse,legacy,1.0934794999997166,1.329291000018884,448.36870800000383,3230.240500000008,10729.708166999984
sqlite,100000,filter,number_sparse,legacyJsonb,0.27658299998734037,0.2881249999973079,448.36870800000383,3230.240500000008,10729.708166999984
sqlite,100000,filter,number_sparse,v2,0.44918749999567353,0.47533299999713563,448.36870800000383,3230.240500000008,10729.708166999984
sqlite,100000,filter,option_sparse,legacy,0.7092295000035165,0.79558299998439,448.36870800000383,3230.240500000008,10729.708166999984
sqlite,100000,filter,option_sparse,legacyJsonb,0.1871040000054336,0.20733299999164956,448.36870800000383,3230.240500000008,10729.708166999984
sqlite,100000,filter,option_sparse,v2,0.2678125000130649,0.28595800000630334,448.36870800000383,3230.240500000008,10729.708166999984
sqlite,100000,filter,date_sparse,legacy,17.67766650000624,17.814583000017592,448.36870800000383,3230.240500000008,10729.708166999984
sqlite,100000,filter,date_sparse,legacyJsonb,9.502104500000996,9.854334000010567,448.36870800000383,3230.240500000008,10729.708166999984
sqlite,100000,filter,date_sparse,v2,6.514666499995769,6.928125000001728,448.36870800000383,3230.240500000008,10729.708166999984
sqlite,100000,sort,text,legacy,209.60125000001995,211.6049169999883,448.36870800000383,3230.240500000008,10729.708166999984
sqlite,100000,sort,text,legacyJsonb,110.29270850001183,113.4358749999933,448.36870800000383,3230.240500000008,10729.708166999984
sqlite,100000,sort,text,v2,55.871812500015494,56.68366599999786,448.36870800000383,3230.240500000008,10729.708166999984
sqlite,100000,sort,number,legacy,216.4445834999924,217.43362499998398,448.36870800000383,3230.240500000008,10729.708166999984
sqlite,100000,sort,number,legacyJsonb,112.45697900000096,117.90062500000431,448.36870800000383,3230.240500000008,10729.708166999984
sqlite,100000,sort,number,v2,54.332104499991374,54.79479200002402,448.36870800000383,3230.240500000008,10729.708166999984
sqlite,100000,sort,option,legacy,216.82966649999003,220.0141249999774,448.36870800000383,3230.240500000008,10729.708166999984
sqlite,100000,sort,option,legacyJsonb,112.93683299999202,114.75266600001532,448.36870800000383,3230.240500000008,10729.708166999984
sqlite,100000,sort,option,v2,75.60379150001495,76.31874999998445,448.36870800000383,3230.240500000008,10729.708166999984
sqlite,100000,sort,date,legacy,218.5714164999979,222.8639580000049,448.36870800000383,3230.240500000008,10729.708166999984
sqlite,100000,sort,date,legacyJsonb,112.01787549998699,112.82891700000164,448.36870800000383,3230.240500000008,10729.708166999984
sqlite,100000,sort,date,v2,55.70583349998515,56.62183300000834,448.36870800000383,3230.240500000008,10729.708166999984
sqlite,100000,sort,date,indexed,0.004354000012085635,0.00775000000885484,448.36870800000383,3230.240500000008,10729.708166999984
sqlite,100000,sort,text_sparse,legacy,225.26902100000257,230.97404200001392,448.36870800000383,3230.240500000008,10729.708166999984
sqlite,100000,sort,text_sparse,legacyJsonb,122.0366040000016,125.133040999998,448.36870800000383,3230.240500000008,10729.708166999984
sqlite,100000,sort,text_sparse,v2,92.94035400000666,94.09420800000134,448.36870800000383,3230.240500000008,10729.708166999984
sqlite,100000,sort,number_sparse,legacy,230.53502100000856,233.72749999998632,448.36870800000383,3230.240500000008,10729.708166999984
sqlite,100000,sort,number_sparse,legacyJsonb,126.01375049997898,135.5229579999957,448.36870800000383,3230.240500000008,10729.708166999984
sqlite,100000,sort,number_sparse,v2,91.40164599999423,91.85695799999394,448.36870800000383,3230.240500000008,10729.708166999984
sqlite,100000,sort,option_sparse,legacy,231.23266650000573,234.1908749999959,448.36870800000383,3230.240500000008,10729.708166999984
sqlite,100000,sort,option_sparse,legacyJsonb,126.6846040000047,136.71633399999905,448.36870800000383,3230.240500000008,10729.708166999984
sqlite,100000,sort,option_sparse,v2,101.29441700000541,108.74491599997782,448.36870800000383,3230.240500000008,10729.708166999984
sqlite,100000,sort,date_sparse,legacy,229.10633299999006,231.94737500000429,448.36870800000383,3230.240500000008,10729.708166999984
sqlite,100000,sort,date_sparse,legacyJsonb,125.70529200000635,127.37362499998994,448.36870800000383,3230.240500000008,10729.708166999984
sqlite,100000,sort,date_sparse,v2,93.12183299999788,97.56320899998627,448.36870800000383,3230.240500000008,10729.708166999984
sqlite,300000,filter,text,legacy,0.9136454999918442,0.9412089999614182,5305.15991599998,7686.654457999993,41854.886541000014
sqlite,300000,filter,text,legacyJsonb,0.1880000000085147,0.21112500002118395,5305.15991599998,7686.654457999993,41854.886541000014
sqlite,300000,filter,text,v2,0.08372950000534729,0.09324999996351835,5305.15991599998,7686.654457999993,41854.886541000014
sqlite,300000,filter,number,legacy,0.28687500000046384,0.3171660000020893,5305.15991599998,7686.654457999993,41854.886541000014
sqlite,300000,filter,number,legacyJsonb,0.06641650000460686,0.0787089999789714,5305.15991599998,7686.654457999993,41854.886541000014
sqlite,300000,filter,number,v2,0.02420800001345924,0.03620899997258675,5305.15991599998,7686.654457999993,41854.886541000014
sqlite,300000,filter,option,legacy,0.3016665000075136,0.30670899997176093,5305.15991599998,7686.654457999993,41854.886541000014
sqlite,300000,filter,option,legacyJsonb,0.06522900002892129,0.08070799998449729,5305.15991599998,7686.654457999993,41854.886541000014
sqlite,300000,filter,option,v2,0.028520999990178098,0.034290999963104696,5305.15991599998,7686.654457999993,41854.886541000014
sqlite,300000,filter,date,legacy,5.538521000005403,6.311457999970571,5305.15991599998,7686.654457999993,41854.886541000014
sqlite,300000,filter,date,legacyJsonb,2.7683539999827644,3.7627499999643987,5305.15991599998,7686.654457999993,41854.886541000014
sqlite,300000,filter,date,v2,0.1906459999929666,0.19233300002952092,5305.15991599998,7686.654457999993,41854.886541000014
sqlite,300000,filter,date,indexed,0.004875500025036672,0.007583000012800767,5305.15991599998,7686.654457999993,41854.886541000014
sqlite,300000,filter,text_sparse,legacy,18.36464600000909,18.773499999952037,5305.15991599998,7686.654457999993,41854.886541000014
sqlite,300000,filter,text_sparse,legacyJsonb,9.749041499986788,9.93124999996553,5305.15991599998,7686.654457999993,41854.886541000014
sqlite,300000,filter,text_sparse,v2,2.88747850001414,3.2555829999978414,5305.15991599998,7686.654457999993,41854.886541000014
sqlite,300000,filter,number_sparse,legacy,1.1346880000075998,1.2873329999933958,5305.15991599998,7686.654457999993,41854.886541000014
sqlite,300000,filter,number_sparse,legacyJsonb,0.27424999998970634,0.2859159999957228,5305.15991599998,7686.654457999993,41854.886541000014
sqlite,300000,filter,number_sparse,v2,0.11379150001289418,0.13724999996611587,5305.15991599998,7686.654457999993,41854.886541000014
sqlite,300000,filter,option_sparse,legacy,0.7116670000186787,0.830041999961395,5305.15991599998,7686.654457999993,41854.886541000014
sqlite,300000,filter,option_sparse,legacyJsonb,0.1797085000134757,0.21033399997349989,5305.15991599998,7686.654457999993,41854.886541000014
sqlite,300000,filter,option_sparse,v2,0.07724999997549276,0.09725000001026274,5305.15991599998,7686.654457999993,41854.886541000014
sqlite,300000,filter,date_sparse,legacy,20.64254150002398,40.12670800000251,5305.15991599998,7686.654457999993,41854.886541000014
sqlite,300000,filter,date_sparse,legacyJsonb,9.980645500007768,10.65345899996828,5305.15991599998,7686.654457999993,41854.886541000014
sqlite,300000,filter,date_sparse,v2,3.410041500018224,4.322000000001935,5305.15991599998,7686.654457999993,41854.886541000014
sqlite,300000,sort,text,legacy,639.5722089999936,639.5722089999936,5305.15991599998,7686.654457999993,41854.886541000014
sqlite,300000,sort,text,legacyJsonb,334.0068335000126,336.832999999956,5305.15991599998,7686.654457999993,41854.886541000014
sqlite,300000,sort,text,v2,186.23424999998406,191.16095800001176,5305.15991599998,7686.654457999993,41854.886541000014
sqlite,300000,sort,number,legacy,676.7680625000025,683.5453749999942,5305.15991599998,7686.654457999993,41854.886541000014
sqlite,300000,sort,number,legacyJsonb,347.4509165000086,352.3481249999918,5305.15991599998,7686.654457999993,41854.886541000014
sqlite,300000,sort,number,v2,181.64058300001784,184.96829099996148,5305.15991599998,7686.654457999993,41854.886541000014
sqlite,300000,sort,option,legacy,682.0658129999799,698.1146669999703,5305.15991599998,7686.654457999993,41854.886541000014
sqlite,300000,sort,option,legacyJsonb,390.6333335000056,434.1917919999787,5305.15991599998,7686.654457999993,41854.886541000014
sqlite,300000,sort,option,v2,241.96745849999957,246.69574999995803,5305.15991599998,7686.654457999993,41854.886541000014
sqlite,300000,sort,date,legacy,663.3712499999831,667.0765419999611,5305.15991599998,7686.654457999993,41854.886541000014
sqlite,300000,sort,date,legacyJsonb,349.3666249999876,351.9696249999811,5305.15991599998,7686.654457999993,41854.886541000014
sqlite,300000,sort,date,v2,189.43620900003566,194.4077919999927,5305.15991599998,7686.654457999993,41854.886541000014
sqlite,300000,sort,date,indexed,0.004167000014376754,0.005582999961006863,5305.15991599998,7686.654457999993,41854.886541000014
sqlite,300000,sort,text_sparse,legacy,693.7347919999866,699.7190419999697,5305.15991599998,7686.654457999993,41854.886541000014
sqlite,300000,sort,text_sparse,legacyJsonb,373.9358750000292,375.52508400000306,5305.15991599998,7686.654457999993,41854.886541000014
sqlite,300000,sort,text_sparse,v2,298.0590000000234,298.0590000000234,5305.15991599998,7686.654457999993,41854.886541000014
sqlite,300000,sort,number_sparse,legacy,695.9859374999837,697.3479999999768,5305.15991599998,7686.654457999993,41854.886541000014
sqlite,300000,sort,number_sparse,legacyJsonb,379.71558399999594,387.0975840000028,5305.15991599998,7686.654457999993,41854.886541000014
sqlite,300000,sort,number_sparse,v2,291.2992914999961,295.61466600000585,5305.15991599998,7686.654457999993,41854.886541000014
sqlite,300000,sort,option_sparse,legacy,693.3006255000009,695.3197920000207,5305.15991599998,7686.654457999993,41854.886541000014
sqlite,300000,sort,option_sparse,legacyJsonb,396.81983399998444,413.3737920000158,5305.15991599998,7686.654457999993,41854.886541000014
sqlite,300000,sort,option_sparse,v2,327.3867500000165,339.9938329999941,5305.15991599998,7686.654457999993,41854.886541000014
sqlite,300000,sort,date_sparse,legacy,725.3420840000331,725.3420840000331,5305.15991599998,7686.654457999993,41854.886541000014
sqlite,300000,sort,date_sparse,legacyJsonb,384.65287500002887,384.8790000000122,5305.15991599998,7686.654457999993,41854.886541000014
sqlite,300000,sort,date_sparse,v2,294.7649795000018,298.75416699997004,5305.15991599998,7686.654457999993,41854.886541000014
sqlite,1000000,filter,text,legacy,0.9656870000185336,1.0228749999896536,26571.406208999975,51416.61775,325420.24591700005
sqlite,1000000,filter,text,legacyJsonb,0.18387500000471846,0.32137499999862484,26571.406208999975,51416.61775,325420.24591700005
sqlite,1000000,filter,text,v2,0.08068749997391933,0.09362500009046926,26571.406208999975,51416.61775,325420.24591700005
sqlite,1000000,filter,number,legacy,0.3030419999845435,0.31195799999750307,26571.406208999975,51416.61775,325420.24591700005
sqlite,1000000,filter,number,legacyJsonb,0.058374999980514986,0.06562499993378879,26571.406208999975,51416.61775,325420.24591700005
sqlite,1000000,filter,number,v2,0.025375500001700857,0.033083999937844055,26571.406208999975,51416.61775,325420.24591700005
sqlite,1000000,filter,option,legacy,0.3195625000671498,0.36858299995401467,26571.406208999975,51416.61775,325420.24591700005
sqlite,1000000,filter,option,legacyJsonb,0.10354150003877294,0.1339169999710066,26571.406208999975,51416.61775,325420.24591700005
sqlite,1000000,filter,option,v2,0.029479500028628536,0.03870800003369368,26571.406208999975,51416.61775,325420.24591700005
sqlite,1000000,filter,date,legacy,5.156000000056338,6.809875000044485,26571.406208999975,51416.61775,325420.24591700005
sqlite,1000000,filter,date,legacyJsonb,3.2244164999610803,3.843999999958214,26571.406208999975,51416.61775,325420.24591700005
sqlite,1000000,filter,date,v2,0.20620800006554418,0.2152910000177144,26571.406208999975,51416.61775,325420.24591700005
sqlite,1000000,filter,date,indexed,0.005145500040271145,0.010375000101703336,26571.406208999975,51416.61775,325420.24591700005
sqlite,1000000,filter,text_sparse,legacy,18.498874999977488,20.572874999970736,26571.406208999975,51416.61775,325420.24591700005
sqlite,1000000,filter,text_sparse,legacyJsonb,10.390958499954195,24.472208000020146,26571.406208999975,51416.61775,325420.24591700005
sqlite,1000000,filter,text_sparse,v2,3.1008335000137777,3.527708000092389,26571.406208999975,51416.61775,325420.24591700005
sqlite,1000000,filter,number_sparse,legacy,1.1082710000209772,1.312999999981912,26571.406208999975,51416.61775,325420.24591700005
sqlite,1000000,filter,number_sparse,legacyJsonb,0.6140829999594644,1.6793340000731405,26571.406208999975,51416.61775,325420.24591700005
sqlite,1000000,filter,number_sparse,v2,0.313395499915714,0.5667919999723381,26571.406208999975,51416.61775,325420.24591700005
sqlite,1000000,filter,option_sparse,legacy,0.6896034999499534,0.8285000001251319,26571.406208999975,51416.61775,325420.24591700005
sqlite,1000000,filter,option_sparse,legacyJsonb,0.21925050009485858,0.4635000000234868,26571.406208999975,51416.61775,325420.24591700005
sqlite,1000000,filter,option_sparse,v2,0.14233349997994083,0.2080000001569715,26571.406208999975,51416.61775,325420.24591700005
sqlite,1000000,filter,date_sparse,legacy,18.63962499999161,29.103292000172587,26571.406208999975,51416.61775,325420.24591700005
sqlite,1000000,filter,date_sparse,legacyJsonb,9.82379100014441,10.593917000051079,26571.406208999975,51416.61775,325420.24591700005
sqlite,1000000,filter,date_sparse,v2,2.929333499992026,3.591290999793273,26571.406208999975,51416.61775,325420.24591700005
sqlite,1000000,sort,text,legacy,9937.336500000016,9937.336500000016,26571.406208999975,51416.61775,325420.24591700005
sqlite,1000000,sort,text,legacyJsonb,8331.628916999989,8331.628916999989,26571.406208999975,51416.61775,325420.24591700005
sqlite,1000000,sort,text,v2,734.9002089999885,734.9002089999885,26571.406208999975,51416.61775,325420.24591700005
sqlite,1000000,sort,number,legacy,9338.019625000015,9338.019625000015,26571.406208999975,51416.61775,325420.24591700005
sqlite,1000000,sort,number,legacyJsonb,8222.300332999908,8222.300332999908,26571.406208999975,51416.61775,325420.24591700005
sqlite,1000000,sort,number,v2,723.0987919999734,723.0987919999734,26571.406208999975,51416.61775,325420.24591700005
sqlite,1000000,sort,option,legacy,17894.45137500002,17894.45137500002,26571.406208999975,51416.61775,325420.24591700005
sqlite,1000000,sort,option,legacyJsonb,11388.694124999914,11388.694124999914,26571.406208999975,51416.61775,325420.24591700005
sqlite,1000000,sort,option,v2,919.4492499999569,919.4492499999569,26571.406208999975,51416.61775,325420.24591700005
sqlite,1000000,sort,date,legacy,10969.889749999993,10969.889749999993,26571.406208999975,51416.61775,325420.24591700005
sqlite,1000000,sort,date,legacyJsonb,12670.42374999994,12670.42374999994,26571.406208999975,51416.61775,325420.24591700005
sqlite,1000000,sort,date,v2,769.591666999986,769.591666999986,26571.406208999975,51416.61775,325420.24591700005
sqlite,1000000,sort,date,indexed,0.004708500000560889,0.007166999921537354,26571.406208999975,51416.61775,325420.24591700005
sqlite,1000000,sort,text_sparse,legacy,12019.154458000003,12019.154458000003,26571.406208999975,51416.61775,325420.24591700005
sqlite,1000000,sort,text_sparse,legacyJsonb,12103.73149999998,12103.73149999998,26571.406208999975,51416.61775,325420.24591700005
sqlite,1000000,sort,text_sparse,v2,10434.956250000028,10434.956250000028,26571.406208999975,51416.61775,325420.24591700005
sqlite,1000000,sort,number_sparse,legacy,13742.2254170001,13742.2254170001,26571.406208999975,51416.61775,325420.24591700005
sqlite,1000000,sort,number_sparse,legacyJsonb,9863.295082999912,9863.295082999912,26571.406208999975,51416.61775,325420.24591700005
sqlite,1000000,sort,number_sparse,v2,9962.20670899993,9962.20670899993,26571.406208999975,51416.61775,325420.24591700005
sqlite,1000000,sort,option_sparse,legacy,11603.095666999934,11603.095666999934,26571.406208999975,51416.61775,325420.24591700005
sqlite,1000000,sort,option_sparse,legacyJsonb,27101.501917000176,27101.501917000176,26571.406208999975,51416.61775,325420.24591700005
sqlite,1000000,sort,option_sparse,v2,13600.206666999838,13600.206666999838,26571.406208999975,51416.61775,325420.24591700005
sqlite,1000000,sort,date_sparse,legacy,17577.879374999837,17577.879374999837,26571.406208999975,51416.61775,325420.24591700005
sqlite,1000000,sort,date_sparse,legacyJsonb,23440.391417,23440.391417,26571.406208999975,51416.61775,325420.24591700005
sqlite,1000000,sort,date_sparse,v2,14199.896790999901,14199.896790999901,26571.406208999975,51416.61775,325420.24591700005
postgres,1000,filter,text,legacy,0.5631670000000311,0.6762920000000783,693.07125,230.266792,344.05983299999997
postgres,1000,filter,text,legacyJsonb,0.4775415000000116,0.5165830000000149,693.07125,230.266792,344.05983299999997
postgres,1000,filter,text,v2,0.9330835000000981,0.972083000000179,693.07125,230.266792,344.05983299999997
postgres,1000,filter,number,legacy,2.4094795000000335,58.94204099999989,693.07125,230.266792,344.05983299999997
postgres,1000,filter,number,legacyJsonb,0.8900624999998996,51.362249999999946,693.07125,230.266792,344.05983299999997
postgres,1000,filter,number,v2,0.6732704999996564,0.8954579999995715,693.07125,230.266792,344.05983299999997
postgres,1000,filter,option,legacy,1.7875835000000784,56.968666999999584,693.07125,230.266792,344.05983299999997
postgres,1000,filter,option,legacyJsonb,1.2693539999997228,49.11945899999992,693.07125,230.266792,344.05983299999997
postgres,1000,filter,option,v2,0.6875624999995722,0.7476249999998075,693.07125,230.266792,344.05983299999997
postgres,1000,filter,date,legacy,60.366103999999865,63.892499999999686,693.07125,230.266792,344.05983299999997
postgres,1000,filter,date,legacyJsonb,0.4619789999997792,0.5264159999995854,693.07125,230.266792,344.05983299999997
postgres,1000,filter,date,v2,1.0757710000000031,1.1588749999997816,693.07125,230.266792,344.05983299999997
postgres,1000,filter,date,indexed,0.2268749999991826,0.3262500000005275,693.07125,230.266792,344.05983299999997
postgres,1000,filter,text_sparse,legacy,59.304812500000196,65.24533399999922,693.07125,230.266792,344.05983299999997
postgres,1000,filter,text_sparse,legacyJsonb,53.543854000000835,56.08441699999922,693.07125,230.266792,344.05983299999997
postgres,1000,filter,text_sparse,v2,3.056374999999889,3.2484170000000034,693.07125,230.266792,344.05983299999997
postgres,1000,filter,number_sparse,legacy,54.3768749999991,58.31533399999955,693.07125,230.266792,344.05983299999997
postgres,1000,filter,number_sparse,legacyJsonb,49.128666499999696,51.39291699999937,693.07125,230.266792,344.05983299999997
postgres,1000,filter,number_sparse,v2,1.1588539999998204,1.5338750000015722,693.07125,230.266792,344.05983299999997
postgres,1000,filter,option_sparse,legacy,26.964167000000927,53.25716699999994,693.07125,230.266792,344.05983299999997
postgres,1000,filter,option_sparse,legacyJsonb,45.071082999999845,49.497583000000844,693.07125,230.266792,344.05983299999997
postgres,1000,filter,option_sparse,v2,1.2098124999999627,1.3072909999998217,693.07125,230.266792,344.05983299999997
postgres,1000,filter,date_sparse,legacy,59.32670900000048,62.46037500000057,693.07125,230.266792,344.05983299999997
postgres,1000,filter,date_sparse,legacyJsonb,52.573874999999326,54.12508299999885,693.07125,230.266792,344.05983299999997
postgres,1000,filter,date_sparse,v2,1.158125000000787,1.2923750000002343,693.07125,230.266792,344.05983299999997
postgres,1000,sort,text,legacy,60.587061999999975,63.69512499999996,693.07125,230.266792,344.05983299999997
postgres,1000,sort,text,legacyJsonb,52.57545850000001,56.035375,693.07125,230.266792,344.05983299999997
postgres,1000,sort,text,v2,2.0141664999999698,2.0861249999999387,693.07125,230.266792,344.05983299999997
postgres,1000,sort,number,legacy,55.94549999999998,59.591666999999845,693.07125,230.266792,344.05983299999997
postgres,1000,sort,number,legacyJsonb,48.94483350000001,52.659708999999836,693.07125,230.266792,344.05983299999997
postgres,1000,sort,number,v2,2.02066649999999,2.2444580000007264,693.07125,230.266792,344.05983299999997
postgres,1000,sort,option,legacy,56.32362450000006,61.84783299999985,693.07125,230.266792,344.05983299999997
postgres,1000,sort,option,legacyJsonb,50.98137500000011,55.597040999999514,693.07125,230.266792,344.05983299999997
postgres,1000,sort,option,v2,3.8291664999996478,3.992625000000416,693.07125,230.266792,344.05983299999997
postgres,1000,sort,date,legacy,52.95185400000024,57.5480000000006,693.07125,230.266792,344.05983299999997
postgres,1000,sort,date,legacyJsonb,0.46558300000043573,0.7156250000006636,693.07125,230.266792,344.05983299999997
postgres,1000,sort,date,v2,1.8569379999999747,1.9940830000004794,693.07125,230.266792,344.05983299999997
postgres,1000,sort,date,indexed,0.3231665000003048,0.357207999998721,693.07125,230.266792,344.05983299999997
postgres,1000,sort,text_sparse,legacy,56.68122899999961,60.51683299999944,693.07125,230.266792,344.05983299999997
postgres,1000,sort,text_sparse,legacyJsonb,49.86985399999977,55.276375000000044,693.07125,230.266792,344.05983299999997
postgres,1000,sort,text_sparse,v2,2.028604499999531,2.198999999999174,693.07125,230.266792,344.05983299999997
postgres,1000,sort,number_sparse,legacy,51.84012450000086,55.669416999998944,693.07125,230.266792,344.05983299999997
postgres,1000,sort,number_sparse,legacyJsonb,49.80777050000107,52.63029099999983,693.07125,230.266792,344.05983299999997
postgres,1000,sort,number_sparse,v2,1.9724994999998913,2.0386249999990724,693.07125,230.266792,344.05983299999997
postgres,1000,sort,option_sparse,legacy,54.452812500000114,57.834083999999564,693.07125,230.266792,344.05983299999997
postgres,1000,sort,option_sparse,legacyJsonb,51.41570800000039,52.88975000000029,693.07125,230.266792,344.05983299999997
postgres,1000,sort,option_sparse,v2,3.857791499999763,3.9089170000004003,693.07125,230.266792,344.05983299999997
postgres,1000,sort,date_sparse,legacy,51.169604000000035,55.947665999999785,693.07125,230.266792,344.05983299999997
postgres,1000,sort,date_sparse,legacyJsonb,50.37120849999965,53.19291699999873,693.07125,230.266792,344.05983299999997
postgres,1000,sort,date_sparse,v2,1.9311039999996282,1.9903750000000997,693.07125,230.266792,344.05983299999997
postgres,10000,filter,text,legacy,0.565083000001465,0.7620829999979151,688.6882919999983,992.8856669999994,2676.9712919999974
postgres,10000,filter,text,legacyJsonb,0.46954150000111383,0.5531249999997101,688.6882919999983,992.8856669999994,2676.9712919999974
postgres,10000,filter,text,v2,0.9567505000003251,1.0726669999989724,688.6882919999983,992.8856669999994,2676.9712919999974
postgres,10000,filter,number,legacy,2.3405204999988882,2.49870800000096,688.6882919999983,992.8856669999994,2676.9712919999974
postgres,10000,filter,number,legacyJsonb,0.8963335000018446,1.091833000000264,688.6882919999983,992.8856669999994,2676.9712919999974
postgres,10000,filter,number,v2,0.9622915000004895,1.0775000000009527,688.6882919999983,992.8856669999994,2676.9712919999974
postgres,10000,filter,option,legacy,1.663603999999097,1.7139999999997713,688.6882919999983,992.8856669999994,2676.9712919999974
postgres,10000,filter,option,legacyJsonb,0.7513954999982531,0.8008330000031094,688.6882919999983,992.8856669999994,2676.9712919999974
postgres,10000,filter,option,v2,0.6945414999997013,0.7384999999970887,688.6882919999983,992.8856669999994,2676.9712919999974
postgres,10000,filter,date,legacy,26.171917000000988,67.87016700000237,688.6882919999983,992.8856669999994,2676.9712919999974
postgres,10000,filter,date,legacyJsonb,5.95677099999925,50.061249999998836,688.6882919999983,992.8856669999994,2676.9712919999974
postgres,10000,filter,date,v2,0.7218959999981678,0.8484580000001074,688.6882919999983,992.8856669999994,2676.9712919999974
postgres,10000,filter,date,indexed,0.24954149999700803,0.31387500000334967,688.6882919999983,992.8856669999994,2676.9712919999974
postgres,10000,filter,text_sparse,legacy,105.86270850000012,123.98479200000168,688.6882919999983,992.8856669999994,2676.9712919999974
postgres,10000,filter,text_sparse,legacyJsonb,62.25987499999874,69.74066699999781,688.6882919999983,992.8856669999994,2676.9712919999974
postgres,10000,filter,text_sparse,v2,2.9881249999981208,3.596790999999655,688.6882919999983,992.8856669999994,2676.9712919999974
postgres,10000,filter,number_sparse,legacy,6.140270999999586,62.57233300000209,688.6882919999983,992.8856669999994,2676.9712919999974
postgres,10000,filter,number_sparse,legacyJsonb,1.8236250000001064,52.70325000000042,688.6882919999983,992.8856669999994,2676.9712919999974
postgres,10000,filter,number_sparse,v2,1.0048335000014674,1.2577080000042429,688.6882919999983,992.8856669999994,2676.9712919999974
postgres,10000,filter,option_sparse,legacy,3.2562495000014735,58.53920800000623,688.6882919999983,992.8856669999994,2676.9712919999974
postgres,10000,filter,option_sparse,legacyJsonb,1.2293749999976455,1.448457999998709,688.6882919999983,992.8856669999994,2676.9712919999974
postgres,10000,filter,option_sparse,v2,0.9567295000003639,1.1455839999996442,688.6882919999983,992.8856669999994,2676.9712919999974
postgres,10000,filter,date_sparse,legacy,105.9036880000015,121.7340840000034,688.6882919999983,992.8856669999994,2676.9712919999974
postgres,10000,filter,date_sparse,legacyJsonb,61.19202049999828,65.47525000000576,688.6882919999983,992.8856669999994,2676.9712919999974
postgres,10000,filter,date_sparse,v2,1.650624999996353,2.4998750000051473,688.6882919999983,992.8856669999994,2676.9712919999974
postgres,10000,sort,text,legacy,104.52789550000041,108.26912499999963,688.6882919999983,992.8856669999994,2676.9712919999974
postgres,10000,sort,text,legacyJsonb,63.86364549999968,66.29674999999935,688.6882919999983,992.8856669999994,2676.9712919999974
postgres,10000,sort,text,v2,8.824959000000021,9.224166999999284,688.6882919999983,992.8856669999994,2676.9712919999974
postgres,10000,sort,number,legacy,104.82991650000173,107.1585000000006,688.6882919999983,992.8856669999994,2676.9712919999974
postgres,10000,sort,number,legacyJsonb,63.72077099999807,65.32699999999991,688.6882919999983,992.8856669999994,2676.9712919999974
postgres,10000,sort,number,v2,8.045583499999509,8.923416999998324,688.6882919999983,992.8856669999994,2676.9712919999974
postgres,10000,sort,option,legacy,102.90379149999929,105.51233300000007,688.6882919999983,992.8856669999994,2676.9712919999974
postgres,10000,sort,option,legacyJsonb,60.52285400000024,63.645375000000115,688.6882919999983,992.8856669999994,2676.9712919999974
postgres,10000,sort,option,v2,22.079291499998988,23.185541000000143,688.6882919999983,992.8856669999994,2676.9712919999974
postgres,10000,sort,date,legacy,99.96529150000022,102.62249999999895,688.6882919999983,992.8856669999994,2676.9712919999974
postgres,10000,sort,date,legacyJsonb,59.987937500000754,64.36795800000183,688.6882919999983,992.8856669999994,2676.9712919999974
postgres,10000,sort,date,v2,8.669396500000204,9.760083000003306,688.6882919999983,992.8856669999994,2676.9712919999974
postgres,10000,sort,date,indexed,0.23166700000132323,0.27816699999760885,688.6882919999983,992.8856669999994,2676.9712919999974
postgres,10000,sort,text_sparse,legacy,105.0915830000001,108.0862499999995,688.6882919999983,992.8856669999994,2676.9712919999974
postgres,10000,sort,text_sparse,legacyJsonb,64.1356455000004,67.9455830000002,688.6882919999983,992.8856669999994,2676.9712919999974
postgres,10000,sort,text_sparse,v2,9.544145500001378,10.988375000000161,688.6882919999983,992.8856669999994,2676.9712919999974
postgres,10000,sort,number_sparse,legacy,102.09518750000512,106.42545799999681,688.6882919999983,992.8856669999994,2676.9712919999974
postgres,10000,sort,number_sparse,legacyJsonb,64.81135399999971,66.61762499999924,688.6882919999983,992.8856669999994,2676.9712919999974
postgres,10000,sort,number_sparse,v2,8.665312000001535,9.708709000001647,688.6882919999983,992.8856669999994,2676.9712919999974
postgres,10000,sort,option_sparse,legacy,99.06695850000347,106.28783399999975,688.6882919999983,992.8856669999994,2676.9712919999974
postgres,10000,sort,option_sparse,legacyJsonb,62.016749999997955,64.67058399999814,688.6882919999983,992.8856669999994,2676.9712919999974
postgres,10000,sort,option_sparse,v2,21.57866650000173,23.136624999999356,688.6882919999983,992.8856669999994,2676.9712919999974
postgres,10000,sort,date_sparse,legacy,103.76014599999905,107.15020800000019,688.6882919999983,992.8856669999994,2676.9712919999974
postgres,10000,sort,date_sparse,legacyJsonb,62.832583499996986,66.3826250000028,688.6882919999983,992.8856669999994,2676.9712919999974
postgres,10000,sort,date_sparse,v2,9.085333499999848,11.629374999998277,688.6882919999983,992.8856669999994,2676.9712919999974
postgres,100000,filter,text,legacy,5.414666500001886,6.906833000002166,6336.612541000001,9399.167416999993,32242.005999999998
postgres,100000,filter,text,legacyJsonb,1.9547710000011875,2.0027500000026066,6336.612541000001,9399.167416999993,32242.005999999998
postgres,100000,filter,text,v2,21.030916499995556,276.82820799999774,6336.612541000001,9399.167416999993,32242.005999999998
postgres,100000,filter,number,legacy,2.758583499996803,3.157375000000684,6336.612541000001,9399.167416999993,32242.005999999998
postgres,100000,filter,number,legacyJsonb,1.7906249999981583,1.8483329999980924,6336.612541000001,9399.167416999993,32242.005999999998
postgres,100000,filter,number,v2,7.147895499997503,11.12908300000015,6336.612541000001,9399.167416999993,32242.005999999998
postgres,100000,filter,option,legacy,2.4316660000067714,3.7763329999904727,6336.612541000001,9399.167416999993,32242.005999999998
postgres,100000,filter,option,legacyJsonb,1.4803335000053153,1.9458749999898828,6336.612541000001,9399.167416999993,32242.005999999998
postgres,100000,filter,option,v2,7.992833500004792,11.180416999991394,6336.612541000001,9399.167416999993,32242.005999999998
postgres,100000,filter,date,legacy,34.29266699999545,56.894499999998516,6336.612541000001,9399.167416999993,32242.005999999998
postgres,100000,filter,date,legacyJsonb,8.884458499991865,11.223874999998884,6336.612541000001,9399.167416999993,32242.005999999998
postgres,100000,filter,date,v2,9.446146000001931,58.83787499999471,6336.612541000001,9399.167416999993,32242.005999999998
postgres,100000,filter,date,indexed,0.26243749999821375,0.3264579999893158,6336.612541000001,9399.167416999993,32242.005999999998
postgres,100000,filter,text_sparse,legacy,56.811000000003276,207.2023329999979,6336.612541000001,9399.167416999993,32242.005999999998
postgres,100000,filter,text_sparse,legacyJsonb,15.872666500001742,64.78291599999864,6336.612541000001,9399.167416999993,32242.005999999998
postgres,100000,filter,text_sparse,v2,1.8021670000010204,2.354582999998911,6336.612541000001,9399.167416999993,32242.005999999998
postgres,100000,filter,number_sparse,legacy,8.353395500009242,9.80483300000401,6336.612541000001,9399.167416999993,32242.005999999998
postgres,100000,filter,number_sparse,legacyJsonb,2.4638960000089583,2.9439999999851807,6336.612541000001,9399.167416999993,32242.005999999998
postgres,100000,filter,number_sparse,v2,10.315875000003416,18.712042000004203,6336.612541000001,9399.167416999993,32242.005999999998
postgres,100000,filter,option_sparse,legacy,8.803541999995446,14.95650000001092,6336.612541000001,9399.167416999993,32242.005999999998
postgres,100000,filter,option_sparse,legacyJsonb,2.772938000006775,7.210083999979133,6336.612541000001,9399.167416999993,32242.005999999998
postgres,100000,filter,option_sparse,v2,4.402104499988013,4.684166999993522,6336.612541000001,9399.167416999993,32242.005999999998
postgres,100000,filter,date_sparse,legacy,61.34606199999837,111.86845899999298,6336.612541000001,9399.167416999993,32242.005999999998
postgres,100000,filter,date_sparse,legacyJsonb,15.451833499994905,61.965292000024874,6336.612541000001,9399.167416999993,32242.005999999998
postgres,100000,filter,date_sparse,v2,4.5931880000011915,5.56283399998847,6336.612541000001,9399.167416999993,32242.005999999998
postgres,100000,sort,text,legacy,599.5209999999958,599.5209999999958,6336.612541000001,9399.167416999993,32242.005999999998
postgres,100000,sort,text,legacyJsonb,200.91112500000463,212.61570900000493,6336.612541000001,9399.167416999993,32242.005999999998
postgres,100000,sort,text,v2,281.84204100000443,286.7944580000028,6336.612541000001,9399.167416999993,32242.005999999998
postgres,100000,sort,number,legacy,650.6607920000035,654.0800840000003,6336.612541000001,9399.167416999993,32242.005999999998
postgres,100000,sort,number,legacyJsonb,220.39275000000202,223.8643750000051,6336.612541000001,9399.167416999993,32242.005999999998
postgres,100000,sort,number,v2,623.6058749999955,770.8831249999974,6336.612541000001,9399.167416999993,32242.005999999998
postgres,100000,sort,option,legacy,731.2583544999925,795.9085419999923,6336.612541000001,9399.167416999993,32242.005999999998
postgres,100000,sort,option,legacyJsonb,225.64581200000333,230.56125000000804,6336.612541000001,9399.167416999993,32242.005999999998
postgres,100000,sort,option,v2,571.7857079999931,687.8701250000034,6336.612541000001,9399.167416999993,32242.005999999998
postgres,100000,sort,date,legacy,645.718416500003,648.9598750000027,6336.612541000001,9399.167416999993,32242.005999999998
postgres,100000,sort,date,legacyJsonb,220.49429200000503,268.9498749999899,6336.612541000001,9399.167416999993,32242.005999999998
postgres,100000,sort,date,v2,327.20722899999544,332.1264999999869,6336.612541000001,9399.167416999993,32242.005999999998
postgres,100000,sort,date,indexed,0.2742079999791258,0.4042919999847072,6336.612541000001,9399.167416999993,32242.005999999998
postgres,100000,sort,text_sparse,legacy,653.1700835000009,673.8722919999987,6336.612541000001,9399.167416999993,32242.005999999998
postgres,100000,sort,text_sparse,legacyJsonb,210.32999999999902,231.05312500000252,6336.612541000001,9399.167416999993,32242.005999999998
postgres,100000,sort,text_sparse,v2,172.07054200000016,172.07054200000016,6336.612541000001,9399.167416999993,32242.005999999998
postgres,100000,sort,number_sparse,legacy,221.1274579999838,221.62162499998317,6336.612541000001,9399.167416999993,32242.005999999998
postgres,100000,sort,number_sparse,legacyJsonb,146.9898749999885,332.69537500001434,6336.612541000001,9399.167416999993,32242.005999999998
postgres,100000,sort,number_sparse,v2,125.42154200002642,226.16745900000979,6336.612541000001,9399.167416999993,32242.005999999998
postgres,100000,sort,option_sparse,legacy,517.4449999999808,685.9819160000029,6336.612541000001,9399.167416999993,32242.005999999998
postgres,100000,sort,option_sparse,legacyJsonb,110.07954199999403,127.38654200001065,6336.612541000001,9399.167416999993,32242.005999999998
postgres,100000,sort,option_sparse,v2,164.89045900001997,209.73374999999805,6336.612541000001,9399.167416999993,32242.005999999998
postgres,100000,sort,date_sparse,legacy,221.32670800000653,225.09066699998925,6336.612541000001,9399.167416999993,32242.005999999998
postgres,100000,sort,date_sparse,legacyJsonb,80.54891650000684,112.29416700001593,6336.612541000001,9399.167416999993,32242.005999999998
postgres,100000,sort,date_sparse,v2,48.386999999991076,50.846290999999155,6336.612541000001,9399.167416999993,32242.005999999998
postgres,300000,filter,text,legacy,7.790270499981489,8.200292000026366,118009.31775,12505.324542000038,40683.183208
postgres,300000,filter,text,legacyJsonb,5.840187499984495,6.45350000002054,118009.31775,12505.324542000038,40683.183208
postgres,300000,filter,text,v2,0.5428329999972448,30.749542000023666,118009.31775,12505.324542000038,40683.183208
postgres,300000,filter,number,legacy,2.771541500010244,3.161083999998482,118009.31775,12505.324542000038,40683.183208
postgres,300000,filter,number,legacyJsonb,1.3567704999957186,2.1173750000116343,118009.31775,12505.324542000038,40683.183208
postgres,300000,filter,number,v2,0.4195414999799141,0.8227089999763848,118009.31775,12505.324542000038,40683.183208
postgres,300000,filter,option,legacy,2.8811460000213174,3.507209000019884,118009.31775,12505.324542000038,40683.183208
postgres,300000,filter,option,legacyJsonb,1.3336454999830494,1.5482910000059746,118009.31775,12505.324542000038,40683.183208
postgres,300000,filter,option,v2,0.37222900002120696,1.0356660000070406,118009.31775,12505.324542000038,40683.183208
postgres,300000,filter,date,legacy,28.041583500026945,33.95595799997864,118009.31775,12505.324542000038,40683.183208
postgres,300000,filter,date,legacyJsonb,9.417312999971728,41.88049999999066,118009.31775,12505.324542000038,40683.183208
postgres,300000,filter,date,v2,1.6544585000133338,2.0471249999900465,118009.31775,12505.324542000038,40683.183208
postgres,300000,filter,date,indexed,0.22927050000021154,0.35724999997910345,118009.31775,12505.324542000038,40683.183208
postgres,300000,filter,text_sparse,legacy,56.59508350001374,119.0119999999979,118009.31775,12505.324542000038,40683.183208
postgres,300000,filter,text_sparse,legacyJsonb,17.37856249999936,59.71766699997261,118009.31775,12505.324542000038,40683.183208
postgres,300000,filter,text_sparse,v2,6.574916999994684,7.235417000003963,118009.31775,12505.324542000038,40683.183208
postgres,300000,filter,number_sparse,legacy,6.75768749999861,8.199125000032836,118009.31775,12505.324542000038,40683.183208
postgres,300000,filter,number_sparse,legacyJsonb,2.3456874999965294,2.6532089999591335,118009.31775,12505.324542000038,40683.183208
postgres,300000,filter,number_sparse,v2,2.143020500000148,2.286959000002753,118009.31775,12505.324542000038,40683.183208
postgres,300000,filter,option_sparse,legacy,3.953082999998969,4.305290999980116,118009.31775,12505.324542000038,40683.183208
postgres,300000,filter,option_sparse,legacyJsonb,1.4808749999986048,1.8996669999751248,118009.31775,12505.324542000038,40683.183208
postgres,300000,filter,option_sparse,v2,4.038667000003215,4.3830829999933485,118009.31775,12505.324542000038,40683.183208
postgres,300000,filter,date_sparse,legacy,61.259479499994995,104.66904200001181,118009.31775,12505.324542000038,40683.183208
postgres,300000,filter,date_sparse,legacyJsonb,15.874896000013905,61.99758300004987,118009.31775,12505.324542000038,40683.183208
postgres,300000,filter,date_sparse,v2,4.580145999995011,5.164041999989877,118009.31775,12505.324542000038,40683.183208
postgres,300000,sort,text,legacy,251.87333399998124,251.87333399998124,118009.31775,12505.324542000038,40683.183208
postgres,300000,sort,text,legacyJsonb,104.6371879999981,127.02783299999965,118009.31775,12505.324542000038,40683.183208
postgres,300000,sort,text,v2,311.30574999997407,375.49849999999196,118009.31775,12505.324542000038,40683.183208
postgres,300000,sort,number,legacy,269.0192079999747,326.061999999979,118009.31775,12505.324542000038,40683.183208
postgres,300000,sort,number,legacyJsonb,105.14695800000595,109.51054200000954,118009.31775,12505.324542000038,40683.183208
postgres,300000,sort,number,v2,341.0062705000314,382.24766700000146,118009.31775,12505.324542000038,40683.183208
postgres,300000,sort,option,legacy,255.98424999998315,274.7519999999781,118009.31775,12505.324542000038,40683.183208
postgres,300000,sort,option,legacyJsonb,99.93354199997384,111.53954200000271,118009.31775,12505.324542000038,40683.183208
postgres,300000,sort,option,v2,264.85070899997254,287.7322500000332,118009.31775,12505.324542000038,40683.183208
postgres,300000,sort,date,legacy,248.38708400000087,261.8437080000149,118009.31775,12505.324542000038,40683.183208
postgres,300000,sort,date,legacyJsonb,112.69529199998374,143.874166000046,118009.31775,12505.324542000038,40683.183208
postgres,300000,sort,date,v2,72.79254150000725,100.54220800003577,118009.31775,12505.324542000038,40683.183208
postgres,300000,sort,date,indexed,0.23708349999651546,0.27604199999586854,118009.31775,12505.324542000038,40683.183208
postgres,300000,sort,text_sparse,legacy,276.3456249999763,318.78191699996705,118009.31775,12505.324542000038,40683.183208
postgres,300000,sort,text_sparse,legacyJsonb,97.06575049997923,107.17637499999455,118009.31775,12505.324542000038,40683.183208
postgres,300000,sort,text_sparse,v2,89.02131250002299,106.68345900000986,118009.31775,12505.324542000038,40683.183208
postgres,300000,sort,number_sparse,legacy,234.7980204999942,237.4485420000383,118009.31775,12505.324542000038,40683.183208
postgres,300000,sort,number_sparse,legacyJsonb,93.35139550000804,105.65391699998372,118009.31775,12505.324542000038,40683.183208
postgres,300000,sort,number_sparse,v2,90.43874949998099,93.62195800002837,118009.31775,12505.324542000038,40683.183208
postgres,300000,sort,option_sparse,legacy,235.37729150001496,237.68333300000677,118009.31775,12505.324542000038,40683.183208
postgres,300000,sort,option_sparse,legacyJsonb,92.819478999985,93.86950000003935,118009.31775,12505.324542000038,40683.183208
postgres,300000,sort,option_sparse,v2,264.8026250000157,271.52116700000306,118009.31775,12505.324542000038,40683.183208
postgres,300000,sort,date_sparse,legacy,226.57497949998628,229.1738339999938,118009.31775,12505.324542000038,40683.183208
postgres,300000,sort,date_sparse,legacyJsonb,82.72004199997696,83.64666699998224,118009.31775,12505.324542000038,40683.183208
postgres,300000,sort,date_sparse,v2,72.32554150002102,81.28262500002847,118009.31775,12505.324542000038,40683.183208
postgres,1000000,filter,text,legacy,10.347832999968887,10.347832999968887,140090.799291,13882.647375000033,32741.677999999978
postgres,1000000,filter,text,legacyJsonb,5.47333349999235,6.155166999974426,140090.799291,13882.647375000033,32741.677999999978
postgres,1000000,filter,text,v2,3.2235625000112123,3.7505419999206424,140090.799291,13882.647375000033,32741.677999999978
postgres,1000000,filter,number,legacy,2.8294999999616266,3.4611249999443316,140090.799291,13882.647375000033,32741.677999999978
postgres,1000000,filter,number,legacyJsonb,1.0408754999957637,1.6029170000138038,140090.799291,13882.647375000033,32741.677999999978
postgres,1000000,filter,number,v2,0.40504200001123536,1.0344580000491987,140090.799291,13882.647375000033,32741.677999999978
postgres,1000000,filter,option,legacy,2.175062999981492,2.5321660000372503,140090.799291,13882.647375000033,32741.677999999978
postgres,1000000,filter,option,legacyJsonb,1.1762919999682708,1.3661250000041036,140090.799291,13882.647375000033,32741.677999999978
postgres,1000000,filter,option,v2,0.38837499999999636,0.8910409999316471,140090.799291,13882.647375000033,32741.677999999978
postgres,1000000,filter,date,legacy,25.905062499987253,33.1215420000035,140090.799291,13882.647375000033,32741.677999999978
postgres,1000000,filter,date,legacyJsonb,6.969666500026506,8.290500000043721,140090.799291,13882.647375000033,32741.677999999978
postgres,1000000,filter,date,v2,2.58841649997521,2.817417000073874,140090.799291,13882.647375000033,32741.677999999978
postgres,1000000,filter,date,indexed,0.2777084999934232,0.3377499999714928,140090.799291,13882.647375000033,32741.677999999978
postgres,1000000,filter,text_sparse,legacy,52.79639599996244,62.91783300002862,140090.799291,13882.647375000033,32741.677999999978
postgres,1000000,filter,text_sparse,legacyJsonb,14.680020999946919,99.25920800003496,140090.799291,13882.647375000033,32741.677999999978
postgres,1000000,filter,text_sparse,v2,10.45752100003483,12.11541700001817,140090.799291,13882.647375000033,32741.677999999978
postgres,1000000,filter,number_sparse,legacy,7.713291500067498,8.448458000088976,140090.799291,13882.647375000033,32741.677999999978
postgres,1000000,filter,number_sparse,legacyJsonb,2.2513330000037968,2.5139580000086426,140090.799291,13882.647375000033,32741.677999999978
postgres,1000000,filter,number_sparse,v2,8.268146000034449,9.134874999972453,140090.799291,13882.647375000033,32741.677999999978
postgres,1000000,filter,option_sparse,legacy,3.967291499975545,5.424375000075088,140090.799291,13882.647375000033,32741.677999999978
postgres,1000000,filter,option_sparse,legacyJsonb,1.686791500048912,1.8925000000535874,140090.799291,13882.647375000033,32741.677999999978
postgres,1000000,filter,option_sparse,v2,7.862937000027159,8.344500000021071,140090.799291,13882.647375000033,32741.677999999978
postgres,1000000,filter,date_sparse,legacy,57.95335400006252,121.84758299997611,140090.799291,13882.647375000033,32741.677999999978
postgres,1000000,filter,date_sparse,legacyJsonb,15.191041500031588,73.75595799999246,140090.799291,13882.647375000033,32741.677999999978
postgres,1000000,filter,date_sparse,v2,8.991312499972537,9.753625000030297,140090.799291,13882.647375000033,32741.677999999978
postgres,1000000,sort,text,legacy,234.11974999999074,234.11974999999074,140090.799291,13882.647375000033,32741.677999999978
postgres,1000000,sort,text,legacyJsonb,88.87645850001036,171.8586670000377,140090.799291,13882.647375000033,32741.677999999978
postgres,1000000,sort,text,v2,251.46174999997584,292.29420900003333,140090.799291,13882.647375000033,32741.677999999978
postgres,1000000,sort,number,legacy,234.9724169999945,238.68258300001344,140090.799291,13882.647375000033,32741.677999999978
postgres,1000000,sort,number,legacyJsonb,92.98883349998732,98.14570900005037,140090.799291,13882.647375000033,32741.677999999978
postgres,1000000,sort,number,v2,218.3842499999855,231.10525000004145,140090.799291,13882.647375000033,32741.677999999978
postgres,1000000,sort,option,legacy,233.10502049997694,236.1455410000417,140090.799291,13882.647375000033,32741.677999999978
postgres,1000000,sort,option,legacyJsonb,91.69085399997812,95.61908399996355,140090.799291,13882.647375000033,32741.677999999978
postgres,1000000,sort,option,v2,501.1757920000832,504.31620900008056,140090.799291,13882.647375000033,32741.677999999978
postgres,1000000,sort,date,legacy,227.8076045000148,230.07779099998515,140090.799291,13882.647375000033,32741.677999999978
postgres,1000000,sort,date,legacyJsonb,87.8481455000042,89.94462500004374,140090.799291,13882.647375000033,32741.677999999978
postgres,1000000,sort,date,v2,161.36016600000858,164.15758300001926,140090.799291,13882.647375000033,32741.677999999978
postgres,1000000,sort,date,indexed,0.33516649995135595,0.3709169999410733,140090.799291,13882.647375000033,32741.677999999978
postgres,1000000,sort,text_sparse,legacy,232.945500000028,318.48983299994416,140090.799291,13882.647375000033,32741.677999999978
postgres,1000000,sort,text_sparse,legacyJsonb,91.23941650000233,110.0480410000273,140090.799291,13882.647375000033,32741.677999999978
postgres,1000000,sort,text_sparse,v2,69.53304199998911,78.66550000005645,140090.799291,13882.647375000033,32741.677999999978
postgres,1000000,sort,number_sparse,legacy,227.56316699997114,240.61550000010357,140090.799291,13882.647375000033,32741.677999999978
postgres,1000000,sort,number_sparse,legacyJsonb,86.2269164999816,88.87349999997696,140090.799291,13882.647375000033,32741.677999999978
postgres,1000000,sort,number_sparse,v2,67.82729199994719,70.20812500002194,140090.799291,13882.647375000033,32741.677999999978
postgres,1000000,sort,option_sparse,legacy,225.5179794999549,226.8967499999235,140090.799291,13882.647375000033,32741.677999999978
postgres,1000000,sort,option_sparse,legacyJsonb,86.93075049995969,94.11841700000423,140090.799291,13882.647375000033,32741.677999999978
postgres,1000000,sort,option_sparse,v2,216.70683299998927,493.7850000000026,140090.799291,13882.647375000033,32741.677999999978
postgres,1000000,sort,date_sparse,legacy,223.945833499954,227.54816700000902,140090.799291,13882.647375000033,32741.677999999978
postgres,1000000,sort,date_sparse,legacyJsonb,85.8915835000289,92.8201670000135,140090.799291,13882.647375000033,32741.677999999978
postgres,1000000,sort,date_sparse,v2,66.12777100002631,69.09062499994434,140090.799291,13882.647375000033,32741.677999999978
