BEGIN;
INSERT INTO master_list (id, name, code, description, is_active) VALUES ('43491ce9-bc89-4ee5-988d-9dbb2856e398', 'gaps_items', 'gaps_items', 'All Items automatically create for Cold Chain Gap Analysis', true) ON CONFLICT DO NOTHING;
INSERT INTO master_list_name_join (id, master_list_id, name_link_id) SELECT uuid_in(md5(random()::text || random()::text)::cstring), '43491ce9-bc89-4ee5-988d-9dbb2856e398', id FROM name_link WHERE id NOT IN (select name_link_id from master_list_name_join WHERE master_list_id = '43491ce9-bc89-4ee5-988d-9dbb2856e398');
INSERT INTO item (id, name, code, ven_category, type, legacy_record, is_active, is_vaccine, vaccine_doses, default_pack_size) VALUES ('51087976-45f0-4837-a3ab-6075a80eb765', 'BCG - ampoule - 10 doses', 'BCG-7-10', 'NOT_ASSIGNED', 'STOCK', '', 'True', 'True', 10, 1) ON CONFLICT DO NOTHING;
INSERT INTO item_link (id, item_id) VALUES ('51087976-45f0-4837-a3ab-6075a80eb765', '51087976-45f0-4837-a3ab-6075a80eb765') ON CONFLICT DO NOTHING;
INSERT INTO changelog (record_id, table_name, row_action) VALUES ('51087976-45f0-4837-a3ab-6075a80eb765', 'item', 'UPSERT');INSERT INTO master_list_line (id, master_list_id, item_link_id) VALUES (uuid_in(md5(random()::text || random()::text)::cstring), '43491ce9-bc89-4ee5-988d-9dbb2856e398', '51087976-45f0-4837-a3ab-6075a80eb765') ON CONFLICT DO NOTHING;
INSERT INTO item_variant (id, name, item_link_id, cold_storage_type_id) VALUES ('af535652-b2f2-40e6-8c70-def121074277', 'BCG Vaccine (National Center of Infectious and Parasitic Diseases)', '51087976-45f0-4837-a3ab-6075a80eb765', (SELECT id FROM cold_storage_type WHERE name = '+5' or min_temperature = 2 and max_temperature = 8 LIMIT 1)) ON CONFLICT DO NOTHING;
INSERT INTO changelog (record_id, table_name, row_action) VALUES ('af535652-b2f2-40e6-8c70-def121074277', 'item_variant', 'UPSERT');INSERT INTO packaging_variant (id, item_variant_id, name, packaging_level, volume_per_unit) VALUES ('2ed89a2f-739a-4526-a5dd-780459cfe0a3', 'af535652-b2f2-40e6-8c70-def121074277', 'Primary', 1, 2.25) ON CONFLICT DO NOTHING;
INSERT INTO packaging_variant (id, item_variant_id, name, packaging_level, volume_per_unit) VALUES ('adc15ad2-3597-4ce7-89c1-1a099d9c6873', 'af535652-b2f2-40e6-8c70-def121074277', 'Secondary', 2, 2.25) ON CONFLICT DO NOTHING;
INSERT INTO packaging_variant (id, item_variant_id, name, packaging_level, volume_per_unit) VALUES ('25397016-dd35-449e-a002-b4f4252ceb34', 'af535652-b2f2-40e6-8c70-def121074277', 'Tertiary', 3, 3.37) ON CONFLICT DO NOTHING;
INSERT INTO item (id, name, code, ven_category, type, legacy_record, is_active, is_vaccine, vaccine_doses, default_pack_size) VALUES ('f57b46c9-6fd7-4475-a211-aeca590aad6b', 'BCG - ampoule - 10 doses Diluent', 'BCG-7-10_DIL', 'NOT_ASSIGNED', 'STOCK', '', 'True', 'False', 0, 1) ON CONFLICT DO NOTHING;
INSERT INTO item_link (id, item_id) VALUES ('f57b46c9-6fd7-4475-a211-aeca590aad6b', 'f57b46c9-6fd7-4475-a211-aeca590aad6b') ON CONFLICT DO NOTHING;
INSERT INTO changelog (record_id, table_name, row_action) VALUES ('f57b46c9-6fd7-4475-a211-aeca590aad6b', 'item', 'UPSERT');INSERT INTO item_variant (id, name, item_link_id, cold_storage_type_id) VALUES ('03a82469-03c2-4d5b-867b-cf8c8f0f4bfe', 'BCG Vaccine (National Center of Infectious and Parasitic Diseases)', 'f57b46c9-6fd7-4475-a211-aeca590aad6b', (SELECT id FROM cold_storage_type WHERE name = '+5' or min_temperature = 2 and max_temperature = 8 LIMIT 1)) ON CONFLICT DO NOTHING;
INSERT INTO changelog (record_id, table_name, row_action) VALUES ('03a82469-03c2-4d5b-867b-cf8c8f0f4bfe', 'item_variant', 'UPSERT');INSERT INTO packaging_variant (id, item_variant_id, name, packaging_level, volume_per_unit) VALUES ('88a257c5-5f4c-4408-8067-3f2dae2197a6', '03a82469-03c2-4d5b-867b-cf8c8f0f4bfe', 'Primary', 1, 1.1) ON CONFLICT DO NOTHING;
INSERT INTO packaging_variant (id, item_variant_id, name, packaging_level, volume_per_unit) VALUES ('42dfd0df-6b82-4770-87b5-214752a8e279', '03a82469-03c2-4d5b-867b-cf8c8f0f4bfe', 'Secondary', 2, 1.1) ON CONFLICT DO NOTHING;
INSERT INTO packaging_variant (id, item_variant_id, name, packaging_level, volume_per_unit) VALUES ('9e31ff63-58e7-4412-ab2a-ec27b475e2ad', '03a82469-03c2-4d5b-867b-cf8c8f0f4bfe', 'Tertiary', 3, 1.1) ON CONFLICT DO NOTHING;
INSERT INTO bundled_item (id, principal_item_variant_id, bundled_item_variant_id, ratio) VALUES ('b5951931-5daf-4a09-8d9c-e9fdc23ccc23', 'af535652-b2f2-40e6-8c70-def121074277', '03a82469-03c2-4d5b-867b-cf8c8f0f4bfe', 1) ON CONFLICT DO NOTHING;
INSERT INTO changelog (record_id, table_name, row_action) VALUES ('b5951931-5daf-4a09-8d9c-e9fdc23ccc23', 'bundled_item', 'UPSERT');INSERT INTO item_variant (id, name, item_link_id, cold_storage_type_id) VALUES ('08590561-4db0-447c-9863-de8920e2dfcc', 'BCG Freezed Dried Glutamate vaccine (Japan BCG Laboratory)', '51087976-45f0-4837-a3ab-6075a80eb765', (SELECT id FROM cold_storage_type WHERE name = '+5' or min_temperature = 2 and max_temperature = 8 LIMIT 1)) ON CONFLICT DO NOTHING;
INSERT INTO changelog (record_id, table_name, row_action) VALUES ('08590561-4db0-447c-9863-de8920e2dfcc', 'item_variant', 'UPSERT');INSERT INTO packaging_variant (id, item_variant_id, name, packaging_level, volume_per_unit) VALUES ('5d441ecb-b0ac-432f-945f-8e33134d5674', '08590561-4db0-447c-9863-de8920e2dfcc', 'Primary', 1, 1.44) ON CONFLICT DO NOTHING;
INSERT INTO packaging_variant (id, item_variant_id, name, packaging_level, volume_per_unit) VALUES ('64701cf4-59bb-474e-9d08-b71c56dbf9f8', '08590561-4db0-447c-9863-de8920e2dfcc', 'Secondary', 2, 1.44) ON CONFLICT DO NOTHING;
INSERT INTO packaging_variant (id, item_variant_id, name, packaging_level, volume_per_unit) VALUES ('69ebebce-bf50-4f47-b152-ae5739bcdeed', '08590561-4db0-447c-9863-de8920e2dfcc', 'Tertiary', 3, 4.98) ON CONFLICT DO NOTHING;
INSERT INTO item_variant (id, name, item_link_id, cold_storage_type_id) VALUES ('6e11e2eb-ba0d-4f43-9e2f-7c2fc1b266e2', 'BCG Freezed Dried Glutamate vaccine (Japan BCG Laboratory)', 'f57b46c9-6fd7-4475-a211-aeca590aad6b', (SELECT id FROM cold_storage_type WHERE name = '+5' or min_temperature = 2 and max_temperature = 8 LIMIT 1)) ON CONFLICT DO NOTHING;
INSERT INTO changelog (record_id, table_name, row_action) VALUES ('6e11e2eb-ba0d-4f43-9e2f-7c2fc1b266e2', 'item_variant', 'UPSERT');INSERT INTO packaging_variant (id, item_variant_id, name, packaging_level, volume_per_unit) VALUES ('3ac535db-cd00-4571-89b5-7075c19fee8a', '6e11e2eb-ba0d-4f43-9e2f-7c2fc1b266e2', 'Primary', 1, 1.2) ON CONFLICT DO NOTHING;
INSERT INTO packaging_variant (id, item_variant_id, name, packaging_level, volume_per_unit) VALUES ('27295bba-a7dd-46fe-a85a-f641de13c6bd', '6e11e2eb-ba0d-4f43-9e2f-7c2fc1b266e2', 'Secondary', 2, 1.2) ON CONFLICT DO NOTHING;
INSERT INTO packaging_variant (id, item_variant_id, name, packaging_level, volume_per_unit) VALUES ('9e5afc99-4870-45e9-b500-bbdbdefffb92', '6e11e2eb-ba0d-4f43-9e2f-7c2fc1b266e2', 'Tertiary', 3, 2.3) ON CONFLICT DO NOTHING;
INSERT INTO bundled_item (id, principal_item_variant_id, bundled_item_variant_id, ratio) VALUES ('3657d9e4-2652-4188-ad29-3592ec9d01d4', '08590561-4db0-447c-9863-de8920e2dfcc', '6e11e2eb-ba0d-4f43-9e2f-7c2fc1b266e2', 1) ON CONFLICT DO NOTHING;
INSERT INTO changelog (record_id, table_name, row_action) VALUES ('3657d9e4-2652-4188-ad29-3592ec9d01d4', 'bundled_item', 'UPSERT');INSERT INTO item (id, name, code, ven_category, type, legacy_record, is_active, is_vaccine, vaccine_doses, default_pack_size) VALUES ('b3b50adb-1244-44f2-95f1-186213c08c01', 'BCG - ampoule - 20 doses', 'BCG-7-20', 'NOT_ASSIGNED', 'STOCK', '', 'True', 'True', 20, 1) ON CONFLICT DO NOTHING;
INSERT INTO item_link (id, item_id) VALUES ('b3b50adb-1244-44f2-95f1-186213c08c01', 'b3b50adb-1244-44f2-95f1-186213c08c01') ON CONFLICT DO NOTHING;
INSERT INTO changelog (record_id, table_name, row_action) VALUES ('b3b50adb-1244-44f2-95f1-186213c08c01', 'item', 'UPSERT');INSERT INTO master_list_line (id, master_list_id, item_link_id) VALUES (uuid_in(md5(random()::text || random()::text)::cstring), '43491ce9-bc89-4ee5-988d-9dbb2856e398', 'b3b50adb-1244-44f2-95f1-186213c08c01') ON CONFLICT DO NOTHING;
INSERT INTO item_variant (id, name, item_link_id, cold_storage_type_id) VALUES ('7595b783-1129-4bea-a2f2-23e92c8af76b', 'BCG Freeze Dried Glutamate vaccine (Japan BCG Laboratory)', 'b3b50adb-1244-44f2-95f1-186213c08c01', (SELECT id FROM cold_storage_type WHERE name = '+5' or min_temperature = 2 and max_temperature = 8 LIMIT 1)) ON CONFLICT DO NOTHING;
INSERT INTO changelog (record_id, table_name, row_action) VALUES ('7595b783-1129-4bea-a2f2-23e92c8af76b', 'item_variant', 'UPSERT');INSERT INTO packaging_variant (id, item_variant_id, name, packaging_level, volume_per_unit) VALUES ('92c90f5d-d048-44f6-a0fb-ce1fe8593ed6', '7595b783-1129-4bea-a2f2-23e92c8af76b', 'Primary', 1, 0.72) ON CONFLICT DO NOTHING;
INSERT INTO packaging_variant (id, item_variant_id, name, packaging_level, volume_per_unit) VALUES ('beb61143-6d8b-4c77-a381-428258e5bcde', '7595b783-1129-4bea-a2f2-23e92c8af76b', 'Secondary', 2, 0.72) ON CONFLICT DO NOTHING;
INSERT INTO packaging_variant (id, item_variant_id, name, packaging_level, volume_per_unit) VALUES ('ea523241-b832-4b0c-8278-2dee7dd058fa', '7595b783-1129-4bea-a2f2-23e92c8af76b', 'Tertiary', 3, 2.49) ON CONFLICT DO NOTHING;
INSERT INTO item_variant (id, name, item_link_id, cold_storage_type_id) VALUES ('bd9de9b0-d450-44d4-8cea-0e1758042ae7', 'BCG Freeze Dried Glutamate vaccine (Japan BCG Laboratory)', 'f57b46c9-6fd7-4475-a211-aeca590aad6b', (SELECT id FROM cold_storage_type WHERE name = '+5' or min_temperature = 2 and max_temperature = 8 LIMIT 1)) ON CONFLICT DO NOTHING;
INSERT INTO changelog (record_id, table_name, row_action) VALUES ('bd9de9b0-d450-44d4-8cea-0e1758042ae7', 'item_variant', 'UPSERT');INSERT INTO packaging_variant (id, item_variant_id, name, packaging_level, volume_per_unit) VALUES ('3c776c64-ed0f-4555-83e6-8e6703c9e0ae', 'bd9de9b0-d450-44d4-8cea-0e1758042ae7', 'Primary', 1, 0.6) ON CONFLICT DO NOTHING;
INSERT INTO packaging_variant (id, item_variant_id, name, packaging_level, volume_per_unit) VALUES ('878a1d00-c906-4995-9f9d-c6cd291da4a8', 'bd9de9b0-d450-44d4-8cea-0e1758042ae7', 'Secondary', 2, 0.6) ON CONFLICT DO NOTHING;
INSERT INTO packaging_variant (id, item_variant_id, name, packaging_level, volume_per_unit) VALUES ('6a278419-c701-4dd0-aa45-ddc7e4b9db06', 'bd9de9b0-d450-44d4-8cea-0e1758042ae7', 'Tertiary', 3, 1.1) ON CONFLICT DO NOTHING;
INSERT INTO bundled_item (id, principal_item_variant_id, bundled_item_variant_id, ratio) VALUES ('a1312699-ecaa-45bc-b9e0-ea6ba95b656e', '7595b783-1129-4bea-a2f2-23e92c8af76b', 'bd9de9b0-d450-44d4-8cea-0e1758042ae7', 1) ON CONFLICT DO NOTHING;
INSERT INTO changelog (record_id, table_name, row_action) VALUES ('a1312699-ecaa-45bc-b9e0-ea6ba95b656e', 'bundled_item', 'UPSERT');INSERT INTO item_variant (id, name, item_link_id, cold_storage_type_id) VALUES ('c725d2b8-9490-44a8-ad77-8db4d448e159', 'BCG Vaccine (National Center of Infectious and Parasitic Diseases)', 'b3b50adb-1244-44f2-95f1-186213c08c01', (SELECT id FROM cold_storage_type WHERE name = '+5' or min_temperature = 2 and max_temperature = 8 LIMIT 1)) ON CONFLICT DO NOTHING;
INSERT INTO changelog (record_id, table_name, row_action) VALUES ('c725d2b8-9490-44a8-ad77-8db4d448e159', 'item_variant', 'UPSERT');INSERT INTO packaging_variant (id, item_variant_id, name, packaging_level, volume_per_unit) VALUES ('967023ef-f1c7-459b-9f44-37f75fcfd8a4', 'c725d2b8-9490-44a8-ad77-8db4d448e159', 'Primary', 1, 1.13) ON CONFLICT DO NOTHING;
INSERT INTO packaging_variant (id, item_variant_id, name, packaging_level, volume_per_unit) VALUES ('1b96a75d-a068-4e5e-953f-6f600f7c1676', 'c725d2b8-9490-44a8-ad77-8db4d448e159', 'Secondary', 2, 1.13) ON CONFLICT DO NOTHING;
INSERT INTO packaging_variant (id, item_variant_id, name, packaging_level, volume_per_unit) VALUES ('5a5f67e8-f1ff-42ca-9b90-002a4ee268c8', 'c725d2b8-9490-44a8-ad77-8db4d448e159', 'Tertiary', 3, 2.25) ON CONFLICT DO NOTHING;
INSERT INTO item_variant (id, name, item_link_id, cold_storage_type_id) VALUES ('7322f1e6-535f-43cd-83a7-8f7973b8a9e1', 'BCG Vaccine (National Center of Infectious and Parasitic Diseases)', 'f57b46c9-6fd7-4475-a211-aeca590aad6b', (SELECT id FROM cold_storage_type WHERE name = '+5' or min_temperature = 2 and max_temperature = 8 LIMIT 1)) ON CONFLICT DO NOTHING;
INSERT INTO changelog (record_id, table_name, row_action) VALUES ('7322f1e6-535f-43cd-83a7-8f7973b8a9e1', 'item_variant', 'UPSERT');INSERT INTO packaging_variant (id, item_variant_id, name, packaging_level, volume_per_unit) VALUES ('100ce058-e322-4a9b-95c7-77cfdaaac6de', '7322f1e6-535f-43cd-83a7-8f7973b8a9e1', 'Primary', 1, 1.1) ON CONFLICT DO NOTHING;
INSERT INTO packaging_variant (id, item_variant_id, name, packaging_level, volume_per_unit) VALUES ('7b6e4534-db4f-4057-90fc-ee46d0a5691d', '7322f1e6-535f-43cd-83a7-8f7973b8a9e1', 'Secondary', 2, 1.1) ON CONFLICT DO NOTHING;
INSERT INTO packaging_variant (id, item_variant_id, name, packaging_level, volume_per_unit) VALUES ('75e810af-9293-423a-bee7-13f6217f661d', '7322f1e6-535f-43cd-83a7-8f7973b8a9e1', 'Tertiary', 3, 1.1) ON CONFLICT DO NOTHING;
INSERT INTO bundled_item (id, principal_item_variant_id, bundled_item_variant_id, ratio) VALUES ('b8ef6749-a482-4a26-b0f6-0ef5d133f7a7', 'c725d2b8-9490-44a8-ad77-8db4d448e159', '7322f1e6-535f-43cd-83a7-8f7973b8a9e1', 1) ON CONFLICT DO NOTHING;
INSERT INTO changelog (record_id, table_name, row_action) VALUES ('b8ef6749-a482-4a26-b0f6-0ef5d133f7a7', 'bundled_item', 'UPSERT');INSERT INTO item (id, name, code, ven_category, type, legacy_record, is_active, is_vaccine, vaccine_doses, default_pack_size) VALUES ('5c958fb7-6779-429f-a6cb-725ca29903f0', 'BCG - two vial set (active + excipient) - 10 doses', 'BCG-33-10', 'NOT_ASSIGNED', 'STOCK', '', 'True', 'True', 10, 1) ON CONFLICT DO NOTHING;
INSERT INTO item_link (id, item_id) VALUES ('5c958fb7-6779-429f-a6cb-725ca29903f0', '5c958fb7-6779-429f-a6cb-725ca29903f0') ON CONFLICT DO NOTHING;
INSERT INTO changelog (record_id, table_name, row_action) VALUES ('5c958fb7-6779-429f-a6cb-725ca29903f0', 'item', 'UPSERT');INSERT INTO master_list_line (id, master_list_id, item_link_id) VALUES (uuid_in(md5(random()::text || random()::text)::cstring), '43491ce9-bc89-4ee5-988d-9dbb2856e398', '5c958fb7-6779-429f-a6cb-725ca29903f0') ON CONFLICT DO NOTHING;
INSERT INTO item_variant (id, name, item_link_id, cold_storage_type_id) VALUES ('3bfb9802-703e-4a5f-9731-86ee9199f029', 'BCG Vaccine SSI (AJ Vaccines A/S)', '5c958fb7-6779-429f-a6cb-725ca29903f0', (SELECT id FROM cold_storage_type WHERE name = '+5' or min_temperature = 2 and max_temperature = 8 LIMIT 1)) ON CONFLICT DO NOTHING;
INSERT INTO changelog (record_id, table_name, row_action) VALUES ('3bfb9802-703e-4a5f-9731-86ee9199f029', 'item_variant', 'UPSERT');INSERT INTO packaging_variant (id, item_variant_id, name, packaging_level, volume_per_unit) VALUES ('1b4d9bf0-d33d-497b-a31b-83ac0caba046', '3bfb9802-703e-4a5f-9731-86ee9199f029', 'Primary', 1, 1.33) ON CONFLICT DO NOTHING;
INSERT INTO packaging_variant (id, item_variant_id, name, packaging_level, volume_per_unit) VALUES ('f1a5e75d-94ef-4218-9100-a15f141d4f49', '3bfb9802-703e-4a5f-9731-86ee9199f029', 'Secondary', 2, 1.33) ON CONFLICT DO NOTHING;
INSERT INTO packaging_variant (id, item_variant_id, name, packaging_level, volume_per_unit) VALUES ('274029f8-c09c-4c0b-a71a-3ac70486b724', '3bfb9802-703e-4a5f-9731-86ee9199f029', 'Tertiary', 3, 1.33) ON CONFLICT DO NOTHING;
INSERT INTO item (id, name, code, ven_category, type, legacy_record, is_active, is_vaccine, vaccine_doses, default_pack_size) VALUES ('aaac4d50-11a7-4ead-8472-5cca898f1115', 'BCG - vial - 20 doses', 'BCG-4-20', 'NOT_ASSIGNED', 'STOCK', '', 'True', 'True', 20, 1) ON CONFLICT DO NOTHING;
INSERT INTO item_link (id, item_id) VALUES ('aaac4d50-11a7-4ead-8472-5cca898f1115', 'aaac4d50-11a7-4ead-8472-5cca898f1115') ON CONFLICT DO NOTHING;
INSERT INTO changelog (record_id, table_name, row_action) VALUES ('aaac4d50-11a7-4ead-8472-5cca898f1115', 'item', 'UPSERT');INSERT INTO master_list_line (id, master_list_id, item_link_id) VALUES (uuid_in(md5(random()::text || random()::text)::cstring), '43491ce9-bc89-4ee5-988d-9dbb2856e398', 'aaac4d50-11a7-4ead-8472-5cca898f1115') ON CONFLICT DO NOTHING;
INSERT INTO item_variant (id, name, item_link_id, cold_storage_type_id) VALUES ('86f38d50-5780-4dee-8a6c-912d583da78a', 'BCG Vaccine (Serum Institute of India Pvt. Ltd.)', 'aaac4d50-11a7-4ead-8472-5cca898f1115', (SELECT id FROM cold_storage_type WHERE name = '+5' or min_temperature = 2 and max_temperature = 8 LIMIT 1)) ON CONFLICT DO NOTHING;
INSERT INTO changelog (record_id, table_name, row_action) VALUES ('86f38d50-5780-4dee-8a6c-912d583da78a', 'item_variant', 'UPSERT');INSERT INTO packaging_variant (id, item_variant_id, name, packaging_level, volume_per_unit) VALUES ('dd77da06-b8de-41df-ba18-4577d5c8d92f', '86f38d50-5780-4dee-8a6c-912d583da78a', 'Primary', 1, 0.88) ON CONFLICT DO NOTHING;
INSERT INTO packaging_variant (id, item_variant_id, name, packaging_level, volume_per_unit) VALUES ('46dbf14b-76e0-4af7-8135-3c4c8778a930', '86f38d50-5780-4dee-8a6c-912d583da78a', 'Secondary', 2, 0.88) ON CONFLICT DO NOTHING;
INSERT INTO packaging_variant (id, item_variant_id, name, packaging_level, volume_per_unit) VALUES ('a38c491f-95f5-40e8-b354-f64197d05400', '86f38d50-5780-4dee-8a6c-912d583da78a', 'Tertiary', 3, 4.32) ON CONFLICT DO NOTHING;
INSERT INTO item_variant (id, name, item_link_id, cold_storage_type_id) VALUES ('92d71e85-017c-46b6-b9d7-3d5017e9eddd', 'BCG Vaccine (Serum Institute of India Pvt. Ltd.)', 'f57b46c9-6fd7-4475-a211-aeca590aad6b', (SELECT id FROM cold_storage_type WHERE name = '+5' or min_temperature = 2 and max_temperature = 8 LIMIT 1)) ON CONFLICT DO NOTHING;
INSERT INTO changelog (record_id, table_name, row_action) VALUES ('92d71e85-017c-46b6-b9d7-3d5017e9eddd', 'item_variant', 'UPSERT');INSERT INTO packaging_variant (id, item_variant_id, name, packaging_level, volume_per_unit) VALUES ('7d330c4c-8d0e-4ac1-b183-7973a3ea2148', '92d71e85-017c-46b6-b9d7-3d5017e9eddd', 'Primary', 1, 0.6) ON CONFLICT DO NOTHING;
INSERT INTO packaging_variant (id, item_variant_id, name, packaging_level, volume_per_unit) VALUES ('6790f6d3-5828-4aca-ab2d-96f10427ba3e', '92d71e85-017c-46b6-b9d7-3d5017e9eddd', 'Secondary', 2, 0.6) ON CONFLICT DO NOTHING;
INSERT INTO packaging_variant (id, item_variant_id, name, packaging_level, volume_per_unit) VALUES ('eac7793a-96dd-47c7-ad3d-a694bf04a05d', '92d71e85-017c-46b6-b9d7-3d5017e9eddd', 'Tertiary', 3, 0) ON CONFLICT DO NOTHING;
INSERT INTO bundled_item (id, principal_item_variant_id, bundled_item_variant_id, ratio) VALUES ('c5ff0264-65f0-448f-97e9-f760be9de970', '86f38d50-5780-4dee-8a6c-912d583da78a', '92d71e85-017c-46b6-b9d7-3d5017e9eddd', 1) ON CONFLICT DO NOTHING;
INSERT INTO changelog (record_id, table_name, row_action) VALUES ('c5ff0264-65f0-448f-97e9-f760be9de970', 'bundled_item', 'UPSERT');INSERT INTO item (id, name, code, ven_category, type, legacy_record, is_active, is_vaccine, vaccine_doses, default_pack_size) VALUES ('7a84bc6e-8f7f-4933-9578-4b2276f6491e', 'BCG - vial + ampoule - 20 doses', 'BCG-14-20', 'NOT_ASSIGNED', 'STOCK', '', 'True', 'True', 20, 1) ON CONFLICT DO NOTHING;
INSERT INTO item_link (id, item_id) VALUES ('7a84bc6e-8f7f-4933-9578-4b2276f6491e', '7a84bc6e-8f7f-4933-9578-4b2276f6491e') ON CONFLICT DO NOTHING;
INSERT INTO changelog (record_id, table_name, row_action) VALUES ('7a84bc6e-8f7f-4933-9578-4b2276f6491e', 'item', 'UPSERT');INSERT INTO master_list_line (id, master_list_id, item_link_id) VALUES (uuid_in(md5(random()::text || random()::text)::cstring), '43491ce9-bc89-4ee5-988d-9dbb2856e398', '7a84bc6e-8f7f-4933-9578-4b2276f6491e') ON CONFLICT DO NOTHING;
INSERT INTO item_variant (id, name, item_link_id, cold_storage_type_id) VALUES ('62396342-7234-4c56-841f-b249dfaf336f', 'BCG vaccine (Freeze Dried) - Intradermal (GreenSignal Bio Pharma Limited)', '7a84bc6e-8f7f-4933-9578-4b2276f6491e', (SELECT id FROM cold_storage_type WHERE name = '+5' or min_temperature = 2 and max_temperature = 8 LIMIT 1)) ON CONFLICT DO NOTHING;
INSERT INTO changelog (record_id, table_name, row_action) VALUES ('62396342-7234-4c56-841f-b249dfaf336f', 'item_variant', 'UPSERT');INSERT INTO packaging_variant (id, item_variant_id, name, packaging_level, volume_per_unit) VALUES ('c553a1ef-4da5-4f8a-ad08-f73c49920b06', '62396342-7234-4c56-841f-b249dfaf336f', 'Primary', 1, 0.54) ON CONFLICT DO NOTHING;
INSERT INTO packaging_variant (id, item_variant_id, name, packaging_level, volume_per_unit) VALUES ('f8ce5ead-c388-4ea2-ab65-e365c3488bdc', '62396342-7234-4c56-841f-b249dfaf336f', 'Secondary', 2, 0.54) ON CONFLICT DO NOTHING;
INSERT INTO packaging_variant (id, item_variant_id, name, packaging_level, volume_per_unit) VALUES ('d69b4e02-4c67-4b7c-83ff-448c736ea24e', '62396342-7234-4c56-841f-b249dfaf336f', 'Tertiary', 3, 0.87) ON CONFLICT DO NOTHING;
INSERT INTO item_variant (id, name, item_link_id, cold_storage_type_id) VALUES ('a083a457-5040-41fe-bf4f-142fd7513fa0', 'BCG vaccine (Freeze Dried) - Intradermal (GreenSignal Bio Pharma Limited)', 'f57b46c9-6fd7-4475-a211-aeca590aad6b', (SELECT id FROM cold_storage_type WHERE name = '+5' or min_temperature = 2 and max_temperature = 8 LIMIT 1)) ON CONFLICT DO NOTHING;
INSERT INTO changelog (record_id, table_name, row_action) VALUES ('a083a457-5040-41fe-bf4f-142fd7513fa0', 'item_variant', 'UPSERT');INSERT INTO packaging_variant (id, item_variant_id, name, packaging_level, volume_per_unit) VALUES ('42f502b6-6337-44bd-b453-9c3e42b79acc', 'a083a457-5040-41fe-bf4f-142fd7513fa0', 'Primary', 1, 0) ON CONFLICT DO NOTHING;
INSERT INTO packaging_variant (id, item_variant_id, name, packaging_level, volume_per_unit) VALUES ('7040ed68-c19e-488e-9e82-4b1f4f06f3d0', 'a083a457-5040-41fe-bf4f-142fd7513fa0', 'Secondary', 2, 0) ON CONFLICT DO NOTHING;
INSERT INTO packaging_variant (id, item_variant_id, name, packaging_level, volume_per_unit) VALUES ('e2ebfd11-2f6c-453c-845f-9e7b2bbfe640', 'a083a457-5040-41fe-bf4f-142fd7513fa0', 'Tertiary', 3, 0.8) ON CONFLICT DO NOTHING;
INSERT INTO bundled_item (id, principal_item_variant_id, bundled_item_variant_id, ratio) VALUES ('8381d1d5-99a8-4010-b98c-aae9c7a76d11', '62396342-7234-4c56-841f-b249dfaf336f', 'a083a457-5040-41fe-bf4f-142fd7513fa0', 1) ON CONFLICT DO NOTHING;
INSERT INTO changelog (record_id, table_name, row_action) VALUES ('8381d1d5-99a8-4010-b98c-aae9c7a76d11', 'bundled_item', 'UPSERT');INSERT INTO item (id, name, code, ven_category, type, legacy_record, is_active, is_vaccine, vaccine_doses, default_pack_size) VALUES ('4a6d4a40-55f8-4657-af92-e83390a11e3b', 'cholera: inactivated oral - plastic tube - 1 dose', 'CHO-12-1', 'NOT_ASSIGNED', 'STOCK', '', 'True', 'True', 1, 1) ON CONFLICT DO NOTHING;
INSERT INTO item_link (id, item_id) VALUES ('4a6d4a40-55f8-4657-af92-e83390a11e3b', '4a6d4a40-55f8-4657-af92-e83390a11e3b') ON CONFLICT DO NOTHING;
INSERT INTO changelog (record_id, table_name, row_action) VALUES ('4a6d4a40-55f8-4657-af92-e83390a11e3b', 'item', 'UPSERT');INSERT INTO master_list_line (id, master_list_id, item_link_id) VALUES (uuid_in(md5(random()::text || random()::text)::cstring), '43491ce9-bc89-4ee5-988d-9dbb2856e398', '4a6d4a40-55f8-4657-af92-e83390a11e3b') ON CONFLICT DO NOTHING;
INSERT INTO item_variant (id, name, item_link_id, cold_storage_type_id) VALUES ('c349dc8f-a7b2-4215-8090-ec82c41808c0', 'Euvichol-Plus (EuBiologics Co., Ltd.)', '4a6d4a40-55f8-4657-af92-e83390a11e3b', (SELECT id FROM cold_storage_type WHERE name = '+5' or min_temperature = 2 and max_temperature = 8 LIMIT 1)) ON CONFLICT DO NOTHING;
INSERT INTO changelog (record_id, table_name, row_action) VALUES ('c349dc8f-a7b2-4215-8090-ec82c41808c0', 'item_variant', 'UPSERT');INSERT INTO packaging_variant (id, item_variant_id, name, packaging_level, volume_per_unit) VALUES ('374aaeac-2abc-4e7a-b9e7-1c53c2b9b8eb', 'c349dc8f-a7b2-4215-8090-ec82c41808c0', 'Primary', 1, 7.85) ON CONFLICT DO NOTHING;
INSERT INTO packaging_variant (id, item_variant_id, name, packaging_level, volume_per_unit) VALUES ('be3ad277-b801-49aa-bedb-6328168d0bb9', 'c349dc8f-a7b2-4215-8090-ec82c41808c0', 'Secondary', 2, 7.85) ON CONFLICT DO NOTHING;
INSERT INTO packaging_variant (id, item_variant_id, name, packaging_level, volume_per_unit) VALUES ('38a1549b-b589-4f93-a794-1b5df1410d25', 'c349dc8f-a7b2-4215-8090-ec82c41808c0', 'Tertiary', 3, 38.66) ON CONFLICT DO NOTHING;
INSERT INTO item (id, name, code, ven_category, type, legacy_record, is_active, is_vaccine, vaccine_doses, default_pack_size) VALUES ('6916a532-a8fe-4bba-a1c0-77e7ca30b342', 'cholera: inactivated oral - vial - 1 dose', 'CHO-4-1', 'NOT_ASSIGNED', 'STOCK', '', 'True', 'True', 1, 1) ON CONFLICT DO NOTHING;
INSERT INTO item_link (id, item_id) VALUES ('6916a532-a8fe-4bba-a1c0-77e7ca30b342', '6916a532-a8fe-4bba-a1c0-77e7ca30b342') ON CONFLICT DO NOTHING;
INSERT INTO changelog (record_id, table_name, row_action) VALUES ('6916a532-a8fe-4bba-a1c0-77e7ca30b342', 'item', 'UPSERT');INSERT INTO master_list_line (id, master_list_id, item_link_id) VALUES (uuid_in(md5(random()::text || random()::text)::cstring), '43491ce9-bc89-4ee5-988d-9dbb2856e398', '6916a532-a8fe-4bba-a1c0-77e7ca30b342') ON CONFLICT DO NOTHING;
INSERT INTO item_variant (id, name, item_link_id, cold_storage_type_id) VALUES ('a54f8bb6-d1c3-4114-9ed1-6577cb116d65', 'Shanchol (Shantha Biotechnics Private Limited (A Sanofi Company))', '6916a532-a8fe-4bba-a1c0-77e7ca30b342', (SELECT id FROM cold_storage_type WHERE name = '+5' or min_temperature = 2 and max_temperature = 8 LIMIT 1)) ON CONFLICT DO NOTHING;
INSERT INTO changelog (record_id, table_name, row_action) VALUES ('a54f8bb6-d1c3-4114-9ed1-6577cb116d65', 'item_variant', 'UPSERT');INSERT INTO packaging_variant (id, item_variant_id, name, packaging_level, volume_per_unit) VALUES ('2326b3ad-6c2d-4f73-98a6-7b866593890a', 'a54f8bb6-d1c3-4114-9ed1-6577cb116d65', 'Primary', 1, 16.8) ON CONFLICT DO NOTHING;
INSERT INTO packaging_variant (id, item_variant_id, name, packaging_level, volume_per_unit) VALUES ('72073657-6a85-43d6-86b3-347573644734', 'a54f8bb6-d1c3-4114-9ed1-6577cb116d65', 'Secondary', 2, 16.8) ON CONFLICT DO NOTHING;
INSERT INTO packaging_variant (id, item_variant_id, name, packaging_level, volume_per_unit) VALUES ('974ee38f-6d95-412a-9809-c800bf53b7a3', 'a54f8bb6-d1c3-4114-9ed1-6577cb116d65', 'Tertiary', 3, 63.26) ON CONFLICT DO NOTHING;
INSERT INTO item_variant (id, name, item_link_id, cold_storage_type_id) VALUES ('9d1ca455-bebb-4555-b380-5a3642809bb1', 'Euvichol (EuBiologics Co., Ltd.)', '6916a532-a8fe-4bba-a1c0-77e7ca30b342', (SELECT id FROM cold_storage_type WHERE name = '+5' or min_temperature = 2 and max_temperature = 8 LIMIT 1)) ON CONFLICT DO NOTHING;
INSERT INTO changelog (record_id, table_name, row_action) VALUES ('9d1ca455-bebb-4555-b380-5a3642809bb1', 'item_variant', 'UPSERT');INSERT INTO packaging_variant (id, item_variant_id, name, packaging_level, volume_per_unit) VALUES ('68b27752-c446-4e34-b7c2-4b22e7062714', '9d1ca455-bebb-4555-b380-5a3642809bb1', 'Primary', 1, 11) ON CONFLICT DO NOTHING;
INSERT INTO packaging_variant (id, item_variant_id, name, packaging_level, volume_per_unit) VALUES ('5199ad58-a446-4e45-82ce-5a2e555544b0', '9d1ca455-bebb-4555-b380-5a3642809bb1', 'Secondary', 2, 11) ON CONFLICT DO NOTHING;
INSERT INTO packaging_variant (id, item_variant_id, name, packaging_level, volume_per_unit) VALUES ('24f5a82b-e551-47f1-8612-7b4810988288', '9d1ca455-bebb-4555-b380-5a3642809bb1', 'Tertiary', 3, 64.6) ON CONFLICT DO NOTHING;
INSERT INTO item (id, name, code, ven_category, type, legacy_record, is_active, is_vaccine, vaccine_doses, default_pack_size) VALUES ('b75e4a08-535d-4684-9757-1491f1e2e933', 'cholera: inactivated oral - vial + buffer sachet - 1 dose', 'CHO-20-1', 'NOT_ASSIGNED', 'STOCK', '', 'True', 'True', 1, 1) ON CONFLICT DO NOTHING;
INSERT INTO item_link (id, item_id) VALUES ('b75e4a08-535d-4684-9757-1491f1e2e933', 'b75e4a08-535d-4684-9757-1491f1e2e933') ON CONFLICT DO NOTHING;
INSERT INTO changelog (record_id, table_name, row_action) VALUES ('b75e4a08-535d-4684-9757-1491f1e2e933', 'item', 'UPSERT');INSERT INTO master_list_line (id, master_list_id, item_link_id) VALUES (uuid_in(md5(random()::text || random()::text)::cstring), '43491ce9-bc89-4ee5-988d-9dbb2856e398', 'b75e4a08-535d-4684-9757-1491f1e2e933') ON CONFLICT DO NOTHING;
INSERT INTO item_variant (id, name, item_link_id, cold_storage_type_id) VALUES ('6bb2660e-cd6b-4db2-bb4d-0518995f1cc6', 'Dukoral (Valneva Sweden AB)', 'b75e4a08-535d-4684-9757-1491f1e2e933', (SELECT id FROM cold_storage_type WHERE name = '+5' or min_temperature = 2 and max_temperature = 8 LIMIT 1)) ON CONFLICT DO NOTHING;
INSERT INTO changelog (record_id, table_name, row_action) VALUES ('6bb2660e-cd6b-4db2-bb4d-0518995f1cc6', 'item_variant', 'UPSERT');INSERT INTO packaging_variant (id, item_variant_id, name, packaging_level, volume_per_unit) VALUES ('738a7f27-4f12-40d7-9ccb-19140ec84c4a', '6bb2660e-cd6b-4db2-bb4d-0518995f1cc6', 'Primary', 1, 136) ON CONFLICT DO NOTHING;
INSERT INTO packaging_variant (id, item_variant_id, name, packaging_level, volume_per_unit) VALUES ('c09e00f5-b6b5-4dd7-90a9-f4889874981a', '6bb2660e-cd6b-4db2-bb4d-0518995f1cc6', 'Secondary', 2, 136) ON CONFLICT DO NOTHING;
INSERT INTO packaging_variant (id, item_variant_id, name, packaging_level, volume_per_unit) VALUES ('1d6131d6-8f00-4672-ad01-6006115199c4', '6bb2660e-cd6b-4db2-bb4d-0518995f1cc6', 'Tertiary', 3, 136) ON CONFLICT DO NOTHING;
INSERT INTO item (id, name, code, ven_category, type, legacy_record, is_active, is_vaccine, vaccine_doses, default_pack_size) VALUES ('87aa992b-94d3-4119-bafe-199ecb9b47db', 'Covid-19 vaccine - prefilled syringe - 1 dose', 'COV-17-1', 'NOT_ASSIGNED', 'STOCK', '', 'True', 'True', 1, 1) ON CONFLICT DO NOTHING;
INSERT INTO item_link (id, item_id) VALUES ('87aa992b-94d3-4119-bafe-199ecb9b47db', '87aa992b-94d3-4119-bafe-199ecb9b47db') ON CONFLICT DO NOTHING;
INSERT INTO changelog (record_id, table_name, row_action) VALUES ('87aa992b-94d3-4119-bafe-199ecb9b47db', 'item', 'UPSERT');INSERT INTO master_list_line (id, master_list_id, item_link_id) VALUES (uuid_in(md5(random()::text || random()::text)::cstring), '43491ce9-bc89-4ee5-988d-9dbb2856e398', '87aa992b-94d3-4119-bafe-199ecb9b47db') ON CONFLICT DO NOTHING;
INSERT INTO item_variant (id, name, item_link_id, cold_storage_type_id) VALUES ('72d53c0a-0c34-46f0-890d-4a4a3c19611c', 'Sinopharm (Beijing Institute of Biological Products Co., Ltd)', '87aa992b-94d3-4119-bafe-199ecb9b47db', (SELECT id FROM cold_storage_type WHERE name = '+5' or min_temperature = 2 and max_temperature = 8 LIMIT 1)) ON CONFLICT DO NOTHING;
INSERT INTO changelog (record_id, table_name, row_action) VALUES ('72d53c0a-0c34-46f0-890d-4a4a3c19611c', 'item_variant', 'UPSERT');INSERT INTO packaging_variant (id, item_variant_id, name, packaging_level, volume_per_unit) VALUES ('b9fc3541-85f6-4197-bed4-6c1e8bde06a9', '72d53c0a-0c34-46f0-890d-4a4a3c19611c', 'Primary', 1, 94.9) ON CONFLICT DO NOTHING;
INSERT INTO packaging_variant (id, item_variant_id, name, packaging_level, volume_per_unit) VALUES ('b1a45d22-bbc8-469b-9956-eda6199b7d4d', '72d53c0a-0c34-46f0-890d-4a4a3c19611c', 'Secondary', 2, 94.9) ON CONFLICT DO NOTHING;
INSERT INTO packaging_variant (id, item_variant_id, name, packaging_level, volume_per_unit) VALUES ('7454e903-dd87-4599-b764-909bf3ac460e', '72d53c0a-0c34-46f0-890d-4a4a3c19611c', 'Tertiary', 3, 115.9) ON CONFLICT DO NOTHING;
INSERT INTO item_variant (id, name, item_link_id, cold_storage_type_id) VALUES ('adeef60e-aace-4ba6-bbb8-b3843abe8f2b', 'Sinopharm (Beijing Institute of Biological Products Co., Ltd)', '87aa992b-94d3-4119-bafe-199ecb9b47db', (SELECT id FROM cold_storage_type WHERE name = '+5' or min_temperature = 2 and max_temperature = 8 LIMIT 1)) ON CONFLICT DO NOTHING;
INSERT INTO changelog (record_id, table_name, row_action) VALUES ('adeef60e-aace-4ba6-bbb8-b3843abe8f2b', 'item_variant', 'UPSERT');INSERT INTO packaging_variant (id, item_variant_id, name, packaging_level, volume_per_unit) VALUES ('68cb5813-5f96-4f05-963e-b0d053efc0bd', 'adeef60e-aace-4ba6-bbb8-b3843abe8f2b', 'Primary', 1, 124.9) ON CONFLICT DO NOTHING;
INSERT INTO packaging_variant (id, item_variant_id, name, packaging_level, volume_per_unit) VALUES ('54c5f43d-1af4-411a-81a5-28d3f30d0190', 'adeef60e-aace-4ba6-bbb8-b3843abe8f2b', 'Secondary', 2, 124.9) ON CONFLICT DO NOTHING;
INSERT INTO packaging_variant (id, item_variant_id, name, packaging_level, volume_per_unit) VALUES ('518863a9-2af5-4559-adb1-2bd195950919', 'adeef60e-aace-4ba6-bbb8-b3843abe8f2b', 'Tertiary', 3, 154) ON CONFLICT DO NOTHING;
INSERT INTO item_variant (id, name, item_link_id, cold_storage_type_id) VALUES ('c5800063-5320-4628-8ff4-f6777836d014', 'CoronaVac (Sinovac Life Sciences Co., Ltd.)', '87aa992b-94d3-4119-bafe-199ecb9b47db', (SELECT id FROM cold_storage_type WHERE name = '+5' or min_temperature = 2 and max_temperature = 8 LIMIT 1)) ON CONFLICT DO NOTHING;
INSERT INTO changelog (record_id, table_name, row_action) VALUES ('c5800063-5320-4628-8ff4-f6777836d014', 'item_variant', 'UPSERT');INSERT INTO packaging_variant (id, item_variant_id, name, packaging_level, volume_per_unit) VALUES ('34eee779-a126-4814-afd7-e1021ba62c83', 'c5800063-5320-4628-8ff4-f6777836d014', 'Primary', 1, 41.65) ON CONFLICT DO NOTHING;
INSERT INTO packaging_variant (id, item_variant_id, name, packaging_level, volume_per_unit) VALUES ('b011ab35-2b7b-4e4d-b8df-784ac2bd4ab5', 'c5800063-5320-4628-8ff4-f6777836d014', 'Secondary', 2, 41.65) ON CONFLICT DO NOTHING;
INSERT INTO packaging_variant (id, item_variant_id, name, packaging_level, volume_per_unit) VALUES ('90791285-d2a8-4554-b02b-a52372b80f98', 'c5800063-5320-4628-8ff4-f6777836d014', 'Tertiary', 3, 49.82) ON CONFLICT DO NOTHING;
INSERT INTO item (id, name, code, ven_category, type, legacy_record, is_active, is_vaccine, vaccine_doses, default_pack_size) VALUES ('7c484e49-1660-4928-bd28-3721bbcf82c8', 'Covid-19 vaccine - prefilled syringe - 2 doses', 'COV-17-2', 'NOT_ASSIGNED', 'STOCK', '', 'True', 'True', 2, 1) ON CONFLICT DO NOTHING;
INSERT INTO item_link (id, item_id) VALUES ('7c484e49-1660-4928-bd28-3721bbcf82c8', '7c484e49-1660-4928-bd28-3721bbcf82c8') ON CONFLICT DO NOTHING;
INSERT INTO changelog (record_id, table_name, row_action) VALUES ('7c484e49-1660-4928-bd28-3721bbcf82c8', 'item', 'UPSERT');INSERT INTO master_list_line (id, master_list_id, item_link_id) VALUES (uuid_in(md5(random()::text || random()::text)::cstring), '43491ce9-bc89-4ee5-988d-9dbb2856e398', '7c484e49-1660-4928-bd28-3721bbcf82c8') ON CONFLICT DO NOTHING;
INSERT INTO item_variant (id, name, item_link_id, cold_storage_type_id) VALUES ('5decd521-47c0-4f2e-8b34-8a03fb0b01e3', 'Sinopharm (Beijing Institute of Biological Products Co., Ltd)', '7c484e49-1660-4928-bd28-3721bbcf82c8', (SELECT id FROM cold_storage_type WHERE name = '+5' or min_temperature = 2 and max_temperature = 8 LIMIT 1)) ON CONFLICT DO NOTHING;
INSERT INTO changelog (record_id, table_name, row_action) VALUES ('5decd521-47c0-4f2e-8b34-8a03fb0b01e3', 'item_variant', 'UPSERT');INSERT INTO packaging_variant (id, item_variant_id, name, packaging_level, volume_per_unit) VALUES ('305d2361-fca2-46fa-bf36-912accfa39aa', '5decd521-47c0-4f2e-8b34-8a03fb0b01e3', 'Primary', 1, 11.4) ON CONFLICT DO NOTHING;
INSERT INTO packaging_variant (id, item_variant_id, name, packaging_level, volume_per_unit) VALUES ('81ae2878-5b3a-4613-9e6d-b67fc6b4af74', '5decd521-47c0-4f2e-8b34-8a03fb0b01e3', 'Secondary', 2, 11.4) ON CONFLICT DO NOTHING;
INSERT INTO packaging_variant (id, item_variant_id, name, packaging_level, volume_per_unit) VALUES ('6c3124c5-68de-4fa9-8d7f-1ed45b2cfc5e', '5decd521-47c0-4f2e-8b34-8a03fb0b01e3', 'Tertiary', 3, 14.03) ON CONFLICT DO NOTHING;
INSERT INTO item (id, name, code, ven_category, type, legacy_record, is_active, is_vaccine, vaccine_doses, default_pack_size) VALUES ('e4706298-b5cf-47b8-bc0a-63e5d3abb035', 'Covid-19 vaccine - prefilled syringe - 5 doses', 'COV-17-5', 'NOT_ASSIGNED', 'STOCK', '', 'True', 'True', 5, 1) ON CONFLICT DO NOTHING;
INSERT INTO item_link (id, item_id) VALUES ('e4706298-b5cf-47b8-bc0a-63e5d3abb035', 'e4706298-b5cf-47b8-bc0a-63e5d3abb035') ON CONFLICT DO NOTHING;
INSERT INTO changelog (record_id, table_name, row_action) VALUES ('e4706298-b5cf-47b8-bc0a-63e5d3abb035', 'item', 'UPSERT');INSERT INTO master_list_line (id, master_list_id, item_link_id) VALUES (uuid_in(md5(random()::text || random()::text)::cstring), '43491ce9-bc89-4ee5-988d-9dbb2856e398', 'e4706298-b5cf-47b8-bc0a-63e5d3abb035') ON CONFLICT DO NOTHING;
INSERT INTO item_variant (id, name, item_link_id, cold_storage_type_id) VALUES ('cbb958a1-9a31-4def-b919-3f3cde635525', 'Sinopharm (Beijing Institute of Biological Products Co., Ltd)', 'e4706298-b5cf-47b8-bc0a-63e5d3abb035', (SELECT id FROM cold_storage_type WHERE name = '+5' or min_temperature = 2 and max_temperature = 8 LIMIT 1)) ON CONFLICT DO NOTHING;
INSERT INTO changelog (record_id, table_name, row_action) VALUES ('cbb958a1-9a31-4def-b919-3f3cde635525', 'item_variant', 'UPSERT');INSERT INTO packaging_variant (id, item_variant_id, name, packaging_level, volume_per_unit) VALUES ('62f8c0d3-d7f5-4c52-8416-8a168cbcffa3', 'cbb958a1-9a31-4def-b919-3f3cde635525', 'Primary', 1, 12.3) ON CONFLICT DO NOTHING;
INSERT INTO packaging_variant (id, item_variant_id, name, packaging_level, volume_per_unit) VALUES ('57d65b65-cc70-4465-8c73-659f22232d72', 'cbb958a1-9a31-4def-b919-3f3cde635525', 'Secondary', 2, 12.3) ON CONFLICT DO NOTHING;
INSERT INTO packaging_variant (id, item_variant_id, name, packaging_level, volume_per_unit) VALUES ('4032caa9-17a6-450d-8ef6-1748ff7fc075', 'cbb958a1-9a31-4def-b919-3f3cde635525', 'Tertiary', 3, 15.66) ON CONFLICT DO NOTHING;
INSERT INTO item_variant (id, name, item_link_id, cold_storage_type_id) VALUES ('ae2de0dc-8685-4476-b056-3b89df2c2ae4', 'Sinopharm (Beijing Institute of Biological Products Co., Ltd)', 'e4706298-b5cf-47b8-bc0a-63e5d3abb035', (SELECT id FROM cold_storage_type WHERE name = '+5' or min_temperature = 2 and max_temperature = 8 LIMIT 1)) ON CONFLICT DO NOTHING;
INSERT INTO changelog (record_id, table_name, row_action) VALUES ('ae2de0dc-8685-4476-b056-3b89df2c2ae4', 'item_variant', 'UPSERT');INSERT INTO packaging_variant (id, item_variant_id, name, packaging_level, volume_per_unit) VALUES ('ee526a96-b384-4c74-a651-636f87b463c2', 'ae2de0dc-8685-4476-b056-3b89df2c2ae4', 'Primary', 1, 4.2) ON CONFLICT DO NOTHING;
INSERT INTO packaging_variant (id, item_variant_id, name, packaging_level, volume_per_unit) VALUES ('49c7c59f-cf63-4889-95a4-3063229bd8cb', 'ae2de0dc-8685-4476-b056-3b89df2c2ae4', 'Secondary', 2, 4.2) ON CONFLICT DO NOTHING;
INSERT INTO packaging_variant (id, item_variant_id, name, packaging_level, volume_per_unit) VALUES ('9679c443-d3f4-4482-8d6b-d74583400d03', 'ae2de0dc-8685-4476-b056-3b89df2c2ae4', 'Tertiary', 3, 5.78) ON CONFLICT DO NOTHING;
INSERT INTO item_variant (id, name, item_link_id, cold_storage_type_id) VALUES ('07eff3ef-db21-4544-95c5-8e8908a6d1a8', 'Sinopharm (Beijing Institute of Biological Products Co., Ltd)', 'e4706298-b5cf-47b8-bc0a-63e5d3abb035', (SELECT id FROM cold_storage_type WHERE name = '+5' or min_temperature = 2 and max_temperature = 8 LIMIT 1)) ON CONFLICT DO NOTHING;
INSERT INTO changelog (record_id, table_name, row_action) VALUES ('07eff3ef-db21-4544-95c5-8e8908a6d1a8', 'item_variant', 'UPSERT');INSERT INTO packaging_variant (id, item_variant_id, name, packaging_level, volume_per_unit) VALUES ('acb5eab9-fe45-40ab-a8ae-7c3db6b6d360', '07eff3ef-db21-4544-95c5-8e8908a6d1a8', 'Primary', 1, 4.5) ON CONFLICT DO NOTHING;
INSERT INTO packaging_variant (id, item_variant_id, name, packaging_level, volume_per_unit) VALUES ('526a30b9-7bf9-47aa-8d02-6f4986b6295b', '07eff3ef-db21-4544-95c5-8e8908a6d1a8', 'Secondary', 2, 4.5) ON CONFLICT DO NOTHING;
INSERT INTO packaging_variant (id, item_variant_id, name, packaging_level, volume_per_unit) VALUES ('fa2b5536-11cd-4e87-82b8-bb7dcd1deea5', '07eff3ef-db21-4544-95c5-8e8908a6d1a8', 'Tertiary', 3, 6.82) ON CONFLICT DO NOTHING;
INSERT INTO item (id, name, code, ven_category, type, legacy_record, is_active, is_vaccine, vaccine_doses, default_pack_size) VALUES ('520d8a8e-c22c-4680-9fc3-c8d53edf6969', 'Covid-19 vaccine - vial - 1 dose', 'COV-4-1', 'NOT_ASSIGNED', 'STOCK', '', 'True', 'True', 1, 1) ON CONFLICT DO NOTHING;
INSERT INTO item_link (id, item_id) VALUES ('520d8a8e-c22c-4680-9fc3-c8d53edf6969', '520d8a8e-c22c-4680-9fc3-c8d53edf6969') ON CONFLICT DO NOTHING;
INSERT INTO changelog (record_id, table_name, row_action) VALUES ('520d8a8e-c22c-4680-9fc3-c8d53edf6969', 'item', 'UPSERT');INSERT INTO master_list_line (id, master_list_id, item_link_id) VALUES (uuid_in(md5(random()::text || random()::text)::cstring), '43491ce9-bc89-4ee5-988d-9dbb2856e398', '520d8a8e-c22c-4680-9fc3-c8d53edf6969') ON CONFLICT DO NOTHING;
INSERT INTO item_variant (id, name, item_link_id, cold_storage_type_id) VALUES ('73ef5983-337d-4689-b96a-7cf289c68812', 'Sinopharm (Beijing Institute of Biological Products Co., Ltd)', '520d8a8e-c22c-4680-9fc3-c8d53edf6969', (SELECT id FROM cold_storage_type WHERE name = '+5' or min_temperature = 2 and max_temperature = 8 LIMIT 1)) ON CONFLICT DO NOTHING;
INSERT INTO changelog (record_id, table_name, row_action) VALUES ('73ef5983-337d-4689-b96a-7cf289c68812', 'item_variant', 'UPSERT');INSERT INTO packaging_variant (id, item_variant_id, name, packaging_level, volume_per_unit) VALUES ('0be0fe9c-044c-491b-b3a2-eb37d2d53048', '73ef5983-337d-4689-b96a-7cf289c68812', 'Primary', 1, 61.8) ON CONFLICT DO NOTHING;
INSERT INTO packaging_variant (id, item_variant_id, name, packaging_level, volume_per_unit) VALUES ('ccdba47f-5c2f-450b-89b7-1c80602f2469', '73ef5983-337d-4689-b96a-7cf289c68812', 'Secondary', 2, 61.8) ON CONFLICT DO NOTHING;
INSERT INTO packaging_variant (id, item_variant_id, name, packaging_level, volume_per_unit) VALUES ('4723f170-5a81-4e74-8a1e-bdfc548bfa0a', '73ef5983-337d-4689-b96a-7cf289c68812', 'Tertiary', 3, 78.3) ON CONFLICT DO NOTHING;
INSERT INTO item_variant (id, name, item_link_id, cold_storage_type_id) VALUES ('12fa1af0-a1e6-4911-b4bb-76695ea7ce54', 'Sinopharm (Beijing Institute of Biological Products Co., Ltd)', '520d8a8e-c22c-4680-9fc3-c8d53edf6969', (SELECT id FROM cold_storage_type WHERE name = '+5' or min_temperature = 2 and max_temperature = 8 LIMIT 1)) ON CONFLICT DO NOTHING;
INSERT INTO changelog (record_id, table_name, row_action) VALUES ('12fa1af0-a1e6-4911-b4bb-76695ea7ce54', 'item_variant', 'UPSERT');INSERT INTO packaging_variant (id, item_variant_id, name, packaging_level, volume_per_unit) VALUES ('f8aa40dd-4a29-40f1-8d23-d83d2210ca22', '12fa1af0-a1e6-4911-b4bb-76695ea7ce54', 'Primary', 1, 21.2) ON CONFLICT DO NOTHING;
INSERT INTO packaging_variant (id, item_variant_id, name, packaging_level, volume_per_unit) VALUES ('61075355-6e17-4aca-ad0a-50c9930dd741', '12fa1af0-a1e6-4911-b4bb-76695ea7ce54', 'Secondary', 2, 21.2) ON CONFLICT DO NOTHING;
INSERT INTO packaging_variant (id, item_variant_id, name, packaging_level, volume_per_unit) VALUES ('5357a3f6-5362-4e32-b0a0-94c80696c72a', '12fa1af0-a1e6-4911-b4bb-76695ea7ce54', 'Tertiary', 3, 28.9) ON CONFLICT DO NOTHING;
INSERT INTO item_variant (id, name, item_link_id, cold_storage_type_id) VALUES ('7bfcc09e-d3fb-45b7-b278-e4a7de555807', 'CoronaVac (Sinovac Life Sciences Co., Ltd.)', '520d8a8e-c22c-4680-9fc3-c8d53edf6969', (SELECT id FROM cold_storage_type WHERE name = '+5' or min_temperature = 2 and max_temperature = 8 LIMIT 1)) ON CONFLICT DO NOTHING;
INSERT INTO changelog (record_id, table_name, row_action) VALUES ('7bfcc09e-d3fb-45b7-b278-e4a7de555807', 'item_variant', 'UPSERT');INSERT INTO packaging_variant (id, item_variant_id, name, packaging_level, volume_per_unit) VALUES ('31f8ec2d-b0d4-446b-b362-085b3e9bb93d', '7bfcc09e-d3fb-45b7-b278-e4a7de555807', 'Primary', 1, 16.3) ON CONFLICT DO NOTHING;
INSERT INTO packaging_variant (id, item_variant_id, name, packaging_level, volume_per_unit) VALUES ('b614e811-d1e6-4e2b-80c8-842b3f95c990', '7bfcc09e-d3fb-45b7-b278-e4a7de555807', 'Secondary', 2, 16.3) ON CONFLICT DO NOTHING;
INSERT INTO packaging_variant (id, item_variant_id, name, packaging_level, volume_per_unit) VALUES ('781dcebd-8aee-4daa-93ed-80b9133a410d', '7bfcc09e-d3fb-45b7-b278-e4a7de555807', 'Tertiary', 3, 20.24) ON CONFLICT DO NOTHING;
INSERT INTO item_variant (id, name, item_link_id, cold_storage_type_id) VALUES ('cf5aed89-0bb4-4a21-9e6f-89e184e8eac2', 'Sputnik V (Gamalia Institute)', '520d8a8e-c22c-4680-9fc3-c8d53edf6969', (SELECT id FROM cold_storage_type WHERE name = '-20' or min_temperature = -20 and max_temperature = -20 LIMIT 1)) ON CONFLICT DO NOTHING;
INSERT INTO changelog (record_id, table_name, row_action) VALUES ('cf5aed89-0bb4-4a21-9e6f-89e184e8eac2', 'item_variant', 'UPSERT');INSERT INTO packaging_variant (id, item_variant_id, name, packaging_level, volume_per_unit) VALUES ('ff5c348d-4425-40ae-be9e-4fcdd714cad5', 'cf5aed89-0bb4-4a21-9e6f-89e184e8eac2', 'Primary', 1, 27.5) ON CONFLICT DO NOTHING;
INSERT INTO packaging_variant (id, item_variant_id, name, packaging_level, volume_per_unit) VALUES ('f2068d5c-9357-4d20-bcd8-75d2b9281e72', 'cf5aed89-0bb4-4a21-9e6f-89e184e8eac2', 'Secondary', 2, 27.5) ON CONFLICT DO NOTHING;
INSERT INTO packaging_variant (id, item_variant_id, name, packaging_level, volume_per_unit) VALUES ('c5ff60a5-ff8b-4c98-aa94-a85210a4bf8c', 'cf5aed89-0bb4-4a21-9e6f-89e184e8eac2', 'Tertiary', 3, 31.1) ON CONFLICT DO NOTHING;
INSERT INTO item_variant (id, name, item_link_id, cold_storage_type_id) VALUES ('0edc2f7c-19a0-4150-8ab3-7dec50fa0a49', 'BBV152, COVAXIN® (Bharat Biotech International Limited)', '520d8a8e-c22c-4680-9fc3-c8d53edf6969', (SELECT id FROM cold_storage_type WHERE name = '+5' or min_temperature = 2 and max_temperature = 8 LIMIT 1)) ON CONFLICT DO NOTHING;
INSERT INTO changelog (record_id, table_name, row_action) VALUES ('0edc2f7c-19a0-4150-8ab3-7dec50fa0a49', 'item_variant', 'UPSERT');INSERT INTO packaging_variant (id, item_variant_id, name, packaging_level, volume_per_unit) VALUES ('3208223c-87b0-4cab-af10-a9513796d4c4', '0edc2f7c-19a0-4150-8ab3-7dec50fa0a49', 'Primary', 1, 14.45) ON CONFLICT DO NOTHING;
INSERT INTO packaging_variant (id, item_variant_id, name, packaging_level, volume_per_unit) VALUES ('c9ed5ad2-f1b5-4066-bbf4-14851b789240', '0edc2f7c-19a0-4150-8ab3-7dec50fa0a49', 'Secondary', 2, 14.45) ON CONFLICT DO NOTHING;
INSERT INTO packaging_variant (id, item_variant_id, name, packaging_level, volume_per_unit) VALUES ('074cd08d-57c3-463b-a41c-031100a683e3', '0edc2f7c-19a0-4150-8ab3-7dec50fa0a49', 'Tertiary', 3, 18.31) ON CONFLICT DO NOTHING;
INSERT INTO item_variant (id, name, item_link_id, cold_storage_type_id) VALUES ('a72073d8-13cf-48c2-9e90-5443e1401393', 'COVOVAX (Serum Institute of India Pvt. Ltd (s/c AZ))', '520d8a8e-c22c-4680-9fc3-c8d53edf6969', (SELECT id FROM cold_storage_type WHERE name = '+5' or min_temperature = 2 and max_temperature = 8 LIMIT 1)) ON CONFLICT DO NOTHING;
INSERT INTO changelog (record_id, table_name, row_action) VALUES ('a72073d8-13cf-48c2-9e90-5443e1401393', 'item_variant', 'UPSERT');INSERT INTO packaging_variant (id, item_variant_id, name, packaging_level, volume_per_unit) VALUES ('160e7be1-4b6a-4907-b6bf-be28de4d4846', 'a72073d8-13cf-48c2-9e90-5443e1401393', 'Primary', 1, 15.8) ON CONFLICT DO NOTHING;
INSERT INTO packaging_variant (id, item_variant_id, name, packaging_level, volume_per_unit) VALUES ('d047901d-378f-49a8-a93f-bdedac28c2aa', 'a72073d8-13cf-48c2-9e90-5443e1401393', 'Secondary', 2, 15.8) ON CONFLICT DO NOTHING;
INSERT INTO packaging_variant (id, item_variant_id, name, packaging_level, volume_per_unit) VALUES ('649a226f-d868-4665-9f83-dcdaca7cd3a1', 'a72073d8-13cf-48c2-9e90-5443e1401393', 'Tertiary', 3, 15.8) ON CONFLICT DO NOTHING;
INSERT INTO item_variant (id, name, item_link_id, cold_storage_type_id) VALUES ('8072e1b5-dc95-43d7-a85c-3e057a1b3445', 'COVID-C (Generic)', '520d8a8e-c22c-4680-9fc3-c8d53edf6969', (SELECT id FROM cold_storage_type WHERE name = '+5' or min_temperature = 2 and max_temperature = 8 LIMIT 1)) ON CONFLICT DO NOTHING;
INSERT INTO changelog (record_id, table_name, row_action) VALUES ('8072e1b5-dc95-43d7-a85c-3e057a1b3445', 'item_variant', 'UPSERT');INSERT INTO packaging_variant (id, item_variant_id, name, packaging_level, volume_per_unit) VALUES ('d17588a7-4743-4b3f-ade0-dcae0470852c', '8072e1b5-dc95-43d7-a85c-3e057a1b3445', 'Primary', 1, 17) ON CONFLICT DO NOTHING;
INSERT INTO packaging_variant (id, item_variant_id, name, packaging_level, volume_per_unit) VALUES ('73efe4ae-cd56-4669-9644-3734a76a604b', '8072e1b5-dc95-43d7-a85c-3e057a1b3445', 'Secondary', 2, 17) ON CONFLICT DO NOTHING;
INSERT INTO packaging_variant (id, item_variant_id, name, packaging_level, volume_per_unit) VALUES ('a38971e8-3b2d-4f40-939f-7cd57ecd11b7', '8072e1b5-dc95-43d7-a85c-3e057a1b3445', 'Tertiary', 3, 23) ON CONFLICT DO NOTHING;
INSERT INTO item (id, name, code, ven_category, type, legacy_record, is_active, is_vaccine, vaccine_doses, default_pack_size) VALUES ('29c78824-71c7-41fa-ba6f-5ad99efc5ad6', 'Covid-19 vaccine - vial - 10 doses', 'COV-4-10', 'NOT_ASSIGNED', 'STOCK', '', 'True', 'True', 10, 1) ON CONFLICT DO NOTHING;
INSERT INTO item_link (id, item_id) VALUES ('29c78824-71c7-41fa-ba6f-5ad99efc5ad6', '29c78824-71c7-41fa-ba6f-5ad99efc5ad6') ON CONFLICT DO NOTHING;
INSERT INTO changelog (record_id, table_name, row_action) VALUES ('29c78824-71c7-41fa-ba6f-5ad99efc5ad6', 'item', 'UPSERT');INSERT INTO master_list_line (id, master_list_id, item_link_id) VALUES (uuid_in(md5(random()::text || random()::text)::cstring), '43491ce9-bc89-4ee5-988d-9dbb2856e398', '29c78824-71c7-41fa-ba6f-5ad99efc5ad6') ON CONFLICT DO NOTHING;
INSERT INTO item_variant (id, name, item_link_id, cold_storage_type_id) VALUES ('0ba40681-0cc4-425e-87fb-6fb60ffee213', 'COVISHIELD (Serum Institute of India Pvt. Ltd (s/c AZ))', '29c78824-71c7-41fa-ba6f-5ad99efc5ad6', (SELECT id FROM cold_storage_type WHERE name = '+5' or min_temperature = 2 and max_temperature = 8 LIMIT 1)) ON CONFLICT DO NOTHING;
INSERT INTO changelog (record_id, table_name, row_action) VALUES ('0ba40681-0cc4-425e-87fb-6fb60ffee213', 'item_variant', 'UPSERT');INSERT INTO packaging_variant (id, item_variant_id, name, packaging_level, volume_per_unit) VALUES ('ed235657-4cb7-4d34-a5c6-778a51bcc505', '0ba40681-0cc4-425e-87fb-6fb60ffee213', 'Primary', 1, 2.1) ON CONFLICT DO NOTHING;
INSERT INTO packaging_variant (id, item_variant_id, name, packaging_level, volume_per_unit) VALUES ('264ed836-c5db-42cf-a43a-434feae28b1b', '0ba40681-0cc4-425e-87fb-6fb60ffee213', 'Secondary', 2, 2.1) ON CONFLICT DO NOTHING;
INSERT INTO packaging_variant (id, item_variant_id, name, packaging_level, volume_per_unit) VALUES ('e318afc6-bf6f-4715-aee4-881a29cbb29b', '0ba40681-0cc4-425e-87fb-6fb60ffee213', 'Tertiary', 3, 2.61) ON CONFLICT DO NOTHING;
INSERT INTO item_variant (id, name, item_link_id, cold_storage_type_id) VALUES ('17c2e2f8-d7a7-4199-8fe0-4dfb6dfd35e3', 'Vaxzevria (AstraZeneca AB /SK Bioscience Co. Ltd)', '29c78824-71c7-41fa-ba6f-5ad99efc5ad6', (SELECT id FROM cold_storage_type WHERE name = '+5' or min_temperature = 2 and max_temperature = 8 LIMIT 1)) ON CONFLICT DO NOTHING;
INSERT INTO changelog (record_id, table_name, row_action) VALUES ('17c2e2f8-d7a7-4199-8fe0-4dfb6dfd35e3', 'item_variant', 'UPSERT');INSERT INTO packaging_variant (id, item_variant_id, name, packaging_level, volume_per_unit) VALUES ('1581e682-05a0-46e7-ba57-9bf63bf77bf9', '17c2e2f8-d7a7-4199-8fe0-4dfb6dfd35e3', 'Primary', 1, 3.76) ON CONFLICT DO NOTHING;
INSERT INTO packaging_variant (id, item_variant_id, name, packaging_level, volume_per_unit) VALUES ('69ed9a9f-ce84-4172-811d-710ff9c15c80', '17c2e2f8-d7a7-4199-8fe0-4dfb6dfd35e3', 'Secondary', 2, 3.76) ON CONFLICT DO NOTHING;
INSERT INTO packaging_variant (id, item_variant_id, name, packaging_level, volume_per_unit) VALUES ('daa1e4a9-9761-40a1-b051-a00b7bbb4d12', '17c2e2f8-d7a7-4199-8fe0-4dfb6dfd35e3', 'Tertiary', 3, 5.35) ON CONFLICT DO NOTHING;
INSERT INTO item_variant (id, name, item_link_id, cold_storage_type_id) VALUES ('8a4c4563-46b2-4a31-835c-975b974d0fa5', 'Vaxzevria (AstraZeneca AB)', '29c78824-71c7-41fa-ba6f-5ad99efc5ad6', (SELECT id FROM cold_storage_type WHERE name = '+5' or min_temperature = 2 and max_temperature = 8 LIMIT 1)) ON CONFLICT DO NOTHING;
INSERT INTO changelog (record_id, table_name, row_action) VALUES ('8a4c4563-46b2-4a31-835c-975b974d0fa5', 'item_variant', 'UPSERT');INSERT INTO packaging_variant (id, item_variant_id, name, packaging_level, volume_per_unit) VALUES ('1656ba68-3a35-4d6c-a9e0-8865273c8666', '8a4c4563-46b2-4a31-835c-975b974d0fa5', 'Primary', 1, 2.76) ON CONFLICT DO NOTHING;
INSERT INTO packaging_variant (id, item_variant_id, name, packaging_level, volume_per_unit) VALUES ('d6b53635-1763-4590-b619-71598e7718fd', '8a4c4563-46b2-4a31-835c-975b974d0fa5', 'Secondary', 2, 2.76) ON CONFLICT DO NOTHING;
INSERT INTO packaging_variant (id, item_variant_id, name, packaging_level, volume_per_unit) VALUES ('0b40f86a-faa9-4ac5-84f3-a4e948c59ac8', '8a4c4563-46b2-4a31-835c-975b974d0fa5', 'Tertiary', 3, 5.29) ON CONFLICT DO NOTHING;
INSERT INTO item_variant (id, name, item_link_id, cold_storage_type_id) VALUES ('27a2a13d-b50f-46a4-bf84-84ce7a95a3fd', 'mRNA-1273 (Moderna)', '29c78824-71c7-41fa-ba6f-5ad99efc5ad6', (SELECT id FROM cold_storage_type WHERE name = '-20' or min_temperature = -20 and max_temperature = -20 LIMIT 1)) ON CONFLICT DO NOTHING;
INSERT INTO changelog (record_id, table_name, row_action) VALUES ('27a2a13d-b50f-46a4-bf84-84ce7a95a3fd', 'item_variant', 'UPSERT');INSERT INTO packaging_variant (id, item_variant_id, name, packaging_level, volume_per_unit) VALUES ('0665ef4f-5057-4f1d-9ce0-43523afbce8d', '27a2a13d-b50f-46a4-bf84-84ce7a95a3fd', 'Primary', 1, 4.3) ON CONFLICT DO NOTHING;
INSERT INTO packaging_variant (id, item_variant_id, name, packaging_level, volume_per_unit) VALUES ('6a1360ab-a7c4-482a-81c1-be47f0e18f5c', '27a2a13d-b50f-46a4-bf84-84ce7a95a3fd', 'Secondary', 2, 4.3) ON CONFLICT DO NOTHING;
INSERT INTO packaging_variant (id, item_variant_id, name, packaging_level, volume_per_unit) VALUES ('5da62a1f-dd74-405d-9626-f8134289596e', '27a2a13d-b50f-46a4-bf84-84ce7a95a3fd', 'Tertiary', 3, 5.83) ON CONFLICT DO NOTHING;
INSERT INTO item_variant (id, name, item_link_id, cold_storage_type_id) VALUES ('9dd6e6f1-cb0d-4ffa-b58c-0ed1a617911a', 'BBV152, COVAXIN® (Bharat Biotech International Limited)', '29c78824-71c7-41fa-ba6f-5ad99efc5ad6', (SELECT id FROM cold_storage_type WHERE name = '+5' or min_temperature = 2 and max_temperature = 8 LIMIT 1)) ON CONFLICT DO NOTHING;
INSERT INTO changelog (record_id, table_name, row_action) VALUES ('9dd6e6f1-cb0d-4ffa-b58c-0ed1a617911a', 'item_variant', 'UPSERT');INSERT INTO packaging_variant (id, item_variant_id, name, packaging_level, volume_per_unit) VALUES ('5f6c5800-7ab1-49b9-8bfe-65ee7f73e651', '9dd6e6f1-cb0d-4ffa-b58c-0ed1a617911a', 'Primary', 1, 2.69) ON CONFLICT DO NOTHING;
INSERT INTO packaging_variant (id, item_variant_id, name, packaging_level, volume_per_unit) VALUES ('d940d9c5-4cd9-49ba-ac6d-dc32f3637363', '9dd6e6f1-cb0d-4ffa-b58c-0ed1a617911a', 'Secondary', 2, 2.69) ON CONFLICT DO NOTHING;
INSERT INTO packaging_variant (id, item_variant_id, name, packaging_level, volume_per_unit) VALUES ('86e9e159-72ac-4246-9b76-50d209525ef1', '9dd6e6f1-cb0d-4ffa-b58c-0ed1a617911a', 'Tertiary', 3, 3.5) ON CONFLICT DO NOTHING;
INSERT INTO item_variant (id, name, item_link_id, cold_storage_type_id) VALUES ('711a9e7d-de4c-4302-b276-ccd0dfeb07e9', 'COVOVAX (Serum Institute of India Pvt. Ltd (s/c AZ))', '29c78824-71c7-41fa-ba6f-5ad99efc5ad6', (SELECT id FROM cold_storage_type WHERE name = '+5' or min_temperature = 2 and max_temperature = 8 LIMIT 1)) ON CONFLICT DO NOTHING;
INSERT INTO changelog (record_id, table_name, row_action) VALUES ('711a9e7d-de4c-4302-b276-ccd0dfeb07e9', 'item_variant', 'UPSERT');INSERT INTO packaging_variant (id, item_variant_id, name, packaging_level, volume_per_unit) VALUES ('f509e472-fb20-4bcb-8005-ed620a05b823', '711a9e7d-de4c-4302-b276-ccd0dfeb07e9', 'Primary', 1, 2.1) ON CONFLICT DO NOTHING;
INSERT INTO packaging_variant (id, item_variant_id, name, packaging_level, volume_per_unit) VALUES ('2d60fff6-e4c3-4fc2-93fa-9dbc2cd33983', '711a9e7d-de4c-4302-b276-ccd0dfeb07e9', 'Secondary', 2, 2.1) ON CONFLICT DO NOTHING;
INSERT INTO packaging_variant (id, item_variant_id, name, packaging_level, volume_per_unit) VALUES ('9061bb84-ffc2-43e1-bd70-5a4c889c5c7b', '711a9e7d-de4c-4302-b276-ccd0dfeb07e9', 'Tertiary', 3, 22.89) ON CONFLICT DO NOTHING;
INSERT INTO item_variant (id, name, item_link_id, cold_storage_type_id) VALUES ('aa6c72a5-2a03-4dab-9422-1d1f6633535a', 'NUVAXOVID (Novavax CZ a.s.)', '29c78824-71c7-41fa-ba6f-5ad99efc5ad6', (SELECT id FROM cold_storage_type WHERE name = '+5' or min_temperature = 2 and max_temperature = 8 LIMIT 1)) ON CONFLICT DO NOTHING;
INSERT INTO changelog (record_id, table_name, row_action) VALUES ('aa6c72a5-2a03-4dab-9422-1d1f6633535a', 'item_variant', 'UPSERT');INSERT INTO packaging_variant (id, item_variant_id, name, packaging_level, volume_per_unit) VALUES ('f158e24c-a7ea-459e-a1d9-f907239f5bc8', 'aa6c72a5-2a03-4dab-9422-1d1f6633535a', 'Primary', 1, 2.05) ON CONFLICT DO NOTHING;
INSERT INTO packaging_variant (id, item_variant_id, name, packaging_level, volume_per_unit) VALUES ('c5a52189-5966-42b0-a85f-4b29ff436cad', 'aa6c72a5-2a03-4dab-9422-1d1f6633535a', 'Secondary', 2, 2.05) ON CONFLICT DO NOTHING;
INSERT INTO packaging_variant (id, item_variant_id, name, packaging_level, volume_per_unit) VALUES ('b0cc3497-3651-410f-8c37-f2a1819c81f8', 'aa6c72a5-2a03-4dab-9422-1d1f6633535a', 'Tertiary', 3, 2.7) ON CONFLICT DO NOTHING;
INSERT INTO item_variant (id, name, item_link_id, cold_storage_type_id) VALUES ('ef026018-ec9f-49fc-b798-f7ce05e9951d', 'COVID-A (Generic)', '29c78824-71c7-41fa-ba6f-5ad99efc5ad6', (SELECT id FROM cold_storage_type WHERE name = '+5' or min_temperature = 2 and max_temperature = 8 LIMIT 1)) ON CONFLICT DO NOTHING;
INSERT INTO changelog (record_id, table_name, row_action) VALUES ('ef026018-ec9f-49fc-b798-f7ce05e9951d', 'item_variant', 'UPSERT');INSERT INTO packaging_variant (id, item_variant_id, name, packaging_level, volume_per_unit) VALUES ('5f790f32-d3e9-448b-b18a-2991bdd48565', 'ef026018-ec9f-49fc-b798-f7ce05e9951d', 'Primary', 1, 4.63) ON CONFLICT DO NOTHING;
INSERT INTO packaging_variant (id, item_variant_id, name, packaging_level, volume_per_unit) VALUES ('6448bbc3-99a9-4166-b41c-43d2a93a0bdb', 'ef026018-ec9f-49fc-b798-f7ce05e9951d', 'Secondary', 2, 4.63) ON CONFLICT DO NOTHING;
INSERT INTO packaging_variant (id, item_variant_id, name, packaging_level, volume_per_unit) VALUES ('61ca8002-cf0a-4903-828c-a773c488e134', 'ef026018-ec9f-49fc-b798-f7ce05e9951d', 'Tertiary', 3, 13) ON CONFLICT DO NOTHING;
INSERT INTO item_variant (id, name, item_link_id, cold_storage_type_id) VALUES ('9ddf6be2-83f3-4f97-90a6-c1d1ce928157', 'COVID-B (Generic)', '29c78824-71c7-41fa-ba6f-5ad99efc5ad6', (SELECT id FROM cold_storage_type WHERE name = '+5' or min_temperature = 2 and max_temperature = 8 LIMIT 1)) ON CONFLICT DO NOTHING;
INSERT INTO changelog (record_id, table_name, row_action) VALUES ('9ddf6be2-83f3-4f97-90a6-c1d1ce928157', 'item_variant', 'UPSERT');INSERT INTO packaging_variant (id, item_variant_id, name, packaging_level, volume_per_unit) VALUES ('a5ec1deb-4c6e-4c28-93d4-2025b34ee163', '9ddf6be2-83f3-4f97-90a6-c1d1ce928157', 'Primary', 1, 4.63) ON CONFLICT DO NOTHING;
INSERT INTO packaging_variant (id, item_variant_id, name, packaging_level, volume_per_unit) VALUES ('66ce5cca-3cd0-484b-8634-450f21f83843', '9ddf6be2-83f3-4f97-90a6-c1d1ce928157', 'Secondary', 2, 4.63) ON CONFLICT DO NOTHING;
INSERT INTO packaging_variant (id, item_variant_id, name, packaging_level, volume_per_unit) VALUES ('7625851b-068e-431e-b8ed-7a51d9d283f4', '9ddf6be2-83f3-4f97-90a6-c1d1ce928157', 'Tertiary', 3, 13) ON CONFLICT DO NOTHING;
INSERT INTO item (id, name, code, ven_category, type, legacy_record, is_active, is_vaccine, vaccine_doses, default_pack_size) VALUES ('edbaa65f-ebef-4892-a01f-35965f2427f2', 'Covid-19 vaccine - vial - 10 doses Diluent', 'COV-4-10_DIL', 'NOT_ASSIGNED', 'STOCK', '', 'True', 'False', 0, 1) ON CONFLICT DO NOTHING;
INSERT INTO item_link (id, item_id) VALUES ('edbaa65f-ebef-4892-a01f-35965f2427f2', 'edbaa65f-ebef-4892-a01f-35965f2427f2') ON CONFLICT DO NOTHING;
INSERT INTO changelog (record_id, table_name, row_action) VALUES ('edbaa65f-ebef-4892-a01f-35965f2427f2', 'item', 'UPSERT');INSERT INTO item_variant (id, name, item_link_id, cold_storage_type_id) VALUES ('45ec87bc-46bf-42cb-8321-9a611a0823ed', 'COVID-B (Generic)', 'edbaa65f-ebef-4892-a01f-35965f2427f2', (SELECT id FROM cold_storage_type WHERE name = '+5' or min_temperature = 2 and max_temperature = 8 LIMIT 1)) ON CONFLICT DO NOTHING;
INSERT INTO changelog (record_id, table_name, row_action) VALUES ('45ec87bc-46bf-42cb-8321-9a611a0823ed', 'item_variant', 'UPSERT');INSERT INTO packaging_variant (id, item_variant_id, name, packaging_level, volume_per_unit) VALUES ('1c1e8d84-fe7f-4c0b-b23d-494561ee4754', '45ec87bc-46bf-42cb-8321-9a611a0823ed', 'Primary', 1, 4.63) ON CONFLICT DO NOTHING;
INSERT INTO packaging_variant (id, item_variant_id, name, packaging_level, volume_per_unit) VALUES ('5a6ede29-76b1-415a-b9f5-dfa52f8f13af', '45ec87bc-46bf-42cb-8321-9a611a0823ed', 'Secondary', 2, 4.63) ON CONFLICT DO NOTHING;
INSERT INTO packaging_variant (id, item_variant_id, name, packaging_level, volume_per_unit) VALUES ('9680ac50-87a1-4abd-9651-cd434bb20994', '45ec87bc-46bf-42cb-8321-9a611a0823ed', 'Tertiary', 3, 13) ON CONFLICT DO NOTHING;
INSERT INTO bundled_item (id, principal_item_variant_id, bundled_item_variant_id, ratio) VALUES ('843004a9-1822-4fe9-bacf-ba84724dbde6', '9ddf6be2-83f3-4f97-90a6-c1d1ce928157', '45ec87bc-46bf-42cb-8321-9a611a0823ed', 1) ON CONFLICT DO NOTHING;
INSERT INTO changelog (record_id, table_name, row_action) VALUES ('843004a9-1822-4fe9-bacf-ba84724dbde6', 'bundled_item', 'UPSERT');INSERT INTO item (id, name, code, ven_category, type, legacy_record, is_active, is_vaccine, vaccine_doses, default_pack_size) VALUES ('78b81057-27a7-4fb1-86d3-fa24be8d85b8', 'Covid-19 vaccine - vial - 14 doses', 'COV-4-14', 'NOT_ASSIGNED', 'STOCK', '', 'True', 'True', 14, 1) ON CONFLICT DO NOTHING;
INSERT INTO item_link (id, item_id) VALUES ('78b81057-27a7-4fb1-86d3-fa24be8d85b8', '78b81057-27a7-4fb1-86d3-fa24be8d85b8') ON CONFLICT DO NOTHING;
INSERT INTO changelog (record_id, table_name, row_action) VALUES ('78b81057-27a7-4fb1-86d3-fa24be8d85b8', 'item', 'UPSERT');INSERT INTO master_list_line (id, master_list_id, item_link_id) VALUES (uuid_in(md5(random()::text || random()::text)::cstring), '43491ce9-bc89-4ee5-988d-9dbb2856e398', '78b81057-27a7-4fb1-86d3-fa24be8d85b8') ON CONFLICT DO NOTHING;
INSERT INTO item_variant (id, name, item_link_id, cold_storage_type_id) VALUES ('486120f3-ed9e-4c69-a3ab-1b98c1d68293', 'mRNA-1273 (Moderna)', '78b81057-27a7-4fb1-86d3-fa24be8d85b8', (SELECT id FROM cold_storage_type WHERE name = '-20' or min_temperature = -20 and max_temperature = -20 LIMIT 1)) ON CONFLICT DO NOTHING;
INSERT INTO changelog (record_id, table_name, row_action) VALUES ('486120f3-ed9e-4c69-a3ab-1b98c1d68293', 'item_variant', 'UPSERT');INSERT INTO packaging_variant (id, item_variant_id, name, packaging_level, volume_per_unit) VALUES ('66718bc2-a3f4-456e-93b0-ca055cab7b99', '486120f3-ed9e-4c69-a3ab-1b98c1d68293', 'Primary', 1, 2.1) ON CONFLICT DO NOTHING;
INSERT INTO packaging_variant (id, item_variant_id, name, packaging_level, volume_per_unit) VALUES ('d08635d1-8b88-4b73-972e-2e47756e7ad9', '486120f3-ed9e-4c69-a3ab-1b98c1d68293', 'Secondary', 2, 2.1) ON CONFLICT DO NOTHING;
INSERT INTO packaging_variant (id, item_variant_id, name, packaging_level, volume_per_unit) VALUES ('3e1abb06-3ebb-4ab0-a365-19d75dbf493f', '486120f3-ed9e-4c69-a3ab-1b98c1d68293', 'Tertiary', 3, 3) ON CONFLICT DO NOTHING;
INSERT INTO item (id, name, code, ven_category, type, legacy_record, is_active, is_vaccine, vaccine_doses, default_pack_size) VALUES ('4c096b12-eebe-4185-ba9b-7c643db7e815', 'Covid-19 vaccine - vial - 2 doses', 'COV-4-2', 'NOT_ASSIGNED', 'STOCK', '', 'True', 'True', 2, 1) ON CONFLICT DO NOTHING;
INSERT INTO item_link (id, item_id) VALUES ('4c096b12-eebe-4185-ba9b-7c643db7e815', '4c096b12-eebe-4185-ba9b-7c643db7e815') ON CONFLICT DO NOTHING;
INSERT INTO changelog (record_id, table_name, row_action) VALUES ('4c096b12-eebe-4185-ba9b-7c643db7e815', 'item', 'UPSERT');INSERT INTO master_list_line (id, master_list_id, item_link_id) VALUES (uuid_in(md5(random()::text || random()::text)::cstring), '43491ce9-bc89-4ee5-988d-9dbb2856e398', '4c096b12-eebe-4185-ba9b-7c643db7e815') ON CONFLICT DO NOTHING;
INSERT INTO item_variant (id, name, item_link_id, cold_storage_type_id) VALUES ('9e24d0cd-90c9-4edb-8168-2b8eaaaf2bb2', 'COVISHIELD (Serum Institute of India Pvt. Ltd (s/c AZ))', '4c096b12-eebe-4185-ba9b-7c643db7e815', (SELECT id FROM cold_storage_type WHERE name = '+5' or min_temperature = 2 and max_temperature = 8 LIMIT 1)) ON CONFLICT DO NOTHING;
INSERT INTO changelog (record_id, table_name, row_action) VALUES ('9e24d0cd-90c9-4edb-8168-2b8eaaaf2bb2', 'item_variant', 'UPSERT');INSERT INTO packaging_variant (id, item_variant_id, name, packaging_level, volume_per_unit) VALUES ('32b9dfa7-8dec-4c97-b5f8-b4b2677693ba', '9e24d0cd-90c9-4edb-8168-2b8eaaaf2bb2', 'Primary', 1, 7.03) ON CONFLICT DO NOTHING;
INSERT INTO packaging_variant (id, item_variant_id, name, packaging_level, volume_per_unit) VALUES ('b4a24e8a-b263-4bba-89f0-8a459aaa8a15', '9e24d0cd-90c9-4edb-8168-2b8eaaaf2bb2', 'Secondary', 2, 7.03) ON CONFLICT DO NOTHING;
INSERT INTO packaging_variant (id, item_variant_id, name, packaging_level, volume_per_unit) VALUES ('2e84c6c6-d9e6-4f6e-8a7a-2aed80be1de9', '9e24d0cd-90c9-4edb-8168-2b8eaaaf2bb2', 'Tertiary', 3, 9.13) ON CONFLICT DO NOTHING;
INSERT INTO item_variant (id, name, item_link_id, cold_storage_type_id) VALUES ('5f6f7ef7-01da-4f7d-91d0-ace23c793034', 'Sinopharm (Beijing Institute of Biological Products Co., Ltd)', '4c096b12-eebe-4185-ba9b-7c643db7e815', (SELECT id FROM cold_storage_type WHERE name = '+5' or min_temperature = 2 and max_temperature = 8 LIMIT 1)) ON CONFLICT DO NOTHING;
INSERT INTO changelog (record_id, table_name, row_action) VALUES ('5f6f7ef7-01da-4f7d-91d0-ace23c793034', 'item_variant', 'UPSERT');INSERT INTO packaging_variant (id, item_variant_id, name, packaging_level, volume_per_unit) VALUES ('be9f61e1-5172-43b3-8d2b-417fa1d07686', '5f6f7ef7-01da-4f7d-91d0-ace23c793034', 'Primary', 1, 30.8) ON CONFLICT DO NOTHING;
INSERT INTO packaging_variant (id, item_variant_id, name, packaging_level, volume_per_unit) VALUES ('8f843e05-1c8f-447e-b8cd-876b045e8bc4', '5f6f7ef7-01da-4f7d-91d0-ace23c793034', 'Secondary', 2, 30.8) ON CONFLICT DO NOTHING;
INSERT INTO packaging_variant (id, item_variant_id, name, packaging_level, volume_per_unit) VALUES ('dbc3ffa8-cf4e-4026-957a-bb46a433f716', '5f6f7ef7-01da-4f7d-91d0-ace23c793034', 'Tertiary', 3, 39.16) ON CONFLICT DO NOTHING;
INSERT INTO item_variant (id, name, item_link_id, cold_storage_type_id) VALUES ('91876aa6-1de8-4802-9476-3d5a36549578', 'Sinopharm (Beijing Institute of Biological Products Co., Ltd)', '4c096b12-eebe-4185-ba9b-7c643db7e815', (SELECT id FROM cold_storage_type WHERE name = '+5' or min_temperature = 2 and max_temperature = 8 LIMIT 1)) ON CONFLICT DO NOTHING;
INSERT INTO changelog (record_id, table_name, row_action) VALUES ('91876aa6-1de8-4802-9476-3d5a36549578', 'item_variant', 'UPSERT');INSERT INTO packaging_variant (id, item_variant_id, name, packaging_level, volume_per_unit) VALUES ('d65a2296-43ce-4727-963a-18eea8072da3', '91876aa6-1de8-4802-9476-3d5a36549578', 'Primary', 1, 10.5) ON CONFLICT DO NOTHING;
INSERT INTO packaging_variant (id, item_variant_id, name, packaging_level, volume_per_unit) VALUES ('68f29a35-eb07-4f03-a7b7-e6bdcb6417e7', '91876aa6-1de8-4802-9476-3d5a36549578', 'Secondary', 2, 10.5) ON CONFLICT DO NOTHING;
INSERT INTO packaging_variant (id, item_variant_id, name, packaging_level, volume_per_unit) VALUES ('3d920972-45b6-47c0-b490-0c0c7c1a3323', '91876aa6-1de8-4802-9476-3d5a36549578', 'Tertiary', 3, 14.45) ON CONFLICT DO NOTHING;
INSERT INTO item_variant (id, name, item_link_id, cold_storage_type_id) VALUES ('24a79af2-6f35-4a41-b079-550b2e993009', 'CoronaVac (Sinovac Life Sciences Co., Ltd.)', '4c096b12-eebe-4185-ba9b-7c643db7e815', (SELECT id FROM cold_storage_type WHERE name = '+5' or min_temperature = 2 and max_temperature = 8 LIMIT 1)) ON CONFLICT DO NOTHING;
INSERT INTO changelog (record_id, table_name, row_action) VALUES ('24a79af2-6f35-4a41-b079-550b2e993009', 'item_variant', 'UPSERT');INSERT INTO packaging_variant (id, item_variant_id, name, packaging_level, volume_per_unit) VALUES ('6e35b957-56b5-407a-a6fa-0b668ffcb70c', '24a79af2-6f35-4a41-b079-550b2e993009', 'Primary', 1, 8.15) ON CONFLICT DO NOTHING;
INSERT INTO packaging_variant (id, item_variant_id, name, packaging_level, volume_per_unit) VALUES ('d3956496-ec8a-4130-92ed-9a6e3a6af777', '24a79af2-6f35-4a41-b079-550b2e993009', 'Secondary', 2, 8.15) ON CONFLICT DO NOTHING;
INSERT INTO packaging_variant (id, item_variant_id, name, packaging_level, volume_per_unit) VALUES ('9ea92c26-f7d0-4e2f-8083-359af3b49db6', '24a79af2-6f35-4a41-b079-550b2e993009', 'Tertiary', 3, 10.12) ON CONFLICT DO NOTHING;
INSERT INTO item (id, name, code, ven_category, type, legacy_record, is_active, is_vaccine, vaccine_doses, default_pack_size) VALUES ('ba9a8efe-1ac0-42b1-a79b-002cf01d5bc0', 'Covid-19 vaccine - vial - 20 doses', 'COV-4-20', 'NOT_ASSIGNED', 'STOCK', '', 'True', 'True', 20, 1) ON CONFLICT DO NOTHING;
INSERT INTO item_link (id, item_id) VALUES ('ba9a8efe-1ac0-42b1-a79b-002cf01d5bc0', 'ba9a8efe-1ac0-42b1-a79b-002cf01d5bc0') ON CONFLICT DO NOTHING;
INSERT INTO changelog (record_id, table_name, row_action) VALUES ('ba9a8efe-1ac0-42b1-a79b-002cf01d5bc0', 'item', 'UPSERT');INSERT INTO master_list_line (id, master_list_id, item_link_id) VALUES (uuid_in(md5(random()::text || random()::text)::cstring), '43491ce9-bc89-4ee5-988d-9dbb2856e398', 'ba9a8efe-1ac0-42b1-a79b-002cf01d5bc0') ON CONFLICT DO NOTHING;
INSERT INTO item_variant (id, name, item_link_id, cold_storage_type_id) VALUES ('9c12272f-0818-49c9-8f3f-a44bade8164b', 'BBV152, COVAXIN® (Bharat Biotech International Limited)', 'ba9a8efe-1ac0-42b1-a79b-002cf01d5bc0', (SELECT id FROM cold_storage_type WHERE name = '+5' or min_temperature = 2 and max_temperature = 8 LIMIT 1)) ON CONFLICT DO NOTHING;
INSERT INTO changelog (record_id, table_name, row_action) VALUES ('9c12272f-0818-49c9-8f3f-a44bade8164b', 'item_variant', 'UPSERT');INSERT INTO packaging_variant (id, item_variant_id, name, packaging_level, volume_per_unit) VALUES ('e5e0d2ff-c0ae-43fb-bb2e-01145b6b7581', '9c12272f-0818-49c9-8f3f-a44bade8164b', 'Primary', 1, 1.72) ON CONFLICT DO NOTHING;
INSERT INTO packaging_variant (id, item_variant_id, name, packaging_level, volume_per_unit) VALUES ('265b87a0-273e-48d6-b312-fea5e28c5ae5', '9c12272f-0818-49c9-8f3f-a44bade8164b', 'Secondary', 2, 1.72) ON CONFLICT DO NOTHING;
INSERT INTO packaging_variant (id, item_variant_id, name, packaging_level, volume_per_unit) VALUES ('5bf9d165-d060-405d-9a10-4478959604da', '9c12272f-0818-49c9-8f3f-a44bade8164b', 'Tertiary', 3, 2.03) ON CONFLICT DO NOTHING;
INSERT INTO item (id, name, code, ven_category, type, legacy_record, is_active, is_vaccine, vaccine_doses, default_pack_size) VALUES ('93488b10-7d09-491f-9df4-6d5470bf0aac', 'Covid-19 vaccine - vial - 5 doses', 'COV-4-5', 'NOT_ASSIGNED', 'STOCK', '', 'True', 'True', 5, 1) ON CONFLICT DO NOTHING;
INSERT INTO item_link (id, item_id) VALUES ('93488b10-7d09-491f-9df4-6d5470bf0aac', '93488b10-7d09-491f-9df4-6d5470bf0aac') ON CONFLICT DO NOTHING;
INSERT INTO changelog (record_id, table_name, row_action) VALUES ('93488b10-7d09-491f-9df4-6d5470bf0aac', 'item', 'UPSERT');INSERT INTO master_list_line (id, master_list_id, item_link_id) VALUES (uuid_in(md5(random()::text || random()::text)::cstring), '43491ce9-bc89-4ee5-988d-9dbb2856e398', '93488b10-7d09-491f-9df4-6d5470bf0aac') ON CONFLICT DO NOTHING;
INSERT INTO item_variant (id, name, item_link_id, cold_storage_type_id) VALUES ('a8c893c6-33f9-440f-8ba2-9c0e21953878', 'Ad26.COV2.S (Janssen - Cilag)', '93488b10-7d09-491f-9df4-6d5470bf0aac', (SELECT id FROM cold_storage_type WHERE name = '-20' or min_temperature = -20 and max_temperature = -20 LIMIT 1)) ON CONFLICT DO NOTHING;
INSERT INTO changelog (record_id, table_name, row_action) VALUES ('a8c893c6-33f9-440f-8ba2-9c0e21953878', 'item_variant', 'UPSERT');INSERT INTO packaging_variant (id, item_variant_id, name, packaging_level, volume_per_unit) VALUES ('7f76bb76-e4b1-40c0-80a4-c2ba987f553f', 'a8c893c6-33f9-440f-8ba2-9c0e21953878', 'Primary', 1, 3.82) ON CONFLICT DO NOTHING;
INSERT INTO packaging_variant (id, item_variant_id, name, packaging_level, volume_per_unit) VALUES ('cb819a2b-d67a-4fef-9cd5-91d25953816c', 'a8c893c6-33f9-440f-8ba2-9c0e21953878', 'Secondary', 2, 3.82) ON CONFLICT DO NOTHING;
INSERT INTO packaging_variant (id, item_variant_id, name, packaging_level, volume_per_unit) VALUES ('a4926f4e-40a6-4660-9469-a0609521db30', 'a8c893c6-33f9-440f-8ba2-9c0e21953878', 'Tertiary', 3, 5.32) ON CONFLICT DO NOTHING;
INSERT INTO item_variant (id, name, item_link_id, cold_storage_type_id) VALUES ('e0c2d8c7-b9f1-47b7-a77c-3ab624bedf46', 'BBV152, COVAXIN® (Bharat Biotech International Limited)', '93488b10-7d09-491f-9df4-6d5470bf0aac', (SELECT id FROM cold_storage_type WHERE name = '+5' or min_temperature = 2 and max_temperature = 8 LIMIT 1)) ON CONFLICT DO NOTHING;
INSERT INTO changelog (record_id, table_name, row_action) VALUES ('e0c2d8c7-b9f1-47b7-a77c-3ab624bedf46', 'item_variant', 'UPSERT');INSERT INTO packaging_variant (id, item_variant_id, name, packaging_level, volume_per_unit) VALUES ('084157be-cc1d-44b9-80d4-a65916e3c622', 'e0c2d8c7-b9f1-47b7-a77c-3ab624bedf46', 'Primary', 1, 2.89) ON CONFLICT DO NOTHING;
INSERT INTO packaging_variant (id, item_variant_id, name, packaging_level, volume_per_unit) VALUES ('ae4839f5-6de3-48ff-9d72-5a76baede100', 'e0c2d8c7-b9f1-47b7-a77c-3ab624bedf46', 'Secondary', 2, 2.89) ON CONFLICT DO NOTHING;
INSERT INTO packaging_variant (id, item_variant_id, name, packaging_level, volume_per_unit) VALUES ('424ef0da-3937-49bf-8472-5aae2944ea89', 'e0c2d8c7-b9f1-47b7-a77c-3ab624bedf46', 'Tertiary', 3, 3.66) ON CONFLICT DO NOTHING;
INSERT INTO item (id, name, code, ven_category, type, legacy_record, is_active, is_vaccine, vaccine_doses, default_pack_size) VALUES ('adb41cdd-4c69-4846-b39f-fc939a8b30ec', 'Covid-19 vaccine - vial - 6 doses', 'COV-4-6', 'NOT_ASSIGNED', 'STOCK', '', 'True', 'True', 6, 1) ON CONFLICT DO NOTHING;
INSERT INTO item_link (id, item_id) VALUES ('adb41cdd-4c69-4846-b39f-fc939a8b30ec', 'adb41cdd-4c69-4846-b39f-fc939a8b30ec') ON CONFLICT DO NOTHING;
INSERT INTO changelog (record_id, table_name, row_action) VALUES ('adb41cdd-4c69-4846-b39f-fc939a8b30ec', 'item', 'UPSERT');INSERT INTO master_list_line (id, master_list_id, item_link_id) VALUES (uuid_in(md5(random()::text || random()::text)::cstring), '43491ce9-bc89-4ee5-988d-9dbb2856e398', 'adb41cdd-4c69-4846-b39f-fc939a8b30ec') ON CONFLICT DO NOTHING;
INSERT INTO item_variant (id, name, item_link_id, cold_storage_type_id) VALUES ('7acd5810-f8b2-41a0-8790-4c077e4ff067', 'Comirnaty (Pfizer/BioNTech)', 'adb41cdd-4c69-4846-b39f-fc939a8b30ec', (SELECT id FROM cold_storage_type WHERE name = '-70' or min_temperature = -70 and max_temperature = -70 LIMIT 1)) ON CONFLICT DO NOTHING;
INSERT INTO changelog (record_id, table_name, row_action) VALUES ('7acd5810-f8b2-41a0-8790-4c077e4ff067', 'item_variant', 'UPSERT');INSERT INTO packaging_variant (id, item_variant_id, name, packaging_level, volume_per_unit) VALUES ('8297410f-ac52-4a47-89be-a3e81f4d4682', '7acd5810-f8b2-41a0-8790-4c077e4ff067', 'Primary', 1, 1.8) ON CONFLICT DO NOTHING;
INSERT INTO packaging_variant (id, item_variant_id, name, packaging_level, volume_per_unit) VALUES ('25c9323d-c6d5-479c-86cf-0ece27d8caef', '7acd5810-f8b2-41a0-8790-4c077e4ff067', 'Secondary', 2, 1.8) ON CONFLICT DO NOTHING;
INSERT INTO packaging_variant (id, item_variant_id, name, packaging_level, volume_per_unit) VALUES ('849c74a4-6cdb-4598-83c9-9ab58d88c543', '7acd5810-f8b2-41a0-8790-4c077e4ff067', 'Tertiary', 3, 2.97) ON CONFLICT DO NOTHING;
INSERT INTO item (id, name, code, ven_category, type, legacy_record, is_active, is_vaccine, vaccine_doses, default_pack_size) VALUES ('7d11433b-1d53-4a6a-b377-b5f602bef447', 'Covid-19 vaccine - vial - 6 doses Diluent', 'COV-4-6_DIL', 'NOT_ASSIGNED', 'STOCK', '', 'True', 'False', 0, 1) ON CONFLICT DO NOTHING;
INSERT INTO item_link (id, item_id) VALUES ('7d11433b-1d53-4a6a-b377-b5f602bef447', '7d11433b-1d53-4a6a-b377-b5f602bef447') ON CONFLICT DO NOTHING;
INSERT INTO changelog (record_id, table_name, row_action) VALUES ('7d11433b-1d53-4a6a-b377-b5f602bef447', 'item', 'UPSERT');INSERT INTO item_variant (id, name, item_link_id, cold_storage_type_id) VALUES ('f0d6947c-3039-47d2-81a8-00a8ae0e779c', 'Comirnaty (Pfizer/BioNTech)', '7d11433b-1d53-4a6a-b377-b5f602bef447', (SELECT id FROM cold_storage_type WHERE name = '-70' or min_temperature = -70 and max_temperature = -70 LIMIT 1)) ON CONFLICT DO NOTHING;
INSERT INTO changelog (record_id, table_name, row_action) VALUES ('f0d6947c-3039-47d2-81a8-00a8ae0e779c', 'item_variant', 'UPSERT');INSERT INTO packaging_variant (id, item_variant_id, name, packaging_level, volume_per_unit) VALUES ('30469572-d436-4510-a527-0c54a7fe88e7', 'f0d6947c-3039-47d2-81a8-00a8ae0e779c', 'Primary', 1, 4.63) ON CONFLICT DO NOTHING;
INSERT INTO packaging_variant (id, item_variant_id, name, packaging_level, volume_per_unit) VALUES ('8ff21a3b-b5ee-4cdc-a61a-9596ba6c8655', 'f0d6947c-3039-47d2-81a8-00a8ae0e779c', 'Secondary', 2, 4.63) ON CONFLICT DO NOTHING;
INSERT INTO packaging_variant (id, item_variant_id, name, packaging_level, volume_per_unit) VALUES ('d00b0881-ad91-4347-b50d-d9f7b32f70bd', 'f0d6947c-3039-47d2-81a8-00a8ae0e779c', 'Tertiary', 3, 13) ON CONFLICT DO NOTHING;
INSERT INTO bundled_item (id, principal_item_variant_id, bundled_item_variant_id, ratio) VALUES ('837a85a0-2acb-4d7d-9b66-2138f7317d52', '7acd5810-f8b2-41a0-8790-4c077e4ff067', 'f0d6947c-3039-47d2-81a8-00a8ae0e779c', 1) ON CONFLICT DO NOTHING;
INSERT INTO changelog (record_id, table_name, row_action) VALUES ('837a85a0-2acb-4d7d-9b66-2138f7317d52', 'bundled_item', 'UPSERT');INSERT INTO item_variant (id, name, item_link_id, cold_storage_type_id) VALUES ('0f08af92-90e3-4f4b-9e66-0e377ac1a2ff', 'Comirnaty (Pfizer/BioNTech)', 'adb41cdd-4c69-4846-b39f-fc939a8b30ec', (SELECT id FROM cold_storage_type WHERE name = '-70' or min_temperature = -70 and max_temperature = -70 LIMIT 1)) ON CONFLICT DO NOTHING;
INSERT INTO changelog (record_id, table_name, row_action) VALUES ('0f08af92-90e3-4f4b-9e66-0e377ac1a2ff', 'item_variant', 'UPSERT');INSERT INTO packaging_variant (id, item_variant_id, name, packaging_level, volume_per_unit) VALUES ('cfc1c187-faf9-48af-b727-45a78a1b4412', '0f08af92-90e3-4f4b-9e66-0e377ac1a2ff', 'Primary', 1, 1.9) ON CONFLICT DO NOTHING;
INSERT INTO packaging_variant (id, item_variant_id, name, packaging_level, volume_per_unit) VALUES ('074809e9-d3f2-44d9-ac8b-084e54b47463', '0f08af92-90e3-4f4b-9e66-0e377ac1a2ff', 'Secondary', 2, 1.9) ON CONFLICT DO NOTHING;
INSERT INTO packaging_variant (id, item_variant_id, name, packaging_level, volume_per_unit) VALUES ('fd6a93e0-64f8-4314-ad05-00cb1c83ffd4', '0f08af92-90e3-4f4b-9e66-0e377ac1a2ff', 'Tertiary', 3, 15.32) ON CONFLICT DO NOTHING;
INSERT INTO item_variant (id, name, item_link_id, cold_storage_type_id) VALUES ('6ccf2ddf-445f-444b-bd2d-3f9ae79c30bd', 'Comirnaty (Pfizer/BioNTech)', 'adb41cdd-4c69-4846-b39f-fc939a8b30ec', (SELECT id FROM cold_storage_type WHERE name = '-70' or min_temperature = -70 and max_temperature = -70 LIMIT 1)) ON CONFLICT DO NOTHING;
INSERT INTO changelog (record_id, table_name, row_action) VALUES ('6ccf2ddf-445f-444b-bd2d-3f9ae79c30bd', 'item_variant', 'UPSERT');INSERT INTO packaging_variant (id, item_variant_id, name, packaging_level, volume_per_unit) VALUES ('1f52c79d-b0fb-4ce1-9cf1-48477a39fb9a', '6ccf2ddf-445f-444b-bd2d-3f9ae79c30bd', 'Primary', 1, 2.6) ON CONFLICT DO NOTHING;
INSERT INTO packaging_variant (id, item_variant_id, name, packaging_level, volume_per_unit) VALUES ('332eef35-f404-4b85-9c41-b03422fd6aa5', '6ccf2ddf-445f-444b-bd2d-3f9ae79c30bd', 'Secondary', 2, 2.6) ON CONFLICT DO NOTHING;
INSERT INTO packaging_variant (id, item_variant_id, name, packaging_level, volume_per_unit) VALUES ('c09cac93-c5ea-4263-86e9-82621fe550ff', '6ccf2ddf-445f-444b-bd2d-3f9ae79c30bd', 'Tertiary', 3, 24.89) ON CONFLICT DO NOTHING;
INSERT INTO item (id, name, code, ven_category, type, legacy_record, is_active, is_vaccine, vaccine_doses, default_pack_size) VALUES ('af4266d4-6e04-46a2-823f-338e7eccadea', 'Covid-19 vaccine - vial - 6 doses Diluent', 'COV-4-6_DIL', 'NOT_ASSIGNED', 'STOCK', '', 'True', 'False', 0, 1) ON CONFLICT DO NOTHING;
INSERT INTO item_link (id, item_id) VALUES ('af4266d4-6e04-46a2-823f-338e7eccadea', 'af4266d4-6e04-46a2-823f-338e7eccadea') ON CONFLICT DO NOTHING;
INSERT INTO changelog (record_id, table_name, row_action) VALUES ('af4266d4-6e04-46a2-823f-338e7eccadea', 'item', 'UPSERT');INSERT INTO item_variant (id, name, item_link_id, cold_storage_type_id) VALUES ('9ae7c6f7-7af0-444f-86d5-58bd6d5fafca', 'Comirnaty (Pfizer/BioNTech)', 'af4266d4-6e04-46a2-823f-338e7eccadea', (SELECT id FROM cold_storage_type WHERE name = '-70' or min_temperature = -70 and max_temperature = -70 LIMIT 1)) ON CONFLICT DO NOTHING;
INSERT INTO changelog (record_id, table_name, row_action) VALUES ('9ae7c6f7-7af0-444f-86d5-58bd6d5fafca', 'item_variant', 'UPSERT');INSERT INTO packaging_variant (id, item_variant_id, name, packaging_level, volume_per_unit) VALUES ('7fde8f31-dbdf-442b-803a-4d44fc30e9dd', '9ae7c6f7-7af0-444f-86d5-58bd6d5fafca', 'Primary', 1, 4.63) ON CONFLICT DO NOTHING;
INSERT INTO packaging_variant (id, item_variant_id, name, packaging_level, volume_per_unit) VALUES ('3af63e87-1aa3-4dea-a6bd-c8c34c3f077d', '9ae7c6f7-7af0-444f-86d5-58bd6d5fafca', 'Secondary', 2, 4.63) ON CONFLICT DO NOTHING;
INSERT INTO packaging_variant (id, item_variant_id, name, packaging_level, volume_per_unit) VALUES ('522bfbfc-b45f-430c-93a6-cecfb265e2aa', '9ae7c6f7-7af0-444f-86d5-58bd6d5fafca', 'Tertiary', 3, 13) ON CONFLICT DO NOTHING;
INSERT INTO bundled_item (id, principal_item_variant_id, bundled_item_variant_id, ratio) VALUES ('b41177e2-415f-491b-a336-db44dd76c01f', '6ccf2ddf-445f-444b-bd2d-3f9ae79c30bd', '9ae7c6f7-7af0-444f-86d5-58bd6d5fafca', 1) ON CONFLICT DO NOTHING;
INSERT INTO changelog (record_id, table_name, row_action) VALUES ('b41177e2-415f-491b-a336-db44dd76c01f', 'bundled_item', 'UPSERT');INSERT INTO item (id, name, code, ven_category, type, legacy_record, is_active, is_vaccine, vaccine_doses, default_pack_size) VALUES ('08048729-96a0-4304-b8c1-ac8311e6d3c1', 'Covid-19 vaccine - vial - 8 doses', 'COV-4-8', 'NOT_ASSIGNED', 'STOCK', '', 'True', 'True', 8, 1) ON CONFLICT DO NOTHING;
INSERT INTO item_link (id, item_id) VALUES ('08048729-96a0-4304-b8c1-ac8311e6d3c1', '08048729-96a0-4304-b8c1-ac8311e6d3c1') ON CONFLICT DO NOTHING;
INSERT INTO changelog (record_id, table_name, row_action) VALUES ('08048729-96a0-4304-b8c1-ac8311e6d3c1', 'item', 'UPSERT');INSERT INTO master_list_line (id, master_list_id, item_link_id) VALUES (uuid_in(md5(random()::text || random()::text)::cstring), '43491ce9-bc89-4ee5-988d-9dbb2856e398', '08048729-96a0-4304-b8c1-ac8311e6d3c1') ON CONFLICT DO NOTHING;
INSERT INTO item_variant (id, name, item_link_id, cold_storage_type_id) VALUES ('0024fb29-1fe5-4d33-8b82-bbcb019ebf99', 'Vaxzevria (AstraZeneca AB /SK Bioscience Co. Ltd)', '08048729-96a0-4304-b8c1-ac8311e6d3c1', (SELECT id FROM cold_storage_type WHERE name = '+5' or min_temperature = 2 and max_temperature = 8 LIMIT 1)) ON CONFLICT DO NOTHING;
INSERT INTO changelog (record_id, table_name, row_action) VALUES ('0024fb29-1fe5-4d33-8b82-bbcb019ebf99', 'item_variant', 'UPSERT');INSERT INTO packaging_variant (id, item_variant_id, name, packaging_level, volume_per_unit) VALUES ('6a0e77d8-aef9-4911-a427-68f016840573', '0024fb29-1fe5-4d33-8b82-bbcb019ebf99', 'Primary', 1, 4.4) ON CONFLICT DO NOTHING;
INSERT INTO packaging_variant (id, item_variant_id, name, packaging_level, volume_per_unit) VALUES ('b1967c14-ac80-459f-909a-462cc7a32ee4', '0024fb29-1fe5-4d33-8b82-bbcb019ebf99', 'Secondary', 2, 4.4) ON CONFLICT DO NOTHING;
INSERT INTO packaging_variant (id, item_variant_id, name, packaging_level, volume_per_unit) VALUES ('f3d2ac1b-f642-43c2-a9b9-4816f64eb789', '0024fb29-1fe5-4d33-8b82-bbcb019ebf99', 'Tertiary', 3, 5.85) ON CONFLICT DO NOTHING;
INSERT INTO item_variant (id, name, item_link_id, cold_storage_type_id) VALUES ('aee01fe9-1509-4f2f-8ca0-66a2bd246dc3', 'Vaxzevria (AstraZeneca AB)', '08048729-96a0-4304-b8c1-ac8311e6d3c1', (SELECT id FROM cold_storage_type WHERE name = '+5' or min_temperature = 2 and max_temperature = 8 LIMIT 1)) ON CONFLICT DO NOTHING;
INSERT INTO changelog (record_id, table_name, row_action) VALUES ('aee01fe9-1509-4f2f-8ca0-66a2bd246dc3', 'item_variant', 'UPSERT');INSERT INTO packaging_variant (id, item_variant_id, name, packaging_level, volume_per_unit) VALUES ('5481f646-d40a-472c-b942-4ffe30563d2d', 'aee01fe9-1509-4f2f-8ca0-66a2bd246dc3', 'Primary', 1, 3.45) ON CONFLICT DO NOTHING;
INSERT INTO packaging_variant (id, item_variant_id, name, packaging_level, volume_per_unit) VALUES ('a42dc05d-579b-44c4-b89d-c01822cc779e', 'aee01fe9-1509-4f2f-8ca0-66a2bd246dc3', 'Secondary', 2, 3.45) ON CONFLICT DO NOTHING;
INSERT INTO packaging_variant (id, item_variant_id, name, packaging_level, volume_per_unit) VALUES ('baa85aaf-2a4b-470a-b295-44862ebaca08', 'aee01fe9-1509-4f2f-8ca0-66a2bd246dc3', 'Tertiary', 3, 6.61) ON CONFLICT DO NOTHING;
INSERT INTO item (id, name, code, ven_category, type, legacy_record, is_active, is_vaccine, vaccine_doses, default_pack_size) VALUES ('8bd432d7-059e-4dd2-94c3-3769a9954494', 'Dengue Tetravalent (live, attenuated) - two vial set (active + excipient) - 5 doses', 'DEN-33-5', 'NOT_ASSIGNED', 'STOCK', '', 'True', 'True', 5, 1) ON CONFLICT DO NOTHING;
INSERT INTO item_link (id, item_id) VALUES ('8bd432d7-059e-4dd2-94c3-3769a9954494', '8bd432d7-059e-4dd2-94c3-3769a9954494') ON CONFLICT DO NOTHING;
INSERT INTO changelog (record_id, table_name, row_action) VALUES ('8bd432d7-059e-4dd2-94c3-3769a9954494', 'item', 'UPSERT');INSERT INTO master_list_line (id, master_list_id, item_link_id) VALUES (uuid_in(md5(random()::text || random()::text)::cstring), '43491ce9-bc89-4ee5-988d-9dbb2856e398', '8bd432d7-059e-4dd2-94c3-3769a9954494') ON CONFLICT DO NOTHING;
INSERT INTO item_variant (id, name, item_link_id, cold_storage_type_id) VALUES ('40d083ef-00d7-4873-9cdb-83458dad31eb', 'Dengvaxia (Sanofi Pasteur SA)', '8bd432d7-059e-4dd2-94c3-3769a9954494', (SELECT id FROM cold_storage_type WHERE name = '+5' or min_temperature = 2 and max_temperature = 8 LIMIT 1)) ON CONFLICT DO NOTHING;
INSERT INTO changelog (record_id, table_name, row_action) VALUES ('40d083ef-00d7-4873-9cdb-83458dad31eb', 'item_variant', 'UPSERT');INSERT INTO packaging_variant (id, item_variant_id, name, packaging_level, volume_per_unit) VALUES ('47150e5b-d3e3-4560-b5f7-b0762dad79a7', '40d083ef-00d7-4873-9cdb-83458dad31eb', 'Primary', 1, 5.22) ON CONFLICT DO NOTHING;
INSERT INTO packaging_variant (id, item_variant_id, name, packaging_level, volume_per_unit) VALUES ('3a5e036d-5f98-45a0-95ff-ee4e62c797f2', '40d083ef-00d7-4873-9cdb-83458dad31eb', 'Secondary', 2, 5.22) ON CONFLICT DO NOTHING;
INSERT INTO packaging_variant (id, item_variant_id, name, packaging_level, volume_per_unit) VALUES ('a886cae2-9811-4fe5-b747-06b3bf0fd017', '40d083ef-00d7-4873-9cdb-83458dad31eb', 'Tertiary', 3, 5.98) ON CONFLICT DO NOTHING;
INSERT INTO item (id, name, code, ven_category, type, legacy_record, is_active, is_vaccine, vaccine_doses, default_pack_size) VALUES ('421bfb0f-13d8-4d16-9613-44264d41a153', 'Diphtheria-Tetanus - ampoule - 1 dose', 'DIP-7-1', 'NOT_ASSIGNED', 'STOCK', '', 'True', 'True', 1, 1) ON CONFLICT DO NOTHING;
INSERT INTO item_link (id, item_id) VALUES ('421bfb0f-13d8-4d16-9613-44264d41a153', '421bfb0f-13d8-4d16-9613-44264d41a153') ON CONFLICT DO NOTHING;
INSERT INTO changelog (record_id, table_name, row_action) VALUES ('421bfb0f-13d8-4d16-9613-44264d41a153', 'item', 'UPSERT');INSERT INTO master_list_line (id, master_list_id, item_link_id) VALUES (uuid_in(md5(random()::text || random()::text)::cstring), '43491ce9-bc89-4ee5-988d-9dbb2856e398', '421bfb0f-13d8-4d16-9613-44264d41a153') ON CONFLICT DO NOTHING;
INSERT INTO item_variant (id, name, item_link_id, cold_storage_type_id) VALUES ('e28643aa-2e45-4959-8108-e59bf28be080', 'Diphtheria and Tetanus Vaccine Adsorbed (Paediatric) (Serum Institute of India Pvt. Ltd.)', '421bfb0f-13d8-4d16-9613-44264d41a153', (SELECT id FROM cold_storage_type WHERE name = '+5' or min_temperature = 2 and max_temperature = 8 LIMIT 1)) ON CONFLICT DO NOTHING;
INSERT INTO changelog (record_id, table_name, row_action) VALUES ('e28643aa-2e45-4959-8108-e59bf28be080', 'item_variant', 'UPSERT');INSERT INTO packaging_variant (id, item_variant_id, name, packaging_level, volume_per_unit) VALUES ('1ddbc628-736e-4d7d-9c0f-e092d3e09a3c', 'e28643aa-2e45-4959-8108-e59bf28be080', 'Primary', 1, 12.18) ON CONFLICT DO NOTHING;
INSERT INTO packaging_variant (id, item_variant_id, name, packaging_level, volume_per_unit) VALUES ('ffeb46a2-ea52-4a1d-8409-e15382af24c7', 'e28643aa-2e45-4959-8108-e59bf28be080', 'Secondary', 2, 12.18) ON CONFLICT DO NOTHING;
INSERT INTO packaging_variant (id, item_variant_id, name, packaging_level, volume_per_unit) VALUES ('4a01130b-1a61-4fb0-aa5a-919089a94737', 'e28643aa-2e45-4959-8108-e59bf28be080', 'Tertiary', 3, 9.84) ON CONFLICT DO NOTHING;
INSERT INTO item (id, name, code, ven_category, type, legacy_record, is_active, is_vaccine, vaccine_doses, default_pack_size) VALUES ('351e2b6a-0f5d-43fd-83ce-3770ce0fb32f', 'Diphtheria-Tetanus - vial - 10 doses', 'DIP-4-10', 'NOT_ASSIGNED', 'STOCK', '', 'True', 'True', 10, 1) ON CONFLICT DO NOTHING;
INSERT INTO item_link (id, item_id) VALUES ('351e2b6a-0f5d-43fd-83ce-3770ce0fb32f', '351e2b6a-0f5d-43fd-83ce-3770ce0fb32f') ON CONFLICT DO NOTHING;
INSERT INTO changelog (record_id, table_name, row_action) VALUES ('351e2b6a-0f5d-43fd-83ce-3770ce0fb32f', 'item', 'UPSERT');INSERT INTO master_list_line (id, master_list_id, item_link_id) VALUES (uuid_in(md5(random()::text || random()::text)::cstring), '43491ce9-bc89-4ee5-988d-9dbb2856e398', '351e2b6a-0f5d-43fd-83ce-3770ce0fb32f') ON CONFLICT DO NOTHING;
INSERT INTO item_variant (id, name, item_link_id, cold_storage_type_id) VALUES ('287bcf92-61ae-4517-8b9d-f204e18f0466', 'Adsorbed DT Vaccine (PT Bio Farma (Persero))', '351e2b6a-0f5d-43fd-83ce-3770ce0fb32f', (SELECT id FROM cold_storage_type WHERE name = '+5' or min_temperature = 2 and max_temperature = 8 LIMIT 1)) ON CONFLICT DO NOTHING;
INSERT INTO changelog (record_id, table_name, row_action) VALUES ('287bcf92-61ae-4517-8b9d-f204e18f0466', 'item_variant', 'UPSERT');INSERT INTO packaging_variant (id, item_variant_id, name, packaging_level, volume_per_unit) VALUES ('4aeff10c-e829-4a03-b664-e886c70143a7', '287bcf92-61ae-4517-8b9d-f204e18f0466', 'Primary', 1, 2.38) ON CONFLICT DO NOTHING;
INSERT INTO packaging_variant (id, item_variant_id, name, packaging_level, volume_per_unit) VALUES ('b598eea8-2ea5-488c-b821-f6fc64349fa2', '287bcf92-61ae-4517-8b9d-f204e18f0466', 'Secondary', 2, 2.38) ON CONFLICT DO NOTHING;
INSERT INTO packaging_variant (id, item_variant_id, name, packaging_level, volume_per_unit) VALUES ('945f6526-8d87-4d37-8397-3e84a84e68bd', '287bcf92-61ae-4517-8b9d-f204e18f0466', 'Tertiary', 3, 9.47) ON CONFLICT DO NOTHING;
INSERT INTO item_variant (id, name, item_link_id, cold_storage_type_id) VALUES ('4fb9ca93-9310-4995-a93f-4c15bb235ce2', 'Diftet (National Center of Infectious and Parasitic Diseases)', '351e2b6a-0f5d-43fd-83ce-3770ce0fb32f', (SELECT id FROM cold_storage_type WHERE name = '+5' or min_temperature = 2 and max_temperature = 8 LIMIT 1)) ON CONFLICT DO NOTHING;
INSERT INTO changelog (record_id, table_name, row_action) VALUES ('4fb9ca93-9310-4995-a93f-4c15bb235ce2', 'item_variant', 'UPSERT');INSERT INTO packaging_variant (id, item_variant_id, name, packaging_level, volume_per_unit) VALUES ('62ba08b5-106f-4c55-b148-dd156d5b821f', '4fb9ca93-9310-4995-a93f-4c15bb235ce2', 'Primary', 1, 3.78) ON CONFLICT DO NOTHING;
INSERT INTO packaging_variant (id, item_variant_id, name, packaging_level, volume_per_unit) VALUES ('7707939a-9d49-4a84-a9ff-0071f3d8b442', '4fb9ca93-9310-4995-a93f-4c15bb235ce2', 'Secondary', 2, 3.78) ON CONFLICT DO NOTHING;
INSERT INTO packaging_variant (id, item_variant_id, name, packaging_level, volume_per_unit) VALUES ('a483dca7-0f31-49be-885c-aac694fee5b3', '4fb9ca93-9310-4995-a93f-4c15bb235ce2', 'Tertiary', 3, 9.29) ON CONFLICT DO NOTHING;
INSERT INTO item_variant (id, name, item_link_id, cold_storage_type_id) VALUES ('7d44943d-fd2c-4dbe-a0f7-a3405bb01ca8', 'Diphtheria and Tetanus Vaccine Adsorbed (Pediatric) (Serum Institute of India Pvt. Ltd.)', '351e2b6a-0f5d-43fd-83ce-3770ce0fb32f', (SELECT id FROM cold_storage_type WHERE name = '+5' or min_temperature = 2 and max_temperature = 8 LIMIT 1)) ON CONFLICT DO NOTHING;
INSERT INTO changelog (record_id, table_name, row_action) VALUES ('7d44943d-fd2c-4dbe-a0f7-a3405bb01ca8', 'item_variant', 'UPSERT');INSERT INTO packaging_variant (id, item_variant_id, name, packaging_level, volume_per_unit) VALUES ('933952e8-d202-4b56-99a1-6d9b45900946', '7d44943d-fd2c-4dbe-a0f7-a3405bb01ca8', 'Primary', 1, 2.11) ON CONFLICT DO NOTHING;
INSERT INTO packaging_variant (id, item_variant_id, name, packaging_level, volume_per_unit) VALUES ('3919651e-b852-4344-b416-3299384050ee', '7d44943d-fd2c-4dbe-a0f7-a3405bb01ca8', 'Secondary', 2, 2.11) ON CONFLICT DO NOTHING;
INSERT INTO packaging_variant (id, item_variant_id, name, packaging_level, volume_per_unit) VALUES ('1bc757cd-ef9a-48ee-85e3-df7fea19b44c', '7d44943d-fd2c-4dbe-a0f7-a3405bb01ca8', 'Tertiary', 3, 9.84) ON CONFLICT DO NOTHING;
INSERT INTO item (id, name, code, ven_category, type, legacy_record, is_active, is_vaccine, vaccine_doses, default_pack_size) VALUES ('57400c39-cd0e-4339-bfb7-79613e5d1e1f', 'Diphtheria-Tetanus - vial - 20 doses', 'DIP-4-20', 'NOT_ASSIGNED', 'STOCK', '', 'True', 'True', 20, 1) ON CONFLICT DO NOTHING;
INSERT INTO item_link (id, item_id) VALUES ('57400c39-cd0e-4339-bfb7-79613e5d1e1f', '57400c39-cd0e-4339-bfb7-79613e5d1e1f') ON CONFLICT DO NOTHING;
INSERT INTO changelog (record_id, table_name, row_action) VALUES ('57400c39-cd0e-4339-bfb7-79613e5d1e1f', 'item', 'UPSERT');INSERT INTO master_list_line (id, master_list_id, item_link_id) VALUES (uuid_in(md5(random()::text || random()::text)::cstring), '43491ce9-bc89-4ee5-988d-9dbb2856e398', '57400c39-cd0e-4339-bfb7-79613e5d1e1f') ON CONFLICT DO NOTHING;
INSERT INTO item_variant (id, name, item_link_id, cold_storage_type_id) VALUES ('d74aed19-354d-4538-8778-341ac9c1b61d', 'Diftet (National Center of Infectious and Parasitic Diseases)', '57400c39-cd0e-4339-bfb7-79613e5d1e1f', (SELECT id FROM cold_storage_type WHERE name = '+5' or min_temperature = 2 and max_temperature = 8 LIMIT 1)) ON CONFLICT DO NOTHING;
INSERT INTO changelog (record_id, table_name, row_action) VALUES ('d74aed19-354d-4538-8778-341ac9c1b61d', 'item_variant', 'UPSERT');INSERT INTO packaging_variant (id, item_variant_id, name, packaging_level, volume_per_unit) VALUES ('2e1a63b8-44a7-4394-93c4-b0c42d555261', 'd74aed19-354d-4538-8778-341ac9c1b61d', 'Primary', 1, 1.89) ON CONFLICT DO NOTHING;
INSERT INTO packaging_variant (id, item_variant_id, name, packaging_level, volume_per_unit) VALUES ('8d9d351e-fe71-4eab-beea-1aaa1c5be883', 'd74aed19-354d-4538-8778-341ac9c1b61d', 'Secondary', 2, 1.89) ON CONFLICT DO NOTHING;
INSERT INTO packaging_variant (id, item_variant_id, name, packaging_level, volume_per_unit) VALUES ('e691379a-1194-4b80-818b-b787acac9540', 'd74aed19-354d-4538-8778-341ac9c1b61d', 'Tertiary', 3, 1.89) ON CONFLICT DO NOTHING;
INSERT INTO item_variant (id, name, item_link_id, cold_storage_type_id) VALUES ('b5ddd2df-aea5-4b7c-83a6-60ef7d68ca2e', 'Diphtheria and Tetanus Vaccine Adsorbed (Pediatric) (Serum Institute of India Pvt. Ltd.)', '57400c39-cd0e-4339-bfb7-79613e5d1e1f', (SELECT id FROM cold_storage_type WHERE name = '+5' or min_temperature = 2 and max_temperature = 8 LIMIT 1)) ON CONFLICT DO NOTHING;
INSERT INTO changelog (record_id, table_name, row_action) VALUES ('b5ddd2df-aea5-4b7c-83a6-60ef7d68ca2e', 'item_variant', 'UPSERT');INSERT INTO packaging_variant (id, item_variant_id, name, packaging_level, volume_per_unit) VALUES ('4102ecde-9167-4110-8ef1-d80f47d067d4', 'b5ddd2df-aea5-4b7c-83a6-60ef7d68ca2e', 'Primary', 1, 2.12) ON CONFLICT DO NOTHING;
INSERT INTO packaging_variant (id, item_variant_id, name, packaging_level, volume_per_unit) VALUES ('419104ed-976a-4a41-a7cd-dcfe6e311079', 'b5ddd2df-aea5-4b7c-83a6-60ef7d68ca2e', 'Secondary', 2, 2.12) ON CONFLICT DO NOTHING;
INSERT INTO packaging_variant (id, item_variant_id, name, packaging_level, volume_per_unit) VALUES ('0d063819-9f50-42a4-a330-1d6bdf57130c', 'b5ddd2df-aea5-4b7c-83a6-60ef7d68ca2e', 'Tertiary', 3, 9.84) ON CONFLICT DO NOTHING;
INSERT INTO item_variant (id, name, item_link_id, cold_storage_type_id) VALUES ('2bc19eff-c9a4-4abb-9638-c5047fdc775e', 'Diphtheria and Tetanus Vaccine Adsorbed for Adults and Adolescents (Serum Institute of India Pvt. Ltd.)', '421bfb0f-13d8-4d16-9613-44264d41a153', (SELECT id FROM cold_storage_type WHERE name = '+5' or min_temperature = 2 and max_temperature = 8 LIMIT 1)) ON CONFLICT DO NOTHING;
INSERT INTO changelog (record_id, table_name, row_action) VALUES ('2bc19eff-c9a4-4abb-9638-c5047fdc775e', 'item_variant', 'UPSERT');INSERT INTO packaging_variant (id, item_variant_id, name, packaging_level, volume_per_unit) VALUES ('18dafa0d-5113-40da-8fe6-d8ba13d02eae', '2bc19eff-c9a4-4abb-9638-c5047fdc775e', 'Primary', 1, 12.18) ON CONFLICT DO NOTHING;
INSERT INTO packaging_variant (id, item_variant_id, name, packaging_level, volume_per_unit) VALUES ('c392fe64-bf9c-4f2b-9134-d4a58f16dfa2', '2bc19eff-c9a4-4abb-9638-c5047fdc775e', 'Secondary', 2, 12.18) ON CONFLICT DO NOTHING;
INSERT INTO packaging_variant (id, item_variant_id, name, packaging_level, volume_per_unit) VALUES ('45241515-468e-4882-a065-3c6f793eb172', '2bc19eff-c9a4-4abb-9638-c5047fdc775e', 'Tertiary', 3, 0.34) ON CONFLICT DO NOTHING;
INSERT INTO item (id, name, code, ven_category, type, legacy_record, is_active, is_vaccine, vaccine_doses, default_pack_size) VALUES ('c286a23f-db05-4ee8-ab64-64f686110cdd', 'Diphtheria-Tetanus (reduced antigen content) - vial - 1 dose', 'DIP-4-1', 'NOT_ASSIGNED', 'STOCK', '', 'True', 'True', 1, 1) ON CONFLICT DO NOTHING;
INSERT INTO item_link (id, item_id) VALUES ('c286a23f-db05-4ee8-ab64-64f686110cdd', 'c286a23f-db05-4ee8-ab64-64f686110cdd') ON CONFLICT DO NOTHING;
INSERT INTO changelog (record_id, table_name, row_action) VALUES ('c286a23f-db05-4ee8-ab64-64f686110cdd', 'item', 'UPSERT');INSERT INTO master_list_line (id, master_list_id, item_link_id) VALUES (uuid_in(md5(random()::text || random()::text)::cstring), '43491ce9-bc89-4ee5-988d-9dbb2856e398', 'c286a23f-db05-4ee8-ab64-64f686110cdd') ON CONFLICT DO NOTHING;
INSERT INTO item_variant (id, name, item_link_id, cold_storage_type_id) VALUES ('30f35cf3-b53b-4bbb-8431-ba194d19ec99', 'None used on labelling for supply through UN agencies.     Also marketed with labelled commercial name  BE Td (Biological E. Limited)', 'c286a23f-db05-4ee8-ab64-64f686110cdd', (SELECT id FROM cold_storage_type WHERE name = '+5' or min_temperature = 2 and max_temperature = 8 LIMIT 1)) ON CONFLICT DO NOTHING;
INSERT INTO changelog (record_id, table_name, row_action) VALUES ('30f35cf3-b53b-4bbb-8431-ba194d19ec99', 'item_variant', 'UPSERT');INSERT INTO packaging_variant (id, item_variant_id, name, packaging_level, volume_per_unit) VALUES ('ef2f7536-fdb4-4bc0-80e7-2ea20e8d2467', '30f35cf3-b53b-4bbb-8431-ba194d19ec99', 'Primary', 1, 14.68) ON CONFLICT DO NOTHING;
INSERT INTO packaging_variant (id, item_variant_id, name, packaging_level, volume_per_unit) VALUES ('9bc1319d-8fed-410b-aa42-dff894bee674', '30f35cf3-b53b-4bbb-8431-ba194d19ec99', 'Secondary', 2, 14.68) ON CONFLICT DO NOTHING;
INSERT INTO packaging_variant (id, item_variant_id, name, packaging_level, volume_per_unit) VALUES ('1cd58a39-747b-4c42-bf3c-4f1dbb57891a', '30f35cf3-b53b-4bbb-8431-ba194d19ec99', 'Tertiary', 3, 93.08) ON CONFLICT DO NOTHING;
INSERT INTO item_variant (id, name, item_link_id, cold_storage_type_id) VALUES ('3e7c78f4-865b-4eb7-9d59-d81590adf9ce', 'Tetadif (National Center of Infectious and Parasitic Diseases)', '351e2b6a-0f5d-43fd-83ce-3770ce0fb32f', (SELECT id FROM cold_storage_type WHERE name = '+5' or min_temperature = 2 and max_temperature = 8 LIMIT 1)) ON CONFLICT DO NOTHING;
INSERT INTO changelog (record_id, table_name, row_action) VALUES ('3e7c78f4-865b-4eb7-9d59-d81590adf9ce', 'item_variant', 'UPSERT');INSERT INTO packaging_variant (id, item_variant_id, name, packaging_level, volume_per_unit) VALUES ('2ad97315-a68d-4747-9ff4-92435368e89e', '3e7c78f4-865b-4eb7-9d59-d81590adf9ce', 'Primary', 1, 3.78) ON CONFLICT DO NOTHING;
INSERT INTO packaging_variant (id, item_variant_id, name, packaging_level, volume_per_unit) VALUES ('8d194d27-9881-4336-b0b6-68dc1e2737d1', '3e7c78f4-865b-4eb7-9d59-d81590adf9ce', 'Secondary', 2, 3.78) ON CONFLICT DO NOTHING;
INSERT INTO packaging_variant (id, item_variant_id, name, packaging_level, volume_per_unit) VALUES ('892f7e83-5e62-412f-86c4-639fc0c73258', '3e7c78f4-865b-4eb7-9d59-d81590adf9ce', 'Tertiary', 3, 3.78) ON CONFLICT DO NOTHING;
INSERT INTO item_variant (id, name, item_link_id, cold_storage_type_id) VALUES ('26715694-c2fb-4e26-a021-160ccf5884d1', 'IMOVAX dT adult (Sanofi Pasteur SA)', '351e2b6a-0f5d-43fd-83ce-3770ce0fb32f', (SELECT id FROM cold_storage_type WHERE name = '+5' or min_temperature = 2 and max_temperature = 8 LIMIT 1)) ON CONFLICT DO NOTHING;
INSERT INTO changelog (record_id, table_name, row_action) VALUES ('26715694-c2fb-4e26-a021-160ccf5884d1', 'item_variant', 'UPSERT');INSERT INTO packaging_variant (id, item_variant_id, name, packaging_level, volume_per_unit) VALUES ('68a450f7-bbdd-4189-8c72-a05201373d0a', '26715694-c2fb-4e26-a021-160ccf5884d1', 'Primary', 1, 2.46) ON CONFLICT DO NOTHING;
INSERT INTO packaging_variant (id, item_variant_id, name, packaging_level, volume_per_unit) VALUES ('6afbb868-50db-4dd3-9990-ced797e0ba6d', '26715694-c2fb-4e26-a021-160ccf5884d1', 'Secondary', 2, 2.46) ON CONFLICT DO NOTHING;
INSERT INTO packaging_variant (id, item_variant_id, name, packaging_level, volume_per_unit) VALUES ('1faf36fb-2374-4058-83df-1b1ef9ca62df', '26715694-c2fb-4e26-a021-160ccf5884d1', 'Tertiary', 3, 2.46) ON CONFLICT DO NOTHING;
INSERT INTO item_variant (id, name, item_link_id, cold_storage_type_id) VALUES ('1c7cfebf-3b78-4100-81c1-77e0ec785ccc', 'Diphtheria and Tetanus Vaccine Adsorbed for Adults and Adolescents (Serum Institute of India Pvt. Ltd.)', '351e2b6a-0f5d-43fd-83ce-3770ce0fb32f', (SELECT id FROM cold_storage_type WHERE name = '+5' or min_temperature = 2 and max_temperature = 8 LIMIT 1)) ON CONFLICT DO NOTHING;
INSERT INTO changelog (record_id, table_name, row_action) VALUES ('1c7cfebf-3b78-4100-81c1-77e0ec785ccc', 'item_variant', 'UPSERT');INSERT INTO packaging_variant (id, item_variant_id, name, packaging_level, volume_per_unit) VALUES ('23fc1776-8ff0-4c8a-a058-510614fbaef9', '1c7cfebf-3b78-4100-81c1-77e0ec785ccc', 'Primary', 1, 2.11) ON CONFLICT DO NOTHING;
INSERT INTO packaging_variant (id, item_variant_id, name, packaging_level, volume_per_unit) VALUES ('798df213-83da-4e06-8d1b-d74a1a805676', '1c7cfebf-3b78-4100-81c1-77e0ec785ccc', 'Secondary', 2, 2.11) ON CONFLICT DO NOTHING;
INSERT INTO packaging_variant (id, item_variant_id, name, packaging_level, volume_per_unit) VALUES ('01f37e41-812c-4d0c-a331-b313efc4059d', '1c7cfebf-3b78-4100-81c1-77e0ec785ccc', 'Tertiary', 3, 9.84) ON CONFLICT DO NOTHING;
INSERT INTO item_variant (id, name, item_link_id, cold_storage_type_id) VALUES ('004407d1-4e52-46ad-af0d-3befdeaef09d', 'none (PT Bio Farma (Persero))', '351e2b6a-0f5d-43fd-83ce-3770ce0fb32f', (SELECT id FROM cold_storage_type WHERE name = '+5' or min_temperature = 2 and max_temperature = 8 LIMIT 1)) ON CONFLICT DO NOTHING;
INSERT INTO changelog (record_id, table_name, row_action) VALUES ('004407d1-4e52-46ad-af0d-3befdeaef09d', 'item_variant', 'UPSERT');INSERT INTO packaging_variant (id, item_variant_id, name, packaging_level, volume_per_unit) VALUES ('165f4299-349b-4842-9223-d9e403144a1e', '004407d1-4e52-46ad-af0d-3befdeaef09d', 'Primary', 1, 2.23) ON CONFLICT DO NOTHING;
INSERT INTO packaging_variant (id, item_variant_id, name, packaging_level, volume_per_unit) VALUES ('adca80e4-edca-4102-830a-e07b73f03af3', '004407d1-4e52-46ad-af0d-3befdeaef09d', 'Secondary', 2, 2.23) ON CONFLICT DO NOTHING;
INSERT INTO packaging_variant (id, item_variant_id, name, packaging_level, volume_per_unit) VALUES ('4645b0fb-cbf6-400d-bb92-06020720b49e', '004407d1-4e52-46ad-af0d-3befdeaef09d', 'Tertiary', 3, 2.23) ON CONFLICT DO NOTHING;
INSERT INTO item_variant (id, name, item_link_id, cold_storage_type_id) VALUES ('e285f25c-72f7-4618-8ede-96c75dcd375e', 'None used on labelling for supply through UN agencies.     Also marketed with labelled commercial name  BE Td (Biological E. Limited)', '351e2b6a-0f5d-43fd-83ce-3770ce0fb32f', (SELECT id FROM cold_storage_type WHERE name = '+5' or min_temperature = 2 and max_temperature = 8 LIMIT 1)) ON CONFLICT DO NOTHING;
INSERT INTO changelog (record_id, table_name, row_action) VALUES ('e285f25c-72f7-4618-8ede-96c75dcd375e', 'item_variant', 'UPSERT');INSERT INTO packaging_variant (id, item_variant_id, name, packaging_level, volume_per_unit) VALUES ('a1fef19a-654b-4f0c-996c-0bc64965dcde', 'e285f25c-72f7-4618-8ede-96c75dcd375e', 'Primary', 1, 2.93) ON CONFLICT DO NOTHING;
INSERT INTO packaging_variant (id, item_variant_id, name, packaging_level, volume_per_unit) VALUES ('3d0425b8-f1b8-4f1b-aa85-8a89d0f661a6', 'e285f25c-72f7-4618-8ede-96c75dcd375e', 'Secondary', 2, 2.93) ON CONFLICT DO NOTHING;
INSERT INTO packaging_variant (id, item_variant_id, name, packaging_level, volume_per_unit) VALUES ('71c70bf3-bd2f-410b-9af4-fa3733d1627c', 'e285f25c-72f7-4618-8ede-96c75dcd375e', 'Tertiary', 3, 18.62) ON CONFLICT DO NOTHING;
INSERT INTO item_variant (id, name, item_link_id, cold_storage_type_id) VALUES ('dc4ac58d-5d93-4afc-bfe4-b60ff053c1de', 'Tetadif (National Center of Infectious and Parasitic Diseases)', '57400c39-cd0e-4339-bfb7-79613e5d1e1f', (SELECT id FROM cold_storage_type WHERE name = '+5' or min_temperature = 2 and max_temperature = 8 LIMIT 1)) ON CONFLICT DO NOTHING;
INSERT INTO changelog (record_id, table_name, row_action) VALUES ('dc4ac58d-5d93-4afc-bfe4-b60ff053c1de', 'item_variant', 'UPSERT');INSERT INTO packaging_variant (id, item_variant_id, name, packaging_level, volume_per_unit) VALUES ('56730dbe-dfbd-49a3-aba0-eb0720cf75dc', 'dc4ac58d-5d93-4afc-bfe4-b60ff053c1de', 'Primary', 1, 1.89) ON CONFLICT DO NOTHING;
INSERT INTO packaging_variant (id, item_variant_id, name, packaging_level, volume_per_unit) VALUES ('4a1fdbf7-672c-4c58-8f3c-e67f6f511335', 'dc4ac58d-5d93-4afc-bfe4-b60ff053c1de', 'Secondary', 2, 1.89) ON CONFLICT DO NOTHING;
INSERT INTO packaging_variant (id, item_variant_id, name, packaging_level, volume_per_unit) VALUES ('f884e5a6-675b-4e46-befb-8f936d4cb264', 'dc4ac58d-5d93-4afc-bfe4-b60ff053c1de', 'Tertiary', 3, 1.89) ON CONFLICT DO NOTHING;
INSERT INTO item_variant (id, name, item_link_id, cold_storage_type_id) VALUES ('92a4cc1c-9fbf-4189-a9dc-6d78c66c1062', 'Diphtheria and Tetanus Vaccine Adsorbed for Adults and Adolescents (Serum Institute of India Pvt. Ltd.)', '57400c39-cd0e-4339-bfb7-79613e5d1e1f', (SELECT id FROM cold_storage_type WHERE name = '+5' or min_temperature = 2 and max_temperature = 8 LIMIT 1)) ON CONFLICT DO NOTHING;
INSERT INTO changelog (record_id, table_name, row_action) VALUES ('92a4cc1c-9fbf-4189-a9dc-6d78c66c1062', 'item_variant', 'UPSERT');INSERT INTO packaging_variant (id, item_variant_id, name, packaging_level, volume_per_unit) VALUES ('267af1a6-8be8-4739-bccd-f71e9ae94227', '92a4cc1c-9fbf-4189-a9dc-6d78c66c1062', 'Primary', 1, 2.12) ON CONFLICT DO NOTHING;
INSERT INTO packaging_variant (id, item_variant_id, name, packaging_level, volume_per_unit) VALUES ('88ad9062-0233-4bc6-905a-d881ce2e2807', '92a4cc1c-9fbf-4189-a9dc-6d78c66c1062', 'Secondary', 2, 2.12) ON CONFLICT DO NOTHING;
INSERT INTO packaging_variant (id, item_variant_id, name, packaging_level, volume_per_unit) VALUES ('027749f5-e635-443d-ad00-422379ffb4d0', '92a4cc1c-9fbf-4189-a9dc-6d78c66c1062', 'Tertiary', 3, 9.84) ON CONFLICT DO NOTHING;
INSERT INTO item_variant (id, name, item_link_id, cold_storage_type_id) VALUES ('432fcb9c-c700-405b-8100-942e7ea8df3a', 'Boostrix (GlaxoSmithKline Biologicals SA)', 'c286a23f-db05-4ee8-ab64-64f686110cdd', (SELECT id FROM cold_storage_type WHERE name = '+5' or min_temperature = 2 and max_temperature = 8 LIMIT 1)) ON CONFLICT DO NOTHING;
INSERT INTO changelog (record_id, table_name, row_action) VALUES ('432fcb9c-c700-405b-8100-942e7ea8df3a', 'item_variant', 'UPSERT');INSERT INTO packaging_variant (id, item_variant_id, name, packaging_level, volume_per_unit) VALUES ('e3b88978-d550-45cd-9269-156f49d9b8ba', '432fcb9c-c700-405b-8100-942e7ea8df3a', 'Primary', 1, 9.7) ON CONFLICT DO NOTHING;
INSERT INTO packaging_variant (id, item_variant_id, name, packaging_level, volume_per_unit) VALUES ('0ff27a8c-c411-4b16-8eb0-303c87547ef3', '432fcb9c-c700-405b-8100-942e7ea8df3a', 'Secondary', 2, 9.7) ON CONFLICT DO NOTHING;
INSERT INTO packaging_variant (id, item_variant_id, name, packaging_level, volume_per_unit) VALUES ('d3b3cd72-5c0b-4c71-a606-73e97d68fd42', '432fcb9c-c700-405b-8100-942e7ea8df3a', 'Tertiary', 3, 15.23) ON CONFLICT DO NOTHING;
INSERT INTO item_variant (id, name, item_link_id, cold_storage_type_id) VALUES ('b461d8c6-841a-44e0-9658-e37196df51cd', 'Adacel (Sanofi Pasteur Limited)', 'c286a23f-db05-4ee8-ab64-64f686110cdd', (SELECT id FROM cold_storage_type WHERE name = '+5' or min_temperature = 2 and max_temperature = 8 LIMIT 1)) ON CONFLICT DO NOTHING;
INSERT INTO changelog (record_id, table_name, row_action) VALUES ('b461d8c6-841a-44e0-9658-e37196df51cd', 'item_variant', 'UPSERT');INSERT INTO packaging_variant (id, item_variant_id, name, packaging_level, volume_per_unit) VALUES ('86a88e3e-9c22-40ea-b21c-1cc914e4a742', 'b461d8c6-841a-44e0-9658-e37196df51cd', 'Primary', 1, 19.5) ON CONFLICT DO NOTHING;
INSERT INTO packaging_variant (id, item_variant_id, name, packaging_level, volume_per_unit) VALUES ('8120d97e-dad3-47e0-8e2a-c798cf7e0003', 'b461d8c6-841a-44e0-9658-e37196df51cd', 'Secondary', 2, 19.5) ON CONFLICT DO NOTHING;
INSERT INTO packaging_variant (id, item_variant_id, name, packaging_level, volume_per_unit) VALUES ('b3af92e9-9f22-4b55-9f3b-c8e8ff3f5c5d', 'b461d8c6-841a-44e0-9658-e37196df51cd', 'Tertiary', 3, 128.6) ON CONFLICT DO NOTHING;
INSERT INTO item_variant (id, name, item_link_id, cold_storage_type_id) VALUES ('3e50d0ba-0096-4f07-944f-d54954ee1eb1', 'Hexaxim (Sanofi Pasteur SA)', 'c286a23f-db05-4ee8-ab64-64f686110cdd', (SELECT id FROM cold_storage_type WHERE name = '+5' or min_temperature = 2 and max_temperature = 8 LIMIT 1)) ON CONFLICT DO NOTHING;
INSERT INTO changelog (record_id, table_name, row_action) VALUES ('3e50d0ba-0096-4f07-944f-d54954ee1eb1', 'item_variant', 'UPSERT');INSERT INTO packaging_variant (id, item_variant_id, name, packaging_level, volume_per_unit) VALUES ('23ded844-7b34-4291-b255-cd5674694ec2', '3e50d0ba-0096-4f07-944f-d54954ee1eb1', 'Primary', 1, 11.32) ON CONFLICT DO NOTHING;
INSERT INTO packaging_variant (id, item_variant_id, name, packaging_level, volume_per_unit) VALUES ('39608706-ae12-4140-a2e9-251e742d2918', '3e50d0ba-0096-4f07-944f-d54954ee1eb1', 'Secondary', 2, 11.32) ON CONFLICT DO NOTHING;
INSERT INTO packaging_variant (id, item_variant_id, name, packaging_level, volume_per_unit) VALUES ('615c97d7-4a80-44ed-8524-d3bed4fbac0b', '3e50d0ba-0096-4f07-944f-d54954ee1eb1', 'Tertiary', 3, 67.51) ON CONFLICT DO NOTHING;
INSERT INTO item_variant (id, name, item_link_id, cold_storage_type_id) VALUES ('6795f6bf-b3c2-41d4-90e8-7728d7152e98', 'DT COQ (Sanofi Pasteur SA)', '421bfb0f-13d8-4d16-9613-44264d41a153', (SELECT id FROM cold_storage_type WHERE name = '+5' or min_temperature = 2 and max_temperature = 8 LIMIT 1)) ON CONFLICT DO NOTHING;
INSERT INTO changelog (record_id, table_name, row_action) VALUES ('6795f6bf-b3c2-41d4-90e8-7728d7152e98', 'item_variant', 'UPSERT');INSERT INTO packaging_variant (id, item_variant_id, name, packaging_level, volume_per_unit) VALUES ('7ee07d51-56ff-431a-ab41-8bec12dcd226', '6795f6bf-b3c2-41d4-90e8-7728d7152e98', 'Primary', 1, 26.1) ON CONFLICT DO NOTHING;
INSERT INTO packaging_variant (id, item_variant_id, name, packaging_level, volume_per_unit) VALUES ('c086c9dd-efce-434d-a56d-9cfda0b95530', '6795f6bf-b3c2-41d4-90e8-7728d7152e98', 'Secondary', 2, 26.1) ON CONFLICT DO NOTHING;
INSERT INTO packaging_variant (id, item_variant_id, name, packaging_level, volume_per_unit) VALUES ('c501b301-5592-4a6e-9524-7ad88f189ac3', '6795f6bf-b3c2-41d4-90e8-7728d7152e98', 'Tertiary', 3, 26.1) ON CONFLICT DO NOTHING;
INSERT INTO item_variant (id, name, item_link_id, cold_storage_type_id) VALUES ('b5f09519-877c-4b1f-bc02-df45597f02c2', 'Diphtheria-Tetanus-Pertussis Vaccine Adsorbed (Serum Institute of India Pvt. Ltd.)', '421bfb0f-13d8-4d16-9613-44264d41a153', (SELECT id FROM cold_storage_type WHERE name = '+5' or min_temperature = 2 and max_temperature = 8 LIMIT 1)) ON CONFLICT DO NOTHING;
INSERT INTO changelog (record_id, table_name, row_action) VALUES ('b5f09519-877c-4b1f-bc02-df45597f02c2', 'item_variant', 'UPSERT');INSERT INTO packaging_variant (id, item_variant_id, name, packaging_level, volume_per_unit) VALUES ('8b2d747c-371d-40cd-a5e3-3997062c6613', 'b5f09519-877c-4b1f-bc02-df45597f02c2', 'Primary', 1, 12.18) ON CONFLICT DO NOTHING;
INSERT INTO packaging_variant (id, item_variant_id, name, packaging_level, volume_per_unit) VALUES ('b374412a-6e23-4ddf-a413-2edde2d2b619', 'b5f09519-877c-4b1f-bc02-df45597f02c2', 'Secondary', 2, 12.18) ON CONFLICT DO NOTHING;
INSERT INTO packaging_variant (id, item_variant_id, name, packaging_level, volume_per_unit) VALUES ('c7e8669f-b325-46c1-bbf6-7883b61af404', 'b5f09519-877c-4b1f-bc02-df45597f02c2', 'Tertiary', 3, 65.6) ON CONFLICT DO NOTHING;
INSERT INTO item_variant (id, name, item_link_id, cold_storage_type_id) VALUES ('1fc9955f-5fd3-4964-82fc-e833d77577ed', 'None used on labelling for supply through UN agencies.     Also marketed with labelled commercial name  TRIPVAC (Biological E. Limited)', 'c286a23f-db05-4ee8-ab64-64f686110cdd', (SELECT id FROM cold_storage_type WHERE name = '+5' or min_temperature = 2 and max_temperature = 8 LIMIT 1)) ON CONFLICT DO NOTHING;
INSERT INTO changelog (record_id, table_name, row_action) VALUES ('1fc9955f-5fd3-4964-82fc-e833d77577ed', 'item_variant', 'UPSERT');INSERT INTO packaging_variant (id, item_variant_id, name, packaging_level, volume_per_unit) VALUES ('cb6f3bbd-c27b-4a4b-b0c8-d945b9b861d3', '1fc9955f-5fd3-4964-82fc-e833d77577ed', 'Primary', 1, 14.68) ON CONFLICT DO NOTHING;
INSERT INTO packaging_variant (id, item_variant_id, name, packaging_level, volume_per_unit) VALUES ('f9f8cec6-2c42-4e2b-a6d1-e1adfc7d33a3', '1fc9955f-5fd3-4964-82fc-e833d77577ed', 'Secondary', 2, 14.68) ON CONFLICT DO NOTHING;
INSERT INTO packaging_variant (id, item_variant_id, name, packaging_level, volume_per_unit) VALUES ('47d8e878-955c-46f1-b363-da3950ffe085', '1fc9955f-5fd3-4964-82fc-e833d77577ed', 'Tertiary', 3, 93.08) ON CONFLICT DO NOTHING;
INSERT INTO item_variant (id, name, item_link_id, cold_storage_type_id) VALUES ('5ce2d6a8-de57-4305-b7ca-30e9c903692f', 'DTP Vaccine (PT Bio Farma (Persero))', '351e2b6a-0f5d-43fd-83ce-3770ce0fb32f', (SELECT id FROM cold_storage_type WHERE name = '+5' or min_temperature = 2 and max_temperature = 8 LIMIT 1)) ON CONFLICT DO NOTHING;
INSERT INTO changelog (record_id, table_name, row_action) VALUES ('5ce2d6a8-de57-4305-b7ca-30e9c903692f', 'item_variant', 'UPSERT');INSERT INTO packaging_variant (id, item_variant_id, name, packaging_level, volume_per_unit) VALUES ('d69ddd0e-4fde-4477-bbe1-624a47308a20', '5ce2d6a8-de57-4305-b7ca-30e9c903692f', 'Primary', 1, 2.38) ON CONFLICT DO NOTHING;
INSERT INTO packaging_variant (id, item_variant_id, name, packaging_level, volume_per_unit) VALUES ('47554467-1b69-4256-b39c-75122a006284', '5ce2d6a8-de57-4305-b7ca-30e9c903692f', 'Secondary', 2, 2.38) ON CONFLICT DO NOTHING;
INSERT INTO packaging_variant (id, item_variant_id, name, packaging_level, volume_per_unit) VALUES ('aaf705b5-7732-4990-bf54-622c05189ae3', '5ce2d6a8-de57-4305-b7ca-30e9c903692f', 'Tertiary', 3, 9.56) ON CONFLICT DO NOTHING;
INSERT INTO item_variant (id, name, item_link_id, cold_storage_type_id) VALUES ('a04e2620-c293-4447-b415-6be5e52b2b0e', 'DT COQ (Sanofi Pasteur SA)', '351e2b6a-0f5d-43fd-83ce-3770ce0fb32f', (SELECT id FROM cold_storage_type WHERE name = '+5' or min_temperature = 2 and max_temperature = 8 LIMIT 1)) ON CONFLICT DO NOTHING;
INSERT INTO changelog (record_id, table_name, row_action) VALUES ('a04e2620-c293-4447-b415-6be5e52b2b0e', 'item_variant', 'UPSERT');INSERT INTO packaging_variant (id, item_variant_id, name, packaging_level, volume_per_unit) VALUES ('1bddadde-f56a-4f2f-a6c6-026f83f7f1c3', 'a04e2620-c293-4447-b415-6be5e52b2b0e', 'Primary', 1, 2.46) ON CONFLICT DO NOTHING;
INSERT INTO packaging_variant (id, item_variant_id, name, packaging_level, volume_per_unit) VALUES ('4de71085-0f73-4409-a52a-2844b81e8044', 'a04e2620-c293-4447-b415-6be5e52b2b0e', 'Secondary', 2, 2.46) ON CONFLICT DO NOTHING;
INSERT INTO packaging_variant (id, item_variant_id, name, packaging_level, volume_per_unit) VALUES ('981d8550-441c-4a7a-9a07-f8549d96aa44', 'a04e2620-c293-4447-b415-6be5e52b2b0e', 'Tertiary', 3, 2.46) ON CONFLICT DO NOTHING;
INSERT INTO item_variant (id, name, item_link_id, cold_storage_type_id) VALUES ('b4e93589-6eef-43d3-ae85-4f9f53d31020', 'Diphtheria-Tetanus-Pertussis Vaccine Adsorbed (Serum Institute of India Pvt. Ltd.)', '351e2b6a-0f5d-43fd-83ce-3770ce0fb32f', (SELECT id FROM cold_storage_type WHERE name = '+5' or min_temperature = 2 and max_temperature = 8 LIMIT 1)) ON CONFLICT DO NOTHING;
INSERT INTO changelog (record_id, table_name, row_action) VALUES ('b4e93589-6eef-43d3-ae85-4f9f53d31020', 'item_variant', 'UPSERT');INSERT INTO packaging_variant (id, item_variant_id, name, packaging_level, volume_per_unit) VALUES ('b183adf0-820f-4767-bec7-a618312245fc', 'b4e93589-6eef-43d3-ae85-4f9f53d31020', 'Primary', 1, 2.11) ON CONFLICT DO NOTHING;
INSERT INTO packaging_variant (id, item_variant_id, name, packaging_level, volume_per_unit) VALUES ('6acf7419-113a-4151-9958-87127cc690d8', 'b4e93589-6eef-43d3-ae85-4f9f53d31020', 'Secondary', 2, 2.11) ON CONFLICT DO NOTHING;
INSERT INTO packaging_variant (id, item_variant_id, name, packaging_level, volume_per_unit) VALUES ('56c7a015-27b6-411f-b858-8428ea057607', 'b4e93589-6eef-43d3-ae85-4f9f53d31020', 'Tertiary', 3, 9.84) ON CONFLICT DO NOTHING;
INSERT INTO item_variant (id, name, item_link_id, cold_storage_type_id) VALUES ('d2c3ca43-269d-4bcd-9395-973795967ef8', 'None used on labelling for supply through UN agencies.     Also marketed with labelled commercial name  TRIPVAC (Biological E. Limited)', '351e2b6a-0f5d-43fd-83ce-3770ce0fb32f', (SELECT id FROM cold_storage_type WHERE name = '+5' or min_temperature = 2 and max_temperature = 8 LIMIT 1)) ON CONFLICT DO NOTHING;
INSERT INTO changelog (record_id, table_name, row_action) VALUES ('d2c3ca43-269d-4bcd-9395-973795967ef8', 'item_variant', 'UPSERT');INSERT INTO packaging_variant (id, item_variant_id, name, packaging_level, volume_per_unit) VALUES ('a53f3a3a-a9ee-486c-970a-67daa46176b7', 'd2c3ca43-269d-4bcd-9395-973795967ef8', 'Primary', 1, 1.78) ON CONFLICT DO NOTHING;
INSERT INTO packaging_variant (id, item_variant_id, name, packaging_level, volume_per_unit) VALUES ('1af841d0-85d1-4b25-b4a3-851dd75e3812', 'd2c3ca43-269d-4bcd-9395-973795967ef8', 'Secondary', 2, 1.78) ON CONFLICT DO NOTHING;
INSERT INTO packaging_variant (id, item_variant_id, name, packaging_level, volume_per_unit) VALUES ('faac0281-9f3d-4d0e-b172-ab7e5d745bf0', 'd2c3ca43-269d-4bcd-9395-973795967ef8', 'Tertiary', 3, 8.94) ON CONFLICT DO NOTHING;
INSERT INTO item_variant (id, name, item_link_id, cold_storage_type_id) VALUES ('a8feda79-369b-45ac-93eb-c57ec38844e3', 'Diphtheria-Tetanus-Pertussis Vaccine Adsorbed (Serum Institute of India Pvt. Ltd.)', '57400c39-cd0e-4339-bfb7-79613e5d1e1f', (SELECT id FROM cold_storage_type WHERE name = '+5' or min_temperature = 2 and max_temperature = 8 LIMIT 1)) ON CONFLICT DO NOTHING;
INSERT INTO changelog (record_id, table_name, row_action) VALUES ('a8feda79-369b-45ac-93eb-c57ec38844e3', 'item_variant', 'UPSERT');INSERT INTO packaging_variant (id, item_variant_id, name, packaging_level, volume_per_unit) VALUES ('bbcae91f-0d3e-463e-9424-1426b7c2983b', 'a8feda79-369b-45ac-93eb-c57ec38844e3', 'Primary', 1, 2.12) ON CONFLICT DO NOTHING;
INSERT INTO packaging_variant (id, item_variant_id, name, packaging_level, volume_per_unit) VALUES ('d7fdf30a-b76b-45ba-8f73-4a19a948db56', 'a8feda79-369b-45ac-93eb-c57ec38844e3', 'Secondary', 2, 2.12) ON CONFLICT DO NOTHING;
INSERT INTO packaging_variant (id, item_variant_id, name, packaging_level, volume_per_unit) VALUES ('3c206725-f1bd-4024-a3cb-72bcd80a5c82', 'a8feda79-369b-45ac-93eb-c57ec38844e3', 'Tertiary', 3, 9.84) ON CONFLICT DO NOTHING;
INSERT INTO item (id, name, code, ven_category, type, legacy_record, is_active, is_vaccine, vaccine_doses, default_pack_size) VALUES ('9233fe63-b1a5-4ac2-85e2-9e1d00995a41', 'Diphtheria-Tetanus-Pertussis (whole cell)-Haemophilus influenzae type b - two vial set (active + active) - 10 doses', 'DIP-30-10', 'NOT_ASSIGNED', 'STOCK', '', 'True', 'True', 10, 1) ON CONFLICT DO NOTHING;
INSERT INTO item_link (id, item_id) VALUES ('9233fe63-b1a5-4ac2-85e2-9e1d00995a41', '9233fe63-b1a5-4ac2-85e2-9e1d00995a41') ON CONFLICT DO NOTHING;
INSERT INTO changelog (record_id, table_name, row_action) VALUES ('9233fe63-b1a5-4ac2-85e2-9e1d00995a41', 'item', 'UPSERT');INSERT INTO master_list_line (id, master_list_id, item_link_id) VALUES (uuid_in(md5(random()::text || random()::text)::cstring), '43491ce9-bc89-4ee5-988d-9dbb2856e398', '9233fe63-b1a5-4ac2-85e2-9e1d00995a41') ON CONFLICT DO NOTHING;
INSERT INTO item_variant (id, name, item_link_id, cold_storage_type_id) VALUES ('21f0508b-e224-4f36-b0bb-7d10ae0b5dc9', 'TETRAct-HIB (Sanofi Pasteur SA)', '9233fe63-b1a5-4ac2-85e2-9e1d00995a41', (SELECT id FROM cold_storage_type WHERE name = '+5' or min_temperature = 2 and max_temperature = 8 LIMIT 1)) ON CONFLICT DO NOTHING;
INSERT INTO changelog (record_id, table_name, row_action) VALUES ('21f0508b-e224-4f36-b0bb-7d10ae0b5dc9', 'item_variant', 'UPSERT');INSERT INTO packaging_variant (id, item_variant_id, name, packaging_level, volume_per_unit) VALUES ('fd92e1fc-8aff-42c9-b26d-d1320b685e82', '21f0508b-e224-4f36-b0bb-7d10ae0b5dc9', 'Primary', 1, 12.39) ON CONFLICT DO NOTHING;
INSERT INTO packaging_variant (id, item_variant_id, name, packaging_level, volume_per_unit) VALUES ('df53785e-ed73-4ced-aad9-de4366bcfbc9', '21f0508b-e224-4f36-b0bb-7d10ae0b5dc9', 'Secondary', 2, 12.39) ON CONFLICT DO NOTHING;
INSERT INTO packaging_variant (id, item_variant_id, name, packaging_level, volume_per_unit) VALUES ('2bfa212d-3bd3-4d48-87d9-fab253a21a0b', '21f0508b-e224-4f36-b0bb-7d10ae0b5dc9', 'Tertiary', 3, 12.39) ON CONFLICT DO NOTHING;
INSERT INTO item (id, name, code, ven_category, type, legacy_record, is_active, is_vaccine, vaccine_doses, default_pack_size) VALUES ('b809e7b7-7233-45f4-a33b-39cb07b0e604', 'Diphtheria-Tetanus-Pertussis (whole cell)-Haemophilus influenzae type b - vial + ampoule - 1 dose', 'DIP-14-1', 'NOT_ASSIGNED', 'STOCK', '', 'True', 'True', 1, 1) ON CONFLICT DO NOTHING;
INSERT INTO item_link (id, item_id) VALUES ('b809e7b7-7233-45f4-a33b-39cb07b0e604', 'b809e7b7-7233-45f4-a33b-39cb07b0e604') ON CONFLICT DO NOTHING;
INSERT INTO changelog (record_id, table_name, row_action) VALUES ('b809e7b7-7233-45f4-a33b-39cb07b0e604', 'item', 'UPSERT');INSERT INTO master_list_line (id, master_list_id, item_link_id) VALUES (uuid_in(md5(random()::text || random()::text)::cstring), '43491ce9-bc89-4ee5-988d-9dbb2856e398', 'b809e7b7-7233-45f4-a33b-39cb07b0e604') ON CONFLICT DO NOTHING;
INSERT INTO item_variant (id, name, item_link_id, cold_storage_type_id) VALUES ('ad3f4e25-c5f5-4313-8400-79507bb7192e', 'TETRAct-HIB (Sanofi Pasteur SA)', 'b809e7b7-7233-45f4-a33b-39cb07b0e604', (SELECT id FROM cold_storage_type WHERE name = '+5' or min_temperature = 2 and max_temperature = 8 LIMIT 1)) ON CONFLICT DO NOTHING;
INSERT INTO changelog (record_id, table_name, row_action) VALUES ('ad3f4e25-c5f5-4313-8400-79507bb7192e', 'item_variant', 'UPSERT');INSERT INTO packaging_variant (id, item_variant_id, name, packaging_level, volume_per_unit) VALUES ('98b7e13f-79e6-41ec-83d6-8e9b0b81d947', 'ad3f4e25-c5f5-4313-8400-79507bb7192e', 'Primary', 1, 44.72) ON CONFLICT DO NOTHING;
INSERT INTO packaging_variant (id, item_variant_id, name, packaging_level, volume_per_unit) VALUES ('4bda28a4-f639-430c-98c3-d13fc972b150', 'ad3f4e25-c5f5-4313-8400-79507bb7192e', 'Secondary', 2, 44.72) ON CONFLICT DO NOTHING;
INSERT INTO packaging_variant (id, item_variant_id, name, packaging_level, volume_per_unit) VALUES ('4d0ee202-8308-45e3-9c41-840cad6cfe27', 'ad3f4e25-c5f5-4313-8400-79507bb7192e', 'Tertiary', 3, 44.72) ON CONFLICT DO NOTHING;
INSERT INTO item_variant (id, name, item_link_id, cold_storage_type_id) VALUES ('bfde91dd-e82d-4fc3-b1a0-57b61410a75d', 'Diphtheria, Tetanus, Pertussis and Haemophilus influenzae type b Conjugate Vaccine (Serum Institute of India Pvt. Ltd.)', 'b809e7b7-7233-45f4-a33b-39cb07b0e604', (SELECT id FROM cold_storage_type WHERE name = '+5' or min_temperature = 2 and max_temperature = 8 LIMIT 1)) ON CONFLICT DO NOTHING;
INSERT INTO changelog (record_id, table_name, row_action) VALUES ('bfde91dd-e82d-4fc3-b1a0-57b61410a75d', 'item_variant', 'UPSERT');INSERT INTO packaging_variant (id, item_variant_id, name, packaging_level, volume_per_unit) VALUES ('601de927-c27c-4e52-bf2f-fd157b43ef70', 'bfde91dd-e82d-4fc3-b1a0-57b61410a75d', 'Primary', 1, 21.09) ON CONFLICT DO NOTHING;
INSERT INTO packaging_variant (id, item_variant_id, name, packaging_level, volume_per_unit) VALUES ('5a62d6b3-692a-4d16-90e5-7b2c2e83717b', 'bfde91dd-e82d-4fc3-b1a0-57b61410a75d', 'Secondary', 2, 21.09) ON CONFLICT DO NOTHING;
INSERT INTO packaging_variant (id, item_variant_id, name, packaging_level, volume_per_unit) VALUES ('dfd0a4f2-f49c-4809-b7ec-b0a617b578f4', 'bfde91dd-e82d-4fc3-b1a0-57b61410a75d', 'Tertiary', 3, 147.6) ON CONFLICT DO NOTHING;
INSERT INTO item_variant (id, name, item_link_id, cold_storage_type_id) VALUES ('3fc57515-10ea-4899-aa37-838d72af4643', 'Diphtheria ,Tetanus, Pertussis and Hepatitis B Vaccine Adsorbed (Serum Institute of India Pvt. Ltd.)', '421bfb0f-13d8-4d16-9613-44264d41a153', (SELECT id FROM cold_storage_type WHERE name = '+5' or min_temperature = 2 and max_temperature = 8 LIMIT 1)) ON CONFLICT DO NOTHING;
INSERT INTO changelog (record_id, table_name, row_action) VALUES ('3fc57515-10ea-4899-aa37-838d72af4643', 'item_variant', 'UPSERT');INSERT INTO packaging_variant (id, item_variant_id, name, packaging_level, volume_per_unit) VALUES ('76b3a003-b27d-426d-a2c5-1157a2cbc91d', '3fc57515-10ea-4899-aa37-838d72af4643', 'Primary', 1, 12.18) ON CONFLICT DO NOTHING;
INSERT INTO packaging_variant (id, item_variant_id, name, packaging_level, volume_per_unit) VALUES ('d9c72db5-0baf-453e-86b1-f4ca6b8e9d20', '3fc57515-10ea-4899-aa37-838d72af4643', 'Secondary', 2, 12.18) ON CONFLICT DO NOTHING;
INSERT INTO packaging_variant (id, item_variant_id, name, packaging_level, volume_per_unit) VALUES ('b661d116-5ab7-47d5-a9c4-fe18355469b2', '3fc57515-10ea-4899-aa37-838d72af4643', 'Tertiary', 3, 65.6) ON CONFLICT DO NOTHING;
INSERT INTO item_variant (id, name, item_link_id, cold_storage_type_id) VALUES ('f11299ca-cc67-4107-9c98-aaa4b4c8c58a', 'DTP - Hep B 10 (PT Bio Farma (Persero))', '351e2b6a-0f5d-43fd-83ce-3770ce0fb32f', (SELECT id FROM cold_storage_type WHERE name = '+5' or min_temperature = 2 and max_temperature = 8 LIMIT 1)) ON CONFLICT DO NOTHING;
INSERT INTO changelog (record_id, table_name, row_action) VALUES ('f11299ca-cc67-4107-9c98-aaa4b4c8c58a', 'item_variant', 'UPSERT');INSERT INTO packaging_variant (id, item_variant_id, name, packaging_level, volume_per_unit) VALUES ('a091edaa-1b5e-4e55-b3cc-815bde98dbfc', 'f11299ca-cc67-4107-9c98-aaa4b4c8c58a', 'Primary', 1, 2.1) ON CONFLICT DO NOTHING;
INSERT INTO packaging_variant (id, item_variant_id, name, packaging_level, volume_per_unit) VALUES ('44228f92-da1a-4dde-bc8c-b1cbd7ff23bb', 'f11299ca-cc67-4107-9c98-aaa4b4c8c58a', 'Secondary', 2, 2.1) ON CONFLICT DO NOTHING;
INSERT INTO packaging_variant (id, item_variant_id, name, packaging_level, volume_per_unit) VALUES ('e635aff5-1042-419b-8b7e-65f9a88d3c12', 'f11299ca-cc67-4107-9c98-aaa4b4c8c58a', 'Tertiary', 3, 2.1) ON CONFLICT DO NOTHING;
INSERT INTO item_variant (id, name, item_link_id, cold_storage_type_id) VALUES ('83fc9f1e-7cc7-4077-8027-5586a8bc9d60', 'Diphtheria ,Tetanus, Pertussis and Hepatitis B Vaccine Adsorbed (Serum Institute of India Pvt. Ltd.)', '351e2b6a-0f5d-43fd-83ce-3770ce0fb32f', (SELECT id FROM cold_storage_type WHERE name = '+5' or min_temperature = 2 and max_temperature = 8 LIMIT 1)) ON CONFLICT DO NOTHING;
INSERT INTO changelog (record_id, table_name, row_action) VALUES ('83fc9f1e-7cc7-4077-8027-5586a8bc9d60', 'item_variant', 'UPSERT');INSERT INTO packaging_variant (id, item_variant_id, name, packaging_level, volume_per_unit) VALUES ('4aa3c62c-de0b-4256-8df5-4e4c298fd44e', '83fc9f1e-7cc7-4077-8027-5586a8bc9d60', 'Primary', 1, 2.11) ON CONFLICT DO NOTHING;
INSERT INTO packaging_variant (id, item_variant_id, name, packaging_level, volume_per_unit) VALUES ('f0eb68b4-3589-47c0-b77f-cce0a1770e74', '83fc9f1e-7cc7-4077-8027-5586a8bc9d60', 'Secondary', 2, 2.11) ON CONFLICT DO NOTHING;
INSERT INTO packaging_variant (id, item_variant_id, name, packaging_level, volume_per_unit) VALUES ('b1542f1b-17ba-43f7-85a4-570ffe621628', '83fc9f1e-7cc7-4077-8027-5586a8bc9d60', 'Tertiary', 3, 9.84) ON CONFLICT DO NOTHING;
INSERT INTO item_variant (id, name, item_link_id, cold_storage_type_id) VALUES ('f6d71734-2f4c-4449-8147-dc5c9804f050', 'Diphtheria ,Tetanus, Pertussis and Hepatitis B Vaccine Adsorbed (Serum Institute of India Pvt. Ltd.)', '57400c39-cd0e-4339-bfb7-79613e5d1e1f', (SELECT id FROM cold_storage_type WHERE name = '+5' or min_temperature = 2 and max_temperature = 8 LIMIT 1)) ON CONFLICT DO NOTHING;
INSERT INTO changelog (record_id, table_name, row_action) VALUES ('f6d71734-2f4c-4449-8147-dc5c9804f050', 'item_variant', 'UPSERT');INSERT INTO packaging_variant (id, item_variant_id, name, packaging_level, volume_per_unit) VALUES ('01e98913-87d6-4c15-80de-bbb4216585b2', 'f6d71734-2f4c-4449-8147-dc5c9804f050', 'Primary', 1, 2.12) ON CONFLICT DO NOTHING;
INSERT INTO packaging_variant (id, item_variant_id, name, packaging_level, volume_per_unit) VALUES ('fd818a56-7808-4919-8666-b261a05473eb', 'f6d71734-2f4c-4449-8147-dc5c9804f050', 'Secondary', 2, 2.12) ON CONFLICT DO NOTHING;
INSERT INTO packaging_variant (id, item_variant_id, name, packaging_level, volume_per_unit) VALUES ('3930c2e9-f943-4cf7-bb07-dacf2ef9b9c8', 'f6d71734-2f4c-4449-8147-dc5c9804f050', 'Tertiary', 3, 9.84) ON CONFLICT DO NOTHING;
INSERT INTO item (id, name, code, ven_category, type, legacy_record, is_active, is_vaccine, vaccine_doses, default_pack_size) VALUES ('075d4683-ce64-40e8-9c7d-8598ad582d12', 'Diphtheria-Tetanus-Pertussis (whole cell)-Hepatitis B - vial - 5 doses', 'DIP-4-5', 'NOT_ASSIGNED', 'STOCK', '', 'True', 'True', 5, 1) ON CONFLICT DO NOTHING;
INSERT INTO item_link (id, item_id) VALUES ('075d4683-ce64-40e8-9c7d-8598ad582d12', '075d4683-ce64-40e8-9c7d-8598ad582d12') ON CONFLICT DO NOTHING;
INSERT INTO changelog (record_id, table_name, row_action) VALUES ('075d4683-ce64-40e8-9c7d-8598ad582d12', 'item', 'UPSERT');INSERT INTO master_list_line (id, master_list_id, item_link_id) VALUES (uuid_in(md5(random()::text || random()::text)::cstring), '43491ce9-bc89-4ee5-988d-9dbb2856e398', '075d4683-ce64-40e8-9c7d-8598ad582d12') ON CONFLICT DO NOTHING;
INSERT INTO item_variant (id, name, item_link_id, cold_storage_type_id) VALUES ('eea76820-7877-48e9-bdc6-d386717b4c26', 'DTP - Hep B 5 (PT Bio Farma (Persero))', '075d4683-ce64-40e8-9c7d-8598ad582d12', (SELECT id FROM cold_storage_type WHERE name = '+5' or min_temperature = 2 and max_temperature = 8 LIMIT 1)) ON CONFLICT DO NOTHING;
INSERT INTO changelog (record_id, table_name, row_action) VALUES ('eea76820-7877-48e9-bdc6-d386717b4c26', 'item_variant', 'UPSERT');INSERT INTO packaging_variant (id, item_variant_id, name, packaging_level, volume_per_unit) VALUES ('72e3a768-8f67-4e83-8c71-a422dfbca697', 'eea76820-7877-48e9-bdc6-d386717b4c26', 'Primary', 1, 4.2) ON CONFLICT DO NOTHING;
INSERT INTO packaging_variant (id, item_variant_id, name, packaging_level, volume_per_unit) VALUES ('b892b06e-de2c-47e0-9ac6-3fe2318054cc', 'eea76820-7877-48e9-bdc6-d386717b4c26', 'Secondary', 2, 4.2) ON CONFLICT DO NOTHING;
INSERT INTO packaging_variant (id, item_variant_id, name, packaging_level, volume_per_unit) VALUES ('f1089529-5d32-4ebe-8a15-72690733d74f', 'eea76820-7877-48e9-bdc6-d386717b4c26', 'Tertiary', 3, 4.2) ON CONFLICT DO NOTHING;
INSERT INTO item (id, name, code, ven_category, type, legacy_record, is_active, is_vaccine, vaccine_doses, default_pack_size) VALUES ('5e3ebc1a-f770-4993-b9bb-2a45ce649741', 'Diphtheria-Tetanus-Pertussis (whole cell)-Hepatitis B-Haemophilus influenzae type b - two vial set (active + active) - 1 dose', 'DIP-30-1', 'NOT_ASSIGNED', 'STOCK', '', 'True', 'True', 1, 1) ON CONFLICT DO NOTHING;
INSERT INTO item_link (id, item_id) VALUES ('5e3ebc1a-f770-4993-b9bb-2a45ce649741', '5e3ebc1a-f770-4993-b9bb-2a45ce649741') ON CONFLICT DO NOTHING;
INSERT INTO changelog (record_id, table_name, row_action) VALUES ('5e3ebc1a-f770-4993-b9bb-2a45ce649741', 'item', 'UPSERT');INSERT INTO master_list_line (id, master_list_id, item_link_id) VALUES (uuid_in(md5(random()::text || random()::text)::cstring), '43491ce9-bc89-4ee5-988d-9dbb2856e398', '5e3ebc1a-f770-4993-b9bb-2a45ce649741') ON CONFLICT DO NOTHING;
INSERT INTO item_variant (id, name, item_link_id, cold_storage_type_id) VALUES ('310d0d83-667c-440e-8381-c296a5252017', 'Tritanrix HB+Hib (GlaxoSmithKline Biologicals SA)', '5e3ebc1a-f770-4993-b9bb-2a45ce649741', (SELECT id FROM cold_storage_type WHERE name = '+5' or min_temperature = 2 and max_temperature = 8 LIMIT 1)) ON CONFLICT DO NOTHING;
INSERT INTO changelog (record_id, table_name, row_action) VALUES ('310d0d83-667c-440e-8381-c296a5252017', 'item_variant', 'UPSERT');INSERT INTO packaging_variant (id, item_variant_id, name, packaging_level, volume_per_unit) VALUES ('bddcf316-1d81-4cb0-9187-58c8d5a83a7c', '310d0d83-667c-440e-8381-c296a5252017', 'Primary', 1, 14.54) ON CONFLICT DO NOTHING;
INSERT INTO packaging_variant (id, item_variant_id, name, packaging_level, volume_per_unit) VALUES ('5f370526-b7fa-4d47-b0e9-d0fa9976103f', '310d0d83-667c-440e-8381-c296a5252017', 'Secondary', 2, 14.54) ON CONFLICT DO NOTHING;
INSERT INTO packaging_variant (id, item_variant_id, name, packaging_level, volume_per_unit) VALUES ('8c1d306b-a70d-4497-8d64-8a32d9f512bc', '310d0d83-667c-440e-8381-c296a5252017', 'Tertiary', 3, 14.54) ON CONFLICT DO NOTHING;
INSERT INTO item_variant (id, name, item_link_id, cold_storage_type_id) VALUES ('46bb1406-751e-4d0b-8c64-2fa20236ec5d', 'None used on labelling for supply through UN agencies.     Also marketed with labelled commercial name  ComBE Five (Reconstituted). (Biological E. Limited)', '5e3ebc1a-f770-4993-b9bb-2a45ce649741', (SELECT id FROM cold_storage_type WHERE name = '+5' or min_temperature = 2 and max_temperature = 8 LIMIT 1)) ON CONFLICT DO NOTHING;
INSERT INTO changelog (record_id, table_name, row_action) VALUES ('46bb1406-751e-4d0b-8c64-2fa20236ec5d', 'item_variant', 'UPSERT');INSERT INTO packaging_variant (id, item_variant_id, name, packaging_level, volume_per_unit) VALUES ('70d34f3e-e7bb-43aa-b764-b082ff55356a', '46bb1406-751e-4d0b-8c64-2fa20236ec5d', 'Primary', 1, 58.7) ON CONFLICT DO NOTHING;
INSERT INTO packaging_variant (id, item_variant_id, name, packaging_level, volume_per_unit) VALUES ('192279b1-7f20-44b5-8981-db6618f62b7e', '46bb1406-751e-4d0b-8c64-2fa20236ec5d', 'Secondary', 2, 58.7) ON CONFLICT DO NOTHING;
INSERT INTO packaging_variant (id, item_variant_id, name, packaging_level, volume_per_unit) VALUES ('24cc4f0d-fe24-4728-ba36-24a718c31add', '46bb1406-751e-4d0b-8c64-2fa20236ec5d', 'Tertiary', 3, 58.7) ON CONFLICT DO NOTHING;
INSERT INTO item_variant (id, name, item_link_id, cold_storage_type_id) VALUES ('925b8936-70c4-433d-9ea0-a9313d839ad8', 'Euforvac-Hib Inj (LG Chem Ltd)', '5e3ebc1a-f770-4993-b9bb-2a45ce649741', (SELECT id FROM cold_storage_type WHERE name = '+5' or min_temperature = 2 and max_temperature = 8 LIMIT 1)) ON CONFLICT DO NOTHING;
INSERT INTO changelog (record_id, table_name, row_action) VALUES ('925b8936-70c4-433d-9ea0-a9313d839ad8', 'item_variant', 'UPSERT');INSERT INTO packaging_variant (id, item_variant_id, name, packaging_level, volume_per_unit) VALUES ('6c1b2e93-f266-4116-a771-b7985ffaa013', '925b8936-70c4-433d-9ea0-a9313d839ad8', 'Primary', 1, 29.07) ON CONFLICT DO NOTHING;
INSERT INTO packaging_variant (id, item_variant_id, name, packaging_level, volume_per_unit) VALUES ('08ed56e1-475c-46ea-8e17-175794fdfcef', '925b8936-70c4-433d-9ea0-a9313d839ad8', 'Secondary', 2, 29.07) ON CONFLICT DO NOTHING;
INSERT INTO packaging_variant (id, item_variant_id, name, packaging_level, volume_per_unit) VALUES ('d9f5cc39-fef0-4e5b-9fb2-dd4be9e048a5', '925b8936-70c4-433d-9ea0-a9313d839ad8', 'Tertiary', 3, 149.77) ON CONFLICT DO NOTHING;
INSERT INTO item_variant (id, name, item_link_id, cold_storage_type_id) VALUES ('0fd36168-9920-45d4-a08f-7aa6cd29f7ef', 'None used on labelling for supply through UN agencies.     Also marketed with labelled commercial name  ComBE Five (Reconstituted). (Biological E. Limited)', '9233fe63-b1a5-4ac2-85e2-9e1d00995a41', (SELECT id FROM cold_storage_type WHERE name = '+5' or min_temperature = 2 and max_temperature = 8 LIMIT 1)) ON CONFLICT DO NOTHING;
INSERT INTO changelog (record_id, table_name, row_action) VALUES ('0fd36168-9920-45d4-a08f-7aa6cd29f7ef', 'item_variant', 'UPSERT');INSERT INTO packaging_variant (id, item_variant_id, name, packaging_level, volume_per_unit) VALUES ('fc79739e-a63d-43cf-86bf-62e89d3c8f6f', '0fd36168-9920-45d4-a08f-7aa6cd29f7ef', 'Primary', 1, 7.5) ON CONFLICT DO NOTHING;
INSERT INTO packaging_variant (id, item_variant_id, name, packaging_level, volume_per_unit) VALUES ('909f6e65-77a8-479e-b6d3-231fc24b2026', '0fd36168-9920-45d4-a08f-7aa6cd29f7ef', 'Secondary', 2, 7.5) ON CONFLICT DO NOTHING;
INSERT INTO packaging_variant (id, item_variant_id, name, packaging_level, volume_per_unit) VALUES ('812bce60-d1bb-4742-8a29-6e8d5a20deab', '0fd36168-9920-45d4-a08f-7aa6cd29f7ef', 'Tertiary', 3, 7.5) ON CONFLICT DO NOTHING;
INSERT INTO item (id, name, code, ven_category, type, legacy_record, is_active, is_vaccine, vaccine_doses, default_pack_size) VALUES ('379fd03f-744d-4710-9f13-75d121f19484', 'Diphtheria-Tetanus-Pertussis (whole cell)-Hepatitis B-Haemophilus influenzae type b - two vial set (active + active) - 2 doses', 'DIP-30-2', 'NOT_ASSIGNED', 'STOCK', '', 'True', 'True', 2, 1) ON CONFLICT DO NOTHING;
INSERT INTO item_link (id, item_id) VALUES ('379fd03f-744d-4710-9f13-75d121f19484', '379fd03f-744d-4710-9f13-75d121f19484') ON CONFLICT DO NOTHING;
INSERT INTO changelog (record_id, table_name, row_action) VALUES ('379fd03f-744d-4710-9f13-75d121f19484', 'item', 'UPSERT');INSERT INTO master_list_line (id, master_list_id, item_link_id) VALUES (uuid_in(md5(random()::text || random()::text)::cstring), '43491ce9-bc89-4ee5-988d-9dbb2856e398', '379fd03f-744d-4710-9f13-75d121f19484') ON CONFLICT DO NOTHING;
INSERT INTO item_variant (id, name, item_link_id, cold_storage_type_id) VALUES ('a50eeade-0799-44a7-85fc-10cb1564c212', 'Tritanrix HB+Hib (GlaxoSmithKline Biologicals SA)', '379fd03f-744d-4710-9f13-75d121f19484', (SELECT id FROM cold_storage_type WHERE name = '+5' or min_temperature = 2 and max_temperature = 8 LIMIT 1)) ON CONFLICT DO NOTHING;
INSERT INTO changelog (record_id, table_name, row_action) VALUES ('a50eeade-0799-44a7-85fc-10cb1564c212', 'item_variant', 'UPSERT');INSERT INTO packaging_variant (id, item_variant_id, name, packaging_level, volume_per_unit) VALUES ('f3afc04c-281d-4ea8-8bc9-8a42bbe48e35', 'a50eeade-0799-44a7-85fc-10cb1564c212', 'Primary', 1, 7.27) ON CONFLICT DO NOTHING;
INSERT INTO packaging_variant (id, item_variant_id, name, packaging_level, volume_per_unit) VALUES ('744a217f-1092-4437-b17b-020fc7b684e5', 'a50eeade-0799-44a7-85fc-10cb1564c212', 'Secondary', 2, 7.27) ON CONFLICT DO NOTHING;
INSERT INTO packaging_variant (id, item_variant_id, name, packaging_level, volume_per_unit) VALUES ('88ddda83-6085-4a59-a23a-85d190e62c60', 'a50eeade-0799-44a7-85fc-10cb1564c212', 'Tertiary', 3, 7.27) ON CONFLICT DO NOTHING;
INSERT INTO item_variant (id, name, item_link_id, cold_storage_type_id) VALUES ('ac2a296c-aac1-4818-9707-bfa401bf322a', 'Euforvac-Hib Inj. (LG Chem Ltd)', '379fd03f-744d-4710-9f13-75d121f19484', (SELECT id FROM cold_storage_type WHERE name = '+5' or min_temperature = 2 and max_temperature = 8 LIMIT 1)) ON CONFLICT DO NOTHING;
INSERT INTO changelog (record_id, table_name, row_action) VALUES ('ac2a296c-aac1-4818-9707-bfa401bf322a', 'item_variant', 'UPSERT');INSERT INTO packaging_variant (id, item_variant_id, name, packaging_level, volume_per_unit) VALUES ('94c911c3-e8dd-4b0e-9d6f-aeb0a3efddc0', 'ac2a296c-aac1-4818-9707-bfa401bf322a', 'Primary', 1, 14.54) ON CONFLICT DO NOTHING;
INSERT INTO packaging_variant (id, item_variant_id, name, packaging_level, volume_per_unit) VALUES ('146a995f-a8af-44bf-8f7c-3d9d8b847eda', 'ac2a296c-aac1-4818-9707-bfa401bf322a', 'Secondary', 2, 14.54) ON CONFLICT DO NOTHING;
INSERT INTO packaging_variant (id, item_variant_id, name, packaging_level, volume_per_unit) VALUES ('44ec7120-4b73-4d98-8882-b5f3859538b6', 'ac2a296c-aac1-4818-9707-bfa401bf322a', 'Tertiary', 3, 74.88) ON CONFLICT DO NOTHING;
INSERT INTO item_variant (id, name, item_link_id, cold_storage_type_id) VALUES ('857f57d3-c8dc-4b7d-a3ab-b394f88de7f9', 'Quinvaxem (Janssen Vaccines Corp.)', 'c286a23f-db05-4ee8-ab64-64f686110cdd', (SELECT id FROM cold_storage_type WHERE name = '+5' or min_temperature = 2 and max_temperature = 8 LIMIT 1)) ON CONFLICT DO NOTHING;
INSERT INTO changelog (record_id, table_name, row_action) VALUES ('857f57d3-c8dc-4b7d-a3ab-b394f88de7f9', 'item_variant', 'UPSERT');INSERT INTO packaging_variant (id, item_variant_id, name, packaging_level, volume_per_unit) VALUES ('6b2bd589-b461-4446-9aa4-dee997be14db', '857f57d3-c8dc-4b7d-a3ab-b394f88de7f9', 'Primary', 1, 10.3) ON CONFLICT DO NOTHING;
INSERT INTO packaging_variant (id, item_variant_id, name, packaging_level, volume_per_unit) VALUES ('8bc5cc65-f5db-40c8-b168-ccf58af4327a', '857f57d3-c8dc-4b7d-a3ab-b394f88de7f9', 'Secondary', 2, 10.3) ON CONFLICT DO NOTHING;
INSERT INTO packaging_variant (id, item_variant_id, name, packaging_level, volume_per_unit) VALUES ('e795e117-e846-4786-acf4-15b83f67573c', '857f57d3-c8dc-4b7d-a3ab-b394f88de7f9', 'Tertiary', 3, 54.32) ON CONFLICT DO NOTHING;
INSERT INTO item_variant (id, name, item_link_id, cold_storage_type_id) VALUES ('b8f067b2-b176-4196-9020-b28947a30810', 'Shan-5 (Shantha Biotechnics Private Limited (A Sanofi Company))', 'c286a23f-db05-4ee8-ab64-64f686110cdd', (SELECT id FROM cold_storage_type WHERE name = '+5' or min_temperature = 2 and max_temperature = 8 LIMIT 1)) ON CONFLICT DO NOTHING;
INSERT INTO changelog (record_id, table_name, row_action) VALUES ('b8f067b2-b176-4196-9020-b28947a30810', 'item_variant', 'UPSERT');INSERT INTO packaging_variant (id, item_variant_id, name, packaging_level, volume_per_unit) VALUES ('27e61280-a094-405d-8a08-2026ec3221e4', 'b8f067b2-b176-4196-9020-b28947a30810', 'Primary', 1, 16.8) ON CONFLICT DO NOTHING;
INSERT INTO packaging_variant (id, item_variant_id, name, packaging_level, volume_per_unit) VALUES ('902a649b-9f15-417f-a9a7-b46dbdd7338b', 'b8f067b2-b176-4196-9020-b28947a30810', 'Secondary', 2, 16.8) ON CONFLICT DO NOTHING;
INSERT INTO packaging_variant (id, item_variant_id, name, packaging_level, volume_per_unit) VALUES ('3d0aa091-60d5-4db4-95b7-14f046ce476b', 'b8f067b2-b176-4196-9020-b28947a30810', 'Tertiary', 3, 63.95) ON CONFLICT DO NOTHING;
INSERT INTO item_variant (id, name, item_link_id, cold_storage_type_id) VALUES ('2af84418-e482-44f0-825d-6ce9cfbb7c6b', 'Diphtheria, Tetanus, Pertussis, Hepatitis B and Haemophilus influenzae type b Conjugate Vaccine Adsorbed (Serum Institute of India Pvt. Ltd.)', 'c286a23f-db05-4ee8-ab64-64f686110cdd', (SELECT id FROM cold_storage_type WHERE name = '+5' or min_temperature = 2 and max_temperature = 8 LIMIT 1)) ON CONFLICT DO NOTHING;
INSERT INTO changelog (record_id, table_name, row_action) VALUES ('2af84418-e482-44f0-825d-6ce9cfbb7c6b', 'item_variant', 'UPSERT');INSERT INTO packaging_variant (id, item_variant_id, name, packaging_level, volume_per_unit) VALUES ('a73e9031-cd01-46e0-b289-f7d241f3b024', '2af84418-e482-44f0-825d-6ce9cfbb7c6b', 'Primary', 1, 14.06) ON CONFLICT DO NOTHING;
INSERT INTO packaging_variant (id, item_variant_id, name, packaging_level, volume_per_unit) VALUES ('4e56f636-dfc2-4748-8db9-85f40c3b5f86', '2af84418-e482-44f0-825d-6ce9cfbb7c6b', 'Secondary', 2, 14.06) ON CONFLICT DO NOTHING;
INSERT INTO packaging_variant (id, item_variant_id, name, packaging_level, volume_per_unit) VALUES ('d9acb749-2156-40b6-87f0-c62dca4e0f07', '2af84418-e482-44f0-825d-6ce9cfbb7c6b', 'Tertiary', 3, 77.6) ON CONFLICT DO NOTHING;
INSERT INTO item_variant (id, name, item_link_id, cold_storage_type_id) VALUES ('1ac18f9c-c2c8-45c1-bd10-8b52d5f1080f', 'Easyfive-TT (Panacea Biotec Ltd.)', 'c286a23f-db05-4ee8-ab64-64f686110cdd', (SELECT id FROM cold_storage_type WHERE name = '+5' or min_temperature = 2 and max_temperature = 8 LIMIT 1)) ON CONFLICT DO NOTHING;
INSERT INTO changelog (record_id, table_name, row_action) VALUES ('1ac18f9c-c2c8-45c1-bd10-8b52d5f1080f', 'item_variant', 'UPSERT');INSERT INTO packaging_variant (id, item_variant_id, name, packaging_level, volume_per_unit) VALUES ('0ce2bea8-a20c-4e7b-b293-f3477a0b6e9d', '1ac18f9c-c2c8-45c1-bd10-8b52d5f1080f', 'Primary', 1, 15.3) ON CONFLICT DO NOTHING;
INSERT INTO packaging_variant (id, item_variant_id, name, packaging_level, volume_per_unit) VALUES ('10cc7cc1-b754-4e4e-86eb-53c99fec2929', '1ac18f9c-c2c8-45c1-bd10-8b52d5f1080f', 'Secondary', 2, 15.3) ON CONFLICT DO NOTHING;
INSERT INTO packaging_variant (id, item_variant_id, name, packaging_level, volume_per_unit) VALUES ('7f211e18-2eeb-4f2a-9275-a53e676aa360', '1ac18f9c-c2c8-45c1-bd10-8b52d5f1080f', 'Tertiary', 3, 83.12) ON CONFLICT DO NOTHING;
INSERT INTO item_variant (id, name, item_link_id, cold_storage_type_id) VALUES ('54c75158-ab4b-4e11-8f1c-34d0ac52742c', 'None used on labelling for supply through UN agencies.     Also marketed with labelled commercial name  ComBE Five (Liquid). (Biological E. Limited)', 'c286a23f-db05-4ee8-ab64-64f686110cdd', (SELECT id FROM cold_storage_type WHERE name = '+5' or min_temperature = 2 and max_temperature = 8 LIMIT 1)) ON CONFLICT DO NOTHING;
INSERT INTO changelog (record_id, table_name, row_action) VALUES ('54c75158-ab4b-4e11-8f1c-34d0ac52742c', 'item_variant', 'UPSERT');INSERT INTO packaging_variant (id, item_variant_id, name, packaging_level, volume_per_unit) VALUES ('b2866efc-36e1-41fc-9936-2f18620cb353', '54c75158-ab4b-4e11-8f1c-34d0ac52742c', 'Primary', 1, 14.7) ON CONFLICT DO NOTHING;
INSERT INTO packaging_variant (id, item_variant_id, name, packaging_level, volume_per_unit) VALUES ('3ab21930-9d23-45bd-8506-c0e13a3837cf', '54c75158-ab4b-4e11-8f1c-34d0ac52742c', 'Secondary', 2, 14.7) ON CONFLICT DO NOTHING;
INSERT INTO packaging_variant (id, item_variant_id, name, packaging_level, volume_per_unit) VALUES ('b70028ac-ad71-427a-b876-d1c973a00059', '54c75158-ab4b-4e11-8f1c-34d0ac52742c', 'Tertiary', 3, 93.08) ON CONFLICT DO NOTHING;
INSERT INTO item_variant (id, name, item_link_id, cold_storage_type_id) VALUES ('d1ce830b-da88-43e2-8f2c-738f5d214c7d', 'Eupenta (LG Chem Ltd)', 'c286a23f-db05-4ee8-ab64-64f686110cdd', (SELECT id FROM cold_storage_type WHERE name = '+5' or min_temperature = 2 and max_temperature = 8 LIMIT 1)) ON CONFLICT DO NOTHING;
INSERT INTO changelog (record_id, table_name, row_action) VALUES ('d1ce830b-da88-43e2-8f2c-738f5d214c7d', 'item_variant', 'UPSERT');INSERT INTO packaging_variant (id, item_variant_id, name, packaging_level, volume_per_unit) VALUES ('1dbfb8d3-573c-471f-ad60-76f8a89f276b', 'd1ce830b-da88-43e2-8f2c-738f5d214c7d', 'Primary', 1, 14.53) ON CONFLICT DO NOTHING;
INSERT INTO packaging_variant (id, item_variant_id, name, packaging_level, volume_per_unit) VALUES ('421153fb-b02a-4142-a189-b623cb56f060', 'd1ce830b-da88-43e2-8f2c-738f5d214c7d', 'Secondary', 2, 14.53) ON CONFLICT DO NOTHING;
INSERT INTO packaging_variant (id, item_variant_id, name, packaging_level, volume_per_unit) VALUES ('57e02492-3ee3-4ba9-aa5e-406f86ce94ae', 'd1ce830b-da88-43e2-8f2c-738f5d214c7d', 'Tertiary', 3, 75.13) ON CONFLICT DO NOTHING;
INSERT INTO item_variant (id, name, item_link_id, cold_storage_type_id) VALUES ('fddebda5-9889-4c6f-8ec6-fe151e749f41', 'Shan6 (Sanofi Healthcare India Private Limited)', 'c286a23f-db05-4ee8-ab64-64f686110cdd', (SELECT id FROM cold_storage_type WHERE name = '+5' or min_temperature = 2 and max_temperature = 8 LIMIT 1)) ON CONFLICT DO NOTHING;
INSERT INTO changelog (record_id, table_name, row_action) VALUES ('fddebda5-9889-4c6f-8ec6-fe151e749f41', 'item_variant', 'UPSERT');INSERT INTO packaging_variant (id, item_variant_id, name, packaging_level, volume_per_unit) VALUES ('bb3d7f58-9e08-44ca-a37b-b071a0b9882a', 'fddebda5-9889-4c6f-8ec6-fe151e749f41', 'Primary', 1, 11.09) ON CONFLICT DO NOTHING;
INSERT INTO packaging_variant (id, item_variant_id, name, packaging_level, volume_per_unit) VALUES ('32ac02e9-9c7e-4698-be79-79050df8e86c', 'fddebda5-9889-4c6f-8ec6-fe151e749f41', 'Secondary', 2, 11.09) ON CONFLICT DO NOTHING;
INSERT INTO packaging_variant (id, item_variant_id, name, packaging_level, volume_per_unit) VALUES ('5db930cc-5872-4830-96c0-2dd31c0336a4', 'fddebda5-9889-4c6f-8ec6-fe151e749f41', 'Tertiary', 3, 62.27) ON CONFLICT DO NOTHING;
INSERT INTO item_variant (id, name, item_link_id, cold_storage_type_id) VALUES ('150f2158-0d56-429a-a7d2-2e0e292e3c1f', 'Easyfive-TT (Panacea Biotec Ltd.)', '351e2b6a-0f5d-43fd-83ce-3770ce0fb32f', (SELECT id FROM cold_storage_type WHERE name = '+5' or min_temperature = 2 and max_temperature = 8 LIMIT 1)) ON CONFLICT DO NOTHING;
INSERT INTO changelog (record_id, table_name, row_action) VALUES ('150f2158-0d56-429a-a7d2-2e0e292e3c1f', 'item_variant', 'UPSERT');INSERT INTO packaging_variant (id, item_variant_id, name, packaging_level, volume_per_unit) VALUES ('43908862-b7b7-4cd2-a523-6a71c4e5cd05', '150f2158-0d56-429a-a7d2-2e0e292e3c1f', 'Primary', 1, 3.2) ON CONFLICT DO NOTHING;
INSERT INTO packaging_variant (id, item_variant_id, name, packaging_level, volume_per_unit) VALUES ('0fe0b4c5-049e-4f40-a2f8-d2152d71d5d2', '150f2158-0d56-429a-a7d2-2e0e292e3c1f', 'Secondary', 2, 3.2) ON CONFLICT DO NOTHING;
INSERT INTO packaging_variant (id, item_variant_id, name, packaging_level, volume_per_unit) VALUES ('d7eac450-8e91-4a71-bc78-3f04cfc26910', '150f2158-0d56-429a-a7d2-2e0e292e3c1f', 'Tertiary', 3, 16.65) ON CONFLICT DO NOTHING;
INSERT INTO item_variant (id, name, item_link_id, cold_storage_type_id) VALUES ('3ac9af69-f709-49b8-bf4e-11a091090e6d', 'Shan-5 (Shantha Biotechnics Private Limited (A Sanofi Company))', '351e2b6a-0f5d-43fd-83ce-3770ce0fb32f', (SELECT id FROM cold_storage_type WHERE name = '+5' or min_temperature = 2 and max_temperature = 8 LIMIT 1)) ON CONFLICT DO NOTHING;
INSERT INTO changelog (record_id, table_name, row_action) VALUES ('3ac9af69-f709-49b8-bf4e-11a091090e6d', 'item_variant', 'UPSERT');INSERT INTO packaging_variant (id, item_variant_id, name, packaging_level, volume_per_unit) VALUES ('8a32dd07-7f42-4b4a-88b6-9b4eaa5f54d8', '3ac9af69-f709-49b8-bf4e-11a091090e6d', 'Primary', 1, 4.4) ON CONFLICT DO NOTHING;
INSERT INTO packaging_variant (id, item_variant_id, name, packaging_level, volume_per_unit) VALUES ('3fb1b806-8527-4ca5-b415-02c6eb94c844', '3ac9af69-f709-49b8-bf4e-11a091090e6d', 'Secondary', 2, 4.4) ON CONFLICT DO NOTHING;
INSERT INTO packaging_variant (id, item_variant_id, name, packaging_level, volume_per_unit) VALUES ('42f44761-7b71-421f-b9c7-5eebc86be1fc', '3ac9af69-f709-49b8-bf4e-11a091090e6d', 'Tertiary', 3, 17.15) ON CONFLICT DO NOTHING;
INSERT INTO item_variant (id, name, item_link_id, cold_storage_type_id) VALUES ('92cfe0b3-6dc9-46d6-923f-ca1905b8502b', 'Diphtheria, Tetanus, Pertussis, Hepatitis B and Haemophilus influenzae type b Conjugate Vaccine Adsorbed (Serum Institute of India Pvt. Ltd.)', '351e2b6a-0f5d-43fd-83ce-3770ce0fb32f', (SELECT id FROM cold_storage_type WHERE name = '+5' or min_temperature = 2 and max_temperature = 8 LIMIT 1)) ON CONFLICT DO NOTHING;
INSERT INTO changelog (record_id, table_name, row_action) VALUES ('92cfe0b3-6dc9-46d6-923f-ca1905b8502b', 'item_variant', 'UPSERT');INSERT INTO packaging_variant (id, item_variant_id, name, packaging_level, volume_per_unit) VALUES ('a7ea4248-72b4-4844-aa9d-568f884162e5', '92cfe0b3-6dc9-46d6-923f-ca1905b8502b', 'Primary', 1, 2.11) ON CONFLICT DO NOTHING;
INSERT INTO packaging_variant (id, item_variant_id, name, packaging_level, volume_per_unit) VALUES ('2d3bee83-c46d-4b52-a73f-f0a2c6e764bf', '92cfe0b3-6dc9-46d6-923f-ca1905b8502b', 'Secondary', 2, 2.11) ON CONFLICT DO NOTHING;
INSERT INTO packaging_variant (id, item_variant_id, name, packaging_level, volume_per_unit) VALUES ('154dd72b-d685-44a2-983c-ab8695c01dd9', '92cfe0b3-6dc9-46d6-923f-ca1905b8502b', 'Tertiary', 3, 9.84) ON CONFLICT DO NOTHING;
INSERT INTO item_variant (id, name, item_link_id, cold_storage_type_id) VALUES ('89badf1b-269a-4e8b-ab12-07620320f1de', 'None used on labelling for supply through UN agencies.     Also marketed with labelled commercial name  ComBE Five (Liquid). (Biological E. Limited)', '351e2b6a-0f5d-43fd-83ce-3770ce0fb32f', (SELECT id FROM cold_storage_type WHERE name = '+5' or min_temperature = 2 and max_temperature = 8 LIMIT 1)) ON CONFLICT DO NOTHING;
INSERT INTO changelog (record_id, table_name, row_action) VALUES ('89badf1b-269a-4e8b-ab12-07620320f1de', 'item_variant', 'UPSERT');INSERT INTO packaging_variant (id, item_variant_id, name, packaging_level, volume_per_unit) VALUES ('a4af6086-c6e8-477e-87b2-ba18289d1f9b', '89badf1b-269a-4e8b-ab12-07620320f1de', 'Primary', 1, 2.9) ON CONFLICT DO NOTHING;
INSERT INTO packaging_variant (id, item_variant_id, name, packaging_level, volume_per_unit) VALUES ('886693f8-5689-4fb0-acea-607563eda50e', '89badf1b-269a-4e8b-ab12-07620320f1de', 'Secondary', 2, 2.9) ON CONFLICT DO NOTHING;
INSERT INTO packaging_variant (id, item_variant_id, name, packaging_level, volume_per_unit) VALUES ('6afa4e55-e782-40de-b8aa-466b48967008', '89badf1b-269a-4e8b-ab12-07620320f1de', 'Tertiary', 3, 21.13) ON CONFLICT DO NOTHING;
INSERT INTO item_variant (id, name, item_link_id, cold_storage_type_id) VALUES ('2a4a7aba-5d4a-4e6f-b690-0f4baf95006c', 'Eupenta (LG Chem Ltd)', '351e2b6a-0f5d-43fd-83ce-3770ce0fb32f', (SELECT id FROM cold_storage_type WHERE name = '+5' or min_temperature = 2 and max_temperature = 8 LIMIT 1)) ON CONFLICT DO NOTHING;
INSERT INTO changelog (record_id, table_name, row_action) VALUES ('2a4a7aba-5d4a-4e6f-b690-0f4baf95006c', 'item_variant', 'UPSERT');INSERT INTO packaging_variant (id, item_variant_id, name, packaging_level, volume_per_unit) VALUES ('17afdc12-a4ba-4e2f-b72a-d0cdcadaf6ed', '2a4a7aba-5d4a-4e6f-b690-0f4baf95006c', 'Primary', 1, 2.9) ON CONFLICT DO NOTHING;
INSERT INTO packaging_variant (id, item_variant_id, name, packaging_level, volume_per_unit) VALUES ('58563854-55f4-46d2-80b1-2c5fbb7458a6', '2a4a7aba-5d4a-4e6f-b690-0f4baf95006c', 'Secondary', 2, 2.9) ON CONFLICT DO NOTHING;
INSERT INTO packaging_variant (id, item_variant_id, name, packaging_level, volume_per_unit) VALUES ('61aa85c3-e92a-4edb-9888-47f243108099', '2a4a7aba-5d4a-4e6f-b690-0f4baf95006c', 'Tertiary', 3, 16.7) ON CONFLICT DO NOTHING;
INSERT INTO item_variant (id, name, item_link_id, cold_storage_type_id) VALUES ('c52a33ce-4743-4db2-907a-7562979ce30d', 'Pentabio (PT Bio Farma (Persero))', '351e2b6a-0f5d-43fd-83ce-3770ce0fb32f', (SELECT id FROM cold_storage_type WHERE name = '+5' or min_temperature = 2 and max_temperature = 8 LIMIT 1)) ON CONFLICT DO NOTHING;
INSERT INTO changelog (record_id, table_name, row_action) VALUES ('c52a33ce-4743-4db2-907a-7562979ce30d', 'item_variant', 'UPSERT');INSERT INTO packaging_variant (id, item_variant_id, name, packaging_level, volume_per_unit) VALUES ('32e1dcdf-898d-4dae-95db-1c2291a1a4cb', 'c52a33ce-4743-4db2-907a-7562979ce30d', 'Primary', 1, 4) ON CONFLICT DO NOTHING;
INSERT INTO packaging_variant (id, item_variant_id, name, packaging_level, volume_per_unit) VALUES ('beb745b0-e3e8-4f42-ac50-9208d49d4f47', 'c52a33ce-4743-4db2-907a-7562979ce30d', 'Secondary', 2, 4) ON CONFLICT DO NOTHING;
INSERT INTO packaging_variant (id, item_variant_id, name, packaging_level, volume_per_unit) VALUES ('fb08ae9a-49ad-4ee8-ab23-e34917abe050', 'c52a33ce-4743-4db2-907a-7562979ce30d', 'Tertiary', 3, 16.58) ON CONFLICT DO NOTHING;
INSERT INTO item (id, name, code, ven_category, type, legacy_record, is_active, is_vaccine, vaccine_doses, default_pack_size) VALUES ('d41fa699-1256-46e8-817e-9fa562c7c826', 'Diphtheria-Tetanus-Pertussis (whole cell)-Hepatitis B-Haemophilus influenzae type b - vial - 2 doses', 'DIP-4-2', 'NOT_ASSIGNED', 'STOCK', '', 'True', 'True', 2, 1) ON CONFLICT DO NOTHING;
INSERT INTO item_link (id, item_id) VALUES ('d41fa699-1256-46e8-817e-9fa562c7c826', 'd41fa699-1256-46e8-817e-9fa562c7c826') ON CONFLICT DO NOTHING;
INSERT INTO changelog (record_id, table_name, row_action) VALUES ('d41fa699-1256-46e8-817e-9fa562c7c826', 'item', 'UPSERT');INSERT INTO master_list_line (id, master_list_id, item_link_id) VALUES (uuid_in(md5(random()::text || random()::text)::cstring), '43491ce9-bc89-4ee5-988d-9dbb2856e398', 'd41fa699-1256-46e8-817e-9fa562c7c826') ON CONFLICT DO NOTHING;
INSERT INTO item_variant (id, name, item_link_id, cold_storage_type_id) VALUES ('b87766c0-5cd8-4b37-83b7-980b14c49ee1', 'Diphtheria, Tetanus, Pertussis, Hepatitis B and Haemophilus influenzae type b Conjugate Vaccine Adsorbed (Serum Institute of India Pvt. Ltd.)', 'd41fa699-1256-46e8-817e-9fa562c7c826', (SELECT id FROM cold_storage_type WHERE name = '+5' or min_temperature = 2 and max_temperature = 8 LIMIT 1)) ON CONFLICT DO NOTHING;
INSERT INTO changelog (record_id, table_name, row_action) VALUES ('b87766c0-5cd8-4b37-83b7-980b14c49ee1', 'item_variant', 'UPSERT');INSERT INTO packaging_variant (id, item_variant_id, name, packaging_level, volume_per_unit) VALUES ('780bfe9d-36b9-4933-bc6b-751e9353a356', 'b87766c0-5cd8-4b37-83b7-980b14c49ee1', 'Primary', 1, 8.79) ON CONFLICT DO NOTHING;
INSERT INTO packaging_variant (id, item_variant_id, name, packaging_level, volume_per_unit) VALUES ('f5df308c-2a4c-4f0a-a5d4-3f3c2f78587e', 'b87766c0-5cd8-4b37-83b7-980b14c49ee1', 'Secondary', 2, 8.79) ON CONFLICT DO NOTHING;
INSERT INTO packaging_variant (id, item_variant_id, name, packaging_level, volume_per_unit) VALUES ('7cc988fd-13c3-4c36-803d-4771f5ac3c3e', 'b87766c0-5cd8-4b37-83b7-980b14c49ee1', 'Tertiary', 3, 43.2) ON CONFLICT DO NOTHING;
INSERT INTO item_variant (id, name, item_link_id, cold_storage_type_id) VALUES ('63b4853f-966b-4504-91ee-5ea54845c80c', 'None used on labelling for supply through UN agencies.     Also marketed with labelled commercial name  ComBE Five (Liquid). (Biological E. Limited)', 'd41fa699-1256-46e8-817e-9fa562c7c826', (SELECT id FROM cold_storage_type WHERE name = '+5' or min_temperature = 2 and max_temperature = 8 LIMIT 1)) ON CONFLICT DO NOTHING;
INSERT INTO changelog (record_id, table_name, row_action) VALUES ('63b4853f-966b-4504-91ee-5ea54845c80c', 'item_variant', 'UPSERT');INSERT INTO packaging_variant (id, item_variant_id, name, packaging_level, volume_per_unit) VALUES ('57d5881c-38c3-4810-8d6b-ae55201e2984', '63b4853f-966b-4504-91ee-5ea54845c80c', 'Primary', 1, 7.3) ON CONFLICT DO NOTHING;
INSERT INTO packaging_variant (id, item_variant_id, name, packaging_level, volume_per_unit) VALUES ('182156cf-c90a-41d0-8a27-f3b8699e82c2', '63b4853f-966b-4504-91ee-5ea54845c80c', 'Secondary', 2, 7.3) ON CONFLICT DO NOTHING;
INSERT INTO packaging_variant (id, item_variant_id, name, packaging_level, volume_per_unit) VALUES ('dd86ae11-4b33-47d8-a0a9-8d06b9cb86a0', '63b4853f-966b-4504-91ee-5ea54845c80c', 'Tertiary', 3, 46.54) ON CONFLICT DO NOTHING;
INSERT INTO item_variant (id, name, item_link_id, cold_storage_type_id) VALUES ('680902f7-f690-4981-8fe4-95e9be0e92c8', 'None used on labelling for supply through UN agencies.     Also marketed with labelled commercial name  ComBE Five (Liquid). (Biological E. Limited)', '075d4683-ce64-40e8-9c7d-8598ad582d12', (SELECT id FROM cold_storage_type WHERE name = '+5' or min_temperature = 2 and max_temperature = 8 LIMIT 1)) ON CONFLICT DO NOTHING;
INSERT INTO changelog (record_id, table_name, row_action) VALUES ('680902f7-f690-4981-8fe4-95e9be0e92c8', 'item_variant', 'UPSERT');INSERT INTO packaging_variant (id, item_variant_id, name, packaging_level, volume_per_unit) VALUES ('1d6f9a04-62f4-4083-9f79-943d4de31272', '680902f7-f690-4981-8fe4-95e9be0e92c8', 'Primary', 1, 2.9) ON CONFLICT DO NOTHING;
INSERT INTO packaging_variant (id, item_variant_id, name, packaging_level, volume_per_unit) VALUES ('ae90a3c7-8475-4af5-a6c9-dd98d8efb510', '680902f7-f690-4981-8fe4-95e9be0e92c8', 'Secondary', 2, 2.9) ON CONFLICT DO NOTHING;
INSERT INTO packaging_variant (id, item_variant_id, name, packaging_level, volume_per_unit) VALUES ('3a22bbf3-c098-4f95-9de8-036cadc68a14', '680902f7-f690-4981-8fe4-95e9be0e92c8', 'Tertiary', 3, 18.62) ON CONFLICT DO NOTHING;
INSERT INTO item_variant (id, name, item_link_id, cold_storage_type_id) VALUES ('117ba06e-1cc7-40ba-8d88-7977b37815ba', 'Pentabio (PT Bio Farma (Persero))', '075d4683-ce64-40e8-9c7d-8598ad582d12', (SELECT id FROM cold_storage_type WHERE name = '+5' or min_temperature = 2 and max_temperature = 8 LIMIT 1)) ON CONFLICT DO NOTHING;
INSERT INTO changelog (record_id, table_name, row_action) VALUES ('117ba06e-1cc7-40ba-8d88-7977b37815ba', 'item_variant', 'UPSERT');INSERT INTO packaging_variant (id, item_variant_id, name, packaging_level, volume_per_unit) VALUES ('9fa599e3-394e-45c0-9fa7-3a1bba38fb36', '117ba06e-1cc7-40ba-8d88-7977b37815ba', 'Primary', 1, 8) ON CONFLICT DO NOTHING;
INSERT INTO packaging_variant (id, item_variant_id, name, packaging_level, volume_per_unit) VALUES ('e731dc41-6b9b-4fb8-bb32-2ff06138531a', '117ba06e-1cc7-40ba-8d88-7977b37815ba', 'Secondary', 2, 8) ON CONFLICT DO NOTHING;
INSERT INTO packaging_variant (id, item_variant_id, name, packaging_level, volume_per_unit) VALUES ('976304bd-2c52-43ec-9346-de68d8534d8b', '117ba06e-1cc7-40ba-8d88-7977b37815ba', 'Tertiary', 3, 33.15) ON CONFLICT DO NOTHING;
INSERT INTO item_variant (id, name, item_link_id, cold_storage_type_id) VALUES ('6cb38352-5891-41aa-a45f-8f0bdb363efa', 'Shan6 (Sanofi Healthcare India Private Limited)', '075d4683-ce64-40e8-9c7d-8598ad582d12', (SELECT id FROM cold_storage_type WHERE name = '+5' or min_temperature = 2 and max_temperature = 8 LIMIT 1)) ON CONFLICT DO NOTHING;
INSERT INTO changelog (record_id, table_name, row_action) VALUES ('6cb38352-5891-41aa-a45f-8f0bdb363efa', 'item_variant', 'UPSERT');INSERT INTO packaging_variant (id, item_variant_id, name, packaging_level, volume_per_unit) VALUES ('5fa69f62-b417-4769-a89c-d28ae06de49a', '6cb38352-5891-41aa-a45f-8f0bdb363efa', 'Primary', 1, 3.04) ON CONFLICT DO NOTHING;
INSERT INTO packaging_variant (id, item_variant_id, name, packaging_level, volume_per_unit) VALUES ('59d3481c-cfa9-4c5c-95f5-a2dfe6c55db2', '6cb38352-5891-41aa-a45f-8f0bdb363efa', 'Secondary', 2, 3.04) ON CONFLICT DO NOTHING;
INSERT INTO packaging_variant (id, item_variant_id, name, packaging_level, volume_per_unit) VALUES ('9247a61c-e48d-4fb7-a715-bfc1ff240602', '6cb38352-5891-41aa-a45f-8f0bdb363efa', 'Tertiary', 3, 20.76) ON CONFLICT DO NOTHING;
INSERT INTO item_variant (id, name, item_link_id, cold_storage_type_id) VALUES ('ac90202f-00e1-4284-891c-590776af8d3e', 'Diphtheria, Tetanus, Pertussis, Hepatitis B and Haemophilus influenzae type b Conjugate Vaccine (Serum Institute of India Pvt. Ltd.)', 'b809e7b7-7233-45f4-a33b-39cb07b0e604', (SELECT id FROM cold_storage_type WHERE name = '+5' or min_temperature = 2 and max_temperature = 8 LIMIT 1)) ON CONFLICT DO NOTHING;
INSERT INTO changelog (record_id, table_name, row_action) VALUES ('ac90202f-00e1-4284-891c-590776af8d3e', 'item_variant', 'UPSERT');INSERT INTO packaging_variant (id, item_variant_id, name, packaging_level, volume_per_unit) VALUES ('ede883a6-7117-4799-a18d-280f52b317d7', 'ac90202f-00e1-4284-891c-590776af8d3e', 'Primary', 1, 33.27) ON CONFLICT DO NOTHING;
INSERT INTO packaging_variant (id, item_variant_id, name, packaging_level, volume_per_unit) VALUES ('98c9b757-4e74-4f28-b4fd-b92cca073325', 'ac90202f-00e1-4284-891c-590776af8d3e', 'Secondary', 2, 33.27) ON CONFLICT DO NOTHING;
INSERT INTO packaging_variant (id, item_variant_id, name, packaging_level, volume_per_unit) VALUES ('7c44dec9-b87d-4893-9828-561a4a2e00be', 'ac90202f-00e1-4284-891c-590776af8d3e', 'Tertiary', 3, 147.6) ON CONFLICT DO NOTHING;
INSERT INTO item (id, name, code, ven_category, type, legacy_record, is_active, is_vaccine, vaccine_doses, default_pack_size) VALUES ('f049db97-2894-4d37-ae8c-866252266db6', 'Diphtheria-Tetanus-Pertussis (whole cell)-Hepatitis B-Haemophilus influenzae type b - vial + ampoule - 10 doses', 'DIP-14-10', 'NOT_ASSIGNED', 'STOCK', '', 'True', 'True', 10, 1) ON CONFLICT DO NOTHING;
INSERT INTO item_link (id, item_id) VALUES ('f049db97-2894-4d37-ae8c-866252266db6', 'f049db97-2894-4d37-ae8c-866252266db6') ON CONFLICT DO NOTHING;
INSERT INTO changelog (record_id, table_name, row_action) VALUES ('f049db97-2894-4d37-ae8c-866252266db6', 'item', 'UPSERT');INSERT INTO master_list_line (id, master_list_id, item_link_id) VALUES (uuid_in(md5(random()::text || random()::text)::cstring), '43491ce9-bc89-4ee5-988d-9dbb2856e398', 'f049db97-2894-4d37-ae8c-866252266db6') ON CONFLICT DO NOTHING;
INSERT INTO item_variant (id, name, item_link_id, cold_storage_type_id) VALUES ('f426e007-b4d0-4c71-be53-b60a92949606', 'Diphtheria, Tetanus, Pertussis, Hepatitis B and Haemophilus influenzae type b Conjugate Vaccine (Serum Institute of India Pvt. Ltd.)', 'f049db97-2894-4d37-ae8c-866252266db6', (SELECT id FROM cold_storage_type WHERE name = '+5' or min_temperature = 2 and max_temperature = 8 LIMIT 1)) ON CONFLICT DO NOTHING;
INSERT INTO changelog (record_id, table_name, row_action) VALUES ('f426e007-b4d0-4c71-be53-b60a92949606', 'item_variant', 'UPSERT');INSERT INTO packaging_variant (id, item_variant_id, name, packaging_level, volume_per_unit) VALUES ('1d1d5376-09cd-43bb-bb72-4c196232ae0e', 'f426e007-b4d0-4c71-be53-b60a92949606', 'Primary', 1, 2.11) ON CONFLICT DO NOTHING;
INSERT INTO packaging_variant (id, item_variant_id, name, packaging_level, volume_per_unit) VALUES ('b469a2f8-11b2-4a1d-865d-8e5c31a0c1a1', 'f426e007-b4d0-4c71-be53-b60a92949606', 'Secondary', 2, 2.11) ON CONFLICT DO NOTHING;
INSERT INTO packaging_variant (id, item_variant_id, name, packaging_level, volume_per_unit) VALUES ('728b59d0-263c-4076-8643-8a6b68142848', 'f426e007-b4d0-4c71-be53-b60a92949606', 'Tertiary', 3, 196.8) ON CONFLICT DO NOTHING;
INSERT INTO item (id, name, code, ven_category, type, legacy_record, is_active, is_vaccine, vaccine_doses, default_pack_size) VALUES ('0687cc7d-3b0f-4acb-95f1-0fee0b91b3f5', 'Diphtheria-Tetanus-Pertussis (whole cell)-Hepatitis B-Haemophilus influenzae type b - vial + ampoule - 2 doses', 'DIP-14-2', 'NOT_ASSIGNED', 'STOCK', '', 'True', 'True', 2, 1) ON CONFLICT DO NOTHING;
INSERT INTO item_link (id, item_id) VALUES ('0687cc7d-3b0f-4acb-95f1-0fee0b91b3f5', '0687cc7d-3b0f-4acb-95f1-0fee0b91b3f5') ON CONFLICT DO NOTHING;
INSERT INTO changelog (record_id, table_name, row_action) VALUES ('0687cc7d-3b0f-4acb-95f1-0fee0b91b3f5', 'item', 'UPSERT');INSERT INTO master_list_line (id, master_list_id, item_link_id) VALUES (uuid_in(md5(random()::text || random()::text)::cstring), '43491ce9-bc89-4ee5-988d-9dbb2856e398', '0687cc7d-3b0f-4acb-95f1-0fee0b91b3f5') ON CONFLICT DO NOTHING;
INSERT INTO item_variant (id, name, item_link_id, cold_storage_type_id) VALUES ('1d287b8a-fcb9-4f5e-a95c-e725c56a7762', 'Diphtheria, Tetanus, Pertussis, Hepatitis B and Haemophilus influenzae type b Conjugate Vaccine (Serum Institute of India Pvt. Ltd.)', '0687cc7d-3b0f-4acb-95f1-0fee0b91b3f5', (SELECT id FROM cold_storage_type WHERE name = '+5' or min_temperature = 2 and max_temperature = 8 LIMIT 1)) ON CONFLICT DO NOTHING;
INSERT INTO changelog (record_id, table_name, row_action) VALUES ('1d287b8a-fcb9-4f5e-a95c-e725c56a7762', 'item_variant', 'UPSERT');INSERT INTO packaging_variant (id, item_variant_id, name, packaging_level, volume_per_unit) VALUES ('172beddf-8c5a-45de-b61e-f0f4fe23bfd4', '1d287b8a-fcb9-4f5e-a95c-e725c56a7762', 'Primary', 1, 11.15) ON CONFLICT DO NOTHING;
INSERT INTO packaging_variant (id, item_variant_id, name, packaging_level, volume_per_unit) VALUES ('29397584-fe1d-42cc-b1d9-640246c835d7', '1d287b8a-fcb9-4f5e-a95c-e725c56a7762', 'Secondary', 2, 11.15) ON CONFLICT DO NOTHING;
INSERT INTO packaging_variant (id, item_variant_id, name, packaging_level, volume_per_unit) VALUES ('60e014f7-b3f6-4480-b1cf-34cdfc0f6b05', '1d287b8a-fcb9-4f5e-a95c-e725c56a7762', 'Tertiary', 3, 147.6) ON CONFLICT DO NOTHING;
INSERT INTO item (id, name, code, ven_category, type, legacy_record, is_active, is_vaccine, vaccine_doses, default_pack_size) VALUES ('1172cc67-ecbd-43e4-a240-e35a63d2ac9d', 'Ebola vaccine (Ad26.ZEBOV-GP [recombinant]) - vial - 1 dose', 'EBO-4-1', 'NOT_ASSIGNED', 'STOCK', '', 'True', 'True', 1, 1) ON CONFLICT DO NOTHING;
INSERT INTO item_link (id, item_id) VALUES ('1172cc67-ecbd-43e4-a240-e35a63d2ac9d', '1172cc67-ecbd-43e4-a240-e35a63d2ac9d') ON CONFLICT DO NOTHING;
INSERT INTO changelog (record_id, table_name, row_action) VALUES ('1172cc67-ecbd-43e4-a240-e35a63d2ac9d', 'item', 'UPSERT');INSERT INTO master_list_line (id, master_list_id, item_link_id) VALUES (uuid_in(md5(random()::text || random()::text)::cstring), '43491ce9-bc89-4ee5-988d-9dbb2856e398', '1172cc67-ecbd-43e4-a240-e35a63d2ac9d') ON CONFLICT DO NOTHING;
INSERT INTO item_variant (id, name, item_link_id, cold_storage_type_id) VALUES ('56604616-56cd-4e08-9596-206368b2b9f3', 'Zabdeno (Janssen Vaccines, Branch of Cilag GmbH International)', '1172cc67-ecbd-43e4-a240-e35a63d2ac9d', (SELECT id FROM cold_storage_type WHERE name = '-70' or min_temperature = -70 and max_temperature = -70 LIMIT 1)) ON CONFLICT DO NOTHING;
INSERT INTO changelog (record_id, table_name, row_action) VALUES ('56604616-56cd-4e08-9596-206368b2b9f3', 'item_variant', 'UPSERT');INSERT INTO packaging_variant (id, item_variant_id, name, packaging_level, volume_per_unit) VALUES ('53fba5b1-6af2-43ae-a327-36343ad8a7a6', '56604616-56cd-4e08-9596-206368b2b9f3', 'Primary', 1, 24.51) ON CONFLICT DO NOTHING;
INSERT INTO packaging_variant (id, item_variant_id, name, packaging_level, volume_per_unit) VALUES ('a0b86cb0-a4e4-484b-9d1c-ab109e8b3e22', '56604616-56cd-4e08-9596-206368b2b9f3', 'Secondary', 2, 24.51) ON CONFLICT DO NOTHING;
INSERT INTO packaging_variant (id, item_variant_id, name, packaging_level, volume_per_unit) VALUES ('682b7360-2afc-4fff-a177-fa72fc9a2188', '56604616-56cd-4e08-9596-206368b2b9f3', 'Tertiary', 3, 25.49) ON CONFLICT DO NOTHING;
INSERT INTO item_variant (id, name, item_link_id, cold_storage_type_id) VALUES ('818bb231-9433-4f51-90b9-7694d5f898b2', 'Mvabea (Janssen Vaccines, Branch of Cilag GmbH International)', '1172cc67-ecbd-43e4-a240-e35a63d2ac9d', (SELECT id FROM cold_storage_type WHERE name = '-70' or min_temperature = -70 and max_temperature = -70 LIMIT 1)) ON CONFLICT DO NOTHING;
INSERT INTO changelog (record_id, table_name, row_action) VALUES ('818bb231-9433-4f51-90b9-7694d5f898b2', 'item_variant', 'UPSERT');INSERT INTO packaging_variant (id, item_variant_id, name, packaging_level, volume_per_unit) VALUES ('61b7e611-95c1-48ac-8e5f-b75a3508d3f6', '818bb231-9433-4f51-90b9-7694d5f898b2', 'Primary', 1, 24.51) ON CONFLICT DO NOTHING;
INSERT INTO packaging_variant (id, item_variant_id, name, packaging_level, volume_per_unit) VALUES ('8f423d8c-0f6b-44cb-9f98-aafd41deb1e7', '818bb231-9433-4f51-90b9-7694d5f898b2', 'Secondary', 2, 24.51) ON CONFLICT DO NOTHING;
INSERT INTO packaging_variant (id, item_variant_id, name, packaging_level, volume_per_unit) VALUES ('b8b3b966-6421-46df-a114-5f4dabdf93ab', '818bb231-9433-4f51-90b9-7694d5f898b2', 'Tertiary', 3, 25.49) ON CONFLICT DO NOTHING;
INSERT INTO item_variant (id, name, item_link_id, cold_storage_type_id) VALUES ('6838ab54-873e-4245-a55c-6c83009f1084', 'ERVEBO (Merck Vaccines)', '1172cc67-ecbd-43e4-a240-e35a63d2ac9d', (SELECT id FROM cold_storage_type WHERE name = '-70' or min_temperature = -70 and max_temperature = -70 LIMIT 1)) ON CONFLICT DO NOTHING;
INSERT INTO changelog (record_id, table_name, row_action) VALUES ('6838ab54-873e-4245-a55c-6c83009f1084', 'item_variant', 'UPSERT');INSERT INTO packaging_variant (id, item_variant_id, name, packaging_level, volume_per_unit) VALUES ('d557f49d-5ef4-41c5-885e-0ffc36c1416f', '6838ab54-873e-4245-a55c-6c83009f1084', 'Primary', 1, 16.42) ON CONFLICT DO NOTHING;
INSERT INTO packaging_variant (id, item_variant_id, name, packaging_level, volume_per_unit) VALUES ('342fe3e8-c372-4ed4-b801-3a1b28cc0f91', '6838ab54-873e-4245-a55c-6c83009f1084', 'Secondary', 2, 16.42) ON CONFLICT DO NOTHING;
INSERT INTO packaging_variant (id, item_variant_id, name, packaging_level, volume_per_unit) VALUES ('6702af23-b5d1-4089-9a03-45f6c29aaa35', '6838ab54-873e-4245-a55c-6c83009f1084', 'Tertiary', 3, 249.01) ON CONFLICT DO NOTHING;
INSERT INTO item (id, name, code, ven_category, type, legacy_record, is_active, is_vaccine, vaccine_doses, default_pack_size) VALUES ('fed21820-af19-44ae-bb42-9dd48497c308', 'Haemophilus influenzae type b - two vial set (active + excipient) - 10 doses', 'HAE-33-10', 'NOT_ASSIGNED', 'STOCK', '', 'True', 'True', 10, 1) ON CONFLICT DO NOTHING;
INSERT INTO item_link (id, item_id) VALUES ('fed21820-af19-44ae-bb42-9dd48497c308', 'fed21820-af19-44ae-bb42-9dd48497c308') ON CONFLICT DO NOTHING;
INSERT INTO changelog (record_id, table_name, row_action) VALUES ('fed21820-af19-44ae-bb42-9dd48497c308', 'item', 'UPSERT');INSERT INTO master_list_line (id, master_list_id, item_link_id) VALUES (uuid_in(md5(random()::text || random()::text)::cstring), '43491ce9-bc89-4ee5-988d-9dbb2856e398', 'fed21820-af19-44ae-bb42-9dd48497c308') ON CONFLICT DO NOTHING;
INSERT INTO item_variant (id, name, item_link_id, cold_storage_type_id) VALUES ('e9826cb0-3057-4234-aa35-fe6e51ec942a', 'Act-HIB (Sanofi Pasteur SA)', 'fed21820-af19-44ae-bb42-9dd48497c308', (SELECT id FROM cold_storage_type WHERE name = '+5' or min_temperature = 2 and max_temperature = 8 LIMIT 1)) ON CONFLICT DO NOTHING;
INSERT INTO changelog (record_id, table_name, row_action) VALUES ('e9826cb0-3057-4234-aa35-fe6e51ec942a', 'item_variant', 'UPSERT');INSERT INTO packaging_variant (id, item_variant_id, name, packaging_level, volume_per_unit) VALUES ('3369ca6c-41a9-4c08-b4af-60688f3de568', 'e9826cb0-3057-4234-aa35-fe6e51ec942a', 'Primary', 1, 0) ON CONFLICT DO NOTHING;
INSERT INTO packaging_variant (id, item_variant_id, name, packaging_level, volume_per_unit) VALUES ('127006e7-a32d-43f6-a054-ee59afc9783d', 'e9826cb0-3057-4234-aa35-fe6e51ec942a', 'Secondary', 2, 0) ON CONFLICT DO NOTHING;
INSERT INTO packaging_variant (id, item_variant_id, name, packaging_level, volume_per_unit) VALUES ('3271206a-2091-4ae7-a518-b1029119a990', 'e9826cb0-3057-4234-aa35-fe6e51ec942a', 'Tertiary', 3, 0) ON CONFLICT DO NOTHING;
INSERT INTO item (id, name, code, ven_category, type, legacy_record, is_active, is_vaccine, vaccine_doses, default_pack_size) VALUES ('fc8f007b-0cf4-4b92-818c-a5d93122f5a9', 'Haemophilus influenzae type b - vial - 1 dose', 'HAE-4-1', 'NOT_ASSIGNED', 'STOCK', '', 'True', 'True', 1, 1) ON CONFLICT DO NOTHING;
INSERT INTO item_link (id, item_id) VALUES ('fc8f007b-0cf4-4b92-818c-a5d93122f5a9', 'fc8f007b-0cf4-4b92-818c-a5d93122f5a9') ON CONFLICT DO NOTHING;
INSERT INTO changelog (record_id, table_name, row_action) VALUES ('fc8f007b-0cf4-4b92-818c-a5d93122f5a9', 'item', 'UPSERT');INSERT INTO master_list_line (id, master_list_id, item_link_id) VALUES (uuid_in(md5(random()::text || random()::text)::cstring), '43491ce9-bc89-4ee5-988d-9dbb2856e398', 'fc8f007b-0cf4-4b92-818c-a5d93122f5a9') ON CONFLICT DO NOTHING;
INSERT INTO item_variant (id, name, item_link_id, cold_storage_type_id) VALUES ('91e0173c-d2d1-40dc-9665-90f9348ef2c2', 'Vaxem HIB (Novartis Vaccines and Diagnostics S.r.l.)', 'fc8f007b-0cf4-4b92-818c-a5d93122f5a9', (SELECT id FROM cold_storage_type WHERE name = '+5' or min_temperature = 2 and max_temperature = 8 LIMIT 1)) ON CONFLICT DO NOTHING;
INSERT INTO changelog (record_id, table_name, row_action) VALUES ('91e0173c-d2d1-40dc-9665-90f9348ef2c2', 'item_variant', 'UPSERT');INSERT INTO packaging_variant (id, item_variant_id, name, packaging_level, volume_per_unit) VALUES ('630fcfca-d635-426e-9539-657a3565d426', '91e0173c-d2d1-40dc-9665-90f9348ef2c2', 'Primary', 1, 13.39) ON CONFLICT DO NOTHING;
INSERT INTO packaging_variant (id, item_variant_id, name, packaging_level, volume_per_unit) VALUES ('24e2f0c0-0893-497c-af74-c31e9a6b03a2', '91e0173c-d2d1-40dc-9665-90f9348ef2c2', 'Secondary', 2, 13.39) ON CONFLICT DO NOTHING;
INSERT INTO packaging_variant (id, item_variant_id, name, packaging_level, volume_per_unit) VALUES ('095b15cd-1c55-43c3-af1e-7434f906026a', '91e0173c-d2d1-40dc-9665-90f9348ef2c2', 'Tertiary', 3, 13.4) ON CONFLICT DO NOTHING;
INSERT INTO item_variant (id, name, item_link_id, cold_storage_type_id) VALUES ('f9957928-b77e-47af-a542-f311c1f2c9cf', 'Pedvax HIB (Merck Vaccines)', 'fc8f007b-0cf4-4b92-818c-a5d93122f5a9', (SELECT id FROM cold_storage_type WHERE name = '+5' or min_temperature = 2 and max_temperature = 8 LIMIT 1)) ON CONFLICT DO NOTHING;
INSERT INTO changelog (record_id, table_name, row_action) VALUES ('f9957928-b77e-47af-a542-f311c1f2c9cf', 'item_variant', 'UPSERT');INSERT INTO packaging_variant (id, item_variant_id, name, packaging_level, volume_per_unit) VALUES ('e6a08faf-85cd-4e6a-ae34-c7519e277f83', 'f9957928-b77e-47af-a542-f311c1f2c9cf', 'Primary', 1, 0) ON CONFLICT DO NOTHING;
INSERT INTO packaging_variant (id, item_variant_id, name, packaging_level, volume_per_unit) VALUES ('db2c4175-ebd0-45ee-a3bd-ff5373ef472d', 'f9957928-b77e-47af-a542-f311c1f2c9cf', 'Secondary', 2, 0) ON CONFLICT DO NOTHING;
INSERT INTO packaging_variant (id, item_variant_id, name, packaging_level, volume_per_unit) VALUES ('42004df5-3fb7-4f21-8d0a-0512ddcdde60', 'f9957928-b77e-47af-a542-f311c1f2c9cf', 'Tertiary', 3, 0) ON CONFLICT DO NOTHING;
INSERT INTO item_variant (id, name, item_link_id, cold_storage_type_id) VALUES ('ac53f7d0-4b32-46b9-be09-4ed338103cb5', 'Quimi-Hib (Centro de Ingenieria Genetica y Biotecnologia)', 'fc8f007b-0cf4-4b92-818c-a5d93122f5a9', (SELECT id FROM cold_storage_type WHERE name = '+5' or min_temperature = 2 and max_temperature = 8 LIMIT 1)) ON CONFLICT DO NOTHING;
INSERT INTO changelog (record_id, table_name, row_action) VALUES ('ac53f7d0-4b32-46b9-be09-4ed338103cb5', 'item_variant', 'UPSERT');INSERT INTO packaging_variant (id, item_variant_id, name, packaging_level, volume_per_unit) VALUES ('e526dab5-0b4a-48e7-8e50-b811ac0eef58', 'ac53f7d0-4b32-46b9-be09-4ed338103cb5', 'Primary', 1, 12.4) ON CONFLICT DO NOTHING;
INSERT INTO packaging_variant (id, item_variant_id, name, packaging_level, volume_per_unit) VALUES ('fa8597fa-f923-4076-886c-457c6128fab4', 'ac53f7d0-4b32-46b9-be09-4ed338103cb5', 'Secondary', 2, 12.4) ON CONFLICT DO NOTHING;
INSERT INTO packaging_variant (id, item_variant_id, name, packaging_level, volume_per_unit) VALUES ('b77886e2-816a-47ce-97f0-43d2a61e37c8', 'ac53f7d0-4b32-46b9-be09-4ed338103cb5', 'Tertiary', 3, 122.4) ON CONFLICT DO NOTHING;
INSERT INTO item_variant (id, name, item_link_id, cold_storage_type_id) VALUES ('82220d99-bacc-49a1-ba44-a19ec8c56ad4', 'Act-HIB (Sanofi Pasteur SA)', 'fc8f007b-0cf4-4b92-818c-a5d93122f5a9', (SELECT id FROM cold_storage_type WHERE name = '+5' or min_temperature = 2 and max_temperature = 8 LIMIT 1)) ON CONFLICT DO NOTHING;
INSERT INTO changelog (record_id, table_name, row_action) VALUES ('82220d99-bacc-49a1-ba44-a19ec8c56ad4', 'item_variant', 'UPSERT');INSERT INTO packaging_variant (id, item_variant_id, name, packaging_level, volume_per_unit) VALUES ('5e7f740b-dff8-49e8-b453-d6e6e4bfc58f', '82220d99-bacc-49a1-ba44-a19ec8c56ad4', 'Primary', 1, 12.66) ON CONFLICT DO NOTHING;
INSERT INTO packaging_variant (id, item_variant_id, name, packaging_level, volume_per_unit) VALUES ('5df774fc-62d8-449e-9403-049843e988f4', '82220d99-bacc-49a1-ba44-a19ec8c56ad4', 'Secondary', 2, 12.66) ON CONFLICT DO NOTHING;
INSERT INTO packaging_variant (id, item_variant_id, name, packaging_level, volume_per_unit) VALUES ('066ec5d3-707d-468d-a6f2-d3ab23cc80c2', '82220d99-bacc-49a1-ba44-a19ec8c56ad4', 'Tertiary', 3, 12.66) ON CONFLICT DO NOTHING;
INSERT INTO item_variant (id, name, item_link_id, cold_storage_type_id) VALUES ('afeb3761-4e40-4fdc-be05-c0213d34564f', 'Hemophilus influenzae type b Conjugated Vaccine (Serum Institute of India Pvt. Ltd.)', 'fc8f007b-0cf4-4b92-818c-a5d93122f5a9', (SELECT id FROM cold_storage_type WHERE name = '+5' or min_temperature = 2 and max_temperature = 8 LIMIT 1)) ON CONFLICT DO NOTHING;
INSERT INTO changelog (record_id, table_name, row_action) VALUES ('afeb3761-4e40-4fdc-be05-c0213d34564f', 'item_variant', 'UPSERT');INSERT INTO packaging_variant (id, item_variant_id, name, packaging_level, volume_per_unit) VALUES ('0c29c0c9-5158-4be1-8cab-0dd2027c08c6', 'afeb3761-4e40-4fdc-be05-c0213d34564f', 'Primary', 1, 21.09) ON CONFLICT DO NOTHING;
INSERT INTO packaging_variant (id, item_variant_id, name, packaging_level, volume_per_unit) VALUES ('ceffc095-3f01-4463-8cad-3d3426456985', 'afeb3761-4e40-4fdc-be05-c0213d34564f', 'Secondary', 2, 21.09) ON CONFLICT DO NOTHING;
INSERT INTO packaging_variant (id, item_variant_id, name, packaging_level, volume_per_unit) VALUES ('dcbe126e-4cb4-4bcb-97d0-8d371ed2d094', 'afeb3761-4e40-4fdc-be05-c0213d34564f', 'Tertiary', 3, 98.4) ON CONFLICT DO NOTHING;
INSERT INTO item (id, name, code, ven_category, type, legacy_record, is_active, is_vaccine, vaccine_doses, default_pack_size) VALUES ('05bda01b-1125-4586-ace5-d31499141be7', 'Haemophilus influenzae type b - vial - 1 dose Diluent', 'HAE-4-1_DIL', 'NOT_ASSIGNED', 'STOCK', '', 'True', 'False', 0, 1) ON CONFLICT DO NOTHING;
INSERT INTO item_link (id, item_id) VALUES ('05bda01b-1125-4586-ace5-d31499141be7', '05bda01b-1125-4586-ace5-d31499141be7') ON CONFLICT DO NOTHING;
INSERT INTO changelog (record_id, table_name, row_action) VALUES ('05bda01b-1125-4586-ace5-d31499141be7', 'item', 'UPSERT');INSERT INTO item_variant (id, name, item_link_id, cold_storage_type_id) VALUES ('ec984804-2817-4177-b3cb-6096caa139a1', 'Hemophilus influenzae type b Conjugated Vaccine (Serum Institute of India Pvt. Ltd.)', '05bda01b-1125-4586-ace5-d31499141be7', (SELECT id FROM cold_storage_type WHERE name = '+5' or min_temperature = 2 and max_temperature = 8 LIMIT 1)) ON CONFLICT DO NOTHING;
INSERT INTO changelog (record_id, table_name, row_action) VALUES ('ec984804-2817-4177-b3cb-6096caa139a1', 'item_variant', 'UPSERT');INSERT INTO packaging_variant (id, item_variant_id, name, packaging_level, volume_per_unit) VALUES ('b63e87b2-ca2f-48ae-b4fe-fa202fe58c22', 'ec984804-2817-4177-b3cb-6096caa139a1', 'Primary', 1, 12.5) ON CONFLICT DO NOTHING;
INSERT INTO packaging_variant (id, item_variant_id, name, packaging_level, volume_per_unit) VALUES ('a47ea7bc-4ee9-4349-9541-214bbfc9cc7f', 'ec984804-2817-4177-b3cb-6096caa139a1', 'Secondary', 2, 12.5) ON CONFLICT DO NOTHING;
INSERT INTO packaging_variant (id, item_variant_id, name, packaging_level, volume_per_unit) VALUES ('0638afe2-5590-477a-9be5-d4914941dad2', 'ec984804-2817-4177-b3cb-6096caa139a1', 'Tertiary', 3, 98.4) ON CONFLICT DO NOTHING;
INSERT INTO bundled_item (id, principal_item_variant_id, bundled_item_variant_id, ratio) VALUES ('0c4fab33-86d4-4126-852d-30d8d033a5f0', 'afeb3761-4e40-4fdc-be05-c0213d34564f', 'ec984804-2817-4177-b3cb-6096caa139a1', 1) ON CONFLICT DO NOTHING;
INSERT INTO changelog (record_id, table_name, row_action) VALUES ('0c4fab33-86d4-4126-852d-30d8d033a5f0', 'bundled_item', 'UPSERT');INSERT INTO item (id, name, code, ven_category, type, legacy_record, is_active, is_vaccine, vaccine_doses, default_pack_size) VALUES ('57b8a4e2-0208-49eb-a6ec-d2475a23cbcd', 'Hepatitis A (inactivated) - vial - 1 dose', 'HEP-4-1', 'NOT_ASSIGNED', 'STOCK', '', 'True', 'True', 1, 1) ON CONFLICT DO NOTHING;
INSERT INTO item_link (id, item_id) VALUES ('57b8a4e2-0208-49eb-a6ec-d2475a23cbcd', '57b8a4e2-0208-49eb-a6ec-d2475a23cbcd') ON CONFLICT DO NOTHING;
INSERT INTO changelog (record_id, table_name, row_action) VALUES ('57b8a4e2-0208-49eb-a6ec-d2475a23cbcd', 'item', 'UPSERT');INSERT INTO master_list_line (id, master_list_id, item_link_id) VALUES (uuid_in(md5(random()::text || random()::text)::cstring), '43491ce9-bc89-4ee5-988d-9dbb2856e398', '57b8a4e2-0208-49eb-a6ec-d2475a23cbcd') ON CONFLICT DO NOTHING;
INSERT INTO item_variant (id, name, item_link_id, cold_storage_type_id) VALUES ('347b9ae8-5b15-4160-872f-fbd4fc3e9d96', 'Havrix 1440 Adult (GlaxoSmithKline Biologicals SA)', '57b8a4e2-0208-49eb-a6ec-d2475a23cbcd', (SELECT id FROM cold_storage_type WHERE name = '+5' or min_temperature = 2 and max_temperature = 8 LIMIT 1)) ON CONFLICT DO NOTHING;
INSERT INTO changelog (record_id, table_name, row_action) VALUES ('347b9ae8-5b15-4160-872f-fbd4fc3e9d96', 'item_variant', 'UPSERT');INSERT INTO packaging_variant (id, item_variant_id, name, packaging_level, volume_per_unit) VALUES ('6e243247-2b64-432f-abe0-a3b831d9371a', '347b9ae8-5b15-4160-872f-fbd4fc3e9d96', 'Primary', 1, 11.5) ON CONFLICT DO NOTHING;
INSERT INTO packaging_variant (id, item_variant_id, name, packaging_level, volume_per_unit) VALUES ('11c8841b-dc78-4b3c-bfad-797cb56452c0', '347b9ae8-5b15-4160-872f-fbd4fc3e9d96', 'Secondary', 2, 11.5) ON CONFLICT DO NOTHING;
INSERT INTO packaging_variant (id, item_variant_id, name, packaging_level, volume_per_unit) VALUES ('f6931bfe-568b-479c-8cad-efc9d9ab8de7', '347b9ae8-5b15-4160-872f-fbd4fc3e9d96', 'Tertiary', 3, 15.23) ON CONFLICT DO NOTHING;
INSERT INTO item_variant (id, name, item_link_id, cold_storage_type_id) VALUES ('48e01c57-59b6-429d-b18b-8dda5865c2a4', 'Havrix 720 Junior (GlaxoSmithKline Biologicals SA)', '57b8a4e2-0208-49eb-a6ec-d2475a23cbcd', (SELECT id FROM cold_storage_type WHERE name = '+5' or min_temperature = 2 and max_temperature = 8 LIMIT 1)) ON CONFLICT DO NOTHING;
INSERT INTO changelog (record_id, table_name, row_action) VALUES ('48e01c57-59b6-429d-b18b-8dda5865c2a4', 'item_variant', 'UPSERT');INSERT INTO packaging_variant (id, item_variant_id, name, packaging_level, volume_per_unit) VALUES ('9368c83b-18b8-42c1-acf0-4b3143a9ff13', '48e01c57-59b6-429d-b18b-8dda5865c2a4', 'Primary', 1, 11.5) ON CONFLICT DO NOTHING;
INSERT INTO packaging_variant (id, item_variant_id, name, packaging_level, volume_per_unit) VALUES ('8d50aef1-88b4-4165-9202-85d205cd6ad7', '48e01c57-59b6-429d-b18b-8dda5865c2a4', 'Secondary', 2, 11.5) ON CONFLICT DO NOTHING;
INSERT INTO packaging_variant (id, item_variant_id, name, packaging_level, volume_per_unit) VALUES ('61240646-fc41-4f6f-a98f-1eafd8346617', '48e01c57-59b6-429d-b18b-8dda5865c2a4', 'Tertiary', 3, 15.23) ON CONFLICT DO NOTHING;
INSERT INTO item (id, name, code, ven_category, type, legacy_record, is_active, is_vaccine, vaccine_doses, default_pack_size) VALUES ('bec2c7ce-46c2-444e-a6be-e37482b6e32a', 'Hepatitis B - ampoule or vial - 1 dose', 'HEP-15-1', 'NOT_ASSIGNED', 'STOCK', '', 'True', 'True', 1, 1) ON CONFLICT DO NOTHING;
INSERT INTO item_link (id, item_id) VALUES ('bec2c7ce-46c2-444e-a6be-e37482b6e32a', 'bec2c7ce-46c2-444e-a6be-e37482b6e32a') ON CONFLICT DO NOTHING;
INSERT INTO changelog (record_id, table_name, row_action) VALUES ('bec2c7ce-46c2-444e-a6be-e37482b6e32a', 'item', 'UPSERT');INSERT INTO master_list_line (id, master_list_id, item_link_id) VALUES (uuid_in(md5(random()::text || random()::text)::cstring), '43491ce9-bc89-4ee5-988d-9dbb2856e398', 'bec2c7ce-46c2-444e-a6be-e37482b6e32a') ON CONFLICT DO NOTHING;
INSERT INTO item_variant (id, name, item_link_id, cold_storage_type_id) VALUES ('4bbca8bd-58db-489f-b9fb-027f90a6a733', 'Hepatitis B Vaccine (rDNA) (Adult) (Serum Institute of India Pvt. Ltd.)', 'bec2c7ce-46c2-444e-a6be-e37482b6e32a', (SELECT id FROM cold_storage_type WHERE name = '+5' or min_temperature = 2 and max_temperature = 8 LIMIT 1)) ON CONFLICT DO NOTHING;
INSERT INTO changelog (record_id, table_name, row_action) VALUES ('4bbca8bd-58db-489f-b9fb-027f90a6a733', 'item_variant', 'UPSERT');INSERT INTO packaging_variant (id, item_variant_id, name, packaging_level, volume_per_unit) VALUES ('f252715e-715f-414c-9f00-0f465dd5e560', '4bbca8bd-58db-489f-b9fb-027f90a6a733', 'Primary', 1, 14.1) ON CONFLICT DO NOTHING;
INSERT INTO packaging_variant (id, item_variant_id, name, packaging_level, volume_per_unit) VALUES ('74a92e93-6825-436a-b13f-0811c972c51c', '4bbca8bd-58db-489f-b9fb-027f90a6a733', 'Secondary', 2, 14.1) ON CONFLICT DO NOTHING;
INSERT INTO packaging_variant (id, item_variant_id, name, packaging_level, volume_per_unit) VALUES ('7e3e7f87-fa22-410a-acb7-27bdacec2f7b', '4bbca8bd-58db-489f-b9fb-027f90a6a733', 'Tertiary', 3, 65.6) ON CONFLICT DO NOTHING;
INSERT INTO item_variant (id, name, item_link_id, cold_storage_type_id) VALUES ('51b6f4d7-9c65-494f-9694-c8a4106dbdb8', 'Hepatitis B Vaccine (rDNA) (Paedriatic) (Serum Institute of India Pvt. Ltd.)', 'bec2c7ce-46c2-444e-a6be-e37482b6e32a', (SELECT id FROM cold_storage_type WHERE name = '+5' or min_temperature = 2 and max_temperature = 8 LIMIT 1)) ON CONFLICT DO NOTHING;
INSERT INTO changelog (record_id, table_name, row_action) VALUES ('51b6f4d7-9c65-494f-9694-c8a4106dbdb8', 'item_variant', 'UPSERT');INSERT INTO packaging_variant (id, item_variant_id, name, packaging_level, volume_per_unit) VALUES ('463b93f9-30ab-4ba5-8547-fe877d6ef447', '51b6f4d7-9c65-494f-9694-c8a4106dbdb8', 'Primary', 1, 14.1) ON CONFLICT DO NOTHING;
INSERT INTO packaging_variant (id, item_variant_id, name, packaging_level, volume_per_unit) VALUES ('b0d307c2-c16c-46dd-bf90-7a3cd1856501', '51b6f4d7-9c65-494f-9694-c8a4106dbdb8', 'Secondary', 2, 14.1) ON CONFLICT DO NOTHING;
INSERT INTO packaging_variant (id, item_variant_id, name, packaging_level, volume_per_unit) VALUES ('1f803d3e-e363-4e55-800b-a83715ec1ac0', '51b6f4d7-9c65-494f-9694-c8a4106dbdb8', 'Tertiary', 3, 65.6) ON CONFLICT DO NOTHING;
INSERT INTO item (id, name, code, ven_category, type, legacy_record, is_active, is_vaccine, vaccine_doses, default_pack_size) VALUES ('dee43db4-abe6-4853-88c4-90d2d43eb2fc', 'Hepatitis B - uniject - 1 dose', 'HEP-7-1', 'NOT_ASSIGNED', 'STOCK', '', 'True', 'True', 1, 1) ON CONFLICT DO NOTHING;
INSERT INTO item_link (id, item_id) VALUES ('dee43db4-abe6-4853-88c4-90d2d43eb2fc', 'dee43db4-abe6-4853-88c4-90d2d43eb2fc') ON CONFLICT DO NOTHING;
INSERT INTO changelog (record_id, table_name, row_action) VALUES ('dee43db4-abe6-4853-88c4-90d2d43eb2fc', 'item', 'UPSERT');INSERT INTO master_list_line (id, master_list_id, item_link_id) VALUES (uuid_in(md5(random()::text || random()::text)::cstring), '43491ce9-bc89-4ee5-988d-9dbb2856e398', 'dee43db4-abe6-4853-88c4-90d2d43eb2fc') ON CONFLICT DO NOTHING;
INSERT INTO item_variant (id, name, item_link_id, cold_storage_type_id) VALUES ('c0a3f128-7d64-46ff-a33c-ce723e87de55', 'Hepatitis B  Vaccine Recombinant (PT Bio Farma (Persero))', 'dee43db4-abe6-4853-88c4-90d2d43eb2fc', (SELECT id FROM cold_storage_type WHERE name = '+5' or min_temperature = 2 and max_temperature = 8 LIMIT 1)) ON CONFLICT DO NOTHING;
INSERT INTO changelog (record_id, table_name, row_action) VALUES ('c0a3f128-7d64-46ff-a33c-ce723e87de55', 'item_variant', 'UPSERT');INSERT INTO packaging_variant (id, item_variant_id, name, packaging_level, volume_per_unit) VALUES ('4c4dafbd-69f1-4969-84da-9b755e761c82', 'c0a3f128-7d64-46ff-a33c-ce723e87de55', 'Primary', 1, 12) ON CONFLICT DO NOTHING;
INSERT INTO packaging_variant (id, item_variant_id, name, packaging_level, volume_per_unit) VALUES ('75358ab4-e980-41e3-a225-e66715aa75a1', 'c0a3f128-7d64-46ff-a33c-ce723e87de55', 'Secondary', 2, 12) ON CONFLICT DO NOTHING;
INSERT INTO packaging_variant (id, item_variant_id, name, packaging_level, volume_per_unit) VALUES ('c34cbe6d-e154-417d-aabb-83b3256749ad', 'c0a3f128-7d64-46ff-a33c-ce723e87de55', 'Tertiary', 3, 12) ON CONFLICT DO NOTHING;
INSERT INTO item_variant (id, name, item_link_id, cold_storage_type_id) VALUES ('e75753d8-c82a-42cb-98af-97b9bdea28b5', 'Heberbiovac HB (Centro de Ingenieria Genetica y Biotecnologia)', '57b8a4e2-0208-49eb-a6ec-d2475a23cbcd', (SELECT id FROM cold_storage_type WHERE name = '+5' or min_temperature = 2 and max_temperature = 8 LIMIT 1)) ON CONFLICT DO NOTHING;
INSERT INTO changelog (record_id, table_name, row_action) VALUES ('e75753d8-c82a-42cb-98af-97b9bdea28b5', 'item_variant', 'UPSERT');INSERT INTO packaging_variant (id, item_variant_id, name, packaging_level, volume_per_unit) VALUES ('46f62c68-549c-4874-bfe2-4b8ea7f91ebf', 'e75753d8-c82a-42cb-98af-97b9bdea28b5', 'Primary', 1, 2.76) ON CONFLICT DO NOTHING;
INSERT INTO packaging_variant (id, item_variant_id, name, packaging_level, volume_per_unit) VALUES ('b9b6d7d8-3e9f-4864-a766-d8559e523677', 'e75753d8-c82a-42cb-98af-97b9bdea28b5', 'Secondary', 2, 2.76) ON CONFLICT DO NOTHING;
INSERT INTO packaging_variant (id, item_variant_id, name, packaging_level, volume_per_unit) VALUES ('a6df2a59-37ae-449b-ab4b-4ebbec5bef23', 'e75753d8-c82a-42cb-98af-97b9bdea28b5', 'Tertiary', 3, 2.76) ON CONFLICT DO NOTHING;
INSERT INTO item_variant (id, name, item_link_id, cold_storage_type_id) VALUES ('1a59f3cc-66a0-493c-99cc-e4d988760272', 'Engerix (GlaxoSmithKline Biologicals SA)', '57b8a4e2-0208-49eb-a6ec-d2475a23cbcd', (SELECT id FROM cold_storage_type WHERE name = '+5' or min_temperature = 2 and max_temperature = 8 LIMIT 1)) ON CONFLICT DO NOTHING;
INSERT INTO changelog (record_id, table_name, row_action) VALUES ('1a59f3cc-66a0-493c-99cc-e4d988760272', 'item_variant', 'UPSERT');INSERT INTO packaging_variant (id, item_variant_id, name, packaging_level, volume_per_unit) VALUES ('cb059bfd-2a2b-4fce-85e8-95e10318645f', '1a59f3cc-66a0-493c-99cc-e4d988760272', 'Primary', 1, 0) ON CONFLICT DO NOTHING;
INSERT INTO packaging_variant (id, item_variant_id, name, packaging_level, volume_per_unit) VALUES ('734b37e7-597b-4dcc-9a45-6032068b910e', '1a59f3cc-66a0-493c-99cc-e4d988760272', 'Secondary', 2, 0) ON CONFLICT DO NOTHING;
INSERT INTO packaging_variant (id, item_variant_id, name, packaging_level, volume_per_unit) VALUES ('bd43fa92-ec41-4d1e-9331-4e34deaa8150', '1a59f3cc-66a0-493c-99cc-e4d988760272', 'Tertiary', 3, 0) ON CONFLICT DO NOTHING;
INSERT INTO item_variant (id, name, item_link_id, cold_storage_type_id) VALUES ('5e30ebf5-cca9-4ebe-98a3-969ac458c426', 'Euvax B (LG Chem Ltd)', '57b8a4e2-0208-49eb-a6ec-d2475a23cbcd', (SELECT id FROM cold_storage_type WHERE name = '+5' or min_temperature = 2 and max_temperature = 8 LIMIT 1)) ON CONFLICT DO NOTHING;
INSERT INTO changelog (record_id, table_name, row_action) VALUES ('5e30ebf5-cca9-4ebe-98a3-969ac458c426', 'item_variant', 'UPSERT');INSERT INTO packaging_variant (id, item_variant_id, name, packaging_level, volume_per_unit) VALUES ('34bc1bc1-4b7a-4afc-9902-c029b6bdeb9c', '5e30ebf5-cca9-4ebe-98a3-969ac458c426', 'Primary', 1, 14.53) ON CONFLICT DO NOTHING;
INSERT INTO packaging_variant (id, item_variant_id, name, packaging_level, volume_per_unit) VALUES ('dceb03d7-3294-437d-9406-7b4471563ddf', '5e30ebf5-cca9-4ebe-98a3-969ac458c426', 'Secondary', 2, 14.53) ON CONFLICT DO NOTHING;
INSERT INTO packaging_variant (id, item_variant_id, name, packaging_level, volume_per_unit) VALUES ('52aa8df0-5e7b-404e-abaa-d1dedf1c43e4', '5e30ebf5-cca9-4ebe-98a3-969ac458c426', 'Tertiary', 3, 68.52) ON CONFLICT DO NOTHING;
INSERT INTO item_variant (id, name, item_link_id, cold_storage_type_id) VALUES ('20d1e1b5-abd5-4699-9424-ea927c1b5aa7', 'Shanvac-B (Shantha Biotechnics Private Limited (A Sanofi Company))', '57b8a4e2-0208-49eb-a6ec-d2475a23cbcd', (SELECT id FROM cold_storage_type WHERE name = '+5' or min_temperature = 2 and max_temperature = 8 LIMIT 1)) ON CONFLICT DO NOTHING;
INSERT INTO changelog (record_id, table_name, row_action) VALUES ('20d1e1b5-abd5-4699-9424-ea927c1b5aa7', 'item_variant', 'UPSERT');INSERT INTO packaging_variant (id, item_variant_id, name, packaging_level, volume_per_unit) VALUES ('58723e1a-3537-4411-a1c5-eba8218aa367', '20d1e1b5-abd5-4699-9424-ea927c1b5aa7', 'Primary', 1, 16.8) ON CONFLICT DO NOTHING;
INSERT INTO packaging_variant (id, item_variant_id, name, packaging_level, volume_per_unit) VALUES ('7a3d652d-0bf1-4fbe-85a2-94882e88ecd1', '20d1e1b5-abd5-4699-9424-ea927c1b5aa7', 'Secondary', 2, 16.8) ON CONFLICT DO NOTHING;
INSERT INTO packaging_variant (id, item_variant_id, name, packaging_level, volume_per_unit) VALUES ('1305bc82-7039-493a-b8c0-dd05e9a56ce4', '20d1e1b5-abd5-4699-9424-ea927c1b5aa7', 'Tertiary', 3, 68.22) ON CONFLICT DO NOTHING;
INSERT INTO item (id, name, code, ven_category, type, legacy_record, is_active, is_vaccine, vaccine_doses, default_pack_size) VALUES ('b24feadc-fb57-44d2-837d-f297730f3c99', 'Hepatitis B - vial - 10 doses', 'HEP-4-10', 'NOT_ASSIGNED', 'STOCK', '', 'True', 'True', 10, 1) ON CONFLICT DO NOTHING;
INSERT INTO item_link (id, item_id) VALUES ('b24feadc-fb57-44d2-837d-f297730f3c99', 'b24feadc-fb57-44d2-837d-f297730f3c99') ON CONFLICT DO NOTHING;
INSERT INTO changelog (record_id, table_name, row_action) VALUES ('b24feadc-fb57-44d2-837d-f297730f3c99', 'item', 'UPSERT');INSERT INTO master_list_line (id, master_list_id, item_link_id) VALUES (uuid_in(md5(random()::text || random()::text)::cstring), '43491ce9-bc89-4ee5-988d-9dbb2856e398', 'b24feadc-fb57-44d2-837d-f297730f3c99') ON CONFLICT DO NOTHING;
INSERT INTO item_variant (id, name, item_link_id, cold_storage_type_id) VALUES ('7a64ece1-2df5-4901-8e14-118510c1910e', 'Hepavax-Gene (Janssen Vaccines Corp.)', 'b24feadc-fb57-44d2-837d-f297730f3c99', (SELECT id FROM cold_storage_type WHERE name = '+5' or min_temperature = 2 and max_temperature = 8 LIMIT 1)) ON CONFLICT DO NOTHING;
INSERT INTO changelog (record_id, table_name, row_action) VALUES ('7a64ece1-2df5-4901-8e14-118510c1910e', 'item_variant', 'UPSERT');INSERT INTO packaging_variant (id, item_variant_id, name, packaging_level, volume_per_unit) VALUES ('087a0001-6f0b-4ee3-815b-7262ce107342', '7a64ece1-2df5-4901-8e14-118510c1910e', 'Primary', 1, 3.7) ON CONFLICT DO NOTHING;
INSERT INTO packaging_variant (id, item_variant_id, name, packaging_level, volume_per_unit) VALUES ('4bdfa6cd-b6ca-4783-a8d6-13daffd17a40', '7a64ece1-2df5-4901-8e14-118510c1910e', 'Secondary', 2, 3.7) ON CONFLICT DO NOTHING;
INSERT INTO packaging_variant (id, item_variant_id, name, packaging_level, volume_per_unit) VALUES ('286338f1-c069-4915-ba08-bdf0969e6e2b', '7a64ece1-2df5-4901-8e14-118510c1910e', 'Tertiary', 3, 12.89) ON CONFLICT DO NOTHING;
INSERT INTO item_variant (id, name, item_link_id, cold_storage_type_id) VALUES ('3c09fbf6-2526-4afa-9ce1-4ee217eb7570', 'Heberbiovac HB (Centro de Ingenieria Genetica y Biotecnologia)', 'b24feadc-fb57-44d2-837d-f297730f3c99', (SELECT id FROM cold_storage_type WHERE name = '+5' or min_temperature = 2 and max_temperature = 8 LIMIT 1)) ON CONFLICT DO NOTHING;
INSERT INTO changelog (record_id, table_name, row_action) VALUES ('3c09fbf6-2526-4afa-9ce1-4ee217eb7570', 'item_variant', 'UPSERT');INSERT INTO packaging_variant (id, item_variant_id, name, packaging_level, volume_per_unit) VALUES ('26b550df-512a-4945-9942-ffbf137b03b6', '3c09fbf6-2526-4afa-9ce1-4ee217eb7570', 'Primary', 1, 2.76) ON CONFLICT DO NOTHING;
INSERT INTO packaging_variant (id, item_variant_id, name, packaging_level, volume_per_unit) VALUES ('8f595816-c239-40fa-b797-392c8426608b', '3c09fbf6-2526-4afa-9ce1-4ee217eb7570', 'Secondary', 2, 2.76) ON CONFLICT DO NOTHING;
INSERT INTO packaging_variant (id, item_variant_id, name, packaging_level, volume_per_unit) VALUES ('d42d215d-64d2-465e-9bdc-4e1a04c4d1f9', '3c09fbf6-2526-4afa-9ce1-4ee217eb7570', 'Tertiary', 3, 2.76) ON CONFLICT DO NOTHING;
INSERT INTO item_variant (id, name, item_link_id, cold_storage_type_id) VALUES ('d6a5ada8-3d1b-45f6-a3fd-89d332cc62f6', 'Engerix (GlaxoSmithKline Biologicals SA)', 'b24feadc-fb57-44d2-837d-f297730f3c99', (SELECT id FROM cold_storage_type WHERE name = '+5' or min_temperature = 2 and max_temperature = 8 LIMIT 1)) ON CONFLICT DO NOTHING;
INSERT INTO changelog (record_id, table_name, row_action) VALUES ('d6a5ada8-3d1b-45f6-a3fd-89d332cc62f6', 'item_variant', 'UPSERT');INSERT INTO packaging_variant (id, item_variant_id, name, packaging_level, volume_per_unit) VALUES ('8fc8feb7-2aa2-40b4-8a92-04eccfb28c4a', 'd6a5ada8-3d1b-45f6-a3fd-89d332cc62f6', 'Primary', 1, 0) ON CONFLICT DO NOTHING;
INSERT INTO packaging_variant (id, item_variant_id, name, packaging_level, volume_per_unit) VALUES ('4591ad20-3f44-4538-8a4d-a1c03e0cb567', 'd6a5ada8-3d1b-45f6-a3fd-89d332cc62f6', 'Secondary', 2, 0) ON CONFLICT DO NOTHING;
INSERT INTO packaging_variant (id, item_variant_id, name, packaging_level, volume_per_unit) VALUES ('2fba1749-1d18-4c7e-a148-448d25049052', 'd6a5ada8-3d1b-45f6-a3fd-89d332cc62f6', 'Tertiary', 3, 0) ON CONFLICT DO NOTHING;
INSERT INTO item_variant (id, name, item_link_id, cold_storage_type_id) VALUES ('e673ffab-cc06-457b-aae8-bc02f697f6c5', 'Euvax B (LG Chem Ltd)', 'b24feadc-fb57-44d2-837d-f297730f3c99', (SELECT id FROM cold_storage_type WHERE name = '+5' or min_temperature = 2 and max_temperature = 8 LIMIT 1)) ON CONFLICT DO NOTHING;
INSERT INTO changelog (record_id, table_name, row_action) VALUES ('e673ffab-cc06-457b-aae8-bc02f697f6c5', 'item_variant', 'UPSERT');INSERT INTO packaging_variant (id, item_variant_id, name, packaging_level, volume_per_unit) VALUES ('b7f58479-fb61-4fed-aadb-78042ce45872', 'e673ffab-cc06-457b-aae8-bc02f697f6c5', 'Primary', 1, 4.88) ON CONFLICT DO NOTHING;
INSERT INTO packaging_variant (id, item_variant_id, name, packaging_level, volume_per_unit) VALUES ('e34fa6fc-13ca-48a3-b21f-8821e0d39949', 'e673ffab-cc06-457b-aae8-bc02f697f6c5', 'Secondary', 2, 4.88) ON CONFLICT DO NOTHING;
INSERT INTO packaging_variant (id, item_variant_id, name, packaging_level, volume_per_unit) VALUES ('a0506b9a-9d74-40c5-9fd3-1456bea69558', 'e673ffab-cc06-457b-aae8-bc02f697f6c5', 'Tertiary', 3, 12.56) ON CONFLICT DO NOTHING;
INSERT INTO item_variant (id, name, item_link_id, cold_storage_type_id) VALUES ('85123972-0261-40df-aaba-c438757596f2', 'Hepatitis B Vaccine (rDNA) (Adult) (Serum Institute of India Pvt. Ltd.)', 'b24feadc-fb57-44d2-837d-f297730f3c99', (SELECT id FROM cold_storage_type WHERE name = '+5' or min_temperature = 2 and max_temperature = 8 LIMIT 1)) ON CONFLICT DO NOTHING;
INSERT INTO changelog (record_id, table_name, row_action) VALUES ('85123972-0261-40df-aaba-c438757596f2', 'item_variant', 'UPSERT');INSERT INTO packaging_variant (id, item_variant_id, name, packaging_level, volume_per_unit) VALUES ('d7e32d5d-2a64-49a5-a56f-ed0c296f49ba', '85123972-0261-40df-aaba-c438757596f2', 'Primary', 1, 2.12) ON CONFLICT DO NOTHING;
INSERT INTO packaging_variant (id, item_variant_id, name, packaging_level, volume_per_unit) VALUES ('836a50ad-fe27-4785-8c63-e05aeed42f3c', '85123972-0261-40df-aaba-c438757596f2', 'Secondary', 2, 2.12) ON CONFLICT DO NOTHING;
INSERT INTO packaging_variant (id, item_variant_id, name, packaging_level, volume_per_unit) VALUES ('fcaa0754-e916-402c-aef6-0518f576133e', '85123972-0261-40df-aaba-c438757596f2', 'Tertiary', 3, 9.84) ON CONFLICT DO NOTHING;
INSERT INTO item_variant (id, name, item_link_id, cold_storage_type_id) VALUES ('d8057f71-95c8-4fb7-9cd2-c13cfc06b3b6', 'Hepatitis B Vaccine (rDNA) (Paediatric) (Serum Institute of India Pvt. Ltd.)', 'b24feadc-fb57-44d2-837d-f297730f3c99', (SELECT id FROM cold_storage_type WHERE name = '+5' or min_temperature = 2 and max_temperature = 8 LIMIT 1)) ON CONFLICT DO NOTHING;
INSERT INTO changelog (record_id, table_name, row_action) VALUES ('d8057f71-95c8-4fb7-9cd2-c13cfc06b3b6', 'item_variant', 'UPSERT');INSERT INTO packaging_variant (id, item_variant_id, name, packaging_level, volume_per_unit) VALUES ('0c468611-6a37-4d74-95bd-438ae28b49fd', 'd8057f71-95c8-4fb7-9cd2-c13cfc06b3b6', 'Primary', 1, 2.11) ON CONFLICT DO NOTHING;
INSERT INTO packaging_variant (id, item_variant_id, name, packaging_level, volume_per_unit) VALUES ('03fe4598-ecee-46f9-bc32-24ad0aa2d173', 'd8057f71-95c8-4fb7-9cd2-c13cfc06b3b6', 'Secondary', 2, 2.11) ON CONFLICT DO NOTHING;
INSERT INTO packaging_variant (id, item_variant_id, name, packaging_level, volume_per_unit) VALUES ('3ab339e3-7077-4e01-a3d7-63406a815b82', 'd8057f71-95c8-4fb7-9cd2-c13cfc06b3b6', 'Tertiary', 3, 9.84) ON CONFLICT DO NOTHING;
INSERT INTO item_variant (id, name, item_link_id, cold_storage_type_id) VALUES ('b3adabf0-0fe5-46b7-b09a-e361c18e3476', 'Shanvac-B (Shantha Biotechnics Private Limited (A Sanofi Company))', 'b24feadc-fb57-44d2-837d-f297730f3c99', (SELECT id FROM cold_storage_type WHERE name = '+5' or min_temperature = 2 and max_temperature = 8 LIMIT 1)) ON CONFLICT DO NOTHING;
INSERT INTO changelog (record_id, table_name, row_action) VALUES ('b3adabf0-0fe5-46b7-b09a-e361c18e3476', 'item_variant', 'UPSERT');INSERT INTO packaging_variant (id, item_variant_id, name, packaging_level, volume_per_unit) VALUES ('f0088162-0b32-48f0-8794-825b803ef6ce', 'b3adabf0-0fe5-46b7-b09a-e361c18e3476', 'Primary', 1, 4.36) ON CONFLICT DO NOTHING;
INSERT INTO packaging_variant (id, item_variant_id, name, packaging_level, volume_per_unit) VALUES ('b3331a45-d035-44e3-8628-c8872ad788ff', 'b3adabf0-0fe5-46b7-b09a-e361c18e3476', 'Secondary', 2, 4.36) ON CONFLICT DO NOTHING;
INSERT INTO packaging_variant (id, item_variant_id, name, packaging_level, volume_per_unit) VALUES ('c6db42e6-ca93-49f0-8758-1e00158cd1cd', 'b3adabf0-0fe5-46b7-b09a-e361c18e3476', 'Tertiary', 3, 14.92) ON CONFLICT DO NOTHING;
INSERT INTO item (id, name, code, ven_category, type, legacy_record, is_active, is_vaccine, vaccine_doses, default_pack_size) VALUES ('1f5be285-c2df-4f26-99e2-9776b827996b', 'Hepatitis B - vial - 2 doses', 'HEP-4-2', 'NOT_ASSIGNED', 'STOCK', '', 'True', 'True', 2, 1) ON CONFLICT DO NOTHING;
INSERT INTO item_link (id, item_id) VALUES ('1f5be285-c2df-4f26-99e2-9776b827996b', '1f5be285-c2df-4f26-99e2-9776b827996b') ON CONFLICT DO NOTHING;
INSERT INTO changelog (record_id, table_name, row_action) VALUES ('1f5be285-c2df-4f26-99e2-9776b827996b', 'item', 'UPSERT');INSERT INTO master_list_line (id, master_list_id, item_link_id) VALUES (uuid_in(md5(random()::text || random()::text)::cstring), '43491ce9-bc89-4ee5-988d-9dbb2856e398', '1f5be285-c2df-4f26-99e2-9776b827996b') ON CONFLICT DO NOTHING;
INSERT INTO item_variant (id, name, item_link_id, cold_storage_type_id) VALUES ('f6ddb78b-57a9-415f-bbe5-7467a83fa2dc', 'Euvax B (LG Chem Ltd)', '1f5be285-c2df-4f26-99e2-9776b827996b', (SELECT id FROM cold_storage_type WHERE name = '+5' or min_temperature = 2 and max_temperature = 8 LIMIT 1)) ON CONFLICT DO NOTHING;
INSERT INTO changelog (record_id, table_name, row_action) VALUES ('f6ddb78b-57a9-415f-bbe5-7467a83fa2dc', 'item_variant', 'UPSERT');INSERT INTO packaging_variant (id, item_variant_id, name, packaging_level, volume_per_unit) VALUES ('882f45ae-edc4-4887-a3a8-b59d80708214', 'f6ddb78b-57a9-415f-bbe5-7467a83fa2dc', 'Primary', 1, 7.2) ON CONFLICT DO NOTHING;
INSERT INTO packaging_variant (id, item_variant_id, name, packaging_level, volume_per_unit) VALUES ('f1d3af3f-3cb7-48e0-a1bf-ed581a8aa95b', 'f6ddb78b-57a9-415f-bbe5-7467a83fa2dc', 'Secondary', 2, 7.2) ON CONFLICT DO NOTHING;
INSERT INTO packaging_variant (id, item_variant_id, name, packaging_level, volume_per_unit) VALUES ('aa6f2e05-1009-43db-9fec-2520eb34f188', 'f6ddb78b-57a9-415f-bbe5-7467a83fa2dc', 'Tertiary', 3, 7.2) ON CONFLICT DO NOTHING;
INSERT INTO item_variant (id, name, item_link_id, cold_storage_type_id) VALUES ('4760bd01-aa5b-41a1-927b-b73851caa42b', 'Shanvac-B (Shantha Biotechnics Private Limited (A Sanofi Company))', '1f5be285-c2df-4f26-99e2-9776b827996b', (SELECT id FROM cold_storage_type WHERE name = '+5' or min_temperature = 2 and max_temperature = 8 LIMIT 1)) ON CONFLICT DO NOTHING;
INSERT INTO changelog (record_id, table_name, row_action) VALUES ('4760bd01-aa5b-41a1-927b-b73851caa42b', 'item_variant', 'UPSERT');INSERT INTO packaging_variant (id, item_variant_id, name, packaging_level, volume_per_unit) VALUES ('b3383ba3-c799-497c-9d0b-52f846b4b6cd', '4760bd01-aa5b-41a1-927b-b73851caa42b', 'Primary', 1, 8.05) ON CONFLICT DO NOTHING;
INSERT INTO packaging_variant (id, item_variant_id, name, packaging_level, volume_per_unit) VALUES ('1b698063-13b6-4659-9146-1c83345750e6', '4760bd01-aa5b-41a1-927b-b73851caa42b', 'Secondary', 2, 8.05) ON CONFLICT DO NOTHING;
INSERT INTO packaging_variant (id, item_variant_id, name, packaging_level, volume_per_unit) VALUES ('55eaa2e7-4434-4326-a821-43a33347f12b', '4760bd01-aa5b-41a1-927b-b73851caa42b', 'Tertiary', 3, 34.11) ON CONFLICT DO NOTHING;
INSERT INTO item (id, name, code, ven_category, type, legacy_record, is_active, is_vaccine, vaccine_doses, default_pack_size) VALUES ('cf270656-b70b-4e34-9a9c-85d84f0e6aef', 'Hepatitis B - vial - 20 doses', 'HEP-4-20', 'NOT_ASSIGNED', 'STOCK', '', 'True', 'True', 20, 1) ON CONFLICT DO NOTHING;
INSERT INTO item_link (id, item_id) VALUES ('cf270656-b70b-4e34-9a9c-85d84f0e6aef', 'cf270656-b70b-4e34-9a9c-85d84f0e6aef') ON CONFLICT DO NOTHING;
INSERT INTO changelog (record_id, table_name, row_action) VALUES ('cf270656-b70b-4e34-9a9c-85d84f0e6aef', 'item', 'UPSERT');INSERT INTO master_list_line (id, master_list_id, item_link_id) VALUES (uuid_in(md5(random()::text || random()::text)::cstring), '43491ce9-bc89-4ee5-988d-9dbb2856e398', 'cf270656-b70b-4e34-9a9c-85d84f0e6aef') ON CONFLICT DO NOTHING;
INSERT INTO item_variant (id, name, item_link_id, cold_storage_type_id) VALUES ('2ba5f370-3cf2-4fd8-9977-e927059a3697', 'Engerix (GlaxoSmithKline Biologicals SA)', 'cf270656-b70b-4e34-9a9c-85d84f0e6aef', (SELECT id FROM cold_storage_type WHERE name = '+5' or min_temperature = 2 and max_temperature = 8 LIMIT 1)) ON CONFLICT DO NOTHING;
INSERT INTO changelog (record_id, table_name, row_action) VALUES ('2ba5f370-3cf2-4fd8-9977-e927059a3697', 'item_variant', 'UPSERT');INSERT INTO packaging_variant (id, item_variant_id, name, packaging_level, volume_per_unit) VALUES ('14b8c3d4-62a1-4b96-b876-0a1cc08d4f8b', '2ba5f370-3cf2-4fd8-9977-e927059a3697', 'Primary', 1, 0) ON CONFLICT DO NOTHING;
INSERT INTO packaging_variant (id, item_variant_id, name, packaging_level, volume_per_unit) VALUES ('a5277d0f-e65a-43dc-8863-63dd662a7731', '2ba5f370-3cf2-4fd8-9977-e927059a3697', 'Secondary', 2, 0) ON CONFLICT DO NOTHING;
INSERT INTO packaging_variant (id, item_variant_id, name, packaging_level, volume_per_unit) VALUES ('8045c060-bd62-4157-bd61-232a043f4962', '2ba5f370-3cf2-4fd8-9977-e927059a3697', 'Tertiary', 3, 0) ON CONFLICT DO NOTHING;
INSERT INTO item_variant (id, name, item_link_id, cold_storage_type_id) VALUES ('98f0e979-00fd-487d-8236-a6285ed0b989', 'Shanvac-B (Shantha Biotechnics Private Limited (A Sanofi Company))', 'cf270656-b70b-4e34-9a9c-85d84f0e6aef', (SELECT id FROM cold_storage_type WHERE name = '+5' or min_temperature = 2 and max_temperature = 8 LIMIT 1)) ON CONFLICT DO NOTHING;
INSERT INTO changelog (record_id, table_name, row_action) VALUES ('98f0e979-00fd-487d-8236-a6285ed0b989', 'item_variant', 'UPSERT');INSERT INTO packaging_variant (id, item_variant_id, name, packaging_level, volume_per_unit) VALUES ('abe7d6ef-6dc8-477a-a1b4-fd09157a296b', '98f0e979-00fd-487d-8236-a6285ed0b989', 'Primary', 1, 2.57) ON CONFLICT DO NOTHING;
INSERT INTO packaging_variant (id, item_variant_id, name, packaging_level, volume_per_unit) VALUES ('5b167b96-599e-4154-8cae-2b92b4354c42', '98f0e979-00fd-487d-8236-a6285ed0b989', 'Secondary', 2, 2.57) ON CONFLICT DO NOTHING;
INSERT INTO packaging_variant (id, item_variant_id, name, packaging_level, volume_per_unit) VALUES ('452d1da0-047c-4b9d-8ab8-c1c6fdc5c402', '98f0e979-00fd-487d-8236-a6285ed0b989', 'Tertiary', 3, 9.95) ON CONFLICT DO NOTHING;
INSERT INTO item (id, name, code, ven_category, type, legacy_record, is_active, is_vaccine, vaccine_doses, default_pack_size) VALUES ('e18fe1ab-2084-4b8c-8ff3-62a04c767025', 'Hepatitis B - vial - 6 doses', 'HEP-4-6', 'NOT_ASSIGNED', 'STOCK', '', 'True', 'True', 6, 1) ON CONFLICT DO NOTHING;
INSERT INTO item_link (id, item_id) VALUES ('e18fe1ab-2084-4b8c-8ff3-62a04c767025', 'e18fe1ab-2084-4b8c-8ff3-62a04c767025') ON CONFLICT DO NOTHING;
INSERT INTO changelog (record_id, table_name, row_action) VALUES ('e18fe1ab-2084-4b8c-8ff3-62a04c767025', 'item', 'UPSERT');INSERT INTO master_list_line (id, master_list_id, item_link_id) VALUES (uuid_in(md5(random()::text || random()::text)::cstring), '43491ce9-bc89-4ee5-988d-9dbb2856e398', 'e18fe1ab-2084-4b8c-8ff3-62a04c767025') ON CONFLICT DO NOTHING;
INSERT INTO item_variant (id, name, item_link_id, cold_storage_type_id) VALUES ('8220af85-ad34-4a50-923f-f91a6d6fc311', 'Euvax B (LG Chem Ltd)', 'e18fe1ab-2084-4b8c-8ff3-62a04c767025', (SELECT id FROM cold_storage_type WHERE name = '+5' or min_temperature = 2 and max_temperature = 8 LIMIT 1)) ON CONFLICT DO NOTHING;
INSERT INTO changelog (record_id, table_name, row_action) VALUES ('8220af85-ad34-4a50-923f-f91a6d6fc311', 'item_variant', 'UPSERT');INSERT INTO packaging_variant (id, item_variant_id, name, packaging_level, volume_per_unit) VALUES ('f71e1175-5694-4de0-95e0-6576a20412c5', '8220af85-ad34-4a50-923f-f91a6d6fc311', 'Primary', 1, 4.66) ON CONFLICT DO NOTHING;
INSERT INTO packaging_variant (id, item_variant_id, name, packaging_level, volume_per_unit) VALUES ('8f0c2228-1c7e-4ee0-aa56-66a3a92d09fa', '8220af85-ad34-4a50-923f-f91a6d6fc311', 'Secondary', 2, 4.66) ON CONFLICT DO NOTHING;
INSERT INTO packaging_variant (id, item_variant_id, name, packaging_level, volume_per_unit) VALUES ('1867d06f-1e8a-454a-bee5-4686e11a11cc', '8220af85-ad34-4a50-923f-f91a6d6fc311', 'Tertiary', 3, 4.66) ON CONFLICT DO NOTHING;
INSERT INTO item_variant (id, name, item_link_id, cold_storage_type_id) VALUES ('64019dc8-3aaf-4cbe-b186-157a5a5ee8e5', 'Shanvac-B (Shantha Biotechnics Private Limited (A Sanofi Company))', 'e18fe1ab-2084-4b8c-8ff3-62a04c767025', (SELECT id FROM cold_storage_type WHERE name = '+5' or min_temperature = 2 and max_temperature = 8 LIMIT 1)) ON CONFLICT DO NOTHING;
INSERT INTO changelog (record_id, table_name, row_action) VALUES ('64019dc8-3aaf-4cbe-b186-157a5a5ee8e5', 'item_variant', 'UPSERT');INSERT INTO packaging_variant (id, item_variant_id, name, packaging_level, volume_per_unit) VALUES ('7228da0c-83bc-40d6-93b0-8228e123b556', '64019dc8-3aaf-4cbe-b186-157a5a5ee8e5', 'Primary', 1, 3.73) ON CONFLICT DO NOTHING;
INSERT INTO packaging_variant (id, item_variant_id, name, packaging_level, volume_per_unit) VALUES ('c7fbdcce-8249-42f2-b903-249b5352c734', '64019dc8-3aaf-4cbe-b186-157a5a5ee8e5', 'Secondary', 2, 3.73) ON CONFLICT DO NOTHING;
INSERT INTO packaging_variant (id, item_variant_id, name, packaging_level, volume_per_unit) VALUES ('78e83f3c-ec71-470e-aef0-554a4d594f33', '64019dc8-3aaf-4cbe-b186-157a5a5ee8e5', 'Tertiary', 3, 18.27) ON CONFLICT DO NOTHING;
INSERT INTO item (id, name, code, ven_category, type, legacy_record, is_active, is_vaccine, vaccine_doses, default_pack_size) VALUES ('ff6689c4-bda7-49a0-ae27-c91f238ef9ea', 'HPV - vial - 1 dose', 'HPV-4-1', 'NOT_ASSIGNED', 'STOCK', '', 'True', 'True', 1, 1) ON CONFLICT DO NOTHING;
INSERT INTO item_link (id, item_id) VALUES ('ff6689c4-bda7-49a0-ae27-c91f238ef9ea', 'ff6689c4-bda7-49a0-ae27-c91f238ef9ea') ON CONFLICT DO NOTHING;
INSERT INTO changelog (record_id, table_name, row_action) VALUES ('ff6689c4-bda7-49a0-ae27-c91f238ef9ea', 'item', 'UPSERT');INSERT INTO master_list_line (id, master_list_id, item_link_id) VALUES (uuid_in(md5(random()::text || random()::text)::cstring), '43491ce9-bc89-4ee5-988d-9dbb2856e398', 'ff6689c4-bda7-49a0-ae27-c91f238ef9ea') ON CONFLICT DO NOTHING;
INSERT INTO item_variant (id, name, item_link_id, cold_storage_type_id) VALUES ('813a9585-ca82-4e61-9d8c-bc483fda8d78', 'Gardasil (Merck Vaccines)', 'ff6689c4-bda7-49a0-ae27-c91f238ef9ea', (SELECT id FROM cold_storage_type WHERE name = '+5' or min_temperature = 2 and max_temperature = 8 LIMIT 1)) ON CONFLICT DO NOTHING;
INSERT INTO changelog (record_id, table_name, row_action) VALUES ('813a9585-ca82-4e61-9d8c-bc483fda8d78', 'item_variant', 'UPSERT');INSERT INTO packaging_variant (id, item_variant_id, name, packaging_level, volume_per_unit) VALUES ('eb43303e-0640-477f-af27-c5774cd976d7', '813a9585-ca82-4e61-9d8c-bc483fda8d78', 'Primary', 1, 15) ON CONFLICT DO NOTHING;
INSERT INTO packaging_variant (id, item_variant_id, name, packaging_level, volume_per_unit) VALUES ('90b1153a-b7b9-4adf-b27e-45884b27ced3', '813a9585-ca82-4e61-9d8c-bc483fda8d78', 'Secondary', 2, 15) ON CONFLICT DO NOTHING;
INSERT INTO packaging_variant (id, item_variant_id, name, packaging_level, volume_per_unit) VALUES ('6d260597-be9f-404a-bee6-19131698b6d9', '813a9585-ca82-4e61-9d8c-bc483fda8d78', 'Tertiary', 3, 21.16) ON CONFLICT DO NOTHING;
INSERT INTO item_variant (id, name, item_link_id, cold_storage_type_id) VALUES ('f1ed77c3-32cc-4d04-8e7a-2ed476a48207', 'Cervarix (GlaxoSmithKline Biologicals SA)', 'ff6689c4-bda7-49a0-ae27-c91f238ef9ea', (SELECT id FROM cold_storage_type WHERE name = '+5' or min_temperature = 2 and max_temperature = 8 LIMIT 1)) ON CONFLICT DO NOTHING;
INSERT INTO changelog (record_id, table_name, row_action) VALUES ('f1ed77c3-32cc-4d04-8e7a-2ed476a48207', 'item_variant', 'UPSERT');INSERT INTO packaging_variant (id, item_variant_id, name, packaging_level, volume_per_unit) VALUES ('2055d559-4f6f-439c-b64a-7e390a2e896a', 'f1ed77c3-32cc-4d04-8e7a-2ed476a48207', 'Primary', 1, 9.68) ON CONFLICT DO NOTHING;
INSERT INTO packaging_variant (id, item_variant_id, name, packaging_level, volume_per_unit) VALUES ('edff9d96-d84b-4921-9fa3-70d1bf9ed4d8', 'f1ed77c3-32cc-4d04-8e7a-2ed476a48207', 'Secondary', 2, 9.68) ON CONFLICT DO NOTHING;
INSERT INTO packaging_variant (id, item_variant_id, name, packaging_level, volume_per_unit) VALUES ('4fed9394-63e5-45c7-8661-024fcc5bb596', 'f1ed77c3-32cc-4d04-8e7a-2ed476a48207', 'Tertiary', 3, 15.23) ON CONFLICT DO NOTHING;
INSERT INTO item_variant (id, name, item_link_id, cold_storage_type_id) VALUES ('f02c3d81-cee6-43fc-8a92-d81d38711aea', 'Cecolin® (Xiamen Innovax Biotech Co. Ltd.)', 'ff6689c4-bda7-49a0-ae27-c91f238ef9ea', (SELECT id FROM cold_storage_type WHERE name = '+5' or min_temperature = 2 and max_temperature = 8 LIMIT 1)) ON CONFLICT DO NOTHING;
INSERT INTO changelog (record_id, table_name, row_action) VALUES ('f02c3d81-cee6-43fc-8a92-d81d38711aea', 'item_variant', 'UPSERT');INSERT INTO packaging_variant (id, item_variant_id, name, packaging_level, volume_per_unit) VALUES ('4edb638d-84a6-4099-8cd7-2bdfc8299176', 'f02c3d81-cee6-43fc-8a92-d81d38711aea', 'Primary', 1, 14.29) ON CONFLICT DO NOTHING;
INSERT INTO packaging_variant (id, item_variant_id, name, packaging_level, volume_per_unit) VALUES ('63f4c49d-183c-4b08-a4c4-fd9e1244c4af', 'f02c3d81-cee6-43fc-8a92-d81d38711aea', 'Secondary', 2, 14.29) ON CONFLICT DO NOTHING;
INSERT INTO packaging_variant (id, item_variant_id, name, packaging_level, volume_per_unit) VALUES ('48eb1425-b5a9-41f0-b710-decaf9aaefba', 'f02c3d81-cee6-43fc-8a92-d81d38711aea', 'Tertiary', 3, 20.35) ON CONFLICT DO NOTHING;
INSERT INTO item (id, name, code, ven_category, type, legacy_record, is_active, is_vaccine, vaccine_doses, default_pack_size) VALUES ('6659ff63-3c36-4d5d-9868-8850c5b4c738', 'HPV - vial - 2 doses', 'HPV-4-2', 'NOT_ASSIGNED', 'STOCK', '', 'True', 'True', 2, 1) ON CONFLICT DO NOTHING;
INSERT INTO item_link (id, item_id) VALUES ('6659ff63-3c36-4d5d-9868-8850c5b4c738', '6659ff63-3c36-4d5d-9868-8850c5b4c738') ON CONFLICT DO NOTHING;
INSERT INTO changelog (record_id, table_name, row_action) VALUES ('6659ff63-3c36-4d5d-9868-8850c5b4c738', 'item', 'UPSERT');INSERT INTO master_list_line (id, master_list_id, item_link_id) VALUES (uuid_in(md5(random()::text || random()::text)::cstring), '43491ce9-bc89-4ee5-988d-9dbb2856e398', '6659ff63-3c36-4d5d-9868-8850c5b4c738') ON CONFLICT DO NOTHING;
INSERT INTO item_variant (id, name, item_link_id, cold_storage_type_id) VALUES ('4ff42074-f763-481f-b920-2d4777478eec', 'Cervarix (GlaxoSmithKline Biologicals SA)', '6659ff63-3c36-4d5d-9868-8850c5b4c738', (SELECT id FROM cold_storage_type WHERE name = '+5' or min_temperature = 2 and max_temperature = 8 LIMIT 1)) ON CONFLICT DO NOTHING;
INSERT INTO changelog (record_id, table_name, row_action) VALUES ('4ff42074-f763-481f-b920-2d4777478eec', 'item_variant', 'UPSERT');INSERT INTO packaging_variant (id, item_variant_id, name, packaging_level, volume_per_unit) VALUES ('d332c5fc-eef9-4b64-b5a0-a12ab2a63f43', '4ff42074-f763-481f-b920-2d4777478eec', 'Primary', 1, 4.84) ON CONFLICT DO NOTHING;
INSERT INTO packaging_variant (id, item_variant_id, name, packaging_level, volume_per_unit) VALUES ('7807e3f0-f67b-46a7-a496-e17e0802b759', '4ff42074-f763-481f-b920-2d4777478eec', 'Secondary', 2, 4.84) ON CONFLICT DO NOTHING;
INSERT INTO packaging_variant (id, item_variant_id, name, packaging_level, volume_per_unit) VALUES ('024328cf-ed76-4453-b43c-fecd121b980c', '4ff42074-f763-481f-b920-2d4777478eec', 'Tertiary', 3, 7.61) ON CONFLICT DO NOTHING;
INSERT INTO item (id, name, code, ven_category, type, legacy_record, is_active, is_vaccine, vaccine_doses, default_pack_size) VALUES ('3e9dc330-9d85-468a-9f37-f0f4002fb97a', 'Influenza, pandemic H1N1 - sprayer - 1 dose', 'INF-7-1', 'NOT_ASSIGNED', 'STOCK', '', 'True', 'True', 1, 1) ON CONFLICT DO NOTHING;
INSERT INTO item_link (id, item_id) VALUES ('3e9dc330-9d85-468a-9f37-f0f4002fb97a', '3e9dc330-9d85-468a-9f37-f0f4002fb97a') ON CONFLICT DO NOTHING;
INSERT INTO changelog (record_id, table_name, row_action) VALUES ('3e9dc330-9d85-468a-9f37-f0f4002fb97a', 'item', 'UPSERT');INSERT INTO master_list_line (id, master_list_id, item_link_id) VALUES (uuid_in(md5(random()::text || random()::text)::cstring), '43491ce9-bc89-4ee5-988d-9dbb2856e398', '3e9dc330-9d85-468a-9f37-f0f4002fb97a') ON CONFLICT DO NOTHING;
INSERT INTO item_variant (id, name, item_link_id, cold_storage_type_id) VALUES ('d793e772-229e-415f-8a79-46a81add25e0', 'Influenza A (H1N1) 2009 monovalent vaccine (MedImmune)', '3e9dc330-9d85-468a-9f37-f0f4002fb97a', (SELECT id FROM cold_storage_type WHERE name = '+5' or min_temperature = 2 and max_temperature = 8 LIMIT 1)) ON CONFLICT DO NOTHING;
INSERT INTO changelog (record_id, table_name, row_action) VALUES ('d793e772-229e-415f-8a79-46a81add25e0', 'item_variant', 'UPSERT');INSERT INTO packaging_variant (id, item_variant_id, name, packaging_level, volume_per_unit) VALUES ('56d7c050-626d-4ef0-87f8-ce1ea6c18bcb', 'd793e772-229e-415f-8a79-46a81add25e0', 'Primary', 1, 65.28) ON CONFLICT DO NOTHING;
INSERT INTO packaging_variant (id, item_variant_id, name, packaging_level, volume_per_unit) VALUES ('c59142f3-0e25-44a9-a793-5ec9461d1f74', 'd793e772-229e-415f-8a79-46a81add25e0', 'Secondary', 2, 65.28) ON CONFLICT DO NOTHING;
INSERT INTO packaging_variant (id, item_variant_id, name, packaging_level, volume_per_unit) VALUES ('b4b68b77-ac6c-4a7f-b83f-9a02a2ac12ff', 'd793e772-229e-415f-8a79-46a81add25e0', 'Tertiary', 3, 86.96) ON CONFLICT DO NOTHING;
INSERT INTO item (id, name, code, ven_category, type, legacy_record, is_active, is_vaccine, vaccine_doses, default_pack_size) VALUES ('96d6f17a-d338-40d0-84fd-2a0aa0b7f6f2', 'Influenza, pandemic H1N1 - vial - 1 dose', 'INF-4-1', 'NOT_ASSIGNED', 'STOCK', '', 'True', 'True', 1, 1) ON CONFLICT DO NOTHING;
INSERT INTO item_link (id, item_id) VALUES ('96d6f17a-d338-40d0-84fd-2a0aa0b7f6f2', '96d6f17a-d338-40d0-84fd-2a0aa0b7f6f2') ON CONFLICT DO NOTHING;
INSERT INTO changelog (record_id, table_name, row_action) VALUES ('96d6f17a-d338-40d0-84fd-2a0aa0b7f6f2', 'item', 'UPSERT');INSERT INTO master_list_line (id, master_list_id, item_link_id) VALUES (uuid_in(md5(random()::text || random()::text)::cstring), '43491ce9-bc89-4ee5-988d-9dbb2856e398', '96d6f17a-d338-40d0-84fd-2a0aa0b7f6f2') ON CONFLICT DO NOTHING;
INSERT INTO item_variant (id, name, item_link_id, cold_storage_type_id) VALUES ('f256f414-076e-4211-b164-cebba41d7f9a', 'Green Flu-S (Green Cross Corporation)', '96d6f17a-d338-40d0-84fd-2a0aa0b7f6f2', (SELECT id FROM cold_storage_type WHERE name = '+5' or min_temperature = 2 and max_temperature = 8 LIMIT 1)) ON CONFLICT DO NOTHING;
INSERT INTO changelog (record_id, table_name, row_action) VALUES ('f256f414-076e-4211-b164-cebba41d7f9a', 'item_variant', 'UPSERT');INSERT INTO packaging_variant (id, item_variant_id, name, packaging_level, volume_per_unit) VALUES ('581a5b31-da5a-429a-86d4-463996ca3204', 'f256f414-076e-4211-b164-cebba41d7f9a', 'Primary', 1, 34.37) ON CONFLICT DO NOTHING;
INSERT INTO packaging_variant (id, item_variant_id, name, packaging_level, volume_per_unit) VALUES ('d39a7ee9-ce9b-4d1c-9a54-4a8a049b58e5', 'f256f414-076e-4211-b164-cebba41d7f9a', 'Secondary', 2, 34.37) ON CONFLICT DO NOTHING;
INSERT INTO packaging_variant (id, item_variant_id, name, packaging_level, volume_per_unit) VALUES ('25ad9b91-802c-40f4-a5af-423cca242bef', 'f256f414-076e-4211-b164-cebba41d7f9a', 'Tertiary', 3, 290.18) ON CONFLICT DO NOTHING;
INSERT INTO item_variant (id, name, item_link_id, cold_storage_type_id) VALUES ('108a4afa-07cf-4e76-a332-f2748c1bb279', 'Influenza A (H1N1) 2009 monovalent vaccine (Sanofi Pasteur-USA)', '96d6f17a-d338-40d0-84fd-2a0aa0b7f6f2', (SELECT id FROM cold_storage_type WHERE name = '+5' or min_temperature = 2 and max_temperature = 8 LIMIT 1)) ON CONFLICT DO NOTHING;
INSERT INTO changelog (record_id, table_name, row_action) VALUES ('108a4afa-07cf-4e76-a332-f2748c1bb279', 'item_variant', 'UPSERT');INSERT INTO packaging_variant (id, item_variant_id, name, packaging_level, volume_per_unit) VALUES ('1712e476-7b5d-478a-a260-19c92ae9ef48', '108a4afa-07cf-4e76-a332-f2748c1bb279', 'Primary', 1, 18.36) ON CONFLICT DO NOTHING;
INSERT INTO packaging_variant (id, item_variant_id, name, packaging_level, volume_per_unit) VALUES ('c95c3eb9-bc25-4daf-825c-9e0172ec258a', '108a4afa-07cf-4e76-a332-f2748c1bb279', 'Secondary', 2, 18.36) ON CONFLICT DO NOTHING;
INSERT INTO packaging_variant (id, item_variant_id, name, packaging_level, volume_per_unit) VALUES ('1d20df59-7e59-4c7a-b3a0-2721de548532', '108a4afa-07cf-4e76-a332-f2748c1bb279', 'Tertiary', 3, 22.39) ON CONFLICT DO NOTHING;
INSERT INTO item (id, name, code, ven_category, type, legacy_record, is_active, is_vaccine, vaccine_doses, default_pack_size) VALUES ('a43f65f5-19e3-4d52-9242-2b297caa3ce7', 'Influenza, pandemic H1N1 - vial - 10 doses', 'INF-4-10', 'NOT_ASSIGNED', 'STOCK', '', 'True', 'True', 10, 1) ON CONFLICT DO NOTHING;
INSERT INTO item_link (id, item_id) VALUES ('a43f65f5-19e3-4d52-9242-2b297caa3ce7', 'a43f65f5-19e3-4d52-9242-2b297caa3ce7') ON CONFLICT DO NOTHING;
INSERT INTO changelog (record_id, table_name, row_action) VALUES ('a43f65f5-19e3-4d52-9242-2b297caa3ce7', 'item', 'UPSERT');INSERT INTO master_list_line (id, master_list_id, item_link_id) VALUES (uuid_in(md5(random()::text || random()::text)::cstring), '43491ce9-bc89-4ee5-988d-9dbb2856e398', 'a43f65f5-19e3-4d52-9242-2b297caa3ce7') ON CONFLICT DO NOTHING;
INSERT INTO item_variant (id, name, item_link_id, cold_storage_type_id) VALUES ('939e43ba-2fe1-484e-980e-3fc8df420f2d', 'Panvax (Seqirus Limited)', 'a43f65f5-19e3-4d52-9242-2b297caa3ce7', (SELECT id FROM cold_storage_type WHERE name = '+5' or min_temperature = 2 and max_temperature = 8 LIMIT 1)) ON CONFLICT DO NOTHING;
INSERT INTO changelog (record_id, table_name, row_action) VALUES ('939e43ba-2fe1-484e-980e-3fc8df420f2d', 'item_variant', 'UPSERT');INSERT INTO packaging_variant (id, item_variant_id, name, packaging_level, volume_per_unit) VALUES ('1da23314-c3ff-408a-9ab2-a423e0b11305', '939e43ba-2fe1-484e-980e-3fc8df420f2d', 'Primary', 1, 3.08) ON CONFLICT DO NOTHING;
INSERT INTO packaging_variant (id, item_variant_id, name, packaging_level, volume_per_unit) VALUES ('4080a28e-9cce-4300-9d97-bb7966353ae8', '939e43ba-2fe1-484e-980e-3fc8df420f2d', 'Secondary', 2, 3.08) ON CONFLICT DO NOTHING;
INSERT INTO packaging_variant (id, item_variant_id, name, packaging_level, volume_per_unit) VALUES ('6d774977-f4df-4f89-b642-67d0c6756859', '939e43ba-2fe1-484e-980e-3fc8df420f2d', 'Tertiary', 3, 4) ON CONFLICT DO NOTHING;
INSERT INTO item_variant (id, name, item_link_id, cold_storage_type_id) VALUES ('4000eb7a-eff9-4460-88ec-495981f5c13f', 'Focetria (Seqirus Vaccines Limited)', 'a43f65f5-19e3-4d52-9242-2b297caa3ce7', (SELECT id FROM cold_storage_type WHERE name = '+5' or min_temperature = 2 and max_temperature = 8 LIMIT 1)) ON CONFLICT DO NOTHING;
INSERT INTO changelog (record_id, table_name, row_action) VALUES ('4000eb7a-eff9-4460-88ec-495981f5c13f', 'item_variant', 'UPSERT');INSERT INTO packaging_variant (id, item_variant_id, name, packaging_level, volume_per_unit) VALUES ('0e071d57-bf5c-41df-acc2-db7428751bee', '4000eb7a-eff9-4460-88ec-495981f5c13f', 'Primary', 1, 2.36) ON CONFLICT DO NOTHING;
INSERT INTO packaging_variant (id, item_variant_id, name, packaging_level, volume_per_unit) VALUES ('16564a41-ea99-4ed8-ad33-0cac4d21aa52', '4000eb7a-eff9-4460-88ec-495981f5c13f', 'Secondary', 2, 2.36) ON CONFLICT DO NOTHING;
INSERT INTO packaging_variant (id, item_variant_id, name, packaging_level, volume_per_unit) VALUES ('7fcbf857-710c-4444-b6ba-72d501444dae', '4000eb7a-eff9-4460-88ec-495981f5c13f', 'Tertiary', 3, 2.96) ON CONFLICT DO NOTHING;
INSERT INTO item_variant (id, name, item_link_id, cold_storage_type_id) VALUES ('dcec5b3a-53df-4abd-a3cd-85a758ab3cf2', 'Fluvirin-H1N1 (Seqirus Vaccines Limited)', 'a43f65f5-19e3-4d52-9242-2b297caa3ce7', (SELECT id FROM cold_storage_type WHERE name = '+5' or min_temperature = 2 and max_temperature = 8 LIMIT 1)) ON CONFLICT DO NOTHING;
INSERT INTO changelog (record_id, table_name, row_action) VALUES ('dcec5b3a-53df-4abd-a3cd-85a758ab3cf2', 'item_variant', 'UPSERT');INSERT INTO packaging_variant (id, item_variant_id, name, packaging_level, volume_per_unit) VALUES ('25519b62-656c-4026-92a2-9fff51de9d42', 'dcec5b3a-53df-4abd-a3cd-85a758ab3cf2', 'Primary', 1, 53.3) ON CONFLICT DO NOTHING;
INSERT INTO packaging_variant (id, item_variant_id, name, packaging_level, volume_per_unit) VALUES ('f3bac8c4-bf90-43e1-9d71-59d328fc1b5e', 'dcec5b3a-53df-4abd-a3cd-85a758ab3cf2', 'Secondary', 2, 53.3) ON CONFLICT DO NOTHING;
INSERT INTO packaging_variant (id, item_variant_id, name, packaging_level, volume_per_unit) VALUES ('27c38ecc-cf72-45ba-9a39-ecd9e4f8f204', 'dcec5b3a-53df-4abd-a3cd-85a758ab3cf2', 'Tertiary', 3, 5.99) ON CONFLICT DO NOTHING;
INSERT INTO item_variant (id, name, item_link_id, cold_storage_type_id) VALUES ('24a0aa67-b3e8-4e09-a550-e793ea9b7a0e', 'Panenza (Sanofi Pasteur SA)', 'a43f65f5-19e3-4d52-9242-2b297caa3ce7', (SELECT id FROM cold_storage_type WHERE name = '+5' or min_temperature = 2 and max_temperature = 8 LIMIT 1)) ON CONFLICT DO NOTHING;
INSERT INTO changelog (record_id, table_name, row_action) VALUES ('24a0aa67-b3e8-4e09-a550-e793ea9b7a0e', 'item_variant', 'UPSERT');INSERT INTO packaging_variant (id, item_variant_id, name, packaging_level, volume_per_unit) VALUES ('6e01bdf1-ddc9-4e0d-944a-638fe251ad3b', '24a0aa67-b3e8-4e09-a550-e793ea9b7a0e', 'Primary', 1, 2.31) ON CONFLICT DO NOTHING;
INSERT INTO packaging_variant (id, item_variant_id, name, packaging_level, volume_per_unit) VALUES ('43d4e1af-276f-4034-8605-1e9eed17dbe5', '24a0aa67-b3e8-4e09-a550-e793ea9b7a0e', 'Secondary', 2, 2.31) ON CONFLICT DO NOTHING;
INSERT INTO packaging_variant (id, item_variant_id, name, packaging_level, volume_per_unit) VALUES ('4d16f6c7-4c09-47f5-b663-67bf9da04914', '24a0aa67-b3e8-4e09-a550-e793ea9b7a0e', 'Tertiary', 3, 3.06) ON CONFLICT DO NOTHING;
INSERT INTO item_variant (id, name, item_link_id, cold_storage_type_id) VALUES ('2b680002-6c2c-441f-aa25-9426274d24c6', 'Influenza A (H1N1) 2009 monovalent vaccine (Sanofi Pasteur-USA)', 'a43f65f5-19e3-4d52-9242-2b297caa3ce7', (SELECT id FROM cold_storage_type WHERE name = '+5' or min_temperature = 2 and max_temperature = 8 LIMIT 1)) ON CONFLICT DO NOTHING;
INSERT INTO changelog (record_id, table_name, row_action) VALUES ('2b680002-6c2c-441f-aa25-9426274d24c6', 'item_variant', 'UPSERT');INSERT INTO packaging_variant (id, item_variant_id, name, packaging_level, volume_per_unit) VALUES ('6fbc666d-d847-410a-b767-b177964cad9d', '2b680002-6c2c-441f-aa25-9426274d24c6', 'Primary', 1, 6) ON CONFLICT DO NOTHING;
INSERT INTO packaging_variant (id, item_variant_id, name, packaging_level, volume_per_unit) VALUES ('15e43b45-2467-433d-8b37-486c24db170e', '2b680002-6c2c-441f-aa25-9426274d24c6', 'Secondary', 2, 6) ON CONFLICT DO NOTHING;
INSERT INTO packaging_variant (id, item_variant_id, name, packaging_level, volume_per_unit) VALUES ('430d69ef-93e4-43bd-8030-42388a190ec4', '2b680002-6c2c-441f-aa25-9426274d24c6', 'Tertiary', 3, 8.62) ON CONFLICT DO NOTHING;
INSERT INTO item (id, name, code, ven_category, type, legacy_record, is_active, is_vaccine, vaccine_doses, default_pack_size) VALUES ('95ff6242-a830-4fb7-9140-75766aa5f7f6', 'Influenza, pandemic H1N1 - vial - 17 doses', 'INF-4-17', 'NOT_ASSIGNED', 'STOCK', '', 'True', 'True', 17, 1) ON CONFLICT DO NOTHING;
INSERT INTO item_link (id, item_id) VALUES ('95ff6242-a830-4fb7-9140-75766aa5f7f6', '95ff6242-a830-4fb7-9140-75766aa5f7f6') ON CONFLICT DO NOTHING;
INSERT INTO changelog (record_id, table_name, row_action) VALUES ('95ff6242-a830-4fb7-9140-75766aa5f7f6', 'item', 'UPSERT');INSERT INTO master_list_line (id, master_list_id, item_link_id) VALUES (uuid_in(md5(random()::text || random()::text)::cstring), '43491ce9-bc89-4ee5-988d-9dbb2856e398', '95ff6242-a830-4fb7-9140-75766aa5f7f6') ON CONFLICT DO NOTHING;
INSERT INTO item_variant (id, name, item_link_id, cold_storage_type_id) VALUES ('7b7f280c-7d2e-480c-9c31-27bec3e3043e', 'Celtura (Seqirus GmbH)', '95ff6242-a830-4fb7-9140-75766aa5f7f6', (SELECT id FROM cold_storage_type WHERE name = '+5' or min_temperature = 2 and max_temperature = 8 LIMIT 1)) ON CONFLICT DO NOTHING;
INSERT INTO changelog (record_id, table_name, row_action) VALUES ('7b7f280c-7d2e-480c-9c31-27bec3e3043e', 'item_variant', 'UPSERT');INSERT INTO packaging_variant (id, item_variant_id, name, packaging_level, volume_per_unit) VALUES ('02e70ff0-7bbe-40da-82a0-c6682e9aff73', '7b7f280c-7d2e-480c-9c31-27bec3e3043e', 'Primary', 1, 1.34) ON CONFLICT DO NOTHING;
INSERT INTO packaging_variant (id, item_variant_id, name, packaging_level, volume_per_unit) VALUES ('f23986b3-f324-49c7-ab7f-ace570eb4817', '7b7f280c-7d2e-480c-9c31-27bec3e3043e', 'Secondary', 2, 1.34) ON CONFLICT DO NOTHING;
INSERT INTO packaging_variant (id, item_variant_id, name, packaging_level, volume_per_unit) VALUES ('b5c35b01-f49f-4094-9493-f003c9ca40a6', '7b7f280c-7d2e-480c-9c31-27bec3e3043e', 'Tertiary', 3, 9.19) ON CONFLICT DO NOTHING;
INSERT INTO item (id, name, code, ven_category, type, legacy_record, is_active, is_vaccine, vaccine_doses, default_pack_size) VALUES ('777bc413-3bb0-4eb4-9ee9-01bcf142605d', 'Influenza, pandemic H1N1 - vial + ampoule - 1 dose', 'INF-14-1', 'NOT_ASSIGNED', 'STOCK', '', 'True', 'True', 1, 1) ON CONFLICT DO NOTHING;
INSERT INTO item_link (id, item_id) VALUES ('777bc413-3bb0-4eb4-9ee9-01bcf142605d', '777bc413-3bb0-4eb4-9ee9-01bcf142605d') ON CONFLICT DO NOTHING;
INSERT INTO changelog (record_id, table_name, row_action) VALUES ('777bc413-3bb0-4eb4-9ee9-01bcf142605d', 'item', 'UPSERT');INSERT INTO master_list_line (id, master_list_id, item_link_id) VALUES (uuid_in(md5(random()::text || random()::text)::cstring), '43491ce9-bc89-4ee5-988d-9dbb2856e398', '777bc413-3bb0-4eb4-9ee9-01bcf142605d') ON CONFLICT DO NOTHING;
INSERT INTO item_variant (id, name, item_link_id, cold_storage_type_id) VALUES ('ea572c61-7858-43e9-97ba-7d732d37cc85', 'NASOVAC Influenza Vaccine, Live Attenuated (Human) Freeze-Dried (Serum Institute of India Pvt. Ltd.)', '777bc413-3bb0-4eb4-9ee9-01bcf142605d', (SELECT id FROM cold_storage_type WHERE name = '+5' or min_temperature = 2 and max_temperature = 8 LIMIT 1)) ON CONFLICT DO NOTHING;
INSERT INTO changelog (record_id, table_name, row_action) VALUES ('ea572c61-7858-43e9-97ba-7d732d37cc85', 'item_variant', 'UPSERT');INSERT INTO packaging_variant (id, item_variant_id, name, packaging_level, volume_per_unit) VALUES ('3032f1b5-ec92-4cc0-a483-683f41356add', 'ea572c61-7858-43e9-97ba-7d732d37cc85', 'Primary', 1, 17.58) ON CONFLICT DO NOTHING;
INSERT INTO packaging_variant (id, item_variant_id, name, packaging_level, volume_per_unit) VALUES ('c6040ad3-68da-4a7f-9a59-19da37928f68', 'ea572c61-7858-43e9-97ba-7d732d37cc85', 'Secondary', 2, 17.58) ON CONFLICT DO NOTHING;
INSERT INTO packaging_variant (id, item_variant_id, name, packaging_level, volume_per_unit) VALUES ('fa60f590-7a64-48f9-a9aa-bcdb5d2aec8b', 'ea572c61-7858-43e9-97ba-7d732d37cc85', 'Tertiary', 3, 98.4) ON CONFLICT DO NOTHING;
INSERT INTO item (id, name, code, ven_category, type, legacy_record, is_active, is_vaccine, vaccine_doses, default_pack_size) VALUES ('d568f50c-b5ff-4073-ba50-ac6276c72100', 'Influenza, pandemic H1N1 - vial + ampoule - 1 dose Diluent', 'INF-14-1_DIL', 'NOT_ASSIGNED', 'STOCK', '', 'True', 'False', 0, 1) ON CONFLICT DO NOTHING;
INSERT INTO item_link (id, item_id) VALUES ('d568f50c-b5ff-4073-ba50-ac6276c72100', 'd568f50c-b5ff-4073-ba50-ac6276c72100') ON CONFLICT DO NOTHING;
INSERT INTO changelog (record_id, table_name, row_action) VALUES ('d568f50c-b5ff-4073-ba50-ac6276c72100', 'item', 'UPSERT');INSERT INTO item_variant (id, name, item_link_id, cold_storage_type_id) VALUES ('388cbca7-e877-402b-91ce-f1b202cd7dbc', 'NASOVAC Influenza Vaccine, Live Attenuated (Human) Freeze-Dried (Serum Institute of India Pvt. Ltd.)', 'd568f50c-b5ff-4073-ba50-ac6276c72100', (SELECT id FROM cold_storage_type WHERE name = '+5' or min_temperature = 2 and max_temperature = 8 LIMIT 1)) ON CONFLICT DO NOTHING;
INSERT INTO changelog (record_id, table_name, row_action) VALUES ('388cbca7-e877-402b-91ce-f1b202cd7dbc', 'item_variant', 'UPSERT');INSERT INTO packaging_variant (id, item_variant_id, name, packaging_level, volume_per_unit) VALUES ('d708829f-682c-4061-af6d-11e59942774f', '388cbca7-e877-402b-91ce-f1b202cd7dbc', 'Primary', 1, 16.7) ON CONFLICT DO NOTHING;
INSERT INTO packaging_variant (id, item_variant_id, name, packaging_level, volume_per_unit) VALUES ('d16fb67d-b0a7-4177-8870-ea17e0605a20', '388cbca7-e877-402b-91ce-f1b202cd7dbc', 'Secondary', 2, 16.7) ON CONFLICT DO NOTHING;
INSERT INTO packaging_variant (id, item_variant_id, name, packaging_level, volume_per_unit) VALUES ('34fe54fa-4068-4d9f-ac86-6c0ab31a55a6', '388cbca7-e877-402b-91ce-f1b202cd7dbc', 'Tertiary', 3, 18.7) ON CONFLICT DO NOTHING;
INSERT INTO bundled_item (id, principal_item_variant_id, bundled_item_variant_id, ratio) VALUES ('2aaee4e3-8884-46ef-88e1-8e34f452738d', 'ea572c61-7858-43e9-97ba-7d732d37cc85', '388cbca7-e877-402b-91ce-f1b202cd7dbc', 1) ON CONFLICT DO NOTHING;
INSERT INTO changelog (record_id, table_name, row_action) VALUES ('2aaee4e3-8884-46ef-88e1-8e34f452738d', 'bundled_item', 'UPSERT');INSERT INTO item (id, name, code, ven_category, type, legacy_record, is_active, is_vaccine, vaccine_doses, default_pack_size) VALUES ('34baf482-7fc8-471a-bb03-970e69aacff8', 'Influenza, pandemic H1N1 - vial + ampoule - 5 doses', 'INF-14-5', 'NOT_ASSIGNED', 'STOCK', '', 'True', 'True', 5, 1) ON CONFLICT DO NOTHING;
INSERT INTO item_link (id, item_id) VALUES ('34baf482-7fc8-471a-bb03-970e69aacff8', '34baf482-7fc8-471a-bb03-970e69aacff8') ON CONFLICT DO NOTHING;
INSERT INTO changelog (record_id, table_name, row_action) VALUES ('34baf482-7fc8-471a-bb03-970e69aacff8', 'item', 'UPSERT');INSERT INTO master_list_line (id, master_list_id, item_link_id) VALUES (uuid_in(md5(random()::text || random()::text)::cstring), '43491ce9-bc89-4ee5-988d-9dbb2856e398', '34baf482-7fc8-471a-bb03-970e69aacff8') ON CONFLICT DO NOTHING;
INSERT INTO item_variant (id, name, item_link_id, cold_storage_type_id) VALUES ('6607d876-35b8-4d5f-aaac-5285d35cf70a', 'NASOVAC Influenza Vaccine, Live Attenuated (Human) Freeze-Dried (Serum Institute of India Pvt. Ltd.)', '34baf482-7fc8-471a-bb03-970e69aacff8', (SELECT id FROM cold_storage_type WHERE name = '+5' or min_temperature = 2 and max_temperature = 8 LIMIT 1)) ON CONFLICT DO NOTHING;
INSERT INTO changelog (record_id, table_name, row_action) VALUES ('6607d876-35b8-4d5f-aaac-5285d35cf70a', 'item_variant', 'UPSERT');INSERT INTO packaging_variant (id, item_variant_id, name, packaging_level, volume_per_unit) VALUES ('dfbfe3dc-dfa3-4dc3-bf85-d719692389f1', '6607d876-35b8-4d5f-aaac-5285d35cf70a', 'Primary', 1, 3.52) ON CONFLICT DO NOTHING;
INSERT INTO packaging_variant (id, item_variant_id, name, packaging_level, volume_per_unit) VALUES ('74aa20df-1889-4d68-9a9e-80c634f56d6b', '6607d876-35b8-4d5f-aaac-5285d35cf70a', 'Secondary', 2, 3.52) ON CONFLICT DO NOTHING;
INSERT INTO packaging_variant (id, item_variant_id, name, packaging_level, volume_per_unit) VALUES ('f7703168-e2ac-4474-b072-7991b597a6bd', '6607d876-35b8-4d5f-aaac-5285d35cf70a', 'Tertiary', 3, 19.68) ON CONFLICT DO NOTHING;
INSERT INTO item_variant (id, name, item_link_id, cold_storage_type_id) VALUES ('c1dd831e-da51-4830-88cd-91e94b055bef', 'NASOVAC Influenza Vaccine, Live Attenuated (Human) Freeze-Dried (Serum Institute of India Pvt. Ltd.)', 'd568f50c-b5ff-4073-ba50-ac6276c72100', (SELECT id FROM cold_storage_type WHERE name = '+5' or min_temperature = 2 and max_temperature = 8 LIMIT 1)) ON CONFLICT DO NOTHING;
INSERT INTO changelog (record_id, table_name, row_action) VALUES ('c1dd831e-da51-4830-88cd-91e94b055bef', 'item_variant', 'UPSERT');INSERT INTO packaging_variant (id, item_variant_id, name, packaging_level, volume_per_unit) VALUES ('5e551616-2258-4adc-bb16-dcf29d50c674', 'c1dd831e-da51-4830-88cd-91e94b055bef', 'Primary', 1, 3.5) ON CONFLICT DO NOTHING;
INSERT INTO packaging_variant (id, item_variant_id, name, packaging_level, volume_per_unit) VALUES ('9b117fe9-7181-4280-927a-f8050aba2dc5', 'c1dd831e-da51-4830-88cd-91e94b055bef', 'Secondary', 2, 3.5) ON CONFLICT DO NOTHING;
INSERT INTO packaging_variant (id, item_variant_id, name, packaging_level, volume_per_unit) VALUES ('b738310c-23ff-491b-9d52-68e5e4eac7f8', 'c1dd831e-da51-4830-88cd-91e94b055bef', 'Tertiary', 3, 4.8) ON CONFLICT DO NOTHING;
INSERT INTO bundled_item (id, principal_item_variant_id, bundled_item_variant_id, ratio) VALUES ('9a8873e7-c08d-4a53-8736-5e8d6ee3342b', '6607d876-35b8-4d5f-aaac-5285d35cf70a', 'c1dd831e-da51-4830-88cd-91e94b055bef', 1) ON CONFLICT DO NOTHING;
INSERT INTO changelog (record_id, table_name, row_action) VALUES ('9a8873e7-c08d-4a53-8736-5e8d6ee3342b', 'bundled_item', 'UPSERT');INSERT INTO item_variant (id, name, item_link_id, cold_storage_type_id) VALUES ('8a8e487f-6f4d-4bfc-ad40-4b98c2d182b9', 'Fluzone (Sanofi Pasteur-USA)', '96d6f17a-d338-40d0-84fd-2a0aa0b7f6f2', (SELECT id FROM cold_storage_type WHERE name = '+5' or min_temperature = 2 and max_temperature = 8 LIMIT 1)) ON CONFLICT DO NOTHING;
INSERT INTO changelog (record_id, table_name, row_action) VALUES ('8a8e487f-6f4d-4bfc-ad40-4b98c2d182b9', 'item_variant', 'UPSERT');INSERT INTO packaging_variant (id, item_variant_id, name, packaging_level, volume_per_unit) VALUES ('50600e8e-e400-415c-a050-7f860ddbd404', '8a8e487f-6f4d-4bfc-ad40-4b98c2d182b9', 'Primary', 1, 18.36) ON CONFLICT DO NOTHING;
INSERT INTO packaging_variant (id, item_variant_id, name, packaging_level, volume_per_unit) VALUES ('9562d38d-3648-415f-acbb-15e7efdadecf', '8a8e487f-6f4d-4bfc-ad40-4b98c2d182b9', 'Secondary', 2, 18.36) ON CONFLICT DO NOTHING;
INSERT INTO packaging_variant (id, item_variant_id, name, packaging_level, volume_per_unit) VALUES ('dd2706da-262d-4b57-b663-d19efd86c7ae', '8a8e487f-6f4d-4bfc-ad40-4b98c2d182b9', 'Tertiary', 3, 22.39) ON CONFLICT DO NOTHING;
INSERT INTO item_variant (id, name, item_link_id, cold_storage_type_id) VALUES ('188384e7-44cc-41f9-b7a6-33af3b461496', 'GC FLU  inj (Green Cross Corporation)', '96d6f17a-d338-40d0-84fd-2a0aa0b7f6f2', (SELECT id FROM cold_storage_type WHERE name = '+5' or min_temperature = 2 and max_temperature = 8 LIMIT 1)) ON CONFLICT DO NOTHING;
INSERT INTO changelog (record_id, table_name, row_action) VALUES ('188384e7-44cc-41f9-b7a6-33af3b461496', 'item_variant', 'UPSERT');INSERT INTO packaging_variant (id, item_variant_id, name, packaging_level, volume_per_unit) VALUES ('c395f6cc-d50e-4716-8ea6-e9eda71a6df8', '188384e7-44cc-41f9-b7a6-33af3b461496', 'Primary', 1, 13.93) ON CONFLICT DO NOTHING;
INSERT INTO packaging_variant (id, item_variant_id, name, packaging_level, volume_per_unit) VALUES ('81f33ae2-6c57-4af7-82f1-620c2d8ae6c5', '188384e7-44cc-41f9-b7a6-33af3b461496', 'Secondary', 2, 13.93) ON CONFLICT DO NOTHING;
INSERT INTO packaging_variant (id, item_variant_id, name, packaging_level, volume_per_unit) VALUES ('6f4a69dc-80c9-464b-9c0b-8f0a5ac92e02', '188384e7-44cc-41f9-b7a6-33af3b461496', 'Tertiary', 3, 290.18) ON CONFLICT DO NOTHING;
INSERT INTO item_variant (id, name, item_link_id, cold_storage_type_id) VALUES ('b4c3e562-9df6-4989-baf5-d730a8fafd06', 'Influenza Vaccine (Split virion, inactivated) (Hualan Biological Bacterin Co., Ltd)', '96d6f17a-d338-40d0-84fd-2a0aa0b7f6f2', (SELECT id FROM cold_storage_type WHERE name = '+5' or min_temperature = 2 and max_temperature = 8 LIMIT 1)) ON CONFLICT DO NOTHING;
INSERT INTO changelog (record_id, table_name, row_action) VALUES ('b4c3e562-9df6-4989-baf5-d730a8fafd06', 'item_variant', 'UPSERT');INSERT INTO packaging_variant (id, item_variant_id, name, packaging_level, volume_per_unit) VALUES ('c6616613-004b-4b86-a725-2bce3452ff77', 'b4c3e562-9df6-4989-baf5-d730a8fafd06', 'Primary', 1, 0) ON CONFLICT DO NOTHING;
INSERT INTO packaging_variant (id, item_variant_id, name, packaging_level, volume_per_unit) VALUES ('ae0d5157-d68f-4bfd-91d5-f5f654c70111', 'b4c3e562-9df6-4989-baf5-d730a8fafd06', 'Secondary', 2, 0) ON CONFLICT DO NOTHING;
INSERT INTO packaging_variant (id, item_variant_id, name, packaging_level, volume_per_unit) VALUES ('ebd1766b-e722-48fc-86c1-f53a437949a4', 'b4c3e562-9df6-4989-baf5-d730a8fafd06', 'Tertiary', 3, 40.04) ON CONFLICT DO NOTHING;
INSERT INTO item_variant (id, name, item_link_id, cold_storage_type_id) VALUES ('4cbfdbfa-1fe6-49d2-a37f-e439910691c6', 'FluLaval (GlaxoSmithKline Biologicals SA)', 'a43f65f5-19e3-4d52-9242-2b297caa3ce7', (SELECT id FROM cold_storage_type WHERE name = '+5' or min_temperature = 2 and max_temperature = 8 LIMIT 1)) ON CONFLICT DO NOTHING;
INSERT INTO changelog (record_id, table_name, row_action) VALUES ('4cbfdbfa-1fe6-49d2-a37f-e439910691c6', 'item_variant', 'UPSERT');INSERT INTO packaging_variant (id, item_variant_id, name, packaging_level, volume_per_unit) VALUES ('c77cbb0f-e502-45af-9bcd-3bbad82da512', '4cbfdbfa-1fe6-49d2-a37f-e439910691c6', 'Primary', 1, 7.32) ON CONFLICT DO NOTHING;
INSERT INTO packaging_variant (id, item_variant_id, name, packaging_level, volume_per_unit) VALUES ('05d47b01-f731-42f6-8ef6-2c8dfa5d4a4d', '4cbfdbfa-1fe6-49d2-a37f-e439910691c6', 'Secondary', 2, 7.32) ON CONFLICT DO NOTHING;
INSERT INTO packaging_variant (id, item_variant_id, name, packaging_level, volume_per_unit) VALUES ('4eef659b-9d3b-4edd-a09c-0bf7e1203607', '4cbfdbfa-1fe6-49d2-a37f-e439910691c6', 'Tertiary', 3, 7.32) ON CONFLICT DO NOTHING;
INSERT INTO item_variant (id, name, item_link_id, cold_storage_type_id) VALUES ('6d69cea3-d997-425e-a16a-e1a6c29fa3ad', 'Fluvirin (Seqirus Vaccines Limited)', 'a43f65f5-19e3-4d52-9242-2b297caa3ce7', (SELECT id FROM cold_storage_type WHERE name = '+5' or min_temperature = 2 and max_temperature = 8 LIMIT 1)) ON CONFLICT DO NOTHING;
INSERT INTO changelog (record_id, table_name, row_action) VALUES ('6d69cea3-d997-425e-a16a-e1a6c29fa3ad', 'item_variant', 'UPSERT');INSERT INTO packaging_variant (id, item_variant_id, name, packaging_level, volume_per_unit) VALUES ('507f0d25-ea53-403f-899c-035f5e5e649d', '6d69cea3-d997-425e-a16a-e1a6c29fa3ad', 'Primary', 1, 53.3) ON CONFLICT DO NOTHING;
INSERT INTO packaging_variant (id, item_variant_id, name, packaging_level, volume_per_unit) VALUES ('59985ed8-ea5f-4e7e-9851-61a48565b2e8', '6d69cea3-d997-425e-a16a-e1a6c29fa3ad', 'Secondary', 2, 53.3) ON CONFLICT DO NOTHING;
INSERT INTO packaging_variant (id, item_variant_id, name, packaging_level, volume_per_unit) VALUES ('a115c6f1-d6bc-4092-a88d-02ae8e44df89', '6d69cea3-d997-425e-a16a-e1a6c29fa3ad', 'Tertiary', 3, 5.99) ON CONFLICT DO NOTHING;
INSERT INTO item_variant (id, name, item_link_id, cold_storage_type_id) VALUES ('968e203d-7bec-442f-ad3f-e2c79fe9f8f2', 'Fluzone (Sanofi Pasteur-USA)', 'a43f65f5-19e3-4d52-9242-2b297caa3ce7', (SELECT id FROM cold_storage_type WHERE name = '+5' or min_temperature = 2 and max_temperature = 8 LIMIT 1)) ON CONFLICT DO NOTHING;
INSERT INTO changelog (record_id, table_name, row_action) VALUES ('968e203d-7bec-442f-ad3f-e2c79fe9f8f2', 'item_variant', 'UPSERT');INSERT INTO packaging_variant (id, item_variant_id, name, packaging_level, volume_per_unit) VALUES ('138d3550-d441-4a6b-99ef-7e4321de94e1', '968e203d-7bec-442f-ad3f-e2c79fe9f8f2', 'Primary', 1, 5.8) ON CONFLICT DO NOTHING;
INSERT INTO packaging_variant (id, item_variant_id, name, packaging_level, volume_per_unit) VALUES ('55b7caa4-509d-4ba3-8a3a-79bce8907159', '968e203d-7bec-442f-ad3f-e2c79fe9f8f2', 'Secondary', 2, 5.8) ON CONFLICT DO NOTHING;
INSERT INTO packaging_variant (id, item_variant_id, name, packaging_level, volume_per_unit) VALUES ('1020a5b8-a0cf-4e84-a3ef-f042f3a6b210', '968e203d-7bec-442f-ad3f-e2c79fe9f8f2', 'Tertiary', 3, 8.62) ON CONFLICT DO NOTHING;
INSERT INTO item_variant (id, name, item_link_id, cold_storage_type_id) VALUES ('ea7f8baf-31da-4677-89a6-0ad6b1c0bb09', 'Vaxigrip (Sanofi Pasteur SA)', 'a43f65f5-19e3-4d52-9242-2b297caa3ce7', (SELECT id FROM cold_storage_type WHERE name = '+5' or min_temperature = 2 and max_temperature = 8 LIMIT 1)) ON CONFLICT DO NOTHING;
INSERT INTO changelog (record_id, table_name, row_action) VALUES ('ea7f8baf-31da-4677-89a6-0ad6b1c0bb09', 'item_variant', 'UPSERT');INSERT INTO packaging_variant (id, item_variant_id, name, packaging_level, volume_per_unit) VALUES ('9e3b7496-a146-477f-a772-b8630a4db079', 'ea7f8baf-31da-4677-89a6-0ad6b1c0bb09', 'Primary', 1, 2.4) ON CONFLICT DO NOTHING;
INSERT INTO packaging_variant (id, item_variant_id, name, packaging_level, volume_per_unit) VALUES ('1f421a74-8e2b-4d61-b72e-fbe057bc1082', 'ea7f8baf-31da-4677-89a6-0ad6b1c0bb09', 'Secondary', 2, 2.4) ON CONFLICT DO NOTHING;
INSERT INTO packaging_variant (id, item_variant_id, name, packaging_level, volume_per_unit) VALUES ('49b4b779-9cd7-4e35-b4a7-91d884c15eb2', 'ea7f8baf-31da-4677-89a6-0ad6b1c0bb09', 'Tertiary', 3, 2.85) ON CONFLICT DO NOTHING;
INSERT INTO item_variant (id, name, item_link_id, cold_storage_type_id) VALUES ('00a274e5-41b8-45c8-90a2-2d17281c472f', 'GC FLU Multi inj. (Green Cross Corporation)', 'a43f65f5-19e3-4d52-9242-2b297caa3ce7', (SELECT id FROM cold_storage_type WHERE name = '+5' or min_temperature = 2 and max_temperature = 8 LIMIT 1)) ON CONFLICT DO NOTHING;
INSERT INTO changelog (record_id, table_name, row_action) VALUES ('00a274e5-41b8-45c8-90a2-2d17281c472f', 'item_variant', 'UPSERT');INSERT INTO packaging_variant (id, item_variant_id, name, packaging_level, volume_per_unit) VALUES ('00a491ad-d625-431a-a9be-92f097c13222', '00a274e5-41b8-45c8-90a2-2d17281c472f', 'Primary', 1, 3.76) ON CONFLICT DO NOTHING;
INSERT INTO packaging_variant (id, item_variant_id, name, packaging_level, volume_per_unit) VALUES ('e9b063dc-2eaa-4fcd-b568-a2fc9b04d120', '00a274e5-41b8-45c8-90a2-2d17281c472f', 'Secondary', 2, 3.76) ON CONFLICT DO NOTHING;
INSERT INTO packaging_variant (id, item_variant_id, name, packaging_level, volume_per_unit) VALUES ('df24dac5-a584-466e-98d0-37c4b7f737cd', '00a274e5-41b8-45c8-90a2-2d17281c472f', 'Tertiary', 3, 19.35) ON CONFLICT DO NOTHING;
INSERT INTO item_variant (id, name, item_link_id, cold_storage_type_id) VALUES ('2056e2fe-e68d-4109-a154-f92d28b3f43f', 'AGRIFLU (Seqirus Vaccines Limited)', 'a43f65f5-19e3-4d52-9242-2b297caa3ce7', (SELECT id FROM cold_storage_type WHERE name = '+5' or min_temperature = 2 and max_temperature = 8 LIMIT 1)) ON CONFLICT DO NOTHING;
INSERT INTO changelog (record_id, table_name, row_action) VALUES ('2056e2fe-e68d-4109-a154-f92d28b3f43f', 'item_variant', 'UPSERT');INSERT INTO packaging_variant (id, item_variant_id, name, packaging_level, volume_per_unit) VALUES ('64ccb1b6-509b-4a2a-aa78-5e42dcc900bb', '2056e2fe-e68d-4109-a154-f92d28b3f43f', 'Primary', 1, 52.92) ON CONFLICT DO NOTHING;
INSERT INTO packaging_variant (id, item_variant_id, name, packaging_level, volume_per_unit) VALUES ('bf3e2747-13c7-4f82-8b24-09b6f6378fee', '2056e2fe-e68d-4109-a154-f92d28b3f43f', 'Secondary', 2, 52.92) ON CONFLICT DO NOTHING;
INSERT INTO packaging_variant (id, item_variant_id, name, packaging_level, volume_per_unit) VALUES ('36d5c769-4f9e-401e-8cce-e3ac12e89870', '2056e2fe-e68d-4109-a154-f92d28b3f43f', 'Tertiary', 3, 5.84) ON CONFLICT DO NOTHING;
INSERT INTO item_variant (id, name, item_link_id, cold_storage_type_id) VALUES ('393ee26e-7def-4b06-bbb1-c7be280148c9', 'Nasovac-S Influenza Vaccine, Live, Attenuated (Human) (Serum Institute of India Pvt. Ltd.)', '777bc413-3bb0-4eb4-9ee9-01bcf142605d', (SELECT id FROM cold_storage_type WHERE name = '+5' or min_temperature = 2 and max_temperature = 8 LIMIT 1)) ON CONFLICT DO NOTHING;
INSERT INTO changelog (record_id, table_name, row_action) VALUES ('393ee26e-7def-4b06-bbb1-c7be280148c9', 'item_variant', 'UPSERT');INSERT INTO packaging_variant (id, item_variant_id, name, packaging_level, volume_per_unit) VALUES ('e1068695-6145-4a96-a089-a38be40fd6f9', '393ee26e-7def-4b06-bbb1-c7be280148c9', 'Primary', 1, 17.58) ON CONFLICT DO NOTHING;
INSERT INTO packaging_variant (id, item_variant_id, name, packaging_level, volume_per_unit) VALUES ('bb321589-186f-457c-8485-95554ffc1d36', '393ee26e-7def-4b06-bbb1-c7be280148c9', 'Secondary', 2, 17.58) ON CONFLICT DO NOTHING;
INSERT INTO packaging_variant (id, item_variant_id, name, packaging_level, volume_per_unit) VALUES ('375460ec-d945-4ee3-91e5-81943a201bf1', '393ee26e-7def-4b06-bbb1-c7be280148c9', 'Tertiary', 3, 98.4) ON CONFLICT DO NOTHING;
INSERT INTO item (id, name, code, ven_category, type, legacy_record, is_active, is_vaccine, vaccine_doses, default_pack_size) VALUES ('3d957525-a4f9-40e1-a0a8-9100f4683490', 'Influenza, seasonal - vial + ampoule - 1 dose Diluent', 'INF-14-1_DIL', 'NOT_ASSIGNED', 'STOCK', '', 'True', 'False', 0, 1) ON CONFLICT DO NOTHING;
INSERT INTO item_link (id, item_id) VALUES ('3d957525-a4f9-40e1-a0a8-9100f4683490', '3d957525-a4f9-40e1-a0a8-9100f4683490') ON CONFLICT DO NOTHING;
INSERT INTO changelog (record_id, table_name, row_action) VALUES ('3d957525-a4f9-40e1-a0a8-9100f4683490', 'item', 'UPSERT');INSERT INTO item_variant (id, name, item_link_id, cold_storage_type_id) VALUES ('8a4ad333-4e6b-4414-9668-a8954280c0b9', 'Nasovac-S Influenza Vaccine, Live, Attenuated (Human) (Serum Institute of India Pvt. Ltd.)', '3d957525-a4f9-40e1-a0a8-9100f4683490', (SELECT id FROM cold_storage_type WHERE name = '+5' or min_temperature = 2 and max_temperature = 8 LIMIT 1)) ON CONFLICT DO NOTHING;
INSERT INTO changelog (record_id, table_name, row_action) VALUES ('8a4ad333-4e6b-4414-9668-a8954280c0b9', 'item_variant', 'UPSERT');INSERT INTO packaging_variant (id, item_variant_id, name, packaging_level, volume_per_unit) VALUES ('98b803db-46b7-44b3-8b80-fabe15500776', '8a4ad333-4e6b-4414-9668-a8954280c0b9', 'Primary', 1, 0) ON CONFLICT DO NOTHING;
INSERT INTO packaging_variant (id, item_variant_id, name, packaging_level, volume_per_unit) VALUES ('dfd922bc-f165-4618-8bd9-5d88dd456d1b', '8a4ad333-4e6b-4414-9668-a8954280c0b9', 'Secondary', 2, 0) ON CONFLICT DO NOTHING;
INSERT INTO packaging_variant (id, item_variant_id, name, packaging_level, volume_per_unit) VALUES ('06c2851c-ab01-467a-84b3-0d89ccc1454a', '8a4ad333-4e6b-4414-9668-a8954280c0b9', 'Tertiary', 3, 0) ON CONFLICT DO NOTHING;
INSERT INTO bundled_item (id, principal_item_variant_id, bundled_item_variant_id, ratio) VALUES ('3b1d838f-b3c9-463b-990c-c40524ab588f', '393ee26e-7def-4b06-bbb1-c7be280148c9', '8a4ad333-4e6b-4414-9668-a8954280c0b9', 1) ON CONFLICT DO NOTHING;
INSERT INTO changelog (record_id, table_name, row_action) VALUES ('3b1d838f-b3c9-463b-990c-c40524ab588f', 'bundled_item', 'UPSERT');INSERT INTO item_variant (id, name, item_link_id, cold_storage_type_id) VALUES ('5dd61b78-04fb-4415-a06c-2f26b37bd78b', 'Fluzone Quadrivalent (Sanofi Pasteur-USA)', '96d6f17a-d338-40d0-84fd-2a0aa0b7f6f2', (SELECT id FROM cold_storage_type WHERE name = '+5' or min_temperature = 2 and max_temperature = 8 LIMIT 1)) ON CONFLICT DO NOTHING;
INSERT INTO changelog (record_id, table_name, row_action) VALUES ('5dd61b78-04fb-4415-a06c-2f26b37bd78b', 'item_variant', 'UPSERT');INSERT INTO packaging_variant (id, item_variant_id, name, packaging_level, volume_per_unit) VALUES ('fb5dacd1-9eef-4653-9648-0d8bb517f9cc', '5dd61b78-04fb-4415-a06c-2f26b37bd78b', 'Primary', 1, 18.4) ON CONFLICT DO NOTHING;
INSERT INTO packaging_variant (id, item_variant_id, name, packaging_level, volume_per_unit) VALUES ('8c06ae2a-7e75-4e3b-8657-ea5d820e3162', '5dd61b78-04fb-4415-a06c-2f26b37bd78b', 'Secondary', 2, 18.4) ON CONFLICT DO NOTHING;
INSERT INTO packaging_variant (id, item_variant_id, name, packaging_level, volume_per_unit) VALUES ('a2cc4b22-e529-43d2-ada8-2d3d85579024', '5dd61b78-04fb-4415-a06c-2f26b37bd78b', 'Tertiary', 3, 19.46) ON CONFLICT DO NOTHING;
INSERT INTO item_variant (id, name, item_link_id, cold_storage_type_id) VALUES ('29e059f6-dc90-4339-ae8d-b2f2e35c10ef', 'GCFLU Quadrivalent inj. (Green Cross Corporation)', '96d6f17a-d338-40d0-84fd-2a0aa0b7f6f2', (SELECT id FROM cold_storage_type WHERE name = '+5' or min_temperature = 2 and max_temperature = 8 LIMIT 1)) ON CONFLICT DO NOTHING;
INSERT INTO changelog (record_id, table_name, row_action) VALUES ('29e059f6-dc90-4339-ae8d-b2f2e35c10ef', 'item_variant', 'UPSERT');INSERT INTO packaging_variant (id, item_variant_id, name, packaging_level, volume_per_unit) VALUES ('51d1713e-dbe6-42f2-8c37-cd15552d5587', '29e059f6-dc90-4339-ae8d-b2f2e35c10ef', 'Primary', 1, 13.9) ON CONFLICT DO NOTHING;
INSERT INTO packaging_variant (id, item_variant_id, name, packaging_level, volume_per_unit) VALUES ('02169095-d677-4936-a4ed-ad1f9292b550', '29e059f6-dc90-4339-ae8d-b2f2e35c10ef', 'Secondary', 2, 13.9) ON CONFLICT DO NOTHING;
INSERT INTO packaging_variant (id, item_variant_id, name, packaging_level, volume_per_unit) VALUES ('e08f9b0c-ad66-41ae-9733-54f2dd7e49d0', '29e059f6-dc90-4339-ae8d-b2f2e35c10ef', 'Tertiary', 3, 76.78) ON CONFLICT DO NOTHING;
INSERT INTO item_variant (id, name, item_link_id, cold_storage_type_id) VALUES ('607cb940-2b3d-4a6c-b95d-3ca8be99b6ac', 'Fluzone Quadrivalent (Sanofi Pasteur-USA)', 'a43f65f5-19e3-4d52-9242-2b297caa3ce7', (SELECT id FROM cold_storage_type WHERE name = '+5' or min_temperature = 2 and max_temperature = 8 LIMIT 1)) ON CONFLICT DO NOTHING;
INSERT INTO changelog (record_id, table_name, row_action) VALUES ('607cb940-2b3d-4a6c-b95d-3ca8be99b6ac', 'item_variant', 'UPSERT');INSERT INTO packaging_variant (id, item_variant_id, name, packaging_level, volume_per_unit) VALUES ('5c80ee89-1276-46ee-a2ac-93ebb992a969', '607cb940-2b3d-4a6c-b95d-3ca8be99b6ac', 'Primary', 1, 5.4) ON CONFLICT DO NOTHING;
INSERT INTO packaging_variant (id, item_variant_id, name, packaging_level, volume_per_unit) VALUES ('1f51861c-a5b9-4e21-8089-a140f9bb64e1', '607cb940-2b3d-4a6c-b95d-3ca8be99b6ac', 'Secondary', 2, 5.4) ON CONFLICT DO NOTHING;
INSERT INTO packaging_variant (id, item_variant_id, name, packaging_level, volume_per_unit) VALUES ('bcc6ae5a-538a-4530-b05d-6a74dcbd6cc0', '607cb940-2b3d-4a6c-b95d-3ca8be99b6ac', 'Tertiary', 3, 7.22) ON CONFLICT DO NOTHING;
INSERT INTO item_variant (id, name, item_link_id, cold_storage_type_id) VALUES ('06ffab06-ddf2-48b0-931f-57919974554a', 'GCFLU Quadrivalent Multi inj. (Green Cross Corporation)', 'a43f65f5-19e3-4d52-9242-2b297caa3ce7', (SELECT id FROM cold_storage_type WHERE name = '+5' or min_temperature = 2 and max_temperature = 8 LIMIT 1)) ON CONFLICT DO NOTHING;
INSERT INTO changelog (record_id, table_name, row_action) VALUES ('06ffab06-ddf2-48b0-931f-57919974554a', 'item_variant', 'UPSERT');INSERT INTO packaging_variant (id, item_variant_id, name, packaging_level, volume_per_unit) VALUES ('5353a065-fce8-47ce-a163-8c461c0aa2f8', '06ffab06-ddf2-48b0-931f-57919974554a', 'Primary', 1, 3.76) ON CONFLICT DO NOTHING;
INSERT INTO packaging_variant (id, item_variant_id, name, packaging_level, volume_per_unit) VALUES ('6805a414-4556-43e2-9142-8bb2976c5890', '06ffab06-ddf2-48b0-931f-57919974554a', 'Secondary', 2, 3.76) ON CONFLICT DO NOTHING;
INSERT INTO packaging_variant (id, item_variant_id, name, packaging_level, volume_per_unit) VALUES ('17f5e4e4-66c3-4bf7-9ec6-b829b4174f63', '06ffab06-ddf2-48b0-931f-57919974554a', 'Tertiary', 3, 76.78) ON CONFLICT DO NOTHING;
INSERT INTO item (id, name, code, ven_category, type, legacy_record, is_active, is_vaccine, vaccine_doses, default_pack_size) VALUES ('3cf56db6-821d-4bfb-9ab4-9e11f4685f53', 'Japanese Encephalitis Vaccine (Inactivated) - vial - 1 dose', 'JAP-4-1', 'NOT_ASSIGNED', 'STOCK', '', 'True', 'True', 1, 1) ON CONFLICT DO NOTHING;
INSERT INTO item_link (id, item_id) VALUES ('3cf56db6-821d-4bfb-9ab4-9e11f4685f53', '3cf56db6-821d-4bfb-9ab4-9e11f4685f53') ON CONFLICT DO NOTHING;
INSERT INTO changelog (record_id, table_name, row_action) VALUES ('3cf56db6-821d-4bfb-9ab4-9e11f4685f53', 'item', 'UPSERT');INSERT INTO master_list_line (id, master_list_id, item_link_id) VALUES (uuid_in(md5(random()::text || random()::text)::cstring), '43491ce9-bc89-4ee5-988d-9dbb2856e398', '3cf56db6-821d-4bfb-9ab4-9e11f4685f53') ON CONFLICT DO NOTHING;
INSERT INTO item_variant (id, name, item_link_id, cold_storage_type_id) VALUES ('41dd23e4-7822-40d0-a529-8f1e3b7d4abb', 'JEEV Pediatric (Biological E. Limited)', '3cf56db6-821d-4bfb-9ab4-9e11f4685f53', (SELECT id FROM cold_storage_type WHERE name = '+5' or min_temperature = 2 and max_temperature = 8 LIMIT 1)) ON CONFLICT DO NOTHING;
INSERT INTO changelog (record_id, table_name, row_action) VALUES ('41dd23e4-7822-40d0-a529-8f1e3b7d4abb', 'item_variant', 'UPSERT');INSERT INTO packaging_variant (id, item_variant_id, name, packaging_level, volume_per_unit) VALUES ('809fcf28-945f-40e7-94a7-9399f0664b24', '41dd23e4-7822-40d0-a529-8f1e3b7d4abb', 'Primary', 1, 14.7) ON CONFLICT DO NOTHING;
INSERT INTO packaging_variant (id, item_variant_id, name, packaging_level, volume_per_unit) VALUES ('4b6888f0-1264-4c97-a613-9bf30cfdeb4d', '41dd23e4-7822-40d0-a529-8f1e3b7d4abb', 'Secondary', 2, 14.7) ON CONFLICT DO NOTHING;
INSERT INTO packaging_variant (id, item_variant_id, name, packaging_level, volume_per_unit) VALUES ('dade5d53-1c8b-4ff3-9b2e-d19c3c09e558', '41dd23e4-7822-40d0-a529-8f1e3b7d4abb', 'Tertiary', 3, 93.08) ON CONFLICT DO NOTHING;
INSERT INTO item (id, name, code, ven_category, type, legacy_record, is_active, is_vaccine, vaccine_doses, default_pack_size) VALUES ('8a29f44e-7c3a-4af9-b656-7988921a7e5b', 'Japanese Encephalitis Vaccine (Inactivated) - vial - 5 doses', 'JAP-4-5', 'NOT_ASSIGNED', 'STOCK', '', 'True', 'True', 5, 1) ON CONFLICT DO NOTHING;
INSERT INTO item_link (id, item_id) VALUES ('8a29f44e-7c3a-4af9-b656-7988921a7e5b', '8a29f44e-7c3a-4af9-b656-7988921a7e5b') ON CONFLICT DO NOTHING;
INSERT INTO changelog (record_id, table_name, row_action) VALUES ('8a29f44e-7c3a-4af9-b656-7988921a7e5b', 'item', 'UPSERT');INSERT INTO master_list_line (id, master_list_id, item_link_id) VALUES (uuid_in(md5(random()::text || random()::text)::cstring), '43491ce9-bc89-4ee5-988d-9dbb2856e398', '8a29f44e-7c3a-4af9-b656-7988921a7e5b') ON CONFLICT DO NOTHING;
INSERT INTO item_variant (id, name, item_link_id, cold_storage_type_id) VALUES ('ea73610b-8606-4f3b-b24a-aabc9e26d702', 'JEEV Pediatric (Biological E. Limited)', '8a29f44e-7c3a-4af9-b656-7988921a7e5b', (SELECT id FROM cold_storage_type WHERE name = '+5' or min_temperature = 2 and max_temperature = 8 LIMIT 1)) ON CONFLICT DO NOTHING;
INSERT INTO changelog (record_id, table_name, row_action) VALUES ('ea73610b-8606-4f3b-b24a-aabc9e26d702', 'item_variant', 'UPSERT');INSERT INTO packaging_variant (id, item_variant_id, name, packaging_level, volume_per_unit) VALUES ('27437565-71d3-4e37-b4e9-221a864219a8', 'ea73610b-8606-4f3b-b24a-aabc9e26d702', 'Primary', 1, 2.9) ON CONFLICT DO NOTHING;
INSERT INTO packaging_variant (id, item_variant_id, name, packaging_level, volume_per_unit) VALUES ('cb3a7851-5203-411e-a824-221b3751df6f', 'ea73610b-8606-4f3b-b24a-aabc9e26d702', 'Secondary', 2, 2.9) ON CONFLICT DO NOTHING;
INSERT INTO packaging_variant (id, item_variant_id, name, packaging_level, volume_per_unit) VALUES ('447d5b85-bcf0-4784-96e6-9580bf4c086d', 'ea73610b-8606-4f3b-b24a-aabc9e26d702', 'Tertiary', 3, 19.58) ON CONFLICT DO NOTHING;
INSERT INTO item (id, name, code, ven_category, type, legacy_record, is_active, is_vaccine, vaccine_doses, default_pack_size) VALUES ('59b39542-07ad-4ed5-a705-ee8bb8343ad6', 'Japanese Encephalitis Vaccine (live, attenuated) - two vial set (active + excipient) - 1 dose', 'JAP-33-1', 'NOT_ASSIGNED', 'STOCK', '', 'True', 'True', 1, 1) ON CONFLICT DO NOTHING;
INSERT INTO item_link (id, item_id) VALUES ('59b39542-07ad-4ed5-a705-ee8bb8343ad6', '59b39542-07ad-4ed5-a705-ee8bb8343ad6') ON CONFLICT DO NOTHING;
INSERT INTO changelog (record_id, table_name, row_action) VALUES ('59b39542-07ad-4ed5-a705-ee8bb8343ad6', 'item', 'UPSERT');INSERT INTO master_list_line (id, master_list_id, item_link_id) VALUES (uuid_in(md5(random()::text || random()::text)::cstring), '43491ce9-bc89-4ee5-988d-9dbb2856e398', '59b39542-07ad-4ed5-a705-ee8bb8343ad6') ON CONFLICT DO NOTHING;
INSERT INTO item_variant (id, name, item_link_id, cold_storage_type_id) VALUES ('63527bea-f164-413e-ad87-724b586b144c', 'Japanese Encephalitis Vaccine Live (SA14-14-2) (Chengdu Institute of Biological Products Co.,Ltd)', '59b39542-07ad-4ed5-a705-ee8bb8343ad6', (SELECT id FROM cold_storage_type WHERE name = '+5' or min_temperature = 2 and max_temperature = 8 LIMIT 1)) ON CONFLICT DO NOTHING;
INSERT INTO changelog (record_id, table_name, row_action) VALUES ('63527bea-f164-413e-ad87-724b586b144c', 'item_variant', 'UPSERT');INSERT INTO packaging_variant (id, item_variant_id, name, packaging_level, volume_per_unit) VALUES ('d3875868-c216-444c-9bfb-fc1db9213843', '63527bea-f164-413e-ad87-724b586b144c', 'Primary', 1, 21.2) ON CONFLICT DO NOTHING;
INSERT INTO packaging_variant (id, item_variant_id, name, packaging_level, volume_per_unit) VALUES ('78cf7bc9-e342-4d77-9bf8-bd852b14811a', '63527bea-f164-413e-ad87-724b586b144c', 'Secondary', 2, 21.2) ON CONFLICT DO NOTHING;
INSERT INTO packaging_variant (id, item_variant_id, name, packaging_level, volume_per_unit) VALUES ('34b4e8f0-23b2-4560-8ed2-1b8ff3e41311', '63527bea-f164-413e-ad87-724b586b144c', 'Tertiary', 3, 197.1) ON CONFLICT DO NOTHING;
INSERT INTO item (id, name, code, ven_category, type, legacy_record, is_active, is_vaccine, vaccine_doses, default_pack_size) VALUES ('b036fb5d-65e5-4eac-bae1-08d7e46fef52', 'Japanese Encephalitis Vaccine (live, attenuated) - two vial set (active + excipient) - 1 dose Diluent', 'JAP-33-1_DIL', 'NOT_ASSIGNED', 'STOCK', '', 'True', 'False', 0, 1) ON CONFLICT DO NOTHING;
INSERT INTO item_link (id, item_id) VALUES ('b036fb5d-65e5-4eac-bae1-08d7e46fef52', 'b036fb5d-65e5-4eac-bae1-08d7e46fef52') ON CONFLICT DO NOTHING;
INSERT INTO changelog (record_id, table_name, row_action) VALUES ('b036fb5d-65e5-4eac-bae1-08d7e46fef52', 'item', 'UPSERT');INSERT INTO item_variant (id, name, item_link_id, cold_storage_type_id) VALUES ('7e0b49ed-a6dc-4e2f-97a8-6b67bd152edb', 'Japanese Encephalitis Vaccine Live (SA14-14-2) (Chengdu Institute of Biological Products Co.,Ltd)', 'b036fb5d-65e5-4eac-bae1-08d7e46fef52', (SELECT id FROM cold_storage_type WHERE name = '+5' or min_temperature = 2 and max_temperature = 8 LIMIT 1)) ON CONFLICT DO NOTHING;
INSERT INTO changelog (record_id, table_name, row_action) VALUES ('7e0b49ed-a6dc-4e2f-97a8-6b67bd152edb', 'item_variant', 'UPSERT');INSERT INTO packaging_variant (id, item_variant_id, name, packaging_level, volume_per_unit) VALUES ('797aa2fb-4552-467c-996b-dec214600cb6', '7e0b49ed-a6dc-4e2f-97a8-6b67bd152edb', 'Primary', 1, 0) ON CONFLICT DO NOTHING;
INSERT INTO packaging_variant (id, item_variant_id, name, packaging_level, volume_per_unit) VALUES ('02c3694c-2cf6-4610-afb5-6323b668689b', '7e0b49ed-a6dc-4e2f-97a8-6b67bd152edb', 'Secondary', 2, 0) ON CONFLICT DO NOTHING;
INSERT INTO packaging_variant (id, item_variant_id, name, packaging_level, volume_per_unit) VALUES ('f6e7a2c3-8caf-42b6-8130-36cadb60b19a', '7e0b49ed-a6dc-4e2f-97a8-6b67bd152edb', 'Tertiary', 3, 0) ON CONFLICT DO NOTHING;
INSERT INTO bundled_item (id, principal_item_variant_id, bundled_item_variant_id, ratio) VALUES ('798300e5-3e6f-4ff6-83fb-41ba833a924e', '63527bea-f164-413e-ad87-724b586b144c', '7e0b49ed-a6dc-4e2f-97a8-6b67bd152edb', 1) ON CONFLICT DO NOTHING;
INSERT INTO changelog (record_id, table_name, row_action) VALUES ('798300e5-3e6f-4ff6-83fb-41ba833a924e', 'bundled_item', 'UPSERT');INSERT INTO item (id, name, code, ven_category, type, legacy_record, is_active, is_vaccine, vaccine_doses, default_pack_size) VALUES ('ae773203-666d-45f0-853f-7903a29137b0', 'Japanese Encephalitis Vaccine (live, attenuated) - two vial set (active + excipient) - 4 doses', 'JAP-33-4', 'NOT_ASSIGNED', 'STOCK', '', 'True', 'True', 4, 1) ON CONFLICT DO NOTHING;
INSERT INTO item_link (id, item_id) VALUES ('ae773203-666d-45f0-853f-7903a29137b0', 'ae773203-666d-45f0-853f-7903a29137b0') ON CONFLICT DO NOTHING;
INSERT INTO changelog (record_id, table_name, row_action) VALUES ('ae773203-666d-45f0-853f-7903a29137b0', 'item', 'UPSERT');INSERT INTO master_list_line (id, master_list_id, item_link_id) VALUES (uuid_in(md5(random()::text || random()::text)::cstring), '43491ce9-bc89-4ee5-988d-9dbb2856e398', 'ae773203-666d-45f0-853f-7903a29137b0') ON CONFLICT DO NOTHING;
INSERT INTO item_variant (id, name, item_link_id, cold_storage_type_id) VALUES ('b46e2fb3-3227-49c4-8f3a-bb420a26e262', 'IMOJEV MD (GPO-MBP Co., Ltd.)', 'ae773203-666d-45f0-853f-7903a29137b0', (SELECT id FROM cold_storage_type WHERE name = '+5' or min_temperature = 2 and max_temperature = 8 LIMIT 1)) ON CONFLICT DO NOTHING;
INSERT INTO changelog (record_id, table_name, row_action) VALUES ('b46e2fb3-3227-49c4-8f3a-bb420a26e262', 'item_variant', 'UPSERT');INSERT INTO packaging_variant (id, item_variant_id, name, packaging_level, volume_per_unit) VALUES ('a67f8d1e-f2ad-4c3c-9284-ce65b9814d02', 'b46e2fb3-3227-49c4-8f3a-bb420a26e262', 'Primary', 1, 2.5) ON CONFLICT DO NOTHING;
INSERT INTO packaging_variant (id, item_variant_id, name, packaging_level, volume_per_unit) VALUES ('c8064705-317c-408b-bf7d-b4feb76d6d74', 'b46e2fb3-3227-49c4-8f3a-bb420a26e262', 'Secondary', 2, 2.5) ON CONFLICT DO NOTHING;
INSERT INTO packaging_variant (id, item_variant_id, name, packaging_level, volume_per_unit) VALUES ('01b47a81-67ad-4402-bde8-ccc5a0aa9927', 'b46e2fb3-3227-49c4-8f3a-bb420a26e262', 'Tertiary', 3, 12.57) ON CONFLICT DO NOTHING;
INSERT INTO item_variant (id, name, item_link_id, cold_storage_type_id) VALUES ('1b29e771-dc55-4208-a34b-8fce2766c561', 'IMOJEV MD (GPO-MBP Co., Ltd.)', 'b036fb5d-65e5-4eac-bae1-08d7e46fef52', (SELECT id FROM cold_storage_type WHERE name = '+5' or min_temperature = 2 and max_temperature = 8 LIMIT 1)) ON CONFLICT DO NOTHING;
INSERT INTO changelog (record_id, table_name, row_action) VALUES ('1b29e771-dc55-4208-a34b-8fce2766c561', 'item_variant', 'UPSERT');INSERT INTO packaging_variant (id, item_variant_id, name, packaging_level, volume_per_unit) VALUES ('7e44f13b-3874-4309-b86e-d670bc4bbe68', '1b29e771-dc55-4208-a34b-8fce2766c561', 'Primary', 1, 0) ON CONFLICT DO NOTHING;
INSERT INTO packaging_variant (id, item_variant_id, name, packaging_level, volume_per_unit) VALUES ('3ad8a285-391a-4f79-8f98-50140f2a5c66', '1b29e771-dc55-4208-a34b-8fce2766c561', 'Secondary', 2, 0) ON CONFLICT DO NOTHING;
INSERT INTO packaging_variant (id, item_variant_id, name, packaging_level, volume_per_unit) VALUES ('fc659ecc-2464-4485-9313-335cd830b595', '1b29e771-dc55-4208-a34b-8fce2766c561', 'Tertiary', 3, 0) ON CONFLICT DO NOTHING;
INSERT INTO bundled_item (id, principal_item_variant_id, bundled_item_variant_id, ratio) VALUES ('d04c1528-3d1c-493e-98ac-e18e5737c39c', 'b46e2fb3-3227-49c4-8f3a-bb420a26e262', '1b29e771-dc55-4208-a34b-8fce2766c561', 1) ON CONFLICT DO NOTHING;
INSERT INTO changelog (record_id, table_name, row_action) VALUES ('d04c1528-3d1c-493e-98ac-e18e5737c39c', 'bundled_item', 'UPSERT');INSERT INTO item (id, name, code, ven_category, type, legacy_record, is_active, is_vaccine, vaccine_doses, default_pack_size) VALUES ('a717f300-5b4b-4ca4-96ac-381fa135f774', 'Japanese Encephalitis Vaccine (live, attenuated) - two vial set (active + excipient) - 5 doses', 'JAP-33-5', 'NOT_ASSIGNED', 'STOCK', '', 'True', 'True', 5, 1) ON CONFLICT DO NOTHING;
INSERT INTO item_link (id, item_id) VALUES ('a717f300-5b4b-4ca4-96ac-381fa135f774', 'a717f300-5b4b-4ca4-96ac-381fa135f774') ON CONFLICT DO NOTHING;
INSERT INTO changelog (record_id, table_name, row_action) VALUES ('a717f300-5b4b-4ca4-96ac-381fa135f774', 'item', 'UPSERT');INSERT INTO master_list_line (id, master_list_id, item_link_id) VALUES (uuid_in(md5(random()::text || random()::text)::cstring), '43491ce9-bc89-4ee5-988d-9dbb2856e398', 'a717f300-5b4b-4ca4-96ac-381fa135f774') ON CONFLICT DO NOTHING;
INSERT INTO item_variant (id, name, item_link_id, cold_storage_type_id) VALUES ('f0f137d2-4127-4f7b-bc82-e4afc9059200', 'Japanese Encephalitis Vaccine Live (SA14-14-2) (Chengdu Institute of Biological Products Co.,Ltd)', 'a717f300-5b4b-4ca4-96ac-381fa135f774', (SELECT id FROM cold_storage_type WHERE name = '+5' or min_temperature = 2 and max_temperature = 8 LIMIT 1)) ON CONFLICT DO NOTHING;
INSERT INTO changelog (record_id, table_name, row_action) VALUES ('f0f137d2-4127-4f7b-bc82-e4afc9059200', 'item_variant', 'UPSERT');INSERT INTO packaging_variant (id, item_variant_id, name, packaging_level, volume_per_unit) VALUES ('c4dce028-eed1-4829-9335-d36e78bb7d81', 'f0f137d2-4127-4f7b-bc82-e4afc9059200', 'Primary', 1, 4.2) ON CONFLICT DO NOTHING;
INSERT INTO packaging_variant (id, item_variant_id, name, packaging_level, volume_per_unit) VALUES ('d191e12a-173f-4176-bec8-c5258c0dbb4f', 'f0f137d2-4127-4f7b-bc82-e4afc9059200', 'Secondary', 2, 4.2) ON CONFLICT DO NOTHING;
INSERT INTO packaging_variant (id, item_variant_id, name, packaging_level, volume_per_unit) VALUES ('048f6d1a-cabb-4d22-895e-5ca33e8d07e3', 'f0f137d2-4127-4f7b-bc82-e4afc9059200', 'Tertiary', 3, 39.42) ON CONFLICT DO NOTHING;
INSERT INTO item_variant (id, name, item_link_id, cold_storage_type_id) VALUES ('3d250879-b0dd-42be-b491-32bce281e3e0', 'Japanese Encephalitis Vaccine Live (SA14-14-2) (Chengdu Institute of Biological Products Co.,Ltd)', 'b036fb5d-65e5-4eac-bae1-08d7e46fef52', (SELECT id FROM cold_storage_type WHERE name = '+5' or min_temperature = 2 and max_temperature = 8 LIMIT 1)) ON CONFLICT DO NOTHING;
INSERT INTO changelog (record_id, table_name, row_action) VALUES ('3d250879-b0dd-42be-b491-32bce281e3e0', 'item_variant', 'UPSERT');INSERT INTO packaging_variant (id, item_variant_id, name, packaging_level, volume_per_unit) VALUES ('a410823d-373f-4ff5-ba4c-2c4a8253fc67', '3d250879-b0dd-42be-b491-32bce281e3e0', 'Primary', 1, 0) ON CONFLICT DO NOTHING;
INSERT INTO packaging_variant (id, item_variant_id, name, packaging_level, volume_per_unit) VALUES ('ec81d87b-6ddf-4526-ad51-d835d9935103', '3d250879-b0dd-42be-b491-32bce281e3e0', 'Secondary', 2, 0) ON CONFLICT DO NOTHING;
INSERT INTO packaging_variant (id, item_variant_id, name, packaging_level, volume_per_unit) VALUES ('059907f2-500d-4ea4-811c-e4eb44686347', '3d250879-b0dd-42be-b491-32bce281e3e0', 'Tertiary', 3, 0) ON CONFLICT DO NOTHING;
INSERT INTO bundled_item (id, principal_item_variant_id, bundled_item_variant_id, ratio) VALUES ('7a0d5eb6-2603-4e62-87ba-dddb47a96151', 'f0f137d2-4127-4f7b-bc82-e4afc9059200', '3d250879-b0dd-42be-b491-32bce281e3e0', 1) ON CONFLICT DO NOTHING;
INSERT INTO changelog (record_id, table_name, row_action) VALUES ('7a0d5eb6-2603-4e62-87ba-dddb47a96151', 'bundled_item', 'UPSERT');INSERT INTO item (id, name, code, ven_category, type, legacy_record, is_active, is_vaccine, vaccine_doses, default_pack_size) VALUES ('d94a8ac5-377c-439f-939e-7f5843ec3501', 'Malaria vaccine - two vial set (active + active) - 2 doses', 'MAL-30-2', 'NOT_ASSIGNED', 'STOCK', '', 'True', 'True', 2, 1) ON CONFLICT DO NOTHING;
INSERT INTO item_link (id, item_id) VALUES ('d94a8ac5-377c-439f-939e-7f5843ec3501', 'd94a8ac5-377c-439f-939e-7f5843ec3501') ON CONFLICT DO NOTHING;
INSERT INTO changelog (record_id, table_name, row_action) VALUES ('d94a8ac5-377c-439f-939e-7f5843ec3501', 'item', 'UPSERT');INSERT INTO master_list_line (id, master_list_id, item_link_id) VALUES (uuid_in(md5(random()::text || random()::text)::cstring), '43491ce9-bc89-4ee5-988d-9dbb2856e398', 'd94a8ac5-377c-439f-939e-7f5843ec3501') ON CONFLICT DO NOTHING;
INSERT INTO item_variant (id, name, item_link_id, cold_storage_type_id) VALUES ('15472523-3a2d-4932-bec1-4758e9088425', 'Mosquirix (GlaxoSmithKline Biologicals SA)', 'd94a8ac5-377c-439f-939e-7f5843ec3501', (SELECT id FROM cold_storage_type WHERE name = '+5' or min_temperature = 2 and max_temperature = 8 LIMIT 1)) ON CONFLICT DO NOTHING;
INSERT INTO changelog (record_id, table_name, row_action) VALUES ('15472523-3a2d-4932-bec1-4758e9088425', 'item_variant', 'UPSERT');INSERT INTO packaging_variant (id, item_variant_id, name, packaging_level, volume_per_unit) VALUES ('df1988c0-7df4-4deb-8016-d6058fd0d840', '15472523-3a2d-4932-bec1-4758e9088425', 'Primary', 1, 9.9) ON CONFLICT DO NOTHING;
INSERT INTO packaging_variant (id, item_variant_id, name, packaging_level, volume_per_unit) VALUES ('3e92074c-f0df-4117-9bc8-67cf392634c5', '15472523-3a2d-4932-bec1-4758e9088425', 'Secondary', 2, 9.9) ON CONFLICT DO NOTHING;
INSERT INTO packaging_variant (id, item_variant_id, name, packaging_level, volume_per_unit) VALUES ('a6e1ec2c-757e-4258-8549-bc05144d35cf', '15472523-3a2d-4932-bec1-4758e9088425', 'Tertiary', 3, 15.42) ON CONFLICT DO NOTHING;
INSERT INTO item (id, name, code, ven_category, type, legacy_record, is_active, is_vaccine, vaccine_doses, default_pack_size) VALUES ('e5bc262b-9fbe-4306-bbf4-a67bcaec6a13', 'Measles - vial - 1 dose', 'MEA-4-1', 'NOT_ASSIGNED', 'STOCK', '', 'True', 'True', 1, 1) ON CONFLICT DO NOTHING;
INSERT INTO item_link (id, item_id) VALUES ('e5bc262b-9fbe-4306-bbf4-a67bcaec6a13', 'e5bc262b-9fbe-4306-bbf4-a67bcaec6a13') ON CONFLICT DO NOTHING;
INSERT INTO changelog (record_id, table_name, row_action) VALUES ('e5bc262b-9fbe-4306-bbf4-a67bcaec6a13', 'item', 'UPSERT');INSERT INTO master_list_line (id, master_list_id, item_link_id) VALUES (uuid_in(md5(random()::text || random()::text)::cstring), '43491ce9-bc89-4ee5-988d-9dbb2856e398', 'e5bc262b-9fbe-4306-bbf4-a67bcaec6a13') ON CONFLICT DO NOTHING;
INSERT INTO item_variant (id, name, item_link_id, cold_storage_type_id) VALUES ('2cd7d886-c79b-4327-8a2e-81ae4cb9c8b6', 'Measles Vaccine, Live, Attenuated (Serum Institute of India Pvt. Ltd.)', 'e5bc262b-9fbe-4306-bbf4-a67bcaec6a13', (SELECT id FROM cold_storage_type WHERE name = '+5' or min_temperature = 2 and max_temperature = 8 LIMIT 1)) ON CONFLICT DO NOTHING;
INSERT INTO changelog (record_id, table_name, row_action) VALUES ('2cd7d886-c79b-4327-8a2e-81ae4cb9c8b6', 'item_variant', 'UPSERT');INSERT INTO packaging_variant (id, item_variant_id, name, packaging_level, volume_per_unit) VALUES ('83620678-5c25-4754-9472-464305d4b5d5', '2cd7d886-c79b-4327-8a2e-81ae4cb9c8b6', 'Primary', 1, 21.09) ON CONFLICT DO NOTHING;
INSERT INTO packaging_variant (id, item_variant_id, name, packaging_level, volume_per_unit) VALUES ('1760ea18-602d-4064-bb50-acfd042385d6', '2cd7d886-c79b-4327-8a2e-81ae4cb9c8b6', 'Secondary', 2, 21.09) ON CONFLICT DO NOTHING;
INSERT INTO packaging_variant (id, item_variant_id, name, packaging_level, volume_per_unit) VALUES ('fe9d7716-94f1-4467-96ce-4ddcb0eceb24', '2cd7d886-c79b-4327-8a2e-81ae4cb9c8b6', 'Tertiary', 3, 98.4) ON CONFLICT DO NOTHING;
INSERT INTO item (id, name, code, ven_category, type, legacy_record, is_active, is_vaccine, vaccine_doses, default_pack_size) VALUES ('e9f8a87d-247d-4820-be3c-04e1d03403bb', 'Measles - vial - 1 dose Diluent', 'MEA-4-1_DIL', 'NOT_ASSIGNED', 'STOCK', '', 'True', 'False', 0, 1) ON CONFLICT DO NOTHING;
INSERT INTO item_link (id, item_id) VALUES ('e9f8a87d-247d-4820-be3c-04e1d03403bb', 'e9f8a87d-247d-4820-be3c-04e1d03403bb') ON CONFLICT DO NOTHING;
INSERT INTO changelog (record_id, table_name, row_action) VALUES ('e9f8a87d-247d-4820-be3c-04e1d03403bb', 'item', 'UPSERT');INSERT INTO item_variant (id, name, item_link_id, cold_storage_type_id) VALUES ('a212833d-781b-4e46-bc22-4fed3e8fb105', 'Measles Vaccine, Live, Attenuated (Serum Institute of India Pvt. Ltd.)', 'e9f8a87d-247d-4820-be3c-04e1d03403bb', (SELECT id FROM cold_storage_type WHERE name = '+5' or min_temperature = 2 and max_temperature = 8 LIMIT 1)) ON CONFLICT DO NOTHING;
INSERT INTO changelog (record_id, table_name, row_action) VALUES ('a212833d-781b-4e46-bc22-4fed3e8fb105', 'item_variant', 'UPSERT');INSERT INTO packaging_variant (id, item_variant_id, name, packaging_level, volume_per_unit) VALUES ('f8922903-4efc-437b-a35c-55918811015c', 'a212833d-781b-4e46-bc22-4fed3e8fb105', 'Primary', 1, 12.5) ON CONFLICT DO NOTHING;
INSERT INTO packaging_variant (id, item_variant_id, name, packaging_level, volume_per_unit) VALUES ('2bec95b9-2451-477e-b443-681021239d0d', 'a212833d-781b-4e46-bc22-4fed3e8fb105', 'Secondary', 2, 12.5) ON CONFLICT DO NOTHING;
INSERT INTO packaging_variant (id, item_variant_id, name, packaging_level, volume_per_unit) VALUES ('590f6815-9987-4bd5-a401-0f6a3124ad0a', 'a212833d-781b-4e46-bc22-4fed3e8fb105', 'Tertiary', 3, 0) ON CONFLICT DO NOTHING;
INSERT INTO bundled_item (id, principal_item_variant_id, bundled_item_variant_id, ratio) VALUES ('4b24686d-3d2b-4086-b222-398850a314ed', '2cd7d886-c79b-4327-8a2e-81ae4cb9c8b6', 'a212833d-781b-4e46-bc22-4fed3e8fb105', 1) ON CONFLICT DO NOTHING;
INSERT INTO changelog (record_id, table_name, row_action) VALUES ('4b24686d-3d2b-4086-b222-398850a314ed', 'bundled_item', 'UPSERT');INSERT INTO item (id, name, code, ven_category, type, legacy_record, is_active, is_vaccine, vaccine_doses, default_pack_size) VALUES ('32f3d99a-65da-434a-8532-84e470c055c7', 'Measles - vial - 10 doses', 'MEA-4-10', 'NOT_ASSIGNED', 'STOCK', '', 'True', 'True', 10, 1) ON CONFLICT DO NOTHING;
INSERT INTO item_link (id, item_id) VALUES ('32f3d99a-65da-434a-8532-84e470c055c7', '32f3d99a-65da-434a-8532-84e470c055c7') ON CONFLICT DO NOTHING;
INSERT INTO changelog (record_id, table_name, row_action) VALUES ('32f3d99a-65da-434a-8532-84e470c055c7', 'item', 'UPSERT');INSERT INTO master_list_line (id, master_list_id, item_link_id) VALUES (uuid_in(md5(random()::text || random()::text)::cstring), '43491ce9-bc89-4ee5-988d-9dbb2856e398', '32f3d99a-65da-434a-8532-84e470c055c7') ON CONFLICT DO NOTHING;
INSERT INTO item_variant (id, name, item_link_id, cold_storage_type_id) VALUES ('543aac18-9984-47aa-bc56-66456ba6fd20', 'Measles vaccine (PT Bio Farma (Persero))', '32f3d99a-65da-434a-8532-84e470c055c7', (SELECT id FROM cold_storage_type WHERE name = '+5' or min_temperature = 2 and max_temperature = 8 LIMIT 1)) ON CONFLICT DO NOTHING;
INSERT INTO changelog (record_id, table_name, row_action) VALUES ('543aac18-9984-47aa-bc56-66456ba6fd20', 'item_variant', 'UPSERT');INSERT INTO packaging_variant (id, item_variant_id, name, packaging_level, volume_per_unit) VALUES ('89a5daee-2f15-4b42-aa7c-871cd917b14c', '543aac18-9984-47aa-bc56-66456ba6fd20', 'Primary', 1, 1.3) ON CONFLICT DO NOTHING;
INSERT INTO packaging_variant (id, item_variant_id, name, packaging_level, volume_per_unit) VALUES ('cbf5b0e3-4c06-496a-8d51-d98ff85de2b8', '543aac18-9984-47aa-bc56-66456ba6fd20', 'Secondary', 2, 1.3) ON CONFLICT DO NOTHING;
INSERT INTO packaging_variant (id, item_variant_id, name, packaging_level, volume_per_unit) VALUES ('b9d1daf5-3715-4026-8684-1eceb6321f25', '543aac18-9984-47aa-bc56-66456ba6fd20', 'Tertiary', 3, 1.3) ON CONFLICT DO NOTHING;
INSERT INTO item_variant (id, name, item_link_id, cold_storage_type_id) VALUES ('16ec4db4-5747-47df-8b5b-b223e30462db', 'Measles vaccine (PT Bio Farma (Persero))', 'e9f8a87d-247d-4820-be3c-04e1d03403bb', (SELECT id FROM cold_storage_type WHERE name = '+5' or min_temperature = 2 and max_temperature = 8 LIMIT 1)) ON CONFLICT DO NOTHING;
INSERT INTO changelog (record_id, table_name, row_action) VALUES ('16ec4db4-5747-47df-8b5b-b223e30462db', 'item_variant', 'UPSERT');INSERT INTO packaging_variant (id, item_variant_id, name, packaging_level, volume_per_unit) VALUES ('beb2f9c3-b383-4f4d-8576-8417ccf7bc35', '16ec4db4-5747-47df-8b5b-b223e30462db', 'Primary', 1, 0) ON CONFLICT DO NOTHING;
INSERT INTO packaging_variant (id, item_variant_id, name, packaging_level, volume_per_unit) VALUES ('f0be07da-06c2-4b51-a424-2c56ae3e0cfe', '16ec4db4-5747-47df-8b5b-b223e30462db', 'Secondary', 2, 0) ON CONFLICT DO NOTHING;
INSERT INTO packaging_variant (id, item_variant_id, name, packaging_level, volume_per_unit) VALUES ('42c79a9f-519d-4e09-8fda-26aa4d2b1577', '16ec4db4-5747-47df-8b5b-b223e30462db', 'Tertiary', 3, 0) ON CONFLICT DO NOTHING;
INSERT INTO bundled_item (id, principal_item_variant_id, bundled_item_variant_id, ratio) VALUES ('3d365114-c88e-4e76-b4e9-7ee4206bca4b', '543aac18-9984-47aa-bc56-66456ba6fd20', '16ec4db4-5747-47df-8b5b-b223e30462db', 1) ON CONFLICT DO NOTHING;
INSERT INTO changelog (record_id, table_name, row_action) VALUES ('3d365114-c88e-4e76-b4e9-7ee4206bca4b', 'bundled_item', 'UPSERT');INSERT INTO item_variant (id, name, item_link_id, cold_storage_type_id) VALUES ('ab7e0b9a-7d03-4717-a383-0edc1ea59809', 'ROUVAX (Sanofi Pasteur SA)', '32f3d99a-65da-434a-8532-84e470c055c7', (SELECT id FROM cold_storage_type WHERE name = '+5' or min_temperature = 2 and max_temperature = 8 LIMIT 1)) ON CONFLICT DO NOTHING;
INSERT INTO changelog (record_id, table_name, row_action) VALUES ('ab7e0b9a-7d03-4717-a383-0edc1ea59809', 'item_variant', 'UPSERT');INSERT INTO packaging_variant (id, item_variant_id, name, packaging_level, volume_per_unit) VALUES ('fe18d8a0-07fa-47ec-bf6f-169c2bcc0950', 'ab7e0b9a-7d03-4717-a383-0edc1ea59809', 'Primary', 1, 2.31) ON CONFLICT DO NOTHING;
INSERT INTO packaging_variant (id, item_variant_id, name, packaging_level, volume_per_unit) VALUES ('fc963ef7-190f-4233-9083-13731b1f7ede', 'ab7e0b9a-7d03-4717-a383-0edc1ea59809', 'Secondary', 2, 2.31) ON CONFLICT DO NOTHING;
INSERT INTO packaging_variant (id, item_variant_id, name, packaging_level, volume_per_unit) VALUES ('eaf2712d-6172-45ac-9af0-44c19e7e5acf', 'ab7e0b9a-7d03-4717-a383-0edc1ea59809', 'Tertiary', 3, 2.31) ON CONFLICT DO NOTHING;
INSERT INTO item_variant (id, name, item_link_id, cold_storage_type_id) VALUES ('05aeff1c-b079-4eb5-94bb-6afb4771837e', 'ROUVAX (Sanofi Pasteur SA)', 'e9f8a87d-247d-4820-be3c-04e1d03403bb', (SELECT id FROM cold_storage_type WHERE name = '+5' or min_temperature = 2 and max_temperature = 8 LIMIT 1)) ON CONFLICT DO NOTHING;
INSERT INTO changelog (record_id, table_name, row_action) VALUES ('05aeff1c-b079-4eb5-94bb-6afb4771837e', 'item_variant', 'UPSERT');INSERT INTO packaging_variant (id, item_variant_id, name, packaging_level, volume_per_unit) VALUES ('69c6036d-b53d-45ae-a008-a35b75358629', '05aeff1c-b079-4eb5-94bb-6afb4771837e', 'Primary', 1, 0) ON CONFLICT DO NOTHING;
INSERT INTO packaging_variant (id, item_variant_id, name, packaging_level, volume_per_unit) VALUES ('cb35d308-7469-4dfa-84ae-ec173a6782ff', '05aeff1c-b079-4eb5-94bb-6afb4771837e', 'Secondary', 2, 0) ON CONFLICT DO NOTHING;
INSERT INTO packaging_variant (id, item_variant_id, name, packaging_level, volume_per_unit) VALUES ('a0084dc6-476c-468d-9b3c-c65b08783fb7', '05aeff1c-b079-4eb5-94bb-6afb4771837e', 'Tertiary', 3, 0) ON CONFLICT DO NOTHING;
INSERT INTO bundled_item (id, principal_item_variant_id, bundled_item_variant_id, ratio) VALUES ('e7892fa0-acda-443b-bb35-acd53301969b', 'ab7e0b9a-7d03-4717-a383-0edc1ea59809', '05aeff1c-b079-4eb5-94bb-6afb4771837e', 1) ON CONFLICT DO NOTHING;
INSERT INTO changelog (record_id, table_name, row_action) VALUES ('e7892fa0-acda-443b-bb35-acd53301969b', 'bundled_item', 'UPSERT');INSERT INTO item_variant (id, name, item_link_id, cold_storage_type_id) VALUES ('ed75ac73-43cd-49f1-b969-b0042fd9a1ad', 'Measles Vaccine, Live, Attenuated (Serum Institute of India Pvt. Ltd.)', '32f3d99a-65da-434a-8532-84e470c055c7', (SELECT id FROM cold_storage_type WHERE name = '+5' or min_temperature = 2 and max_temperature = 8 LIMIT 1)) ON CONFLICT DO NOTHING;
INSERT INTO changelog (record_id, table_name, row_action) VALUES ('ed75ac73-43cd-49f1-b969-b0042fd9a1ad', 'item_variant', 'UPSERT');INSERT INTO packaging_variant (id, item_variant_id, name, packaging_level, volume_per_unit) VALUES ('c083463c-5b8d-4bbf-ba89-09e6081e1bf0', 'ed75ac73-43cd-49f1-b969-b0042fd9a1ad', 'Primary', 1, 2.11) ON CONFLICT DO NOTHING;
INSERT INTO packaging_variant (id, item_variant_id, name, packaging_level, volume_per_unit) VALUES ('bc779e09-c319-4a25-910e-5971ffbed9f3', 'ed75ac73-43cd-49f1-b969-b0042fd9a1ad', 'Secondary', 2, 2.11) ON CONFLICT DO NOTHING;
INSERT INTO packaging_variant (id, item_variant_id, name, packaging_level, volume_per_unit) VALUES ('11b3b273-11f5-494e-8f00-18c9fdf8ba99', 'ed75ac73-43cd-49f1-b969-b0042fd9a1ad', 'Tertiary', 3, 9.84) ON CONFLICT DO NOTHING;
INSERT INTO item_variant (id, name, item_link_id, cold_storage_type_id) VALUES ('cc16b094-5754-4190-8d27-ce3042704f90', 'Measles Vaccine, Live, Attenuated (Serum Institute of India Pvt. Ltd.)', 'e9f8a87d-247d-4820-be3c-04e1d03403bb', (SELECT id FROM cold_storage_type WHERE name = '+5' or min_temperature = 2 and max_temperature = 8 LIMIT 1)) ON CONFLICT DO NOTHING;
INSERT INTO changelog (record_id, table_name, row_action) VALUES ('cc16b094-5754-4190-8d27-ce3042704f90', 'item_variant', 'UPSERT');INSERT INTO packaging_variant (id, item_variant_id, name, packaging_level, volume_per_unit) VALUES ('fb8b8b47-0d79-42ce-a23a-af1e7ff1b4e0', 'cc16b094-5754-4190-8d27-ce3042704f90', 'Primary', 1, 3.1) ON CONFLICT DO NOTHING;
INSERT INTO packaging_variant (id, item_variant_id, name, packaging_level, volume_per_unit) VALUES ('2bf3dcac-6fa9-44b1-9601-9c81eb2bef07', 'cc16b094-5754-4190-8d27-ce3042704f90', 'Secondary', 2, 3.1) ON CONFLICT DO NOTHING;
INSERT INTO packaging_variant (id, item_variant_id, name, packaging_level, volume_per_unit) VALUES ('e8c4e04f-a163-403a-b788-0984b9b708d1', 'cc16b094-5754-4190-8d27-ce3042704f90', 'Tertiary', 3, 0) ON CONFLICT DO NOTHING;
INSERT INTO bundled_item (id, principal_item_variant_id, bundled_item_variant_id, ratio) VALUES ('362c3a30-8866-42f4-a5c2-0d9fb2f10653', 'ed75ac73-43cd-49f1-b969-b0042fd9a1ad', 'cc16b094-5754-4190-8d27-ce3042704f90', 1) ON CONFLICT DO NOTHING;
INSERT INTO changelog (record_id, table_name, row_action) VALUES ('362c3a30-8866-42f4-a5c2-0d9fb2f10653', 'bundled_item', 'UPSERT');INSERT INTO item (id, name, code, ven_category, type, legacy_record, is_active, is_vaccine, vaccine_doses, default_pack_size) VALUES ('a08b512b-3be3-4aec-a9b8-a7cfccf26a5a', 'Measles - vial - 2 doses', 'MEA-4-2', 'NOT_ASSIGNED', 'STOCK', '', 'True', 'True', 2, 1) ON CONFLICT DO NOTHING;
INSERT INTO item_link (id, item_id) VALUES ('a08b512b-3be3-4aec-a9b8-a7cfccf26a5a', 'a08b512b-3be3-4aec-a9b8-a7cfccf26a5a') ON CONFLICT DO NOTHING;
INSERT INTO changelog (record_id, table_name, row_action) VALUES ('a08b512b-3be3-4aec-a9b8-a7cfccf26a5a', 'item', 'UPSERT');INSERT INTO master_list_line (id, master_list_id, item_link_id) VALUES (uuid_in(md5(random()::text || random()::text)::cstring), '43491ce9-bc89-4ee5-988d-9dbb2856e398', 'a08b512b-3be3-4aec-a9b8-a7cfccf26a5a') ON CONFLICT DO NOTHING;
INSERT INTO item_variant (id, name, item_link_id, cold_storage_type_id) VALUES ('30056180-868e-4a06-b85c-86815d0e87ba', 'Measles Vaccine, Live, Attenuated (Serum Institute of India Pvt. Ltd.)', 'a08b512b-3be3-4aec-a9b8-a7cfccf26a5a', (SELECT id FROM cold_storage_type WHERE name = '+5' or min_temperature = 2 and max_temperature = 8 LIMIT 1)) ON CONFLICT DO NOTHING;
INSERT INTO changelog (record_id, table_name, row_action) VALUES ('30056180-868e-4a06-b85c-86815d0e87ba', 'item_variant', 'UPSERT');INSERT INTO packaging_variant (id, item_variant_id, name, packaging_level, volume_per_unit) VALUES ('63ec62b7-b73e-4d68-99f2-e795bdb8a174', '30056180-868e-4a06-b85c-86815d0e87ba', 'Primary', 1, 10.55) ON CONFLICT DO NOTHING;
INSERT INTO packaging_variant (id, item_variant_id, name, packaging_level, volume_per_unit) VALUES ('0090de0d-535c-4773-9a54-b39732e73950', '30056180-868e-4a06-b85c-86815d0e87ba', 'Secondary', 2, 10.55) ON CONFLICT DO NOTHING;
INSERT INTO packaging_variant (id, item_variant_id, name, packaging_level, volume_per_unit) VALUES ('df14498e-c071-47f2-8343-c8ba1b16a8e9', '30056180-868e-4a06-b85c-86815d0e87ba', 'Tertiary', 3, 49.2) ON CONFLICT DO NOTHING;
INSERT INTO item_variant (id, name, item_link_id, cold_storage_type_id) VALUES ('9978896d-bdb3-41ee-9f30-fcd45d296a88', 'Measles Vaccine, Live, Attenuated (Serum Institute of India Pvt. Ltd.)', 'e9f8a87d-247d-4820-be3c-04e1d03403bb', (SELECT id FROM cold_storage_type WHERE name = '+5' or min_temperature = 2 and max_temperature = 8 LIMIT 1)) ON CONFLICT DO NOTHING;
INSERT INTO changelog (record_id, table_name, row_action) VALUES ('9978896d-bdb3-41ee-9f30-fcd45d296a88', 'item_variant', 'UPSERT');INSERT INTO packaging_variant (id, item_variant_id, name, packaging_level, volume_per_unit) VALUES ('dc759eb9-b4e8-4a7b-b71e-6eab8ea60acb', '9978896d-bdb3-41ee-9f30-fcd45d296a88', 'Primary', 1, 6.3) ON CONFLICT DO NOTHING;
INSERT INTO packaging_variant (id, item_variant_id, name, packaging_level, volume_per_unit) VALUES ('ede68f17-6ffb-466c-8f24-c9afa7599ef6', '9978896d-bdb3-41ee-9f30-fcd45d296a88', 'Secondary', 2, 6.3) ON CONFLICT DO NOTHING;
INSERT INTO packaging_variant (id, item_variant_id, name, packaging_level, volume_per_unit) VALUES ('df7fa969-96eb-4734-98a4-6be123443c1d', '9978896d-bdb3-41ee-9f30-fcd45d296a88', 'Tertiary', 3, 0) ON CONFLICT DO NOTHING;
INSERT INTO bundled_item (id, principal_item_variant_id, bundled_item_variant_id, ratio) VALUES ('c15e0fd3-97b6-43d6-b21e-449006add903', '30056180-868e-4a06-b85c-86815d0e87ba', '9978896d-bdb3-41ee-9f30-fcd45d296a88', 1) ON CONFLICT DO NOTHING;
INSERT INTO changelog (record_id, table_name, row_action) VALUES ('c15e0fd3-97b6-43d6-b21e-449006add903', 'bundled_item', 'UPSERT');INSERT INTO item (id, name, code, ven_category, type, legacy_record, is_active, is_vaccine, vaccine_doses, default_pack_size) VALUES ('2edd8b33-3616-454f-b66c-3e2811f47c57', 'Measles - vial - 20 doses', 'MEA-4-20', 'NOT_ASSIGNED', 'STOCK', '', 'True', 'True', 20, 1) ON CONFLICT DO NOTHING;
INSERT INTO item_link (id, item_id) VALUES ('2edd8b33-3616-454f-b66c-3e2811f47c57', '2edd8b33-3616-454f-b66c-3e2811f47c57') ON CONFLICT DO NOTHING;
INSERT INTO changelog (record_id, table_name, row_action) VALUES ('2edd8b33-3616-454f-b66c-3e2811f47c57', 'item', 'UPSERT');INSERT INTO master_list_line (id, master_list_id, item_link_id) VALUES (uuid_in(md5(random()::text || random()::text)::cstring), '43491ce9-bc89-4ee5-988d-9dbb2856e398', '2edd8b33-3616-454f-b66c-3e2811f47c57') ON CONFLICT DO NOTHING;
INSERT INTO item_variant (id, name, item_link_id, cold_storage_type_id) VALUES ('64737cf5-60cb-40e2-aca0-18059d116168', 'Measles vaccine (PT Bio Farma (Persero))', '2edd8b33-3616-454f-b66c-3e2811f47c57', (SELECT id FROM cold_storage_type WHERE name = '+5' or min_temperature = 2 and max_temperature = 8 LIMIT 1)) ON CONFLICT DO NOTHING;
INSERT INTO changelog (record_id, table_name, row_action) VALUES ('64737cf5-60cb-40e2-aca0-18059d116168', 'item_variant', 'UPSERT');INSERT INTO packaging_variant (id, item_variant_id, name, packaging_level, volume_per_unit) VALUES ('f46ef83c-a24d-469b-bd24-0d5c2604075d', '64737cf5-60cb-40e2-aca0-18059d116168', 'Primary', 1, 1.65) ON CONFLICT DO NOTHING;
INSERT INTO packaging_variant (id, item_variant_id, name, packaging_level, volume_per_unit) VALUES ('1b1e0903-5251-4620-9a91-46ebd455dcb1', '64737cf5-60cb-40e2-aca0-18059d116168', 'Secondary', 2, 1.65) ON CONFLICT DO NOTHING;
INSERT INTO packaging_variant (id, item_variant_id, name, packaging_level, volume_per_unit) VALUES ('9dd3f552-906e-4f15-ac8a-004c038616ee', '64737cf5-60cb-40e2-aca0-18059d116168', 'Tertiary', 3, 1.65) ON CONFLICT DO NOTHING;
INSERT INTO item_variant (id, name, item_link_id, cold_storage_type_id) VALUES ('36bdadd6-d091-43c4-978c-e39e89cebf97', 'Measles vaccine (PT Bio Farma (Persero))', 'e9f8a87d-247d-4820-be3c-04e1d03403bb', (SELECT id FROM cold_storage_type WHERE name = '+5' or min_temperature = 2 and max_temperature = 8 LIMIT 1)) ON CONFLICT DO NOTHING;
INSERT INTO changelog (record_id, table_name, row_action) VALUES ('36bdadd6-d091-43c4-978c-e39e89cebf97', 'item_variant', 'UPSERT');INSERT INTO packaging_variant (id, item_variant_id, name, packaging_level, volume_per_unit) VALUES ('d5b3ddac-5c98-4a51-b0e7-75cc6c8c2261', '36bdadd6-d091-43c4-978c-e39e89cebf97', 'Primary', 1, 0) ON CONFLICT DO NOTHING;
INSERT INTO packaging_variant (id, item_variant_id, name, packaging_level, volume_per_unit) VALUES ('7ac96c18-2fad-4e9a-b705-553585e80ec2', '36bdadd6-d091-43c4-978c-e39e89cebf97', 'Secondary', 2, 0) ON CONFLICT DO NOTHING;
INSERT INTO packaging_variant (id, item_variant_id, name, packaging_level, volume_per_unit) VALUES ('e798cdb7-7ac0-4546-9095-54e411f38c45', '36bdadd6-d091-43c4-978c-e39e89cebf97', 'Tertiary', 3, 0) ON CONFLICT DO NOTHING;
INSERT INTO bundled_item (id, principal_item_variant_id, bundled_item_variant_id, ratio) VALUES ('b3de141a-7dc3-4de9-9861-a1abc983122a', '64737cf5-60cb-40e2-aca0-18059d116168', '36bdadd6-d091-43c4-978c-e39e89cebf97', 1) ON CONFLICT DO NOTHING;
INSERT INTO changelog (record_id, table_name, row_action) VALUES ('b3de141a-7dc3-4de9-9861-a1abc983122a', 'bundled_item', 'UPSERT');INSERT INTO item (id, name, code, ven_category, type, legacy_record, is_active, is_vaccine, vaccine_doses, default_pack_size) VALUES ('9dee7646-f134-4555-8867-10b8cda768be', 'Measles - vial - 5 doses', 'MEA-4-5', 'NOT_ASSIGNED', 'STOCK', '', 'True', 'True', 5, 1) ON CONFLICT DO NOTHING;
INSERT INTO item_link (id, item_id) VALUES ('9dee7646-f134-4555-8867-10b8cda768be', '9dee7646-f134-4555-8867-10b8cda768be') ON CONFLICT DO NOTHING;
INSERT INTO changelog (record_id, table_name, row_action) VALUES ('9dee7646-f134-4555-8867-10b8cda768be', 'item', 'UPSERT');INSERT INTO master_list_line (id, master_list_id, item_link_id) VALUES (uuid_in(md5(random()::text || random()::text)::cstring), '43491ce9-bc89-4ee5-988d-9dbb2856e398', '9dee7646-f134-4555-8867-10b8cda768be') ON CONFLICT DO NOTHING;
INSERT INTO item_variant (id, name, item_link_id, cold_storage_type_id) VALUES ('11d2527e-829b-4d53-ba9c-24921d925d6d', 'Measles Vaccine, Live, Attenuated (Serum Institute of India Pvt. Ltd.)', '9dee7646-f134-4555-8867-10b8cda768be', (SELECT id FROM cold_storage_type WHERE name = '+5' or min_temperature = 2 and max_temperature = 8 LIMIT 1)) ON CONFLICT DO NOTHING;
INSERT INTO changelog (record_id, table_name, row_action) VALUES ('11d2527e-829b-4d53-ba9c-24921d925d6d', 'item_variant', 'UPSERT');INSERT INTO packaging_variant (id, item_variant_id, name, packaging_level, volume_per_unit) VALUES ('06faaad4-edc1-4710-aabe-5aafc60e7b92', '11d2527e-829b-4d53-ba9c-24921d925d6d', 'Primary', 1, 4.22) ON CONFLICT DO NOTHING;
INSERT INTO packaging_variant (id, item_variant_id, name, packaging_level, volume_per_unit) VALUES ('ef5ba1b8-6ae7-40f1-ada7-e9f8853b0a1a', '11d2527e-829b-4d53-ba9c-24921d925d6d', 'Secondary', 2, 4.22) ON CONFLICT DO NOTHING;
INSERT INTO packaging_variant (id, item_variant_id, name, packaging_level, volume_per_unit) VALUES ('faef46c8-7be7-45bc-bf30-d6f70d6cefdf', '11d2527e-829b-4d53-ba9c-24921d925d6d', 'Tertiary', 3, 19.68) ON CONFLICT DO NOTHING;
INSERT INTO item_variant (id, name, item_link_id, cold_storage_type_id) VALUES ('a1580c71-586a-48f7-8ff1-99d5a0b53b94', 'Measles Vaccine, Live, Attenuated (Serum Institute of India Pvt. Ltd.)', 'e9f8a87d-247d-4820-be3c-04e1d03403bb', (SELECT id FROM cold_storage_type WHERE name = '+5' or min_temperature = 2 and max_temperature = 8 LIMIT 1)) ON CONFLICT DO NOTHING;
INSERT INTO changelog (record_id, table_name, row_action) VALUES ('a1580c71-586a-48f7-8ff1-99d5a0b53b94', 'item_variant', 'UPSERT');INSERT INTO packaging_variant (id, item_variant_id, name, packaging_level, volume_per_unit) VALUES ('767ab7b2-a20f-4581-b555-af0d9342780a', 'a1580c71-586a-48f7-8ff1-99d5a0b53b94', 'Primary', 1, 5.5) ON CONFLICT DO NOTHING;
INSERT INTO packaging_variant (id, item_variant_id, name, packaging_level, volume_per_unit) VALUES ('fad06fc9-2384-43bd-9acf-cd0a4c8ff754', 'a1580c71-586a-48f7-8ff1-99d5a0b53b94', 'Secondary', 2, 5.5) ON CONFLICT DO NOTHING;
INSERT INTO packaging_variant (id, item_variant_id, name, packaging_level, volume_per_unit) VALUES ('6ae07991-18eb-4bd7-882e-168a5c253b77', 'a1580c71-586a-48f7-8ff1-99d5a0b53b94', 'Tertiary', 3, 0) ON CONFLICT DO NOTHING;
INSERT INTO bundled_item (id, principal_item_variant_id, bundled_item_variant_id, ratio) VALUES ('bc3a1d2a-40f3-44e7-8c06-618ab2b25bae', '11d2527e-829b-4d53-ba9c-24921d925d6d', 'a1580c71-586a-48f7-8ff1-99d5a0b53b94', 1) ON CONFLICT DO NOTHING;
INSERT INTO changelog (record_id, table_name, row_action) VALUES ('bc3a1d2a-40f3-44e7-8c06-618ab2b25bae', 'bundled_item', 'UPSERT');INSERT INTO item_variant (id, name, item_link_id, cold_storage_type_id) VALUES ('a869a463-75fc-4985-96de-862c914949d4', 'Measles and Rubella Vaccine, Live, Attenuated (Serum Institute of India Pvt. Ltd.)', 'e5bc262b-9fbe-4306-bbf4-a67bcaec6a13', (SELECT id FROM cold_storage_type WHERE name = '+5' or min_temperature = 2 and max_temperature = 8 LIMIT 1)) ON CONFLICT DO NOTHING;
INSERT INTO changelog (record_id, table_name, row_action) VALUES ('a869a463-75fc-4985-96de-862c914949d4', 'item_variant', 'UPSERT');INSERT INTO packaging_variant (id, item_variant_id, name, packaging_level, volume_per_unit) VALUES ('8147fb67-e9d0-4568-a163-68c3d7236f3c', 'a869a463-75fc-4985-96de-862c914949d4', 'Primary', 1, 21.09) ON CONFLICT DO NOTHING;
INSERT INTO packaging_variant (id, item_variant_id, name, packaging_level, volume_per_unit) VALUES ('60d86c14-2d4f-49d0-9f93-6b10db7c6670', 'a869a463-75fc-4985-96de-862c914949d4', 'Secondary', 2, 21.09) ON CONFLICT DO NOTHING;
INSERT INTO packaging_variant (id, item_variant_id, name, packaging_level, volume_per_unit) VALUES ('121c773f-bb79-4809-8fc1-838eeb1423ac', 'a869a463-75fc-4985-96de-862c914949d4', 'Tertiary', 3, 98.4) ON CONFLICT DO NOTHING;
INSERT INTO item (id, name, code, ven_category, type, legacy_record, is_active, is_vaccine, vaccine_doses, default_pack_size) VALUES ('852b6b42-5ec2-4c6c-857b-5ab7a89f4fb8', 'Measles and Rubella - vial - 1 dose Diluent', 'MEA-4-1_DIL', 'NOT_ASSIGNED', 'STOCK', '', 'True', 'False', 0, 1) ON CONFLICT DO NOTHING;
INSERT INTO item_link (id, item_id) VALUES ('852b6b42-5ec2-4c6c-857b-5ab7a89f4fb8', '852b6b42-5ec2-4c6c-857b-5ab7a89f4fb8') ON CONFLICT DO NOTHING;
INSERT INTO changelog (record_id, table_name, row_action) VALUES ('852b6b42-5ec2-4c6c-857b-5ab7a89f4fb8', 'item', 'UPSERT');INSERT INTO item_variant (id, name, item_link_id, cold_storage_type_id) VALUES ('fcc2bca5-e3c8-4534-ab3b-3b9777d023b0', 'Measles and Rubella Vaccine, Live, Attenuated (Serum Institute of India Pvt. Ltd.)', '852b6b42-5ec2-4c6c-857b-5ab7a89f4fb8', (SELECT id FROM cold_storage_type WHERE name = '+5' or min_temperature = 2 and max_temperature = 8 LIMIT 1)) ON CONFLICT DO NOTHING;
INSERT INTO changelog (record_id, table_name, row_action) VALUES ('fcc2bca5-e3c8-4534-ab3b-3b9777d023b0', 'item_variant', 'UPSERT');INSERT INTO packaging_variant (id, item_variant_id, name, packaging_level, volume_per_unit) VALUES ('226b6473-b494-40a3-93f4-5cf765eb0d3b', 'fcc2bca5-e3c8-4534-ab3b-3b9777d023b0', 'Primary', 1, 12.5) ON CONFLICT DO NOTHING;
INSERT INTO packaging_variant (id, item_variant_id, name, packaging_level, volume_per_unit) VALUES ('922fb772-6b33-4caf-8e65-4a20a30aa82b', 'fcc2bca5-e3c8-4534-ab3b-3b9777d023b0', 'Secondary', 2, 12.5) ON CONFLICT DO NOTHING;
INSERT INTO packaging_variant (id, item_variant_id, name, packaging_level, volume_per_unit) VALUES ('95555835-1f8a-48a2-b06a-478422288dbc', 'fcc2bca5-e3c8-4534-ab3b-3b9777d023b0', 'Tertiary', 3, 0) ON CONFLICT DO NOTHING;
INSERT INTO bundled_item (id, principal_item_variant_id, bundled_item_variant_id, ratio) VALUES ('c0b9cc91-fcc1-4344-9e12-e03af8045446', 'a869a463-75fc-4985-96de-862c914949d4', 'fcc2bca5-e3c8-4534-ab3b-3b9777d023b0', 1) ON CONFLICT DO NOTHING;
INSERT INTO changelog (record_id, table_name, row_action) VALUES ('c0b9cc91-fcc1-4344-9e12-e03af8045446', 'bundled_item', 'UPSERT');INSERT INTO item_variant (id, name, item_link_id, cold_storage_type_id) VALUES ('9ec60382-8611-4751-9f67-386c545d2140', 'Measles and Rubella Vaccine, Live, Attenuated (Serum Institute of India Pvt. Ltd.)', '32f3d99a-65da-434a-8532-84e470c055c7', (SELECT id FROM cold_storage_type WHERE name = '+5' or min_temperature = 2 and max_temperature = 8 LIMIT 1)) ON CONFLICT DO NOTHING;
INSERT INTO changelog (record_id, table_name, row_action) VALUES ('9ec60382-8611-4751-9f67-386c545d2140', 'item_variant', 'UPSERT');INSERT INTO packaging_variant (id, item_variant_id, name, packaging_level, volume_per_unit) VALUES ('e6e24657-b85f-4c8a-b09f-7748fdbdbcbe', '9ec60382-8611-4751-9f67-386c545d2140', 'Primary', 1, 2.11) ON CONFLICT DO NOTHING;
INSERT INTO packaging_variant (id, item_variant_id, name, packaging_level, volume_per_unit) VALUES ('c62b36ff-96f0-4011-b913-68aee27d3fbf', '9ec60382-8611-4751-9f67-386c545d2140', 'Secondary', 2, 2.11) ON CONFLICT DO NOTHING;
INSERT INTO packaging_variant (id, item_variant_id, name, packaging_level, volume_per_unit) VALUES ('3c82414d-137b-4257-b0fb-b9863ffef01b', '9ec60382-8611-4751-9f67-386c545d2140', 'Tertiary', 3, 9.84) ON CONFLICT DO NOTHING;
INSERT INTO item_variant (id, name, item_link_id, cold_storage_type_id) VALUES ('97bc760e-8d55-41ad-a1f7-19dd2d30afad', 'Measles and Rubella Vaccine, Live, Attenuated (Serum Institute of India Pvt. Ltd.)', '852b6b42-5ec2-4c6c-857b-5ab7a89f4fb8', (SELECT id FROM cold_storage_type WHERE name = '+5' or min_temperature = 2 and max_temperature = 8 LIMIT 1)) ON CONFLICT DO NOTHING;
INSERT INTO changelog (record_id, table_name, row_action) VALUES ('97bc760e-8d55-41ad-a1f7-19dd2d30afad', 'item_variant', 'UPSERT');INSERT INTO packaging_variant (id, item_variant_id, name, packaging_level, volume_per_unit) VALUES ('441c5f03-b19c-41c9-9b20-8e8cfb4e75f8', '97bc760e-8d55-41ad-a1f7-19dd2d30afad', 'Primary', 1, 3.1) ON CONFLICT DO NOTHING;
INSERT INTO packaging_variant (id, item_variant_id, name, packaging_level, volume_per_unit) VALUES ('01dd33ee-8edf-4541-b5c3-0da066fa9582', '97bc760e-8d55-41ad-a1f7-19dd2d30afad', 'Secondary', 2, 3.1) ON CONFLICT DO NOTHING;
INSERT INTO packaging_variant (id, item_variant_id, name, packaging_level, volume_per_unit) VALUES ('21e618a5-5b19-49b1-8c73-1e4259c7eeee', '97bc760e-8d55-41ad-a1f7-19dd2d30afad', 'Tertiary', 3, 0) ON CONFLICT DO NOTHING;
INSERT INTO bundled_item (id, principal_item_variant_id, bundled_item_variant_id, ratio) VALUES ('7cb44f44-2176-4b42-aaa3-6f5267804824', '9ec60382-8611-4751-9f67-386c545d2140', '97bc760e-8d55-41ad-a1f7-19dd2d30afad', 1) ON CONFLICT DO NOTHING;
INSERT INTO changelog (record_id, table_name, row_action) VALUES ('7cb44f44-2176-4b42-aaa3-6f5267804824', 'bundled_item', 'UPSERT');INSERT INTO item_variant (id, name, item_link_id, cold_storage_type_id) VALUES ('4707b6c7-38b8-49f5-b441-4a0d626a342b', 'Measles and Rubella Vaccine, Live, Attenuated (Serum Institute of India Pvt. Ltd.)', 'a08b512b-3be3-4aec-a9b8-a7cfccf26a5a', (SELECT id FROM cold_storage_type WHERE name = '+5' or min_temperature = 2 and max_temperature = 8 LIMIT 1)) ON CONFLICT DO NOTHING;
INSERT INTO changelog (record_id, table_name, row_action) VALUES ('4707b6c7-38b8-49f5-b441-4a0d626a342b', 'item_variant', 'UPSERT');INSERT INTO packaging_variant (id, item_variant_id, name, packaging_level, volume_per_unit) VALUES ('2428a7d1-ae32-4ff0-b3ad-78912fcf9c1f', '4707b6c7-38b8-49f5-b441-4a0d626a342b', 'Primary', 1, 10.55) ON CONFLICT DO NOTHING;
INSERT INTO packaging_variant (id, item_variant_id, name, packaging_level, volume_per_unit) VALUES ('5da4b509-485b-4455-8c78-62d1e82d2b90', '4707b6c7-38b8-49f5-b441-4a0d626a342b', 'Secondary', 2, 10.55) ON CONFLICT DO NOTHING;
INSERT INTO packaging_variant (id, item_variant_id, name, packaging_level, volume_per_unit) VALUES ('6121426a-5532-4d7e-b138-9f35e50f1641', '4707b6c7-38b8-49f5-b441-4a0d626a342b', 'Tertiary', 3, 49.2) ON CONFLICT DO NOTHING;
INSERT INTO item_variant (id, name, item_link_id, cold_storage_type_id) VALUES ('0a448381-ebe4-471d-94c0-189d9eb59eff', 'Measles and Rubella Vaccine, Live, Attenuated (Serum Institute of India Pvt. Ltd.)', '852b6b42-5ec2-4c6c-857b-5ab7a89f4fb8', (SELECT id FROM cold_storage_type WHERE name = '+5' or min_temperature = 2 and max_temperature = 8 LIMIT 1)) ON CONFLICT DO NOTHING;
INSERT INTO changelog (record_id, table_name, row_action) VALUES ('0a448381-ebe4-471d-94c0-189d9eb59eff', 'item_variant', 'UPSERT');INSERT INTO packaging_variant (id, item_variant_id, name, packaging_level, volume_per_unit) VALUES ('7931ec8e-dc4d-401f-ba14-14b07148c6c8', '0a448381-ebe4-471d-94c0-189d9eb59eff', 'Primary', 1, 6.3) ON CONFLICT DO NOTHING;
INSERT INTO packaging_variant (id, item_variant_id, name, packaging_level, volume_per_unit) VALUES ('a8f776ba-5408-476d-ac3b-89b37b17cb34', '0a448381-ebe4-471d-94c0-189d9eb59eff', 'Secondary', 2, 6.3) ON CONFLICT DO NOTHING;
INSERT INTO packaging_variant (id, item_variant_id, name, packaging_level, volume_per_unit) VALUES ('8e792c84-6170-453b-a17c-242da3911e05', '0a448381-ebe4-471d-94c0-189d9eb59eff', 'Tertiary', 3, 0) ON CONFLICT DO NOTHING;
INSERT INTO bundled_item (id, principal_item_variant_id, bundled_item_variant_id, ratio) VALUES ('70c3997d-0898-4f21-85f4-e9d070399556', '4707b6c7-38b8-49f5-b441-4a0d626a342b', '0a448381-ebe4-471d-94c0-189d9eb59eff', 1) ON CONFLICT DO NOTHING;
INSERT INTO changelog (record_id, table_name, row_action) VALUES ('70c3997d-0898-4f21-85f4-e9d070399556', 'bundled_item', 'UPSERT');INSERT INTO item_variant (id, name, item_link_id, cold_storage_type_id) VALUES ('94599e00-cf50-460f-bf05-cb83e2cd3b6e', 'Measles and Rubella Vaccine, Live, Attenuated (Serum Institute of India Pvt. Ltd.)', '9dee7646-f134-4555-8867-10b8cda768be', (SELECT id FROM cold_storage_type WHERE name = '+5' or min_temperature = 2 and max_temperature = 8 LIMIT 1)) ON CONFLICT DO NOTHING;
INSERT INTO changelog (record_id, table_name, row_action) VALUES ('94599e00-cf50-460f-bf05-cb83e2cd3b6e', 'item_variant', 'UPSERT');INSERT INTO packaging_variant (id, item_variant_id, name, packaging_level, volume_per_unit) VALUES ('899ed391-2118-41b5-84cf-ee283056522f', '94599e00-cf50-460f-bf05-cb83e2cd3b6e', 'Primary', 1, 4.22) ON CONFLICT DO NOTHING;
INSERT INTO packaging_variant (id, item_variant_id, name, packaging_level, volume_per_unit) VALUES ('37bec0f2-afad-4f37-b6e3-c43bbd3ed3d1', '94599e00-cf50-460f-bf05-cb83e2cd3b6e', 'Secondary', 2, 4.22) ON CONFLICT DO NOTHING;
INSERT INTO packaging_variant (id, item_variant_id, name, packaging_level, volume_per_unit) VALUES ('18533ae1-07df-4ab2-8930-f65f7ff141bf', '94599e00-cf50-460f-bf05-cb83e2cd3b6e', 'Tertiary', 3, 19.68) ON CONFLICT DO NOTHING;
INSERT INTO item_variant (id, name, item_link_id, cold_storage_type_id) VALUES ('bab31a82-2e1a-4801-83a0-82854e3f1dd5', 'Measles and Rubella Vaccine, Live, Attenuated (Serum Institute of India Pvt. Ltd.)', '852b6b42-5ec2-4c6c-857b-5ab7a89f4fb8', (SELECT id FROM cold_storage_type WHERE name = '+5' or min_temperature = 2 and max_temperature = 8 LIMIT 1)) ON CONFLICT DO NOTHING;
INSERT INTO changelog (record_id, table_name, row_action) VALUES ('bab31a82-2e1a-4801-83a0-82854e3f1dd5', 'item_variant', 'UPSERT');INSERT INTO packaging_variant (id, item_variant_id, name, packaging_level, volume_per_unit) VALUES ('488dea30-cc4e-4c69-b453-17678f96dd88', 'bab31a82-2e1a-4801-83a0-82854e3f1dd5', 'Primary', 1, 5.5) ON CONFLICT DO NOTHING;
INSERT INTO packaging_variant (id, item_variant_id, name, packaging_level, volume_per_unit) VALUES ('da9f0e34-42c6-4dc8-a425-462a92f7a75d', 'bab31a82-2e1a-4801-83a0-82854e3f1dd5', 'Secondary', 2, 5.5) ON CONFLICT DO NOTHING;
INSERT INTO packaging_variant (id, item_variant_id, name, packaging_level, volume_per_unit) VALUES ('37adf2bb-ccc3-48c2-922b-13dc423689fd', 'bab31a82-2e1a-4801-83a0-82854e3f1dd5', 'Tertiary', 3, 0) ON CONFLICT DO NOTHING;
INSERT INTO bundled_item (id, principal_item_variant_id, bundled_item_variant_id, ratio) VALUES ('99c343ef-f686-4a6c-bc43-251661621d8e', '94599e00-cf50-460f-bf05-cb83e2cd3b6e', 'bab31a82-2e1a-4801-83a0-82854e3f1dd5', 1) ON CONFLICT DO NOTHING;
INSERT INTO changelog (record_id, table_name, row_action) VALUES ('99c343ef-f686-4a6c-bc43-251661621d8e', 'bundled_item', 'UPSERT');INSERT INTO item (id, name, code, ven_category, type, legacy_record, is_active, is_vaccine, vaccine_doses, default_pack_size) VALUES ('bfd4f168-5fe2-4cc2-ad81-b242d94d03da', 'Measles and Rubella - vial + ampoule - 1 dose', 'MEA-14-1', 'NOT_ASSIGNED', 'STOCK', '', 'True', 'True', 1, 1) ON CONFLICT DO NOTHING;
INSERT INTO item_link (id, item_id) VALUES ('bfd4f168-5fe2-4cc2-ad81-b242d94d03da', 'bfd4f168-5fe2-4cc2-ad81-b242d94d03da') ON CONFLICT DO NOTHING;
INSERT INTO changelog (record_id, table_name, row_action) VALUES ('bfd4f168-5fe2-4cc2-ad81-b242d94d03da', 'item', 'UPSERT');INSERT INTO master_list_line (id, master_list_id, item_link_id) VALUES (uuid_in(md5(random()::text || random()::text)::cstring), '43491ce9-bc89-4ee5-988d-9dbb2856e398', 'bfd4f168-5fe2-4cc2-ad81-b242d94d03da') ON CONFLICT DO NOTHING;
INSERT INTO item_variant (id, name, item_link_id, cold_storage_type_id) VALUES ('118d59e2-cd73-4648-a290-cab7f6b9fe5f', 'Measles and Rubella Vaccine (Live) (Biological E. Limited)', 'bfd4f168-5fe2-4cc2-ad81-b242d94d03da', (SELECT id FROM cold_storage_type WHERE name = '+5' or min_temperature = 2 and max_temperature = 8 LIMIT 1)) ON CONFLICT DO NOTHING;
INSERT INTO changelog (record_id, table_name, row_action) VALUES ('118d59e2-cd73-4648-a290-cab7f6b9fe5f', 'item_variant', 'UPSERT');INSERT INTO packaging_variant (id, item_variant_id, name, packaging_level, volume_per_unit) VALUES ('16d72d13-04fb-47ed-8de5-1af2c6fb1bd1', '118d59e2-cd73-4648-a290-cab7f6b9fe5f', 'Primary', 1, 14.09) ON CONFLICT DO NOTHING;
INSERT INTO packaging_variant (id, item_variant_id, name, packaging_level, volume_per_unit) VALUES ('639d35e3-d44d-4891-a035-95c43ea0d476', '118d59e2-cd73-4648-a290-cab7f6b9fe5f', 'Secondary', 2, 14.09) ON CONFLICT DO NOTHING;
INSERT INTO packaging_variant (id, item_variant_id, name, packaging_level, volume_per_unit) VALUES ('66a0ee78-88be-4867-b975-7bc020fdf9c5', '118d59e2-cd73-4648-a290-cab7f6b9fe5f', 'Tertiary', 3, 71.49) ON CONFLICT DO NOTHING;
INSERT INTO item_variant (id, name, item_link_id, cold_storage_type_id) VALUES ('f5ae369a-0395-4263-97e3-d0e7c69b819a', 'Measles and Rubella Vaccine (Live) (Biological E. Limited)', '852b6b42-5ec2-4c6c-857b-5ab7a89f4fb8', (SELECT id FROM cold_storage_type WHERE name = '+5' or min_temperature = 2 and max_temperature = 8 LIMIT 1)) ON CONFLICT DO NOTHING;
INSERT INTO changelog (record_id, table_name, row_action) VALUES ('f5ae369a-0395-4263-97e3-d0e7c69b819a', 'item_variant', 'UPSERT');INSERT INTO packaging_variant (id, item_variant_id, name, packaging_level, volume_per_unit) VALUES ('1e4d0da7-22d3-4d06-86da-a178beb599f7', 'f5ae369a-0395-4263-97e3-d0e7c69b819a', 'Primary', 1, 7.8) ON CONFLICT DO NOTHING;
INSERT INTO packaging_variant (id, item_variant_id, name, packaging_level, volume_per_unit) VALUES ('43e883de-d11e-4be2-ae89-7cf9b70bf163', 'f5ae369a-0395-4263-97e3-d0e7c69b819a', 'Secondary', 2, 7.8) ON CONFLICT DO NOTHING;
INSERT INTO packaging_variant (id, item_variant_id, name, packaging_level, volume_per_unit) VALUES ('e1de8fb4-239d-465c-b5a0-63313adda397', 'f5ae369a-0395-4263-97e3-d0e7c69b819a', 'Tertiary', 3, 9.3) ON CONFLICT DO NOTHING;
INSERT INTO bundled_item (id, principal_item_variant_id, bundled_item_variant_id, ratio) VALUES ('44151aea-d8f1-40eb-9d00-8dd301bc0690', '118d59e2-cd73-4648-a290-cab7f6b9fe5f', 'f5ae369a-0395-4263-97e3-d0e7c69b819a', 1) ON CONFLICT DO NOTHING;
INSERT INTO changelog (record_id, table_name, row_action) VALUES ('44151aea-d8f1-40eb-9d00-8dd301bc0690', 'bundled_item', 'UPSERT');INSERT INTO item (id, name, code, ven_category, type, legacy_record, is_active, is_vaccine, vaccine_doses, default_pack_size) VALUES ('20636a8a-da54-4ed0-8c39-9b8875dcaec8', 'Measles and Rubella - vial + ampoule - 10 doses', 'MEA-14-10', 'NOT_ASSIGNED', 'STOCK', '', 'True', 'True', 10, 1) ON CONFLICT DO NOTHING;
INSERT INTO item_link (id, item_id) VALUES ('20636a8a-da54-4ed0-8c39-9b8875dcaec8', '20636a8a-da54-4ed0-8c39-9b8875dcaec8') ON CONFLICT DO NOTHING;
INSERT INTO changelog (record_id, table_name, row_action) VALUES ('20636a8a-da54-4ed0-8c39-9b8875dcaec8', 'item', 'UPSERT');INSERT INTO master_list_line (id, master_list_id, item_link_id) VALUES (uuid_in(md5(random()::text || random()::text)::cstring), '43491ce9-bc89-4ee5-988d-9dbb2856e398', '20636a8a-da54-4ed0-8c39-9b8875dcaec8') ON CONFLICT DO NOTHING;
INSERT INTO item_variant (id, name, item_link_id, cold_storage_type_id) VALUES ('72af0a74-b2b3-48a2-893f-5a6019144d78', 'Measles and Rubella Vaccine (Live) (Biological E. Limited)', '20636a8a-da54-4ed0-8c39-9b8875dcaec8', (SELECT id FROM cold_storage_type WHERE name = '+5' or min_temperature = 2 and max_temperature = 8 LIMIT 1)) ON CONFLICT DO NOTHING;
INSERT INTO changelog (record_id, table_name, row_action) VALUES ('72af0a74-b2b3-48a2-893f-5a6019144d78', 'item_variant', 'UPSERT');INSERT INTO packaging_variant (id, item_variant_id, name, packaging_level, volume_per_unit) VALUES ('da76d4d9-07de-4da3-ac89-537b7e4e585c', '72af0a74-b2b3-48a2-893f-5a6019144d78', 'Primary', 1, 1.78) ON CONFLICT DO NOTHING;
INSERT INTO packaging_variant (id, item_variant_id, name, packaging_level, volume_per_unit) VALUES ('b972b93e-ffed-41ec-bf34-213dbd79011a', '72af0a74-b2b3-48a2-893f-5a6019144d78', 'Secondary', 2, 1.78) ON CONFLICT DO NOTHING;
INSERT INTO packaging_variant (id, item_variant_id, name, packaging_level, volume_per_unit) VALUES ('89a49d31-ed64-4f47-bf54-5520e56b96b0', '72af0a74-b2b3-48a2-893f-5a6019144d78', 'Tertiary', 3, 8.94) ON CONFLICT DO NOTHING;
INSERT INTO item_variant (id, name, item_link_id, cold_storage_type_id) VALUES ('386f72c5-9519-463a-a101-4e293c98ae8e', 'Measles and Rubella Vaccine (Live) (Biological E. Limited)', '852b6b42-5ec2-4c6c-857b-5ab7a89f4fb8', (SELECT id FROM cold_storage_type WHERE name = '+5' or min_temperature = 2 and max_temperature = 8 LIMIT 1)) ON CONFLICT DO NOTHING;
INSERT INTO changelog (record_id, table_name, row_action) VALUES ('386f72c5-9519-463a-a101-4e293c98ae8e', 'item_variant', 'UPSERT');INSERT INTO packaging_variant (id, item_variant_id, name, packaging_level, volume_per_unit) VALUES ('18be78c8-260e-458b-957f-9f14593638db', '386f72c5-9519-463a-a101-4e293c98ae8e', 'Primary', 1, 2.1) ON CONFLICT DO NOTHING;
INSERT INTO packaging_variant (id, item_variant_id, name, packaging_level, volume_per_unit) VALUES ('b24552a6-a57d-444a-8417-4b0746e516a1', '386f72c5-9519-463a-a101-4e293c98ae8e', 'Secondary', 2, 2.1) ON CONFLICT DO NOTHING;
INSERT INTO packaging_variant (id, item_variant_id, name, packaging_level, volume_per_unit) VALUES ('05be5bfd-b773-415c-bb96-c060e8af1b30', '386f72c5-9519-463a-a101-4e293c98ae8e', 'Tertiary', 3, 2.4) ON CONFLICT DO NOTHING;
INSERT INTO bundled_item (id, principal_item_variant_id, bundled_item_variant_id, ratio) VALUES ('d60a4a1b-b28c-4688-b9c4-3891f1d8895b', '72af0a74-b2b3-48a2-893f-5a6019144d78', '386f72c5-9519-463a-a101-4e293c98ae8e', 1) ON CONFLICT DO NOTHING;
INSERT INTO changelog (record_id, table_name, row_action) VALUES ('d60a4a1b-b28c-4688-b9c4-3891f1d8895b', 'bundled_item', 'UPSERT');INSERT INTO item (id, name, code, ven_category, type, legacy_record, is_active, is_vaccine, vaccine_doses, default_pack_size) VALUES ('82ebb826-8f9e-417d-956a-4c0d5c4fb7fa', 'Measles and Rubella - vial + ampoule - 5 doses', 'MEA-14-5', 'NOT_ASSIGNED', 'STOCK', '', 'True', 'True', 5, 1) ON CONFLICT DO NOTHING;
INSERT INTO item_link (id, item_id) VALUES ('82ebb826-8f9e-417d-956a-4c0d5c4fb7fa', '82ebb826-8f9e-417d-956a-4c0d5c4fb7fa') ON CONFLICT DO NOTHING;
INSERT INTO changelog (record_id, table_name, row_action) VALUES ('82ebb826-8f9e-417d-956a-4c0d5c4fb7fa', 'item', 'UPSERT');INSERT INTO master_list_line (id, master_list_id, item_link_id) VALUES (uuid_in(md5(random()::text || random()::text)::cstring), '43491ce9-bc89-4ee5-988d-9dbb2856e398', '82ebb826-8f9e-417d-956a-4c0d5c4fb7fa') ON CONFLICT DO NOTHING;
INSERT INTO item_variant (id, name, item_link_id, cold_storage_type_id) VALUES ('1a93e1d2-ef29-40ea-b98f-40bf68b59884', 'Measles and Rubella Vaccine (Live) (Biological E. Limited)', '82ebb826-8f9e-417d-956a-4c0d5c4fb7fa', (SELECT id FROM cold_storage_type WHERE name = '+5' or min_temperature = 2 and max_temperature = 8 LIMIT 1)) ON CONFLICT DO NOTHING;
INSERT INTO changelog (record_id, table_name, row_action) VALUES ('1a93e1d2-ef29-40ea-b98f-40bf68b59884', 'item_variant', 'UPSERT');INSERT INTO packaging_variant (id, item_variant_id, name, packaging_level, volume_per_unit) VALUES ('013fad72-0ea4-445d-b47a-2ca374d02ae8', '1a93e1d2-ef29-40ea-b98f-40bf68b59884', 'Primary', 1, 2.67) ON CONFLICT DO NOTHING;
INSERT INTO packaging_variant (id, item_variant_id, name, packaging_level, volume_per_unit) VALUES ('c0343cbc-9a74-4118-badc-60463d121ee9', '1a93e1d2-ef29-40ea-b98f-40bf68b59884', 'Secondary', 2, 2.67) ON CONFLICT DO NOTHING;
INSERT INTO packaging_variant (id, item_variant_id, name, packaging_level, volume_per_unit) VALUES ('16746707-007c-4af1-89de-a9008833b580', '1a93e1d2-ef29-40ea-b98f-40bf68b59884', 'Tertiary', 3, 14.3) ON CONFLICT DO NOTHING;
INSERT INTO item_variant (id, name, item_link_id, cold_storage_type_id) VALUES ('361e8c4a-df65-4b1d-92a8-7cce71deb97b', 'Measles and Rubella Vaccine (Live) (Biological E. Limited)', '852b6b42-5ec2-4c6c-857b-5ab7a89f4fb8', (SELECT id FROM cold_storage_type WHERE name = '+5' or min_temperature = 2 and max_temperature = 8 LIMIT 1)) ON CONFLICT DO NOTHING;
INSERT INTO changelog (record_id, table_name, row_action) VALUES ('361e8c4a-df65-4b1d-92a8-7cce71deb97b', 'item_variant', 'UPSERT');INSERT INTO packaging_variant (id, item_variant_id, name, packaging_level, volume_per_unit) VALUES ('94134307-03c6-43f7-8fdc-408b3fbb8ec0', '361e8c4a-df65-4b1d-92a8-7cce71deb97b', 'Primary', 1, 3.3) ON CONFLICT DO NOTHING;
INSERT INTO packaging_variant (id, item_variant_id, name, packaging_level, volume_per_unit) VALUES ('4103cecd-25d7-43c1-9564-e58460813e69', '361e8c4a-df65-4b1d-92a8-7cce71deb97b', 'Secondary', 2, 3.3) ON CONFLICT DO NOTHING;
INSERT INTO packaging_variant (id, item_variant_id, name, packaging_level, volume_per_unit) VALUES ('21e0f95f-b3b3-49cb-97a5-f79f2c3e5ced', '361e8c4a-df65-4b1d-92a8-7cce71deb97b', 'Tertiary', 3, 3.6) ON CONFLICT DO NOTHING;
INSERT INTO bundled_item (id, principal_item_variant_id, bundled_item_variant_id, ratio) VALUES ('482672a8-3bf0-4b5f-b2a7-d2cc6558f0f7', '1a93e1d2-ef29-40ea-b98f-40bf68b59884', '361e8c4a-df65-4b1d-92a8-7cce71deb97b', 1) ON CONFLICT DO NOTHING;
INSERT INTO changelog (record_id, table_name, row_action) VALUES ('482672a8-3bf0-4b5f-b2a7-d2cc6558f0f7', 'bundled_item', 'UPSERT');INSERT INTO item_variant (id, name, item_link_id, cold_storage_type_id) VALUES ('f61577e2-0d2d-469b-869a-ff5d0bec03a1', 'Priorix (GlaxoSmithKline Biologicals SA)', 'e5bc262b-9fbe-4306-bbf4-a67bcaec6a13', (SELECT id FROM cold_storage_type WHERE name = '+5' or min_temperature = 2 and max_temperature = 8 LIMIT 1)) ON CONFLICT DO NOTHING;
INSERT INTO changelog (record_id, table_name, row_action) VALUES ('f61577e2-0d2d-469b-869a-ff5d0bec03a1', 'item_variant', 'UPSERT');INSERT INTO packaging_variant (id, item_variant_id, name, packaging_level, volume_per_unit) VALUES ('96b77cda-84d1-4701-9bf0-f763b233955d', 'f61577e2-0d2d-469b-869a-ff5d0bec03a1', 'Primary', 1, 9.6) ON CONFLICT DO NOTHING;
INSERT INTO packaging_variant (id, item_variant_id, name, packaging_level, volume_per_unit) VALUES ('68c83ff2-33ba-45d1-8047-4b1c8aea77ee', 'f61577e2-0d2d-469b-869a-ff5d0bec03a1', 'Secondary', 2, 9.6) ON CONFLICT DO NOTHING;
INSERT INTO packaging_variant (id, item_variant_id, name, packaging_level, volume_per_unit) VALUES ('b22c5926-20d3-414f-9c32-fd14f4dd8cd5', 'f61577e2-0d2d-469b-869a-ff5d0bec03a1', 'Tertiary', 3, 15.23) ON CONFLICT DO NOTHING;
INSERT INTO item (id, name, code, ven_category, type, legacy_record, is_active, is_vaccine, vaccine_doses, default_pack_size) VALUES ('0546ed97-3e40-466e-b0db-4daa62b1c97b', 'Measles, Mumps and Rubella - vial - 1 dose Diluent', 'MEA-4-1_DIL', 'NOT_ASSIGNED', 'STOCK', '', 'True', 'False', 0, 1) ON CONFLICT DO NOTHING;
INSERT INTO item_link (id, item_id) VALUES ('0546ed97-3e40-466e-b0db-4daa62b1c97b', '0546ed97-3e40-466e-b0db-4daa62b1c97b') ON CONFLICT DO NOTHING;
INSERT INTO changelog (record_id, table_name, row_action) VALUES ('0546ed97-3e40-466e-b0db-4daa62b1c97b', 'item', 'UPSERT');INSERT INTO item_variant (id, name, item_link_id, cold_storage_type_id) VALUES ('280528e4-31e5-4324-9bc3-ed9e194f53f5', 'Priorix (GlaxoSmithKline Biologicals SA)', '0546ed97-3e40-466e-b0db-4daa62b1c97b', (SELECT id FROM cold_storage_type WHERE name = '+5' or min_temperature = 2 and max_temperature = 8 LIMIT 1)) ON CONFLICT DO NOTHING;
INSERT INTO changelog (record_id, table_name, row_action) VALUES ('280528e4-31e5-4324-9bc3-ed9e194f53f5', 'item_variant', 'UPSERT');INSERT INTO packaging_variant (id, item_variant_id, name, packaging_level, volume_per_unit) VALUES ('bd4d301c-2d36-478c-bfcd-e45865bf4743', '280528e4-31e5-4324-9bc3-ed9e194f53f5', 'Primary', 1, 25.7) ON CONFLICT DO NOTHING;
INSERT INTO packaging_variant (id, item_variant_id, name, packaging_level, volume_per_unit) VALUES ('2c9fc8da-af60-453d-b68f-a6d079ec1629', '280528e4-31e5-4324-9bc3-ed9e194f53f5', 'Secondary', 2, 25.7) ON CONFLICT DO NOTHING;
INSERT INTO packaging_variant (id, item_variant_id, name, packaging_level, volume_per_unit) VALUES ('47e4c2b6-7116-4b06-8848-306de3050a4e', '280528e4-31e5-4324-9bc3-ed9e194f53f5', 'Tertiary', 3, 31.2) ON CONFLICT DO NOTHING;
INSERT INTO bundled_item (id, principal_item_variant_id, bundled_item_variant_id, ratio) VALUES ('4a4ebb59-14b5-453b-a9fd-a37bd0de15d6', 'f61577e2-0d2d-469b-869a-ff5d0bec03a1', '280528e4-31e5-4324-9bc3-ed9e194f53f5', 1) ON CONFLICT DO NOTHING;
INSERT INTO changelog (record_id, table_name, row_action) VALUES ('4a4ebb59-14b5-453b-a9fd-a37bd0de15d6', 'bundled_item', 'UPSERT');INSERT INTO item_variant (id, name, item_link_id, cold_storage_type_id) VALUES ('9e7e2da0-1402-47fe-a202-1065bb573b69', 'TRIMOVAX MÉRIEUX (Sanofi Pasteur SA)', 'e5bc262b-9fbe-4306-bbf4-a67bcaec6a13', (SELECT id FROM cold_storage_type WHERE name = '+5' or min_temperature = 2 and max_temperature = 8 LIMIT 1)) ON CONFLICT DO NOTHING;
INSERT INTO changelog (record_id, table_name, row_action) VALUES ('9e7e2da0-1402-47fe-a202-1065bb573b69', 'item_variant', 'UPSERT');INSERT INTO packaging_variant (id, item_variant_id, name, packaging_level, volume_per_unit) VALUES ('b2c0f17b-29e8-498b-a04e-7f9adf9652aa', '9e7e2da0-1402-47fe-a202-1065bb573b69', 'Primary', 1, 11.72) ON CONFLICT DO NOTHING;
INSERT INTO packaging_variant (id, item_variant_id, name, packaging_level, volume_per_unit) VALUES ('765029b8-2568-4107-9656-d8ba79697bfa', '9e7e2da0-1402-47fe-a202-1065bb573b69', 'Secondary', 2, 11.72) ON CONFLICT DO NOTHING;
INSERT INTO packaging_variant (id, item_variant_id, name, packaging_level, volume_per_unit) VALUES ('606981c2-7cb1-4852-9848-2c3bbb9e19af', '9e7e2da0-1402-47fe-a202-1065bb573b69', 'Tertiary', 3, 11.72) ON CONFLICT DO NOTHING;
INSERT INTO item_variant (id, name, item_link_id, cold_storage_type_id) VALUES ('638a4f93-34a4-4af5-8189-4d37033bb6ce', 'TRIMOVAX MÉRIEUX (Sanofi Pasteur SA)', '0546ed97-3e40-466e-b0db-4daa62b1c97b', (SELECT id FROM cold_storage_type WHERE name = '+5' or min_temperature = 2 and max_temperature = 8 LIMIT 1)) ON CONFLICT DO NOTHING;
INSERT INTO changelog (record_id, table_name, row_action) VALUES ('638a4f93-34a4-4af5-8189-4d37033bb6ce', 'item_variant', 'UPSERT');INSERT INTO packaging_variant (id, item_variant_id, name, packaging_level, volume_per_unit) VALUES ('40aabad0-a584-4b8e-a5ae-167aa036f375', '638a4f93-34a4-4af5-8189-4d37033bb6ce', 'Primary', 1, 0) ON CONFLICT DO NOTHING;
INSERT INTO packaging_variant (id, item_variant_id, name, packaging_level, volume_per_unit) VALUES ('a1bfa52d-66ea-4543-a1ab-3165882b6ef3', '638a4f93-34a4-4af5-8189-4d37033bb6ce', 'Secondary', 2, 0) ON CONFLICT DO NOTHING;
INSERT INTO packaging_variant (id, item_variant_id, name, packaging_level, volume_per_unit) VALUES ('3ecc0779-71a3-45bf-aa9d-4cce44dcf21a', '638a4f93-34a4-4af5-8189-4d37033bb6ce', 'Tertiary', 3, 0) ON CONFLICT DO NOTHING;
INSERT INTO bundled_item (id, principal_item_variant_id, bundled_item_variant_id, ratio) VALUES ('2db213bc-5526-45ec-a5c4-5ebe64c1fd80', '9e7e2da0-1402-47fe-a202-1065bb573b69', '638a4f93-34a4-4af5-8189-4d37033bb6ce', 1) ON CONFLICT DO NOTHING;
INSERT INTO changelog (record_id, table_name, row_action) VALUES ('2db213bc-5526-45ec-a5c4-5ebe64c1fd80', 'bundled_item', 'UPSERT');INSERT INTO item_variant (id, name, item_link_id, cold_storage_type_id) VALUES ('0169ef86-7dd5-4b86-ba3a-e7d744d3e308', 'Measles, Mumps and Rubella Vaccine, Live, Attenuated (Serum Institute of India Pvt. Ltd.)', 'e5bc262b-9fbe-4306-bbf4-a67bcaec6a13', (SELECT id FROM cold_storage_type WHERE name = '+5' or min_temperature = 2 and max_temperature = 8 LIMIT 1)) ON CONFLICT DO NOTHING;
INSERT INTO changelog (record_id, table_name, row_action) VALUES ('0169ef86-7dd5-4b86-ba3a-e7d744d3e308', 'item_variant', 'UPSERT');INSERT INTO packaging_variant (id, item_variant_id, name, packaging_level, volume_per_unit) VALUES ('42190fbb-5777-4d9a-a52f-f6f79b109578', '0169ef86-7dd5-4b86-ba3a-e7d744d3e308', 'Primary', 1, 21.09) ON CONFLICT DO NOTHING;
INSERT INTO packaging_variant (id, item_variant_id, name, packaging_level, volume_per_unit) VALUES ('867c92e1-4b95-41e3-a169-f4b72d9d232c', '0169ef86-7dd5-4b86-ba3a-e7d744d3e308', 'Secondary', 2, 21.09) ON CONFLICT DO NOTHING;
INSERT INTO packaging_variant (id, item_variant_id, name, packaging_level, volume_per_unit) VALUES ('16576656-0e77-433c-92d6-802f0de25292', '0169ef86-7dd5-4b86-ba3a-e7d744d3e308', 'Tertiary', 3, 98.4) ON CONFLICT DO NOTHING;
INSERT INTO item_variant (id, name, item_link_id, cold_storage_type_id) VALUES ('5c782114-583f-4325-8b41-e7efa0ca78cd', 'Measles, Mumps and Rubella Vaccine, Live, Attenuated (Serum Institute of India Pvt. Ltd.)', '0546ed97-3e40-466e-b0db-4daa62b1c97b', (SELECT id FROM cold_storage_type WHERE name = '+5' or min_temperature = 2 and max_temperature = 8 LIMIT 1)) ON CONFLICT DO NOTHING;
INSERT INTO changelog (record_id, table_name, row_action) VALUES ('5c782114-583f-4325-8b41-e7efa0ca78cd', 'item_variant', 'UPSERT');INSERT INTO packaging_variant (id, item_variant_id, name, packaging_level, volume_per_unit) VALUES ('1d473633-153c-46d6-a95f-9774ffd1d7c9', '5c782114-583f-4325-8b41-e7efa0ca78cd', 'Primary', 1, 12.5) ON CONFLICT DO NOTHING;
INSERT INTO packaging_variant (id, item_variant_id, name, packaging_level, volume_per_unit) VALUES ('6eb4530f-af9e-4ff7-8b01-3debad91bcb1', '5c782114-583f-4325-8b41-e7efa0ca78cd', 'Secondary', 2, 12.5) ON CONFLICT DO NOTHING;
INSERT INTO packaging_variant (id, item_variant_id, name, packaging_level, volume_per_unit) VALUES ('75369e60-3004-455d-943c-d2c7956980b4', '5c782114-583f-4325-8b41-e7efa0ca78cd', 'Tertiary', 3, 0) ON CONFLICT DO NOTHING;
INSERT INTO bundled_item (id, principal_item_variant_id, bundled_item_variant_id, ratio) VALUES ('e5f5e9db-34ef-40f7-931d-3de5f13c59b6', '0169ef86-7dd5-4b86-ba3a-e7d744d3e308', '5c782114-583f-4325-8b41-e7efa0ca78cd', 1) ON CONFLICT DO NOTHING;
INSERT INTO changelog (record_id, table_name, row_action) VALUES ('e5f5e9db-34ef-40f7-931d-3de5f13c59b6', 'bundled_item', 'UPSERT');INSERT INTO item_variant (id, name, item_link_id, cold_storage_type_id) VALUES ('9b6bfbe5-2547-412e-ad13-26c742da6664', 'rHA M-M-R II (Merck Vaccines)', 'e5bc262b-9fbe-4306-bbf4-a67bcaec6a13', (SELECT id FROM cold_storage_type WHERE name = '+5' or min_temperature = 2 and max_temperature = 8 LIMIT 1)) ON CONFLICT DO NOTHING;
INSERT INTO changelog (record_id, table_name, row_action) VALUES ('9b6bfbe5-2547-412e-ad13-26c742da6664', 'item_variant', 'UPSERT');INSERT INTO packaging_variant (id, item_variant_id, name, packaging_level, volume_per_unit) VALUES ('8a4023a6-b00e-4f85-adcd-5e79733cdfab', '9b6bfbe5-2547-412e-ad13-26c742da6664', 'Primary', 1, 15) ON CONFLICT DO NOTHING;
INSERT INTO packaging_variant (id, item_variant_id, name, packaging_level, volume_per_unit) VALUES ('c0d34c51-757b-41a1-aa22-8efdadb4073d', '9b6bfbe5-2547-412e-ad13-26c742da6664', 'Secondary', 2, 15) ON CONFLICT DO NOTHING;
INSERT INTO packaging_variant (id, item_variant_id, name, packaging_level, volume_per_unit) VALUES ('f03b76ef-b82e-4c12-a8fb-2627dc8bc393', '9b6bfbe5-2547-412e-ad13-26c742da6664', 'Tertiary', 3, 19.92) ON CONFLICT DO NOTHING;
INSERT INTO item_variant (id, name, item_link_id, cold_storage_type_id) VALUES ('c0f69756-29ec-4389-8bfc-f9d03883a319', 'rHA M-M-R II (Merck Vaccines)', '0546ed97-3e40-466e-b0db-4daa62b1c97b', (SELECT id FROM cold_storage_type WHERE name = '+5' or min_temperature = 2 and max_temperature = 8 LIMIT 1)) ON CONFLICT DO NOTHING;
INSERT INTO changelog (record_id, table_name, row_action) VALUES ('c0f69756-29ec-4389-8bfc-f9d03883a319', 'item_variant', 'UPSERT');INSERT INTO packaging_variant (id, item_variant_id, name, packaging_level, volume_per_unit) VALUES ('f3f2b32e-bfce-4313-b1b2-1b81e395aebe', 'c0f69756-29ec-4389-8bfc-f9d03883a319', 'Primary', 1, 0) ON CONFLICT DO NOTHING;
INSERT INTO packaging_variant (id, item_variant_id, name, packaging_level, volume_per_unit) VALUES ('ebfc6586-f8c4-401b-bbe6-6a31b1003e92', 'c0f69756-29ec-4389-8bfc-f9d03883a319', 'Secondary', 2, 0) ON CONFLICT DO NOTHING;
INSERT INTO packaging_variant (id, item_variant_id, name, packaging_level, volume_per_unit) VALUES ('cd135f50-3a82-4d4c-9fd6-ed3882107156', 'c0f69756-29ec-4389-8bfc-f9d03883a319', 'Tertiary', 3, 0) ON CONFLICT DO NOTHING;
INSERT INTO bundled_item (id, principal_item_variant_id, bundled_item_variant_id, ratio) VALUES ('353adb47-35a1-416e-bc11-2bd2bdc740f7', '9b6bfbe5-2547-412e-ad13-26c742da6664', 'c0f69756-29ec-4389-8bfc-f9d03883a319', 1) ON CONFLICT DO NOTHING;
INSERT INTO changelog (record_id, table_name, row_action) VALUES ('353adb47-35a1-416e-bc11-2bd2bdc740f7', 'bundled_item', 'UPSERT');INSERT INTO item_variant (id, name, item_link_id, cold_storage_type_id) VALUES ('d474d28d-ef06-4916-8c39-381d9dd261d6', 'TRIMOVAX MÉRIEUX (Sanofi Pasteur SA)', '32f3d99a-65da-434a-8532-84e470c055c7', (SELECT id FROM cold_storage_type WHERE name = '+5' or min_temperature = 2 and max_temperature = 8 LIMIT 1)) ON CONFLICT DO NOTHING;
INSERT INTO changelog (record_id, table_name, row_action) VALUES ('d474d28d-ef06-4916-8c39-381d9dd261d6', 'item_variant', 'UPSERT');INSERT INTO packaging_variant (id, item_variant_id, name, packaging_level, volume_per_unit) VALUES ('5156e7a1-958d-4bbd-8dab-f2534e2d79e2', 'd474d28d-ef06-4916-8c39-381d9dd261d6', 'Primary', 1, 2.31) ON CONFLICT DO NOTHING;
INSERT INTO packaging_variant (id, item_variant_id, name, packaging_level, volume_per_unit) VALUES ('9a7edb28-a7de-4bd6-bf31-d9455225e819', 'd474d28d-ef06-4916-8c39-381d9dd261d6', 'Secondary', 2, 2.31) ON CONFLICT DO NOTHING;
INSERT INTO packaging_variant (id, item_variant_id, name, packaging_level, volume_per_unit) VALUES ('05a94744-4616-4349-a9e7-c28d9d59615c', 'd474d28d-ef06-4916-8c39-381d9dd261d6', 'Tertiary', 3, 2.31) ON CONFLICT DO NOTHING;
INSERT INTO item_variant (id, name, item_link_id, cold_storage_type_id) VALUES ('57ce17e4-9aae-4e2a-a8ec-33302c396cc6', 'TRIMOVAX MÉRIEUX (Sanofi Pasteur SA)', '0546ed97-3e40-466e-b0db-4daa62b1c97b', (SELECT id FROM cold_storage_type WHERE name = '+5' or min_temperature = 2 and max_temperature = 8 LIMIT 1)) ON CONFLICT DO NOTHING;
INSERT INTO changelog (record_id, table_name, row_action) VALUES ('57ce17e4-9aae-4e2a-a8ec-33302c396cc6', 'item_variant', 'UPSERT');INSERT INTO packaging_variant (id, item_variant_id, name, packaging_level, volume_per_unit) VALUES ('a1d5732e-ddc0-4fbc-ba44-c5514fef980c', '57ce17e4-9aae-4e2a-a8ec-33302c396cc6', 'Primary', 1, 0) ON CONFLICT DO NOTHING;
INSERT INTO packaging_variant (id, item_variant_id, name, packaging_level, volume_per_unit) VALUES ('5d9d8ec0-e681-4fb5-99a7-cb4838be6dde', '57ce17e4-9aae-4e2a-a8ec-33302c396cc6', 'Secondary', 2, 0) ON CONFLICT DO NOTHING;
INSERT INTO packaging_variant (id, item_variant_id, name, packaging_level, volume_per_unit) VALUES ('1178d471-5429-4e12-974b-aa4a3a508414', '57ce17e4-9aae-4e2a-a8ec-33302c396cc6', 'Tertiary', 3, 0) ON CONFLICT DO NOTHING;
INSERT INTO bundled_item (id, principal_item_variant_id, bundled_item_variant_id, ratio) VALUES ('aadba4ef-caac-4088-a634-77c2f6b80aa3', 'd474d28d-ef06-4916-8c39-381d9dd261d6', '57ce17e4-9aae-4e2a-a8ec-33302c396cc6', 1) ON CONFLICT DO NOTHING;
INSERT INTO changelog (record_id, table_name, row_action) VALUES ('aadba4ef-caac-4088-a634-77c2f6b80aa3', 'bundled_item', 'UPSERT');INSERT INTO item_variant (id, name, item_link_id, cold_storage_type_id) VALUES ('4b454135-472e-4f60-9ed0-b8546a5977af', 'Measles, Mumps and Rubella Vaccine, Live, Attenuated (Serum Institute of India Pvt. Ltd.)', '32f3d99a-65da-434a-8532-84e470c055c7', (SELECT id FROM cold_storage_type WHERE name = '+5' or min_temperature = 2 and max_temperature = 8 LIMIT 1)) ON CONFLICT DO NOTHING;
INSERT INTO changelog (record_id, table_name, row_action) VALUES ('4b454135-472e-4f60-9ed0-b8546a5977af', 'item_variant', 'UPSERT');INSERT INTO packaging_variant (id, item_variant_id, name, packaging_level, volume_per_unit) VALUES ('ae0dd0e1-e868-464f-95a4-8ba8b2ef602f', '4b454135-472e-4f60-9ed0-b8546a5977af', 'Primary', 1, 2.11) ON CONFLICT DO NOTHING;
INSERT INTO packaging_variant (id, item_variant_id, name, packaging_level, volume_per_unit) VALUES ('a9284e07-c6af-412a-8d7f-5a3b1ba27a5d', '4b454135-472e-4f60-9ed0-b8546a5977af', 'Secondary', 2, 2.11) ON CONFLICT DO NOTHING;
INSERT INTO packaging_variant (id, item_variant_id, name, packaging_level, volume_per_unit) VALUES ('e92e77da-5d20-4809-852f-d13b873fb8df', '4b454135-472e-4f60-9ed0-b8546a5977af', 'Tertiary', 3, 9.84) ON CONFLICT DO NOTHING;
INSERT INTO item_variant (id, name, item_link_id, cold_storage_type_id) VALUES ('7751858c-3422-4659-a43b-082f4e984c4d', 'Measles, Mumps and Rubella Vaccine, Live, Attenuated (Serum Institute of India Pvt. Ltd.)', '0546ed97-3e40-466e-b0db-4daa62b1c97b', (SELECT id FROM cold_storage_type WHERE name = '+5' or min_temperature = 2 and max_temperature = 8 LIMIT 1)) ON CONFLICT DO NOTHING;
INSERT INTO changelog (record_id, table_name, row_action) VALUES ('7751858c-3422-4659-a43b-082f4e984c4d', 'item_variant', 'UPSERT');INSERT INTO packaging_variant (id, item_variant_id, name, packaging_level, volume_per_unit) VALUES ('cd3e0b7f-e4ff-443f-b3ae-5c2183647d67', '7751858c-3422-4659-a43b-082f4e984c4d', 'Primary', 1, 3.1) ON CONFLICT DO NOTHING;
INSERT INTO packaging_variant (id, item_variant_id, name, packaging_level, volume_per_unit) VALUES ('5eac7d77-8251-41b0-8274-56d5bbb5a238', '7751858c-3422-4659-a43b-082f4e984c4d', 'Secondary', 2, 3.1) ON CONFLICT DO NOTHING;
INSERT INTO packaging_variant (id, item_variant_id, name, packaging_level, volume_per_unit) VALUES ('0c111853-1579-4cea-9122-ec2d4106e59a', '7751858c-3422-4659-a43b-082f4e984c4d', 'Tertiary', 3, 0) ON CONFLICT DO NOTHING;
INSERT INTO bundled_item (id, principal_item_variant_id, bundled_item_variant_id, ratio) VALUES ('c96660ab-2200-48fc-8fff-21bd66d5a777', '4b454135-472e-4f60-9ed0-b8546a5977af', '7751858c-3422-4659-a43b-082f4e984c4d', 1) ON CONFLICT DO NOTHING;
INSERT INTO changelog (record_id, table_name, row_action) VALUES ('c96660ab-2200-48fc-8fff-21bd66d5a777', 'bundled_item', 'UPSERT');INSERT INTO item_variant (id, name, item_link_id, cold_storage_type_id) VALUES ('48dedb4c-145c-47cf-9a4c-e24bd5994774', 'Measles, Mumps and Rubella Vaccine, Live, Attenuated (Serum Institute of India Pvt. Ltd.)', 'a08b512b-3be3-4aec-a9b8-a7cfccf26a5a', (SELECT id FROM cold_storage_type WHERE name = '+5' or min_temperature = 2 and max_temperature = 8 LIMIT 1)) ON CONFLICT DO NOTHING;
INSERT INTO changelog (record_id, table_name, row_action) VALUES ('48dedb4c-145c-47cf-9a4c-e24bd5994774', 'item_variant', 'UPSERT');INSERT INTO packaging_variant (id, item_variant_id, name, packaging_level, volume_per_unit) VALUES ('e5bfe173-286c-4a82-92d7-046cc9697352', '48dedb4c-145c-47cf-9a4c-e24bd5994774', 'Primary', 1, 10.55) ON CONFLICT DO NOTHING;
INSERT INTO packaging_variant (id, item_variant_id, name, packaging_level, volume_per_unit) VALUES ('c47c59a6-25e4-418a-a46d-9b7c81f9bed5', '48dedb4c-145c-47cf-9a4c-e24bd5994774', 'Secondary', 2, 10.55) ON CONFLICT DO NOTHING;
INSERT INTO packaging_variant (id, item_variant_id, name, packaging_level, volume_per_unit) VALUES ('bedde903-b803-40b2-9aaa-befa9b95d761', '48dedb4c-145c-47cf-9a4c-e24bd5994774', 'Tertiary', 3, 49.2) ON CONFLICT DO NOTHING;
INSERT INTO item_variant (id, name, item_link_id, cold_storage_type_id) VALUES ('08eb8fa7-d405-4137-983d-43ef4bf862fa', 'Measles, Mumps and Rubella Vaccine, Live, Attenuated (Serum Institute of India Pvt. Ltd.)', '0546ed97-3e40-466e-b0db-4daa62b1c97b', (SELECT id FROM cold_storage_type WHERE name = '+5' or min_temperature = 2 and max_temperature = 8 LIMIT 1)) ON CONFLICT DO NOTHING;
INSERT INTO changelog (record_id, table_name, row_action) VALUES ('08eb8fa7-d405-4137-983d-43ef4bf862fa', 'item_variant', 'UPSERT');INSERT INTO packaging_variant (id, item_variant_id, name, packaging_level, volume_per_unit) VALUES ('0ba10200-5862-4600-b6a8-3b8187b46f13', '08eb8fa7-d405-4137-983d-43ef4bf862fa', 'Primary', 1, 6.3) ON CONFLICT DO NOTHING;
INSERT INTO packaging_variant (id, item_variant_id, name, packaging_level, volume_per_unit) VALUES ('97f72f51-8152-4046-8e7a-d8e536da76b5', '08eb8fa7-d405-4137-983d-43ef4bf862fa', 'Secondary', 2, 6.3) ON CONFLICT DO NOTHING;
INSERT INTO packaging_variant (id, item_variant_id, name, packaging_level, volume_per_unit) VALUES ('5cf27b92-505b-4268-9acf-67cd4207f571', '08eb8fa7-d405-4137-983d-43ef4bf862fa', 'Tertiary', 3, 0) ON CONFLICT DO NOTHING;
INSERT INTO bundled_item (id, principal_item_variant_id, bundled_item_variant_id, ratio) VALUES ('b8a78b97-f718-42e2-ba20-e6399e01afd1', '48dedb4c-145c-47cf-9a4c-e24bd5994774', '08eb8fa7-d405-4137-983d-43ef4bf862fa', 1) ON CONFLICT DO NOTHING;
INSERT INTO changelog (record_id, table_name, row_action) VALUES ('b8a78b97-f718-42e2-ba20-e6399e01afd1', 'bundled_item', 'UPSERT');INSERT INTO item_variant (id, name, item_link_id, cold_storage_type_id) VALUES ('3625e3f0-3487-49fa-b413-8aeccf996dcf', 'Priorix (GlaxoSmithKline Biologicals SA)', 'a08b512b-3be3-4aec-a9b8-a7cfccf26a5a', (SELECT id FROM cold_storage_type WHERE name = '+5' or min_temperature = 2 and max_temperature = 8 LIMIT 1)) ON CONFLICT DO NOTHING;
INSERT INTO changelog (record_id, table_name, row_action) VALUES ('3625e3f0-3487-49fa-b413-8aeccf996dcf', 'item_variant', 'UPSERT');INSERT INTO packaging_variant (id, item_variant_id, name, packaging_level, volume_per_unit) VALUES ('0ca16892-a4b3-4635-bd80-5aab749f8260', '3625e3f0-3487-49fa-b413-8aeccf996dcf', 'Primary', 1, 4.8) ON CONFLICT DO NOTHING;
INSERT INTO packaging_variant (id, item_variant_id, name, packaging_level, volume_per_unit) VALUES ('e7a9dadf-d1d2-437f-8eee-13eb7a81f467', '3625e3f0-3487-49fa-b413-8aeccf996dcf', 'Secondary', 2, 4.8) ON CONFLICT DO NOTHING;
INSERT INTO packaging_variant (id, item_variant_id, name, packaging_level, volume_per_unit) VALUES ('3d1d795d-2bdb-4a7e-92cf-01a80abcd3fb', '3625e3f0-3487-49fa-b413-8aeccf996dcf', 'Tertiary', 3, 7.61) ON CONFLICT DO NOTHING;
INSERT INTO item_variant (id, name, item_link_id, cold_storage_type_id) VALUES ('d5ef2e5b-1a14-442c-948e-adc7735fe72d', 'Priorix (GlaxoSmithKline Biologicals SA)', '0546ed97-3e40-466e-b0db-4daa62b1c97b', (SELECT id FROM cold_storage_type WHERE name = '+5' or min_temperature = 2 and max_temperature = 8 LIMIT 1)) ON CONFLICT DO NOTHING;
INSERT INTO changelog (record_id, table_name, row_action) VALUES ('d5ef2e5b-1a14-442c-948e-adc7735fe72d', 'item_variant', 'UPSERT');INSERT INTO packaging_variant (id, item_variant_id, name, packaging_level, volume_per_unit) VALUES ('3984a761-d460-4769-a9af-4a31f1becb74', 'd5ef2e5b-1a14-442c-948e-adc7735fe72d', 'Primary', 1, 12.8) ON CONFLICT DO NOTHING;
INSERT INTO packaging_variant (id, item_variant_id, name, packaging_level, volume_per_unit) VALUES ('aa4c4d6d-d9b3-418f-99b6-9baf2da3ae7d', 'd5ef2e5b-1a14-442c-948e-adc7735fe72d', 'Secondary', 2, 12.8) ON CONFLICT DO NOTHING;
INSERT INTO packaging_variant (id, item_variant_id, name, packaging_level, volume_per_unit) VALUES ('a964b02a-a503-4275-850a-815c82ab711e', 'd5ef2e5b-1a14-442c-948e-adc7735fe72d', 'Tertiary', 3, 15.6) ON CONFLICT DO NOTHING;
INSERT INTO bundled_item (id, principal_item_variant_id, bundled_item_variant_id, ratio) VALUES ('6c3207e7-78a8-4a31-a92a-c55988b4c8b0', '3625e3f0-3487-49fa-b413-8aeccf996dcf', 'd5ef2e5b-1a14-442c-948e-adc7735fe72d', 1) ON CONFLICT DO NOTHING;
INSERT INTO changelog (record_id, table_name, row_action) VALUES ('6c3207e7-78a8-4a31-a92a-c55988b4c8b0', 'bundled_item', 'UPSERT');INSERT INTO item_variant (id, name, item_link_id, cold_storage_type_id) VALUES ('886ffcf2-2a49-4380-adf6-b89a77a2b63a', 'Measles, Mumps and Rubella Vaccine, Live, Attenuated (Serum Institute of India Pvt. Ltd.)', '9dee7646-f134-4555-8867-10b8cda768be', (SELECT id FROM cold_storage_type WHERE name = '+5' or min_temperature = 2 and max_temperature = 8 LIMIT 1)) ON CONFLICT DO NOTHING;
INSERT INTO changelog (record_id, table_name, row_action) VALUES ('886ffcf2-2a49-4380-adf6-b89a77a2b63a', 'item_variant', 'UPSERT');INSERT INTO packaging_variant (id, item_variant_id, name, packaging_level, volume_per_unit) VALUES ('67700556-a6af-4279-9c46-17f93ee68d5f', '886ffcf2-2a49-4380-adf6-b89a77a2b63a', 'Primary', 1, 4.22) ON CONFLICT DO NOTHING;
INSERT INTO packaging_variant (id, item_variant_id, name, packaging_level, volume_per_unit) VALUES ('65e5b3b4-f5ee-4f88-ab50-3ece566dfb5d', '886ffcf2-2a49-4380-adf6-b89a77a2b63a', 'Secondary', 2, 4.22) ON CONFLICT DO NOTHING;
INSERT INTO packaging_variant (id, item_variant_id, name, packaging_level, volume_per_unit) VALUES ('2fa39f32-03af-4453-a2a4-a8d2f4cb1bbb', '886ffcf2-2a49-4380-adf6-b89a77a2b63a', 'Tertiary', 3, 19.68) ON CONFLICT DO NOTHING;
INSERT INTO item_variant (id, name, item_link_id, cold_storage_type_id) VALUES ('346e0028-94a7-47bb-9a08-08bcadf7ca10', 'Measles, Mumps and Rubella Vaccine, Live, Attenuated (Serum Institute of India Pvt. Ltd.)', '0546ed97-3e40-466e-b0db-4daa62b1c97b', (SELECT id FROM cold_storage_type WHERE name = '+5' or min_temperature = 2 and max_temperature = 8 LIMIT 1)) ON CONFLICT DO NOTHING;
INSERT INTO changelog (record_id, table_name, row_action) VALUES ('346e0028-94a7-47bb-9a08-08bcadf7ca10', 'item_variant', 'UPSERT');INSERT INTO packaging_variant (id, item_variant_id, name, packaging_level, volume_per_unit) VALUES ('62ddf728-03eb-4050-a458-6a032c9df716', '346e0028-94a7-47bb-9a08-08bcadf7ca10', 'Primary', 1, 5.5) ON CONFLICT DO NOTHING;
INSERT INTO packaging_variant (id, item_variant_id, name, packaging_level, volume_per_unit) VALUES ('39ffb7ec-ebe7-47f0-8a7a-67524553bd43', '346e0028-94a7-47bb-9a08-08bcadf7ca10', 'Secondary', 2, 5.5) ON CONFLICT DO NOTHING;
INSERT INTO packaging_variant (id, item_variant_id, name, packaging_level, volume_per_unit) VALUES ('25bb29c8-9317-4f8c-ba3a-ac41a6a446fe', '346e0028-94a7-47bb-9a08-08bcadf7ca10', 'Tertiary', 3, 0) ON CONFLICT DO NOTHING;
INSERT INTO bundled_item (id, principal_item_variant_id, bundled_item_variant_id, ratio) VALUES ('2d91b75d-65b7-49ba-ae95-6a99c393eec5', '886ffcf2-2a49-4380-adf6-b89a77a2b63a', '346e0028-94a7-47bb-9a08-08bcadf7ca10', 1) ON CONFLICT DO NOTHING;
INSERT INTO changelog (record_id, table_name, row_action) VALUES ('2d91b75d-65b7-49ba-ae95-6a99c393eec5', 'bundled_item', 'UPSERT');INSERT INTO item (id, name, code, ven_category, type, legacy_record, is_active, is_vaccine, vaccine_doses, default_pack_size) VALUES ('549a4589-7f73-4538-91b6-9aecd77ae89e', 'Menigococcal ACYWX (Polysaccharide conjugate) - vial + ampoule - 1 dose', 'MEN-14-1', 'NOT_ASSIGNED', 'STOCK', '', 'True', 'True', 1, 1) ON CONFLICT DO NOTHING;
INSERT INTO item_link (id, item_id) VALUES ('549a4589-7f73-4538-91b6-9aecd77ae89e', '549a4589-7f73-4538-91b6-9aecd77ae89e') ON CONFLICT DO NOTHING;
INSERT INTO changelog (record_id, table_name, row_action) VALUES ('549a4589-7f73-4538-91b6-9aecd77ae89e', 'item', 'UPSERT');INSERT INTO master_list_line (id, master_list_id, item_link_id) VALUES (uuid_in(md5(random()::text || random()::text)::cstring), '43491ce9-bc89-4ee5-988d-9dbb2856e398', '549a4589-7f73-4538-91b6-9aecd77ae89e') ON CONFLICT DO NOTHING;
INSERT INTO item_variant (id, name, item_link_id, cold_storage_type_id) VALUES ('b3b09a90-fb67-453e-aade-1fdfb603aa0b', 'MenFive™ (Serum Institute of India Pvt. Ltd.)', '549a4589-7f73-4538-91b6-9aecd77ae89e', (SELECT id FROM cold_storage_type WHERE name = '+5' or min_temperature = 2 and max_temperature = 8 LIMIT 1)) ON CONFLICT DO NOTHING;
INSERT INTO changelog (record_id, table_name, row_action) VALUES ('b3b09a90-fb67-453e-aade-1fdfb603aa0b', 'item_variant', 'UPSERT');INSERT INTO packaging_variant (id, item_variant_id, name, packaging_level, volume_per_unit) VALUES ('af323550-f934-4114-920f-286da547a72c', 'b3b09a90-fb67-453e-aade-1fdfb603aa0b', 'Primary', 1, 15.81) ON CONFLICT DO NOTHING;
INSERT INTO packaging_variant (id, item_variant_id, name, packaging_level, volume_per_unit) VALUES ('5cda98c7-2497-43ed-8cd2-b4679bb68b5f', 'b3b09a90-fb67-453e-aade-1fdfb603aa0b', 'Secondary', 2, 15.81) ON CONFLICT DO NOTHING;
INSERT INTO packaging_variant (id, item_variant_id, name, packaging_level, volume_per_unit) VALUES ('96766be6-ec3d-492d-adb7-07eb1604e2f1', 'b3b09a90-fb67-453e-aade-1fdfb603aa0b', 'Tertiary', 3, 20.22) ON CONFLICT DO NOTHING;
INSERT INTO item (id, name, code, ven_category, type, legacy_record, is_active, is_vaccine, vaccine_doses, default_pack_size) VALUES ('5d020b36-0aec-4382-a716-3d6e36401920', 'Menigococcal ACYWX (Polysaccharide conjugate) - vial + ampoule - 5 doses', 'MEN-14-5', 'NOT_ASSIGNED', 'STOCK', '', 'True', 'True', 5, 1) ON CONFLICT DO NOTHING;
INSERT INTO item_link (id, item_id) VALUES ('5d020b36-0aec-4382-a716-3d6e36401920', '5d020b36-0aec-4382-a716-3d6e36401920') ON CONFLICT DO NOTHING;
INSERT INTO changelog (record_id, table_name, row_action) VALUES ('5d020b36-0aec-4382-a716-3d6e36401920', 'item', 'UPSERT');INSERT INTO master_list_line (id, master_list_id, item_link_id) VALUES (uuid_in(md5(random()::text || random()::text)::cstring), '43491ce9-bc89-4ee5-988d-9dbb2856e398', '5d020b36-0aec-4382-a716-3d6e36401920') ON CONFLICT DO NOTHING;
INSERT INTO item_variant (id, name, item_link_id, cold_storage_type_id) VALUES ('d7e8c693-d4e2-4109-927f-b2b90752b020', 'MenFive™ (Serum Institute of India Pvt. Ltd.)', '5d020b36-0aec-4382-a716-3d6e36401920', (SELECT id FROM cold_storage_type WHERE name = '+5' or min_temperature = 2 and max_temperature = 8 LIMIT 1)) ON CONFLICT DO NOTHING;
INSERT INTO changelog (record_id, table_name, row_action) VALUES ('d7e8c693-d4e2-4109-927f-b2b90752b020', 'item_variant', 'UPSERT');INSERT INTO packaging_variant (id, item_variant_id, name, packaging_level, volume_per_unit) VALUES ('5c3da144-ad97-4d75-98b0-b6b28a9a8e11', 'd7e8c693-d4e2-4109-927f-b2b90752b020', 'Primary', 1, 0) ON CONFLICT DO NOTHING;
INSERT INTO packaging_variant (id, item_variant_id, name, packaging_level, volume_per_unit) VALUES ('c235d6ee-3c0e-4ef4-b28e-f404f9489c1d', 'd7e8c693-d4e2-4109-927f-b2b90752b020', 'Secondary', 2, 0) ON CONFLICT DO NOTHING;
INSERT INTO packaging_variant (id, item_variant_id, name, packaging_level, volume_per_unit) VALUES ('738aa6cb-1b5e-4da5-8fd9-b29304e8935f', 'd7e8c693-d4e2-4109-927f-b2b90752b020', 'Tertiary', 3, 0) ON CONFLICT DO NOTHING;
INSERT INTO item (id, name, code, ven_category, type, legacy_record, is_active, is_vaccine, vaccine_doses, default_pack_size) VALUES ('92c4c3ec-b196-45e4-967e-3726f9148124', 'Meningococcal A Conjugate - vial + ampoule - 10 doses', 'MEN-14-10', 'NOT_ASSIGNED', 'STOCK', '', 'True', 'True', 10, 1) ON CONFLICT DO NOTHING;
INSERT INTO item_link (id, item_id) VALUES ('92c4c3ec-b196-45e4-967e-3726f9148124', '92c4c3ec-b196-45e4-967e-3726f9148124') ON CONFLICT DO NOTHING;
INSERT INTO changelog (record_id, table_name, row_action) VALUES ('92c4c3ec-b196-45e4-967e-3726f9148124', 'item', 'UPSERT');INSERT INTO master_list_line (id, master_list_id, item_link_id) VALUES (uuid_in(md5(random()::text || random()::text)::cstring), '43491ce9-bc89-4ee5-988d-9dbb2856e398', '92c4c3ec-b196-45e4-967e-3726f9148124') ON CONFLICT DO NOTHING;
INSERT INTO item_variant (id, name, item_link_id, cold_storage_type_id) VALUES ('a8a2ec0f-20ba-4b70-b033-418be9752d42', 'MenAfriVac A Conjugate Vaccine (Serum Institute of India Pvt. Ltd.)', '92c4c3ec-b196-45e4-967e-3726f9148124', (SELECT id FROM cold_storage_type WHERE name = '+5' or min_temperature = 2 and max_temperature = 8 LIMIT 1)) ON CONFLICT DO NOTHING;
INSERT INTO changelog (record_id, table_name, row_action) VALUES ('a8a2ec0f-20ba-4b70-b033-418be9752d42', 'item_variant', 'UPSERT');INSERT INTO packaging_variant (id, item_variant_id, name, packaging_level, volume_per_unit) VALUES ('925d0e02-aa07-4db8-acb7-aaf51e79464b', 'a8a2ec0f-20ba-4b70-b033-418be9752d42', 'Primary', 1, 2.11) ON CONFLICT DO NOTHING;
INSERT INTO packaging_variant (id, item_variant_id, name, packaging_level, volume_per_unit) VALUES ('0c505b65-2124-4b9a-82e5-ebb99302c141', 'a8a2ec0f-20ba-4b70-b033-418be9752d42', 'Secondary', 2, 2.11) ON CONFLICT DO NOTHING;
INSERT INTO packaging_variant (id, item_variant_id, name, packaging_level, volume_per_unit) VALUES ('3810e23c-8d0a-4bbe-9a0b-1c6ce86ae923', 'a8a2ec0f-20ba-4b70-b033-418be9752d42', 'Tertiary', 3, 9.84) ON CONFLICT DO NOTHING;
INSERT INTO item (id, name, code, ven_category, type, legacy_record, is_active, is_vaccine, vaccine_doses, default_pack_size) VALUES ('ea21e9a7-77d4-4378-aadf-46a40908e7e3', 'Meningococcal A Conjugate - vial + ampoule - 10 doses Diluent', 'MEN-14-10_DIL', 'NOT_ASSIGNED', 'STOCK', '', 'True', 'False', 0, 1) ON CONFLICT DO NOTHING;
INSERT INTO item_link (id, item_id) VALUES ('ea21e9a7-77d4-4378-aadf-46a40908e7e3', 'ea21e9a7-77d4-4378-aadf-46a40908e7e3') ON CONFLICT DO NOTHING;
INSERT INTO changelog (record_id, table_name, row_action) VALUES ('ea21e9a7-77d4-4378-aadf-46a40908e7e3', 'item', 'UPSERT');INSERT INTO item_variant (id, name, item_link_id, cold_storage_type_id) VALUES ('ebb73de2-9053-42a9-b89d-c43b6d9cc21e', 'MenAfriVac A Conjugate Vaccine (Serum Institute of India Pvt. Ltd.)', 'ea21e9a7-77d4-4378-aadf-46a40908e7e3', (SELECT id FROM cold_storage_type WHERE name = '+5' or min_temperature = 2 and max_temperature = 8 LIMIT 1)) ON CONFLICT DO NOTHING;
INSERT INTO changelog (record_id, table_name, row_action) VALUES ('ebb73de2-9053-42a9-b89d-c43b6d9cc21e', 'item_variant', 'UPSERT');INSERT INTO packaging_variant (id, item_variant_id, name, packaging_level, volume_per_unit) VALUES ('1c3bd219-080e-4fc5-8ad0-e8d074e6caee', 'ebb73de2-9053-42a9-b89d-c43b6d9cc21e', 'Primary', 1, 3.1) ON CONFLICT DO NOTHING;
INSERT INTO packaging_variant (id, item_variant_id, name, packaging_level, volume_per_unit) VALUES ('cbbc8316-ecc7-4112-a1ac-0e9b7570e458', 'ebb73de2-9053-42a9-b89d-c43b6d9cc21e', 'Secondary', 2, 3.1) ON CONFLICT DO NOTHING;
INSERT INTO packaging_variant (id, item_variant_id, name, packaging_level, volume_per_unit) VALUES ('ff635e1a-8763-4d28-b982-3d51f1b6ea38', 'ebb73de2-9053-42a9-b89d-c43b6d9cc21e', 'Tertiary', 3, 0) ON CONFLICT DO NOTHING;
INSERT INTO bundled_item (id, principal_item_variant_id, bundled_item_variant_id, ratio) VALUES ('30c03cd3-fda0-42c5-ae83-af6b0951c9d7', 'a8a2ec0f-20ba-4b70-b033-418be9752d42', 'ebb73de2-9053-42a9-b89d-c43b6d9cc21e', 1) ON CONFLICT DO NOTHING;
INSERT INTO changelog (record_id, table_name, row_action) VALUES ('30c03cd3-fda0-42c5-ae83-af6b0951c9d7', 'bundled_item', 'UPSERT');INSERT INTO item_variant (id, name, item_link_id, cold_storage_type_id) VALUES ('f7c390aa-6d6d-4e96-b33f-0f7712732006', 'MenAfriVac 5 micrograms (Serum Institute of India Pvt. Ltd.)', '92c4c3ec-b196-45e4-967e-3726f9148124', (SELECT id FROM cold_storage_type WHERE name = '+5' or min_temperature = 2 and max_temperature = 8 LIMIT 1)) ON CONFLICT DO NOTHING;
INSERT INTO changelog (record_id, table_name, row_action) VALUES ('f7c390aa-6d6d-4e96-b33f-0f7712732006', 'item_variant', 'UPSERT');INSERT INTO packaging_variant (id, item_variant_id, name, packaging_level, volume_per_unit) VALUES ('fdab6c93-07cd-432d-86d4-0baef85c5caa', 'f7c390aa-6d6d-4e96-b33f-0f7712732006', 'Primary', 1, 2.11) ON CONFLICT DO NOTHING;
INSERT INTO packaging_variant (id, item_variant_id, name, packaging_level, volume_per_unit) VALUES ('cdf03099-da02-4f43-af0e-009a79cdb075', 'f7c390aa-6d6d-4e96-b33f-0f7712732006', 'Secondary', 2, 2.11) ON CONFLICT DO NOTHING;
INSERT INTO packaging_variant (id, item_variant_id, name, packaging_level, volume_per_unit) VALUES ('1da65d89-fb4e-48f7-97f9-686c5ff11a2d', 'f7c390aa-6d6d-4e96-b33f-0f7712732006', 'Tertiary', 3, 9.84) ON CONFLICT DO NOTHING;
INSERT INTO item (id, name, code, ven_category, type, legacy_record, is_active, is_vaccine, vaccine_doses, default_pack_size) VALUES ('05e41550-0d9c-4fd0-972a-7a0f30514e58', 'Meningococcal A Conjugate (paediatric) - vial + ampoule - 10 doses Diluent', 'MEN-14-10_DIL', 'NOT_ASSIGNED', 'STOCK', '', 'True', 'False', 0, 1) ON CONFLICT DO NOTHING;
INSERT INTO item_link (id, item_id) VALUES ('05e41550-0d9c-4fd0-972a-7a0f30514e58', '05e41550-0d9c-4fd0-972a-7a0f30514e58') ON CONFLICT DO NOTHING;
INSERT INTO changelog (record_id, table_name, row_action) VALUES ('05e41550-0d9c-4fd0-972a-7a0f30514e58', 'item', 'UPSERT');INSERT INTO item_variant (id, name, item_link_id, cold_storage_type_id) VALUES ('606786cb-f999-4a8a-aacd-e0228ecf796f', 'MenAfriVac 5 micrograms (Serum Institute of India Pvt. Ltd.)', '05e41550-0d9c-4fd0-972a-7a0f30514e58', (SELECT id FROM cold_storage_type WHERE name = '+5' or min_temperature = 2 and max_temperature = 8 LIMIT 1)) ON CONFLICT DO NOTHING;
INSERT INTO changelog (record_id, table_name, row_action) VALUES ('606786cb-f999-4a8a-aacd-e0228ecf796f', 'item_variant', 'UPSERT');INSERT INTO packaging_variant (id, item_variant_id, name, packaging_level, volume_per_unit) VALUES ('3b0f19f8-1506-4a9f-9f42-af3600370927', '606786cb-f999-4a8a-aacd-e0228ecf796f', 'Primary', 1, 3.1) ON CONFLICT DO NOTHING;
INSERT INTO packaging_variant (id, item_variant_id, name, packaging_level, volume_per_unit) VALUES ('a61112c7-f8a3-41cf-aeb8-6801a8b8929f', '606786cb-f999-4a8a-aacd-e0228ecf796f', 'Secondary', 2, 3.1) ON CONFLICT DO NOTHING;
INSERT INTO packaging_variant (id, item_variant_id, name, packaging_level, volume_per_unit) VALUES ('d443bd90-7f8d-4d53-9d81-4383a42e8043', '606786cb-f999-4a8a-aacd-e0228ecf796f', 'Tertiary', 3, 14.5) ON CONFLICT DO NOTHING;
INSERT INTO bundled_item (id, principal_item_variant_id, bundled_item_variant_id, ratio) VALUES ('2b6f1120-e587-4ff8-9237-049d9737b235', 'f7c390aa-6d6d-4e96-b33f-0f7712732006', '606786cb-f999-4a8a-aacd-e0228ecf796f', 1) ON CONFLICT DO NOTHING;
INSERT INTO changelog (record_id, table_name, row_action) VALUES ('2b6f1120-e587-4ff8-9237-049d9737b235', 'bundled_item', 'UPSERT');INSERT INTO item (id, name, code, ven_category, type, legacy_record, is_active, is_vaccine, vaccine_doses, default_pack_size) VALUES ('12bdcdbc-449c-440b-bc3a-fb66a18f82dc', 'Meningococcal A+C - two vial set (active + excipient) - 10 doses', 'MEN-33-10', 'NOT_ASSIGNED', 'STOCK', '', 'True', 'True', 10, 1) ON CONFLICT DO NOTHING;
INSERT INTO item_link (id, item_id) VALUES ('12bdcdbc-449c-440b-bc3a-fb66a18f82dc', '12bdcdbc-449c-440b-bc3a-fb66a18f82dc') ON CONFLICT DO NOTHING;
INSERT INTO changelog (record_id, table_name, row_action) VALUES ('12bdcdbc-449c-440b-bc3a-fb66a18f82dc', 'item', 'UPSERT');INSERT INTO master_list_line (id, master_list_id, item_link_id) VALUES (uuid_in(md5(random()::text || random()::text)::cstring), '43491ce9-bc89-4ee5-988d-9dbb2856e398', '12bdcdbc-449c-440b-bc3a-fb66a18f82dc') ON CONFLICT DO NOTHING;
INSERT INTO item_variant (id, name, item_link_id, cold_storage_type_id) VALUES ('5de04da7-3b82-4b46-8b06-9ebec3f5649a', 'POLYSACCHARIDE MENINGOCOCCAL A+C VACCINE (Sanofi Pasteur SA)', '12bdcdbc-449c-440b-bc3a-fb66a18f82dc', (SELECT id FROM cold_storage_type WHERE name = '+5' or min_temperature = 2 and max_temperature = 8 LIMIT 1)) ON CONFLICT DO NOTHING;
INSERT INTO changelog (record_id, table_name, row_action) VALUES ('5de04da7-3b82-4b46-8b06-9ebec3f5649a', 'item_variant', 'UPSERT');INSERT INTO packaging_variant (id, item_variant_id, name, packaging_level, volume_per_unit) VALUES ('abd144b4-7fa4-4488-b309-d6f3f8c500b3', '5de04da7-3b82-4b46-8b06-9ebec3f5649a', 'Primary', 1, 2.31) ON CONFLICT DO NOTHING;
INSERT INTO packaging_variant (id, item_variant_id, name, packaging_level, volume_per_unit) VALUES ('73515a62-31c2-493a-919d-e5dc4ff97956', '5de04da7-3b82-4b46-8b06-9ebec3f5649a', 'Secondary', 2, 2.31) ON CONFLICT DO NOTHING;
INSERT INTO packaging_variant (id, item_variant_id, name, packaging_level, volume_per_unit) VALUES ('12f3b88c-5792-4711-bc4f-fd20071d6621', '5de04da7-3b82-4b46-8b06-9ebec3f5649a', 'Tertiary', 3, 2.31) ON CONFLICT DO NOTHING;
INSERT INTO item (id, name, code, ven_category, type, legacy_record, is_active, is_vaccine, vaccine_doses, default_pack_size) VALUES ('f3738846-fbb8-43e2-b646-de7087ecd7fd', 'Meningococcal A+C - two vial set (active + excipient) - 10 doses Diluent', 'MEN-33-10_DIL', 'NOT_ASSIGNED', 'STOCK', '', 'True', 'False', 0, 1) ON CONFLICT DO NOTHING;
INSERT INTO item_link (id, item_id) VALUES ('f3738846-fbb8-43e2-b646-de7087ecd7fd', 'f3738846-fbb8-43e2-b646-de7087ecd7fd') ON CONFLICT DO NOTHING;
INSERT INTO changelog (record_id, table_name, row_action) VALUES ('f3738846-fbb8-43e2-b646-de7087ecd7fd', 'item', 'UPSERT');INSERT INTO item_variant (id, name, item_link_id, cold_storage_type_id) VALUES ('f74aacb2-b560-46d9-bc6d-f3834b982011', 'POLYSACCHARIDE MENINGOCOCCAL A+C VACCINE (Sanofi Pasteur SA)', 'f3738846-fbb8-43e2-b646-de7087ecd7fd', (SELECT id FROM cold_storage_type WHERE name = '+5' or min_temperature = 2 and max_temperature = 8 LIMIT 1)) ON CONFLICT DO NOTHING;
INSERT INTO changelog (record_id, table_name, row_action) VALUES ('f74aacb2-b560-46d9-bc6d-f3834b982011', 'item_variant', 'UPSERT');INSERT INTO packaging_variant (id, item_variant_id, name, packaging_level, volume_per_unit) VALUES ('58f19113-acf8-4ab4-bb5b-0c04dd4f2cca', 'f74aacb2-b560-46d9-bc6d-f3834b982011', 'Primary', 1, 2.3) ON CONFLICT DO NOTHING;
INSERT INTO packaging_variant (id, item_variant_id, name, packaging_level, volume_per_unit) VALUES ('0a59ef62-799e-43dc-99fa-fa864c1760cb', 'f74aacb2-b560-46d9-bc6d-f3834b982011', 'Secondary', 2, 2.3) ON CONFLICT DO NOTHING;
INSERT INTO packaging_variant (id, item_variant_id, name, packaging_level, volume_per_unit) VALUES ('9d8b7e6d-fe21-4eff-9837-c76ceb673a4e', 'f74aacb2-b560-46d9-bc6d-f3834b982011', 'Tertiary', 3, 0) ON CONFLICT DO NOTHING;
INSERT INTO bundled_item (id, principal_item_variant_id, bundled_item_variant_id, ratio) VALUES ('af3a2c08-ffc6-407d-abee-1aa1c30b70d5', '5de04da7-3b82-4b46-8b06-9ebec3f5649a', 'f74aacb2-b560-46d9-bc6d-f3834b982011', 1) ON CONFLICT DO NOTHING;
INSERT INTO changelog (record_id, table_name, row_action) VALUES ('af3a2c08-ffc6-407d-abee-1aa1c30b70d5', 'bundled_item', 'UPSERT');INSERT INTO item (id, name, code, ven_category, type, legacy_record, is_active, is_vaccine, vaccine_doses, default_pack_size) VALUES ('19e81d08-b000-49ab-aa20-b42bc74189d9', 'Meningococcal ACYW-135 (conjugate vaccine) - two vial set (active + active) - 1 dose', 'MEN-30-1', 'NOT_ASSIGNED', 'STOCK', '', 'True', 'True', 1, 1) ON CONFLICT DO NOTHING;
INSERT INTO item_link (id, item_id) VALUES ('19e81d08-b000-49ab-aa20-b42bc74189d9', '19e81d08-b000-49ab-aa20-b42bc74189d9') ON CONFLICT DO NOTHING;
INSERT INTO changelog (record_id, table_name, row_action) VALUES ('19e81d08-b000-49ab-aa20-b42bc74189d9', 'item', 'UPSERT');INSERT INTO master_list_line (id, master_list_id, item_link_id) VALUES (uuid_in(md5(random()::text || random()::text)::cstring), '43491ce9-bc89-4ee5-988d-9dbb2856e398', '19e81d08-b000-49ab-aa20-b42bc74189d9') ON CONFLICT DO NOTHING;
INSERT INTO item_variant (id, name, item_link_id, cold_storage_type_id) VALUES ('65f19002-a4ca-442c-8061-c7dd3c371127', 'Menveo (Novartis Vaccines and Diagnostics S.r.l.)', '19e81d08-b000-49ab-aa20-b42bc74189d9', (SELECT id FROM cold_storage_type WHERE name = '+5' or min_temperature = 2 and max_temperature = 8 LIMIT 1)) ON CONFLICT DO NOTHING;
INSERT INTO changelog (record_id, table_name, row_action) VALUES ('65f19002-a4ca-442c-8061-c7dd3c371127', 'item_variant', 'UPSERT');INSERT INTO packaging_variant (id, item_variant_id, name, packaging_level, volume_per_unit) VALUES ('18941bd2-d877-412d-a786-a57eb1f61126', '65f19002-a4ca-442c-8061-c7dd3c371127', 'Primary', 1, 32.6) ON CONFLICT DO NOTHING;
INSERT INTO packaging_variant (id, item_variant_id, name, packaging_level, volume_per_unit) VALUES ('3a773f79-fa7e-4807-94a3-c8dcb2bb27cb', '65f19002-a4ca-442c-8061-c7dd3c371127', 'Secondary', 2, 32.6) ON CONFLICT DO NOTHING;
INSERT INTO packaging_variant (id, item_variant_id, name, packaging_level, volume_per_unit) VALUES ('271009bb-415b-42a7-b5f7-2864a9fc46a7', '65f19002-a4ca-442c-8061-c7dd3c371127', 'Tertiary', 3, 32.06) ON CONFLICT DO NOTHING;
INSERT INTO item (id, name, code, ven_category, type, legacy_record, is_active, is_vaccine, vaccine_doses, default_pack_size) VALUES ('b5511bb4-5b86-437b-adb2-aeed5f321425', 'Meningococcal ACYW-135 (conjugate vaccine) - vial - 1 dose', 'MEN-4-1', 'NOT_ASSIGNED', 'STOCK', '', 'True', 'True', 1, 1) ON CONFLICT DO NOTHING;
INSERT INTO item_link (id, item_id) VALUES ('b5511bb4-5b86-437b-adb2-aeed5f321425', 'b5511bb4-5b86-437b-adb2-aeed5f321425') ON CONFLICT DO NOTHING;
INSERT INTO changelog (record_id, table_name, row_action) VALUES ('b5511bb4-5b86-437b-adb2-aeed5f321425', 'item', 'UPSERT');INSERT INTO master_list_line (id, master_list_id, item_link_id) VALUES (uuid_in(md5(random()::text || random()::text)::cstring), '43491ce9-bc89-4ee5-988d-9dbb2856e398', 'b5511bb4-5b86-437b-adb2-aeed5f321425') ON CONFLICT DO NOTHING;
INSERT INTO item_variant (id, name, item_link_id, cold_storage_type_id) VALUES ('6252f9f3-b97c-40dc-855c-76cc66f0e14c', 'Menactra (Sanofi Pasteur-USA)', 'b5511bb4-5b86-437b-adb2-aeed5f321425', (SELECT id FROM cold_storage_type WHERE name = '+5' or min_temperature = 2 and max_temperature = 8 LIMIT 1)) ON CONFLICT DO NOTHING;
INSERT INTO changelog (record_id, table_name, row_action) VALUES ('6252f9f3-b97c-40dc-855c-76cc66f0e14c', 'item_variant', 'UPSERT');INSERT INTO packaging_variant (id, item_variant_id, name, packaging_level, volume_per_unit) VALUES ('abb00fb8-638a-4db7-9fbe-773916693255', '6252f9f3-b97c-40dc-855c-76cc66f0e14c', 'Primary', 1, 20.48) ON CONFLICT DO NOTHING;
INSERT INTO packaging_variant (id, item_variant_id, name, packaging_level, volume_per_unit) VALUES ('eea2e751-f64c-499e-a6de-c6302e5c0933', '6252f9f3-b97c-40dc-855c-76cc66f0e14c', 'Secondary', 2, 20.48) ON CONFLICT DO NOTHING;
INSERT INTO packaging_variant (id, item_variant_id, name, packaging_level, volume_per_unit) VALUES ('b4800b5b-c35a-46e3-bbdd-8e9e704ee469', '6252f9f3-b97c-40dc-855c-76cc66f0e14c', 'Tertiary', 3, 128.02) ON CONFLICT DO NOTHING;
INSERT INTO item_variant (id, name, item_link_id, cold_storage_type_id) VALUES ('b8583bac-81e3-4af1-9ed9-e7ac2ab4caf9', 'Nimenrix (Pfizer)', '549a4589-7f73-4538-91b6-9aecd77ae89e', (SELECT id FROM cold_storage_type WHERE name = '+5' or min_temperature = 2 and max_temperature = 8 LIMIT 1)) ON CONFLICT DO NOTHING;
INSERT INTO changelog (record_id, table_name, row_action) VALUES ('b8583bac-81e3-4af1-9ed9-e7ac2ab4caf9', 'item_variant', 'UPSERT');INSERT INTO packaging_variant (id, item_variant_id, name, packaging_level, volume_per_unit) VALUES ('a9e475af-dc51-4235-88b9-d945e566be42', 'b8583bac-81e3-4af1-9ed9-e7ac2ab4caf9', 'Primary', 1, 9.68) ON CONFLICT DO NOTHING;
INSERT INTO packaging_variant (id, item_variant_id, name, packaging_level, volume_per_unit) VALUES ('677a4851-f799-492e-af0c-d4ea108a5d6c', 'b8583bac-81e3-4af1-9ed9-e7ac2ab4caf9', 'Secondary', 2, 9.68) ON CONFLICT DO NOTHING;
INSERT INTO packaging_variant (id, item_variant_id, name, packaging_level, volume_per_unit) VALUES ('490449d4-87ba-4570-86eb-d6e4a617b7dd', 'b8583bac-81e3-4af1-9ed9-e7ac2ab4caf9', 'Tertiary', 3, 15.42) ON CONFLICT DO NOTHING;
INSERT INTO item (id, name, code, ven_category, type, legacy_record, is_active, is_vaccine, vaccine_doses, default_pack_size) VALUES ('d3202ee4-6b75-4c7d-a02a-322bd9442c28', 'Meningococcal ACYW-135 (conjugate vaccine) - vial + ampoule - 1 dose Diluent', 'MEN-14-1_DIL', 'NOT_ASSIGNED', 'STOCK', '', 'True', 'False', 0, 1) ON CONFLICT DO NOTHING;
INSERT INTO item_link (id, item_id) VALUES ('d3202ee4-6b75-4c7d-a02a-322bd9442c28', 'd3202ee4-6b75-4c7d-a02a-322bd9442c28') ON CONFLICT DO NOTHING;
INSERT INTO changelog (record_id, table_name, row_action) VALUES ('d3202ee4-6b75-4c7d-a02a-322bd9442c28', 'item', 'UPSERT');INSERT INTO item_variant (id, name, item_link_id, cold_storage_type_id) VALUES ('afca82d3-f312-4aae-b102-a5e92337856f', 'Nimenrix (Pfizer)', 'd3202ee4-6b75-4c7d-a02a-322bd9442c28', (SELECT id FROM cold_storage_type WHERE name = '+5' or min_temperature = 2 and max_temperature = 8 LIMIT 1)) ON CONFLICT DO NOTHING;
INSERT INTO changelog (record_id, table_name, row_action) VALUES ('afca82d3-f312-4aae-b102-a5e92337856f', 'item_variant', 'UPSERT');INSERT INTO packaging_variant (id, item_variant_id, name, packaging_level, volume_per_unit) VALUES ('2e427ec2-308b-4bb0-8d26-f4e3ace66c06', 'afca82d3-f312-4aae-b102-a5e92337856f', 'Primary', 1, 10.3) ON CONFLICT DO NOTHING;
INSERT INTO packaging_variant (id, item_variant_id, name, packaging_level, volume_per_unit) VALUES ('13ea6b8a-d2af-48cf-8ad6-012225acd51a', 'afca82d3-f312-4aae-b102-a5e92337856f', 'Secondary', 2, 10.3) ON CONFLICT DO NOTHING;
INSERT INTO packaging_variant (id, item_variant_id, name, packaging_level, volume_per_unit) VALUES ('c932a80f-af52-419d-a6f0-4c7ed13639c2', 'afca82d3-f312-4aae-b102-a5e92337856f', 'Tertiary', 3, 11.7) ON CONFLICT DO NOTHING;
INSERT INTO bundled_item (id, principal_item_variant_id, bundled_item_variant_id, ratio) VALUES ('b5b8620a-b4d9-4a2d-bedc-687c8ee377fc', 'b8583bac-81e3-4af1-9ed9-e7ac2ab4caf9', 'afca82d3-f312-4aae-b102-a5e92337856f', 1) ON CONFLICT DO NOTHING;
INSERT INTO changelog (record_id, table_name, row_action) VALUES ('b5b8620a-b4d9-4a2d-bedc-687c8ee377fc', 'bundled_item', 'UPSERT');INSERT INTO item_variant (id, name, item_link_id, cold_storage_type_id) VALUES ('3c476ed0-d622-4c4b-9f06-7ae69993eb94', 'Menomune (Sanofi Pasteur-USA)', '12bdcdbc-449c-440b-bc3a-fb66a18f82dc', (SELECT id FROM cold_storage_type WHERE name = '+5' or min_temperature = 2 and max_temperature = 8 LIMIT 1)) ON CONFLICT DO NOTHING;
INSERT INTO changelog (record_id, table_name, row_action) VALUES ('3c476ed0-d622-4c4b-9f06-7ae69993eb94', 'item_variant', 'UPSERT');INSERT INTO packaging_variant (id, item_variant_id, name, packaging_level, volume_per_unit) VALUES ('c704acb0-4f79-47c2-afe6-5cdcbe9c705f', '3c476ed0-d622-4c4b-9f06-7ae69993eb94', 'Primary', 1, 11.13) ON CONFLICT DO NOTHING;
INSERT INTO packaging_variant (id, item_variant_id, name, packaging_level, volume_per_unit) VALUES ('d4988998-966e-4bda-90d9-3adef2b30eac', '3c476ed0-d622-4c4b-9f06-7ae69993eb94', 'Secondary', 2, 11.13) ON CONFLICT DO NOTHING;
INSERT INTO packaging_variant (id, item_variant_id, name, packaging_level, volume_per_unit) VALUES ('362af316-9899-4d12-b26f-f9297f341f96', '3c476ed0-d622-4c4b-9f06-7ae69993eb94', 'Tertiary', 3, 12.26) ON CONFLICT DO NOTHING;
INSERT INTO item_variant (id, name, item_link_id, cold_storage_type_id) VALUES ('59d5ce3f-1fe0-4123-bad3-95e3319d742e', 'MenQuadfi (Sanofi Pasteur Inc.)', 'b5511bb4-5b86-437b-adb2-aeed5f321425', (SELECT id FROM cold_storage_type WHERE name = '+5' or min_temperature = 2 and max_temperature = 8 LIMIT 1)) ON CONFLICT DO NOTHING;
INSERT INTO changelog (record_id, table_name, row_action) VALUES ('59d5ce3f-1fe0-4123-bad3-95e3319d742e', 'item_variant', 'UPSERT');INSERT INTO packaging_variant (id, item_variant_id, name, packaging_level, volume_per_unit) VALUES ('0b75c9e1-7a1e-4e23-8433-cd4b465701c0', '59d5ce3f-1fe0-4123-bad3-95e3319d742e', 'Primary', 1, 14.38) ON CONFLICT DO NOTHING;
INSERT INTO packaging_variant (id, item_variant_id, name, packaging_level, volume_per_unit) VALUES ('b7a3823d-536f-40c3-9b91-c571fac29bd4', '59d5ce3f-1fe0-4123-bad3-95e3319d742e', 'Secondary', 2, 14.38) ON CONFLICT DO NOTHING;
INSERT INTO packaging_variant (id, item_variant_id, name, packaging_level, volume_per_unit) VALUES ('c320b8dd-ca27-4ed1-995c-c7da64242f7f', '59d5ce3f-1fe0-4123-bad3-95e3319d742e', 'Tertiary', 3, 20.51) ON CONFLICT DO NOTHING;
INSERT INTO item (id, name, code, ven_category, type, legacy_record, is_active, is_vaccine, vaccine_doses, default_pack_size) VALUES ('0c9902ae-6849-4b90-9685-2b65dc63e1e5', 'Pneumococcal (conjugate) - vial - 1 dose', 'PNE-4-1', 'NOT_ASSIGNED', 'STOCK', '', 'True', 'True', 1, 1) ON CONFLICT DO NOTHING;
INSERT INTO item_link (id, item_id) VALUES ('0c9902ae-6849-4b90-9685-2b65dc63e1e5', '0c9902ae-6849-4b90-9685-2b65dc63e1e5') ON CONFLICT DO NOTHING;
INSERT INTO changelog (record_id, table_name, row_action) VALUES ('0c9902ae-6849-4b90-9685-2b65dc63e1e5', 'item', 'UPSERT');INSERT INTO master_list_line (id, master_list_id, item_link_id) VALUES (uuid_in(md5(random()::text || random()::text)::cstring), '43491ce9-bc89-4ee5-988d-9dbb2856e398', '0c9902ae-6849-4b90-9685-2b65dc63e1e5') ON CONFLICT DO NOTHING;
INSERT INTO item_variant (id, name, item_link_id, cold_storage_type_id) VALUES ('07f76bb7-5dec-49c7-9a69-b37ee17361c2', 'Synflorix (GlaxoSmithKline Biologicals SA)', '0c9902ae-6849-4b90-9685-2b65dc63e1e5', (SELECT id FROM cold_storage_type WHERE name = '+5' or min_temperature = 2 and max_temperature = 8 LIMIT 1)) ON CONFLICT DO NOTHING;
INSERT INTO changelog (record_id, table_name, row_action) VALUES ('07f76bb7-5dec-49c7-9a69-b37ee17361c2', 'item_variant', 'UPSERT');INSERT INTO packaging_variant (id, item_variant_id, name, packaging_level, volume_per_unit) VALUES ('12af3a7b-f47d-47fb-bba5-69c990a87714', '07f76bb7-5dec-49c7-9a69-b37ee17361c2', 'Primary', 1, 9.68) ON CONFLICT DO NOTHING;
INSERT INTO packaging_variant (id, item_variant_id, name, packaging_level, volume_per_unit) VALUES ('0e5afcef-a6fe-403a-b248-a38b097fa373', '07f76bb7-5dec-49c7-9a69-b37ee17361c2', 'Secondary', 2, 9.68) ON CONFLICT DO NOTHING;
INSERT INTO packaging_variant (id, item_variant_id, name, packaging_level, volume_per_unit) VALUES ('24b14c4f-9f61-483b-b464-18a5145e0daf', '07f76bb7-5dec-49c7-9a69-b37ee17361c2', 'Tertiary', 3, 15.23) ON CONFLICT DO NOTHING;
INSERT INTO item_variant (id, name, item_link_id, cold_storage_type_id) VALUES ('80caf142-9653-495f-8dfa-195cc6d87447', 'PNEUMOSIL (Serum Institute of India Pvt. Ltd.)', '0c9902ae-6849-4b90-9685-2b65dc63e1e5', (SELECT id FROM cold_storage_type WHERE name = '+5' or min_temperature = 2 and max_temperature = 8 LIMIT 1)) ON CONFLICT DO NOTHING;
INSERT INTO changelog (record_id, table_name, row_action) VALUES ('80caf142-9653-495f-8dfa-195cc6d87447', 'item_variant', 'UPSERT');INSERT INTO packaging_variant (id, item_variant_id, name, packaging_level, volume_per_unit) VALUES ('895b4c46-76de-49de-807e-bd5182b17255', '80caf142-9653-495f-8dfa-195cc6d87447', 'Primary', 1, 17.58) ON CONFLICT DO NOTHING;
INSERT INTO packaging_variant (id, item_variant_id, name, packaging_level, volume_per_unit) VALUES ('7a26b461-c4f6-4068-8de7-1b10578bc764', '80caf142-9653-495f-8dfa-195cc6d87447', 'Secondary', 2, 17.58) ON CONFLICT DO NOTHING;
INSERT INTO packaging_variant (id, item_variant_id, name, packaging_level, volume_per_unit) VALUES ('7507ddd7-feec-479e-8bd1-0140a59fbe3c', '80caf142-9653-495f-8dfa-195cc6d87447', 'Tertiary', 3, 86.4) ON CONFLICT DO NOTHING;
INSERT INTO item_variant (id, name, item_link_id, cold_storage_type_id) VALUES ('c42cdd03-8e59-4734-8427-25e5571465a0', 'Prevenar 13 (Pfizer)', '0c9902ae-6849-4b90-9685-2b65dc63e1e5', (SELECT id FROM cold_storage_type WHERE name = '+5' or min_temperature = 2 and max_temperature = 8 LIMIT 1)) ON CONFLICT DO NOTHING;
INSERT INTO changelog (record_id, table_name, row_action) VALUES ('c42cdd03-8e59-4734-8427-25e5571465a0', 'item_variant', 'UPSERT');INSERT INTO packaging_variant (id, item_variant_id, name, packaging_level, volume_per_unit) VALUES ('48b56194-b385-489d-b202-9c39fdf73828', 'c42cdd03-8e59-4734-8427-25e5571465a0', 'Primary', 1, 12) ON CONFLICT DO NOTHING;
INSERT INTO packaging_variant (id, item_variant_id, name, packaging_level, volume_per_unit) VALUES ('6e0f45b5-65db-415b-8ef6-ea95713b127a', 'c42cdd03-8e59-4734-8427-25e5571465a0', 'Secondary', 2, 12) ON CONFLICT DO NOTHING;
INSERT INTO packaging_variant (id, item_variant_id, name, packaging_level, volume_per_unit) VALUES ('1e563bce-3d7d-4d6d-88e9-7f937be42448', 'c42cdd03-8e59-4734-8427-25e5571465a0', 'Tertiary', 3, 12) ON CONFLICT DO NOTHING;
INSERT INTO item (id, name, code, ven_category, type, legacy_record, is_active, is_vaccine, vaccine_doses, default_pack_size) VALUES ('decec936-a4d2-48d6-a8a1-9cbcbe95c59a', 'Pneumococcal (conjugate) - vial - 2 doses', 'PNE-4-2', 'NOT_ASSIGNED', 'STOCK', '', 'True', 'True', 2, 1) ON CONFLICT DO NOTHING;
INSERT INTO item_link (id, item_id) VALUES ('decec936-a4d2-48d6-a8a1-9cbcbe95c59a', 'decec936-a4d2-48d6-a8a1-9cbcbe95c59a') ON CONFLICT DO NOTHING;
INSERT INTO changelog (record_id, table_name, row_action) VALUES ('decec936-a4d2-48d6-a8a1-9cbcbe95c59a', 'item', 'UPSERT');INSERT INTO master_list_line (id, master_list_id, item_link_id) VALUES (uuid_in(md5(random()::text || random()::text)::cstring), '43491ce9-bc89-4ee5-988d-9dbb2856e398', 'decec936-a4d2-48d6-a8a1-9cbcbe95c59a') ON CONFLICT DO NOTHING;
INSERT INTO item_variant (id, name, item_link_id, cold_storage_type_id) VALUES ('71cb57ef-ea6d-4865-affd-ed3596148e95', 'Synflorix (GlaxoSmithKline Biologicals SA)', 'decec936-a4d2-48d6-a8a1-9cbcbe95c59a', (SELECT id FROM cold_storage_type WHERE name = '+5' or min_temperature = 2 and max_temperature = 8 LIMIT 1)) ON CONFLICT DO NOTHING;
INSERT INTO changelog (record_id, table_name, row_action) VALUES ('71cb57ef-ea6d-4865-affd-ed3596148e95', 'item_variant', 'UPSERT');INSERT INTO packaging_variant (id, item_variant_id, name, packaging_level, volume_per_unit) VALUES ('bd317ade-71a1-4286-92c1-534e6c768aac', '71cb57ef-ea6d-4865-affd-ed3596148e95', 'Primary', 1, 4.8) ON CONFLICT DO NOTHING;
INSERT INTO packaging_variant (id, item_variant_id, name, packaging_level, volume_per_unit) VALUES ('61895956-ee58-4396-bf4a-517428f26640', '71cb57ef-ea6d-4865-affd-ed3596148e95', 'Secondary', 2, 4.8) ON CONFLICT DO NOTHING;
INSERT INTO packaging_variant (id, item_variant_id, name, packaging_level, volume_per_unit) VALUES ('10e103fa-15c9-4743-8607-08d2e5b6c816', '71cb57ef-ea6d-4865-affd-ed3596148e95', 'Tertiary', 3, 7.61) ON CONFLICT DO NOTHING;
INSERT INTO item (id, name, code, ven_category, type, legacy_record, is_active, is_vaccine, vaccine_doses, default_pack_size) VALUES ('a62075a9-5cc9-4c32-a4a7-855bfee939c0', 'Pneumococcal (conjugate) - vial - 4 doses', 'PNE-4-4', 'NOT_ASSIGNED', 'STOCK', '', 'True', 'True', 4, 1) ON CONFLICT DO NOTHING;
INSERT INTO item_link (id, item_id) VALUES ('a62075a9-5cc9-4c32-a4a7-855bfee939c0', 'a62075a9-5cc9-4c32-a4a7-855bfee939c0') ON CONFLICT DO NOTHING;
INSERT INTO changelog (record_id, table_name, row_action) VALUES ('a62075a9-5cc9-4c32-a4a7-855bfee939c0', 'item', 'UPSERT');INSERT INTO master_list_line (id, master_list_id, item_link_id) VALUES (uuid_in(md5(random()::text || random()::text)::cstring), '43491ce9-bc89-4ee5-988d-9dbb2856e398', 'a62075a9-5cc9-4c32-a4a7-855bfee939c0') ON CONFLICT DO NOTHING;
INSERT INTO item_variant (id, name, item_link_id, cold_storage_type_id) VALUES ('e21a1439-6d9d-40d1-b679-ac648ddfe58a', 'Synflorix (GlaxoSmithKline Biologicals SA)', 'a62075a9-5cc9-4c32-a4a7-855bfee939c0', (SELECT id FROM cold_storage_type WHERE name = '+5' or min_temperature = 2 and max_temperature = 8 LIMIT 1)) ON CONFLICT DO NOTHING;
INSERT INTO changelog (record_id, table_name, row_action) VALUES ('e21a1439-6d9d-40d1-b679-ac648ddfe58a', 'item_variant', 'UPSERT');INSERT INTO packaging_variant (id, item_variant_id, name, packaging_level, volume_per_unit) VALUES ('6604ce82-9816-47a9-b18f-91d7e26a1211', 'e21a1439-6d9d-40d1-b679-ac648ddfe58a', 'Primary', 1, 2.4) ON CONFLICT DO NOTHING;
INSERT INTO packaging_variant (id, item_variant_id, name, packaging_level, volume_per_unit) VALUES ('6b975d5d-1a62-47ec-8448-8354a663c69a', 'e21a1439-6d9d-40d1-b679-ac648ddfe58a', 'Secondary', 2, 2.4) ON CONFLICT DO NOTHING;
INSERT INTO packaging_variant (id, item_variant_id, name, packaging_level, volume_per_unit) VALUES ('593bd02b-7a25-4821-aaa7-b0f1624106e1', 'e21a1439-6d9d-40d1-b679-ac648ddfe58a', 'Tertiary', 3, 3.54) ON CONFLICT DO NOTHING;
INSERT INTO item_variant (id, name, item_link_id, cold_storage_type_id) VALUES ('3858f576-e9e3-4e56-b45b-9af454593d61', 'Prevenar 13 Multidose Vial (Pfizer)', 'a62075a9-5cc9-4c32-a4a7-855bfee939c0', (SELECT id FROM cold_storage_type WHERE name = '+5' or min_temperature = 2 and max_temperature = 8 LIMIT 1)) ON CONFLICT DO NOTHING;
INSERT INTO changelog (record_id, table_name, row_action) VALUES ('3858f576-e9e3-4e56-b45b-9af454593d61', 'item_variant', 'UPSERT');INSERT INTO packaging_variant (id, item_variant_id, name, packaging_level, volume_per_unit) VALUES ('0fef2f78-3082-48a9-b0bd-7ed4c404ecbf', '3858f576-e9e3-4e56-b45b-9af454593d61', 'Primary', 1, 3.6) ON CONFLICT DO NOTHING;
INSERT INTO packaging_variant (id, item_variant_id, name, packaging_level, volume_per_unit) VALUES ('b00f8840-3a49-4dd8-a740-4cfccbccf440', '3858f576-e9e3-4e56-b45b-9af454593d61', 'Secondary', 2, 3.6) ON CONFLICT DO NOTHING;
INSERT INTO packaging_variant (id, item_variant_id, name, packaging_level, volume_per_unit) VALUES ('3e3d0c21-6a24-4b4f-9a25-20dfa6bf9fd2', '3858f576-e9e3-4e56-b45b-9af454593d61', 'Tertiary', 3, 36.28) ON CONFLICT DO NOTHING;
INSERT INTO item (id, name, code, ven_category, type, legacy_record, is_active, is_vaccine, vaccine_doses, default_pack_size) VALUES ('4b647cda-b195-4224-ade8-28799364ab2d', 'Pneumococcal (conjugate) - vial - 5 doses', 'PNE-4-5', 'NOT_ASSIGNED', 'STOCK', '', 'True', 'True', 5, 1) ON CONFLICT DO NOTHING;
INSERT INTO item_link (id, item_id) VALUES ('4b647cda-b195-4224-ade8-28799364ab2d', '4b647cda-b195-4224-ade8-28799364ab2d') ON CONFLICT DO NOTHING;
INSERT INTO changelog (record_id, table_name, row_action) VALUES ('4b647cda-b195-4224-ade8-28799364ab2d', 'item', 'UPSERT');INSERT INTO master_list_line (id, master_list_id, item_link_id) VALUES (uuid_in(md5(random()::text || random()::text)::cstring), '43491ce9-bc89-4ee5-988d-9dbb2856e398', '4b647cda-b195-4224-ade8-28799364ab2d') ON CONFLICT DO NOTHING;
INSERT INTO item_variant (id, name, item_link_id, cold_storage_type_id) VALUES ('4dcb48f5-4ca1-454e-8a34-12cfab62e500', 'PNEUMOSIL (Serum Institute of India Pvt. Ltd.)', '4b647cda-b195-4224-ade8-28799364ab2d', (SELECT id FROM cold_storage_type WHERE name = '+5' or min_temperature = 2 and max_temperature = 8 LIMIT 1)) ON CONFLICT DO NOTHING;
INSERT INTO changelog (record_id, table_name, row_action) VALUES ('4dcb48f5-4ca1-454e-8a34-12cfab62e500', 'item_variant', 'UPSERT');INSERT INTO packaging_variant (id, item_variant_id, name, packaging_level, volume_per_unit) VALUES ('8ec9724a-56b3-441e-a8f6-9e0bcd42dc75', '4dcb48f5-4ca1-454e-8a34-12cfab62e500', 'Primary', 1, 3.52) ON CONFLICT DO NOTHING;
INSERT INTO packaging_variant (id, item_variant_id, name, packaging_level, volume_per_unit) VALUES ('dcbbbbd3-19b4-43fb-9604-009598f1e34f', '4dcb48f5-4ca1-454e-8a34-12cfab62e500', 'Secondary', 2, 3.52) ON CONFLICT DO NOTHING;
INSERT INTO packaging_variant (id, item_variant_id, name, packaging_level, volume_per_unit) VALUES ('cde19197-6bc1-4e96-82f6-2cd1b37c474b', '4dcb48f5-4ca1-454e-8a34-12cfab62e500', 'Tertiary', 3, 1.73) ON CONFLICT DO NOTHING;
INSERT INTO item (id, name, code, ven_category, type, legacy_record, is_active, is_vaccine, vaccine_doses, default_pack_size) VALUES ('a0c2b7d5-7a8d-44eb-94ca-b68a3860b50b', 'Polio Vaccine - Inactivated (IPV) - vial - 1 dose', 'POL-4-1', 'NOT_ASSIGNED', 'STOCK', '', 'True', 'True', 1, 1) ON CONFLICT DO NOTHING;
INSERT INTO item_link (id, item_id) VALUES ('a0c2b7d5-7a8d-44eb-94ca-b68a3860b50b', 'a0c2b7d5-7a8d-44eb-94ca-b68a3860b50b') ON CONFLICT DO NOTHING;
INSERT INTO changelog (record_id, table_name, row_action) VALUES ('a0c2b7d5-7a8d-44eb-94ca-b68a3860b50b', 'item', 'UPSERT');INSERT INTO master_list_line (id, master_list_id, item_link_id) VALUES (uuid_in(md5(random()::text || random()::text)::cstring), '43491ce9-bc89-4ee5-988d-9dbb2856e398', 'a0c2b7d5-7a8d-44eb-94ca-b68a3860b50b') ON CONFLICT DO NOTHING;
INSERT INTO item_variant (id, name, item_link_id, cold_storage_type_id) VALUES ('ffe5a982-a236-431d-8193-c4803faef3b9', 'Poliorix (GlaxoSmithKline Biologicals SA)', 'a0c2b7d5-7a8d-44eb-94ca-b68a3860b50b', (SELECT id FROM cold_storage_type WHERE name = '+5' or min_temperature = 2 and max_temperature = 8 LIMIT 1)) ON CONFLICT DO NOTHING;
INSERT INTO changelog (record_id, table_name, row_action) VALUES ('ffe5a982-a236-431d-8193-c4803faef3b9', 'item_variant', 'UPSERT');INSERT INTO packaging_variant (id, item_variant_id, name, packaging_level, volume_per_unit) VALUES ('1d1bf77f-da76-4be3-a0be-f09f8efdf0f6', 'ffe5a982-a236-431d-8193-c4803faef3b9', 'Primary', 1, 9.68) ON CONFLICT DO NOTHING;
INSERT INTO packaging_variant (id, item_variant_id, name, packaging_level, volume_per_unit) VALUES ('9c964ab8-384e-4e2c-8bc4-66abea7f4b35', 'ffe5a982-a236-431d-8193-c4803faef3b9', 'Secondary', 2, 9.68) ON CONFLICT DO NOTHING;
INSERT INTO packaging_variant (id, item_variant_id, name, packaging_level, volume_per_unit) VALUES ('1b240dd3-11c1-4634-af36-a4568e434cfd', 'ffe5a982-a236-431d-8193-c4803faef3b9', 'Tertiary', 3, 15.42) ON CONFLICT DO NOTHING;
INSERT INTO item_variant (id, name, item_link_id, cold_storage_type_id) VALUES ('b565342d-5117-44a9-a44d-2287ea589554', 'Poliomyelitis vaccine (Bilthoven Biologicals)', 'a0c2b7d5-7a8d-44eb-94ca-b68a3860b50b', (SELECT id FROM cold_storage_type WHERE name = '+5' or min_temperature = 2 and max_temperature = 8 LIMIT 1)) ON CONFLICT DO NOTHING;
INSERT INTO changelog (record_id, table_name, row_action) VALUES ('b565342d-5117-44a9-a44d-2287ea589554', 'item_variant', 'UPSERT');INSERT INTO packaging_variant (id, item_variant_id, name, packaging_level, volume_per_unit) VALUES ('4e5a109d-2253-43c0-8a1e-5e54a1dfc2fc', 'b565342d-5117-44a9-a44d-2287ea589554', 'Primary', 1, 15.7) ON CONFLICT DO NOTHING;
INSERT INTO packaging_variant (id, item_variant_id, name, packaging_level, volume_per_unit) VALUES ('55f07b3a-d55a-4e10-a78a-2debf06051c1', 'b565342d-5117-44a9-a44d-2287ea589554', 'Secondary', 2, 15.7) ON CONFLICT DO NOTHING;
INSERT INTO packaging_variant (id, item_variant_id, name, packaging_level, volume_per_unit) VALUES ('afc71db6-557b-4e2b-96f0-0d5fa0974848', 'b565342d-5117-44a9-a44d-2287ea589554', 'Tertiary', 3, 130.56) ON CONFLICT DO NOTHING;
INSERT INTO item_variant (id, name, item_link_id, cold_storage_type_id) VALUES ('15e9d1ac-dfdf-419a-be92-2d23a40fc31f', 'IPV Vaccine SSI (AJ Vaccines A/S)', 'a0c2b7d5-7a8d-44eb-94ca-b68a3860b50b', (SELECT id FROM cold_storage_type WHERE name = '+5' or min_temperature = 2 and max_temperature = 8 LIMIT 1)) ON CONFLICT DO NOTHING;
INSERT INTO changelog (record_id, table_name, row_action) VALUES ('15e9d1ac-dfdf-419a-be92-2d23a40fc31f', 'item_variant', 'UPSERT');INSERT INTO packaging_variant (id, item_variant_id, name, packaging_level, volume_per_unit) VALUES ('a350173e-a6f5-4188-943b-211894ea23aa', '15e9d1ac-dfdf-419a-be92-2d23a40fc31f', 'Primary', 1, 12.94) ON CONFLICT DO NOTHING;
INSERT INTO packaging_variant (id, item_variant_id, name, packaging_level, volume_per_unit) VALUES ('58abf156-f0f9-4598-84fc-002541afd51c', '15e9d1ac-dfdf-419a-be92-2d23a40fc31f', 'Secondary', 2, 12.94) ON CONFLICT DO NOTHING;
INSERT INTO packaging_variant (id, item_variant_id, name, packaging_level, volume_per_unit) VALUES ('88b87a82-abb0-4d76-b7f1-3cfa10102cd2', '15e9d1ac-dfdf-419a-be92-2d23a40fc31f', 'Tertiary', 3, 101.4) ON CONFLICT DO NOTHING;
INSERT INTO item_variant (id, name, item_link_id, cold_storage_type_id) VALUES ('4099f1fb-db48-4dfb-a7be-37dddcfc6161', 'Poliomyelitis Vaccine (Inactivated) (Serum Institute of India Pvt. Ltd.)', 'a0c2b7d5-7a8d-44eb-94ca-b68a3860b50b', (SELECT id FROM cold_storage_type WHERE name = '+5' or min_temperature = 2 and max_temperature = 8 LIMIT 1)) ON CONFLICT DO NOTHING;
INSERT INTO changelog (record_id, table_name, row_action) VALUES ('4099f1fb-db48-4dfb-a7be-37dddcfc6161', 'item_variant', 'UPSERT');INSERT INTO packaging_variant (id, item_variant_id, name, packaging_level, volume_per_unit) VALUES ('f0127300-9e68-4385-afe0-f64661f5d39e', '4099f1fb-db48-4dfb-a7be-37dddcfc6161', 'Primary', 1, 17.58) ON CONFLICT DO NOTHING;
INSERT INTO packaging_variant (id, item_variant_id, name, packaging_level, volume_per_unit) VALUES ('6b364286-4d13-41fc-acbe-ca933c4baad5', '4099f1fb-db48-4dfb-a7be-37dddcfc6161', 'Secondary', 2, 17.58) ON CONFLICT DO NOTHING;
INSERT INTO packaging_variant (id, item_variant_id, name, packaging_level, volume_per_unit) VALUES ('57c2f0e0-d6cb-4993-9244-bdf044fd4023', '4099f1fb-db48-4dfb-a7be-37dddcfc6161', 'Tertiary', 3, 86.4) ON CONFLICT DO NOTHING;
INSERT INTO item_variant (id, name, item_link_id, cold_storage_type_id) VALUES ('b24dd301-31df-4cd1-aa7a-1755cb9e2afb', 'Eupolio Inj. (LG Chem Ltd)', 'a0c2b7d5-7a8d-44eb-94ca-b68a3860b50b', (SELECT id FROM cold_storage_type WHERE name = '+5' or min_temperature = 2 and max_temperature = 8 LIMIT 1)) ON CONFLICT DO NOTHING;
INSERT INTO changelog (record_id, table_name, row_action) VALUES ('b24dd301-31df-4cd1-aa7a-1755cb9e2afb', 'item_variant', 'UPSERT');INSERT INTO packaging_variant (id, item_variant_id, name, packaging_level, volume_per_unit) VALUES ('47afb60b-fcc4-4a1a-b2d5-4c1f4d928504', 'b24dd301-31df-4cd1-aa7a-1755cb9e2afb', 'Primary', 1, 13.57) ON CONFLICT DO NOTHING;
INSERT INTO packaging_variant (id, item_variant_id, name, packaging_level, volume_per_unit) VALUES ('19e12fdc-dd86-4ae7-b639-55661d6128d0', 'b24dd301-31df-4cd1-aa7a-1755cb9e2afb', 'Secondary', 2, 13.57) ON CONFLICT DO NOTHING;
INSERT INTO packaging_variant (id, item_variant_id, name, packaging_level, volume_per_unit) VALUES ('f561be13-d877-464e-b6be-d3e4aadfe8bc', 'b24dd301-31df-4cd1-aa7a-1755cb9e2afb', 'Tertiary', 3, 78.88) ON CONFLICT DO NOTHING;
INSERT INTO item (id, name, code, ven_category, type, legacy_record, is_active, is_vaccine, vaccine_doses, default_pack_size) VALUES ('8f1c9299-c4ce-4c2b-a60d-21f8e54ce766', 'Polio Vaccine - Inactivated (IPV) - vial - 10 doses', 'POL-4-10', 'NOT_ASSIGNED', 'STOCK', '', 'True', 'True', 10, 1) ON CONFLICT DO NOTHING;
INSERT INTO item_link (id, item_id) VALUES ('8f1c9299-c4ce-4c2b-a60d-21f8e54ce766', '8f1c9299-c4ce-4c2b-a60d-21f8e54ce766') ON CONFLICT DO NOTHING;
INSERT INTO changelog (record_id, table_name, row_action) VALUES ('8f1c9299-c4ce-4c2b-a60d-21f8e54ce766', 'item', 'UPSERT');INSERT INTO master_list_line (id, master_list_id, item_link_id) VALUES (uuid_in(md5(random()::text || random()::text)::cstring), '43491ce9-bc89-4ee5-988d-9dbb2856e398', '8f1c9299-c4ce-4c2b-a60d-21f8e54ce766') ON CONFLICT DO NOTHING;
INSERT INTO item_variant (id, name, item_link_id, cold_storage_type_id) VALUES ('dd319947-09e2-4b34-ac76-526277c2ae6f', 'IMOVAX POLIO (Sanofi Pasteur SA)', '8f1c9299-c4ce-4c2b-a60d-21f8e54ce766', (SELECT id FROM cold_storage_type WHERE name = '+5' or min_temperature = 2 and max_temperature = 8 LIMIT 1)) ON CONFLICT DO NOTHING;
INSERT INTO changelog (record_id, table_name, row_action) VALUES ('dd319947-09e2-4b34-ac76-526277c2ae6f', 'item_variant', 'UPSERT');INSERT INTO packaging_variant (id, item_variant_id, name, packaging_level, volume_per_unit) VALUES ('04e6e727-1b64-4aad-a289-5e715b852276', 'dd319947-09e2-4b34-ac76-526277c2ae6f', 'Primary', 1, 2.46) ON CONFLICT DO NOTHING;
INSERT INTO packaging_variant (id, item_variant_id, name, packaging_level, volume_per_unit) VALUES ('900ef3f4-e70f-4f78-94e9-9e916aa1133a', 'dd319947-09e2-4b34-ac76-526277c2ae6f', 'Secondary', 2, 2.46) ON CONFLICT DO NOTHING;
INSERT INTO packaging_variant (id, item_variant_id, name, packaging_level, volume_per_unit) VALUES ('66266e47-eee4-4cd8-9478-381712193a63', 'dd319947-09e2-4b34-ac76-526277c2ae6f', 'Tertiary', 3, 2.46) ON CONFLICT DO NOTHING;
INSERT INTO item_variant (id, name, item_link_id, cold_storage_type_id) VALUES ('ae306d9e-130a-4822-aaba-2fd7cd9ae3f0', 'ShanIPV™ (Sanofi Healthcare India Private Limited)', '8f1c9299-c4ce-4c2b-a60d-21f8e54ce766', (SELECT id FROM cold_storage_type WHERE name = '+5' or min_temperature = 2 and max_temperature = 8 LIMIT 1)) ON CONFLICT DO NOTHING;
INSERT INTO changelog (record_id, table_name, row_action) VALUES ('ae306d9e-130a-4822-aaba-2fd7cd9ae3f0', 'item_variant', 'UPSERT');INSERT INTO packaging_variant (id, item_variant_id, name, packaging_level, volume_per_unit) VALUES ('ca1975dd-20d2-4dbe-8be0-39e42a21acce', 'ae306d9e-130a-4822-aaba-2fd7cd9ae3f0', 'Primary', 1, 3.04) ON CONFLICT DO NOTHING;
INSERT INTO packaging_variant (id, item_variant_id, name, packaging_level, volume_per_unit) VALUES ('80694feb-5bc8-4ba7-a932-cde94f50311b', 'ae306d9e-130a-4822-aaba-2fd7cd9ae3f0', 'Secondary', 2, 3.04) ON CONFLICT DO NOTHING;
INSERT INTO packaging_variant (id, item_variant_id, name, packaging_level, volume_per_unit) VALUES ('7bc59a8a-0d62-4f28-b8df-f1d7a1a5a355', 'ae306d9e-130a-4822-aaba-2fd7cd9ae3f0', 'Tertiary', 3, 20.89) ON CONFLICT DO NOTHING;
INSERT INTO item (id, name, code, ven_category, type, legacy_record, is_active, is_vaccine, vaccine_doses, default_pack_size) VALUES ('3a2071dc-a42d-403c-9114-be166ef3dea2', 'Polio Vaccine - Inactivated (IPV) - vial - 2 doses', 'POL-4-2', 'NOT_ASSIGNED', 'STOCK', '', 'True', 'True', 2, 1) ON CONFLICT DO NOTHING;
INSERT INTO item_link (id, item_id) VALUES ('3a2071dc-a42d-403c-9114-be166ef3dea2', '3a2071dc-a42d-403c-9114-be166ef3dea2') ON CONFLICT DO NOTHING;
INSERT INTO changelog (record_id, table_name, row_action) VALUES ('3a2071dc-a42d-403c-9114-be166ef3dea2', 'item', 'UPSERT');INSERT INTO master_list_line (id, master_list_id, item_link_id) VALUES (uuid_in(md5(random()::text || random()::text)::cstring), '43491ce9-bc89-4ee5-988d-9dbb2856e398', '3a2071dc-a42d-403c-9114-be166ef3dea2') ON CONFLICT DO NOTHING;
INSERT INTO item_variant (id, name, item_link_id, cold_storage_type_id) VALUES ('4a925542-afc7-488b-ba41-48f15b7fc35b', 'Poliorix (GlaxoSmithKline Biologicals SA)', '3a2071dc-a42d-403c-9114-be166ef3dea2', (SELECT id FROM cold_storage_type WHERE name = '+5' or min_temperature = 2 and max_temperature = 8 LIMIT 1)) ON CONFLICT DO NOTHING;
INSERT INTO changelog (record_id, table_name, row_action) VALUES ('4a925542-afc7-488b-ba41-48f15b7fc35b', 'item_variant', 'UPSERT');INSERT INTO packaging_variant (id, item_variant_id, name, packaging_level, volume_per_unit) VALUES ('2cccd9d7-501b-43ba-9deb-b3fb73b79de8', '4a925542-afc7-488b-ba41-48f15b7fc35b', 'Primary', 1, 4.84) ON CONFLICT DO NOTHING;
INSERT INTO packaging_variant (id, item_variant_id, name, packaging_level, volume_per_unit) VALUES ('e010b69d-3ced-43ca-99b1-b7b94ec7daf3', '4a925542-afc7-488b-ba41-48f15b7fc35b', 'Secondary', 2, 4.84) ON CONFLICT DO NOTHING;
INSERT INTO packaging_variant (id, item_variant_id, name, packaging_level, volume_per_unit) VALUES ('7cb66944-1536-4a47-b891-3dcd791663fb', '4a925542-afc7-488b-ba41-48f15b7fc35b', 'Tertiary', 3, 7.71) ON CONFLICT DO NOTHING;
INSERT INTO item_variant (id, name, item_link_id, cold_storage_type_id) VALUES ('175a3d38-daa4-45fe-91b0-e9f061687c34', 'Poliomyelitis Vaccine (Inactivated) (Serum Institute of India Pvt. Ltd.)', '3a2071dc-a42d-403c-9114-be166ef3dea2', (SELECT id FROM cold_storage_type WHERE name = '+5' or min_temperature = 2 and max_temperature = 8 LIMIT 1)) ON CONFLICT DO NOTHING;
INSERT INTO changelog (record_id, table_name, row_action) VALUES ('175a3d38-daa4-45fe-91b0-e9f061687c34', 'item_variant', 'UPSERT');INSERT INTO packaging_variant (id, item_variant_id, name, packaging_level, volume_per_unit) VALUES ('b24eda6a-3a6b-47a3-927d-8352429bd7a8', '175a3d38-daa4-45fe-91b0-e9f061687c34', 'Primary', 1, 8.79) ON CONFLICT DO NOTHING;
INSERT INTO packaging_variant (id, item_variant_id, name, packaging_level, volume_per_unit) VALUES ('e3b1d467-3ef6-40b6-837b-3b2caa53e4d5', '175a3d38-daa4-45fe-91b0-e9f061687c34', 'Secondary', 2, 8.79) ON CONFLICT DO NOTHING;
INSERT INTO packaging_variant (id, item_variant_id, name, packaging_level, volume_per_unit) VALUES ('4d33163d-ee39-49f1-a7d0-2ec0c9b9edbd', '175a3d38-daa4-45fe-91b0-e9f061687c34', 'Tertiary', 3, 43.2) ON CONFLICT DO NOTHING;
INSERT INTO item (id, name, code, ven_category, type, legacy_record, is_active, is_vaccine, vaccine_doses, default_pack_size) VALUES ('05402c88-0ca2-43b8-8e24-a51840d25105', 'Polio Vaccine - Inactivated (IPV) - vial - 5 doses', 'POL-4-5', 'NOT_ASSIGNED', 'STOCK', '', 'True', 'True', 5, 1) ON CONFLICT DO NOTHING;
INSERT INTO item_link (id, item_id) VALUES ('05402c88-0ca2-43b8-8e24-a51840d25105', '05402c88-0ca2-43b8-8e24-a51840d25105') ON CONFLICT DO NOTHING;
INSERT INTO changelog (record_id, table_name, row_action) VALUES ('05402c88-0ca2-43b8-8e24-a51840d25105', 'item', 'UPSERT');INSERT INTO master_list_line (id, master_list_id, item_link_id) VALUES (uuid_in(md5(random()::text || random()::text)::cstring), '43491ce9-bc89-4ee5-988d-9dbb2856e398', '05402c88-0ca2-43b8-8e24-a51840d25105') ON CONFLICT DO NOTHING;
INSERT INTO item_variant (id, name, item_link_id, cold_storage_type_id) VALUES ('36bd22e0-1328-4df5-a9bb-3aec42a03f38', 'Poliomyelitis vaccine multidose, suspension for injection 2.5 mL (Bilthoven Biologicals)', '05402c88-0ca2-43b8-8e24-a51840d25105', (SELECT id FROM cold_storage_type WHERE name = '+5' or min_temperature = 2 and max_temperature = 8 LIMIT 1)) ON CONFLICT DO NOTHING;
INSERT INTO changelog (record_id, table_name, row_action) VALUES ('36bd22e0-1328-4df5-a9bb-3aec42a03f38', 'item_variant', 'UPSERT');INSERT INTO packaging_variant (id, item_variant_id, name, packaging_level, volume_per_unit) VALUES ('90e29fb4-49af-47e2-8022-a5d6b5024aa9', '36bd22e0-1328-4df5-a9bb-3aec42a03f38', 'Primary', 1, 4) ON CONFLICT DO NOTHING;
INSERT INTO packaging_variant (id, item_variant_id, name, packaging_level, volume_per_unit) VALUES ('5358608b-0bc2-4cd1-8f14-ce31f0eb487a', '36bd22e0-1328-4df5-a9bb-3aec42a03f38', 'Secondary', 2, 4) ON CONFLICT DO NOTHING;
INSERT INTO packaging_variant (id, item_variant_id, name, packaging_level, volume_per_unit) VALUES ('b38b0ff2-bb4c-4549-8c7c-4bb7439cf6e0', '36bd22e0-1328-4df5-a9bb-3aec42a03f38', 'Tertiary', 3, 8.97) ON CONFLICT DO NOTHING;
INSERT INTO item_variant (id, name, item_link_id, cold_storage_type_id) VALUES ('bc4416d9-af87-4f06-a469-dd86476be4ba', 'Poliomyelitis Vaccine (Inactivated) (Serum Institute of India Pvt. Ltd.)', '05402c88-0ca2-43b8-8e24-a51840d25105', (SELECT id FROM cold_storage_type WHERE name = '+5' or min_temperature = 2 and max_temperature = 8 LIMIT 1)) ON CONFLICT DO NOTHING;
INSERT INTO changelog (record_id, table_name, row_action) VALUES ('bc4416d9-af87-4f06-a469-dd86476be4ba', 'item_variant', 'UPSERT');INSERT INTO packaging_variant (id, item_variant_id, name, packaging_level, volume_per_unit) VALUES ('d09d69b0-bd1a-4692-8201-f53b720b7969', 'bc4416d9-af87-4f06-a469-dd86476be4ba', 'Primary', 1, 3.52) ON CONFLICT DO NOTHING;
INSERT INTO packaging_variant (id, item_variant_id, name, packaging_level, volume_per_unit) VALUES ('3cddab76-4284-4306-a1a7-4c879fe94757', 'bc4416d9-af87-4f06-a469-dd86476be4ba', 'Secondary', 2, 3.52) ON CONFLICT DO NOTHING;
INSERT INTO packaging_variant (id, item_variant_id, name, packaging_level, volume_per_unit) VALUES ('ea9ae3f5-97ec-4dd9-bdfc-08e3bd6684c9', 'bc4416d9-af87-4f06-a469-dd86476be4ba', 'Tertiary', 3, 17.28) ON CONFLICT DO NOTHING;
INSERT INTO item_variant (id, name, item_link_id, cold_storage_type_id) VALUES ('b882a57a-a29e-4c57-9905-1d01e4da8b25', 'Picovax (AJ Vaccines A/S)', '05402c88-0ca2-43b8-8e24-a51840d25105', (SELECT id FROM cold_storage_type WHERE name = '+5' or min_temperature = 2 and max_temperature = 8 LIMIT 1)) ON CONFLICT DO NOTHING;
INSERT INTO changelog (record_id, table_name, row_action) VALUES ('b882a57a-a29e-4c57-9905-1d01e4da8b25', 'item_variant', 'UPSERT');INSERT INTO packaging_variant (id, item_variant_id, name, packaging_level, volume_per_unit) VALUES ('feaca60d-7137-43a5-8b47-56aac3548d19', 'b882a57a-a29e-4c57-9905-1d01e4da8b25', 'Primary', 1, 6.82) ON CONFLICT DO NOTHING;
INSERT INTO packaging_variant (id, item_variant_id, name, packaging_level, volume_per_unit) VALUES ('761a3e91-c67c-42bd-9982-f23f4c8119fb', 'b882a57a-a29e-4c57-9905-1d01e4da8b25', 'Secondary', 2, 6.82) ON CONFLICT DO NOTHING;
INSERT INTO packaging_variant (id, item_variant_id, name, packaging_level, volume_per_unit) VALUES ('50590eeb-3a45-4d8d-85db-ba5ec02cf188', 'b882a57a-a29e-4c57-9905-1d01e4da8b25', 'Tertiary', 3, 26.96) ON CONFLICT DO NOTHING;
INSERT INTO item_variant (id, name, item_link_id, cold_storage_type_id) VALUES ('ef078cd3-b388-4573-a0a8-82c964710188', 'Eupolio Inj. (LG Chem Ltd)', '05402c88-0ca2-43b8-8e24-a51840d25105', (SELECT id FROM cold_storage_type WHERE name = '+5' or min_temperature = 2 and max_temperature = 8 LIMIT 1)) ON CONFLICT DO NOTHING;
INSERT INTO changelog (record_id, table_name, row_action) VALUES ('ef078cd3-b388-4573-a0a8-82c964710188', 'item_variant', 'UPSERT');INSERT INTO packaging_variant (id, item_variant_id, name, packaging_level, volume_per_unit) VALUES ('c6599493-214c-4a16-96d8-2e155d118e8c', 'ef078cd3-b388-4573-a0a8-82c964710188', 'Primary', 1, 2.97) ON CONFLICT DO NOTHING;
INSERT INTO packaging_variant (id, item_variant_id, name, packaging_level, volume_per_unit) VALUES ('ea2bfbd7-fb4f-4863-b318-586ab2aa3cb6', 'ef078cd3-b388-4573-a0a8-82c964710188', 'Secondary', 2, 2.97) ON CONFLICT DO NOTHING;
INSERT INTO packaging_variant (id, item_variant_id, name, packaging_level, volume_per_unit) VALUES ('55713a10-1c28-45c9-b82d-a4b3798e1b80', 'ef078cd3-b388-4573-a0a8-82c964710188', 'Tertiary', 3, 16.78) ON CONFLICT DO NOTHING;
INSERT INTO item_variant (id, name, item_link_id, cold_storage_type_id) VALUES ('671c8b2a-c635-461b-9f4c-a2b091c49568', 'ShanIPV™ (Sanofi Healthcare India Private Limited)', '05402c88-0ca2-43b8-8e24-a51840d25105', (SELECT id FROM cold_storage_type WHERE name = '+5' or min_temperature = 2 and max_temperature = 8 LIMIT 1)) ON CONFLICT DO NOTHING;
INSERT INTO changelog (record_id, table_name, row_action) VALUES ('671c8b2a-c635-461b-9f4c-a2b091c49568', 'item_variant', 'UPSERT');INSERT INTO packaging_variant (id, item_variant_id, name, packaging_level, volume_per_unit) VALUES ('33ba7bdf-bf15-460e-8024-e758f082b10a', '671c8b2a-c635-461b-9f4c-a2b091c49568', 'Primary', 1, 6.08) ON CONFLICT DO NOTHING;
INSERT INTO packaging_variant (id, item_variant_id, name, packaging_level, volume_per_unit) VALUES ('b5448faa-f5a6-403d-985a-c08fe91ea83d', '671c8b2a-c635-461b-9f4c-a2b091c49568', 'Secondary', 2, 6.08) ON CONFLICT DO NOTHING;
INSERT INTO packaging_variant (id, item_variant_id, name, packaging_level, volume_per_unit) VALUES ('c4cb9390-7a98-43a9-a934-14a1037bafa0', '671c8b2a-c635-461b-9f4c-a2b091c49568', 'Tertiary', 3, 41.78) ON CONFLICT DO NOTHING;
INSERT INTO item_variant (id, name, item_link_id, cold_storage_type_id) VALUES ('0e1b76b9-fdd5-4d76-9023-9ad1423f79a0', 'Poliomyelitis Vaccine (Vero Cell), Inactivated, Sabin Strains (Beijing Institute of Biological Products Co., Ltd.)', 'a0c2b7d5-7a8d-44eb-94ca-b68a3860b50b', (SELECT id FROM cold_storage_type WHERE name = '+5' or min_temperature = 2 and max_temperature = 8 LIMIT 1)) ON CONFLICT DO NOTHING;
INSERT INTO changelog (record_id, table_name, row_action) VALUES ('0e1b76b9-fdd5-4d76-9023-9ad1423f79a0', 'item_variant', 'UPSERT');INSERT INTO packaging_variant (id, item_variant_id, name, packaging_level, volume_per_unit) VALUES ('69cd31d7-40da-4eab-bfbd-f2b6c7a0fe1b', '0e1b76b9-fdd5-4d76-9023-9ad1423f79a0', 'Primary', 1, 21.18) ON CONFLICT DO NOTHING;
INSERT INTO packaging_variant (id, item_variant_id, name, packaging_level, volume_per_unit) VALUES ('7aaf9f4b-8e44-4406-9771-d0078736356a', '0e1b76b9-fdd5-4d76-9023-9ad1423f79a0', 'Secondary', 2, 21.18) ON CONFLICT DO NOTHING;
INSERT INTO packaging_variant (id, item_variant_id, name, packaging_level, volume_per_unit) VALUES ('236bc2bb-1637-4348-92ce-097774eead65', '0e1b76b9-fdd5-4d76-9023-9ad1423f79a0', 'Tertiary', 3, 28.9) ON CONFLICT DO NOTHING;
INSERT INTO item_variant (id, name, item_link_id, cold_storage_type_id) VALUES ('5bf1e7e3-6c32-48db-8c76-52adffdb24ab', 'Poliomyelitis Vaccine (Vero Cell), Inactivated, Sabin Strains (Sinovac Biotech Co. Ltd)', 'a0c2b7d5-7a8d-44eb-94ca-b68a3860b50b', (SELECT id FROM cold_storage_type WHERE name = '+5' or min_temperature = 2 and max_temperature = 8 LIMIT 1)) ON CONFLICT DO NOTHING;
INSERT INTO changelog (record_id, table_name, row_action) VALUES ('5bf1e7e3-6c32-48db-8c76-52adffdb24ab', 'item_variant', 'UPSERT');INSERT INTO packaging_variant (id, item_variant_id, name, packaging_level, volume_per_unit) VALUES ('7e6f706f-8905-4e64-b158-d76b0595aa67', '5bf1e7e3-6c32-48db-8c76-52adffdb24ab', 'Primary', 1, 12.2) ON CONFLICT DO NOTHING;
INSERT INTO packaging_variant (id, item_variant_id, name, packaging_level, volume_per_unit) VALUES ('d35102d7-06fa-491c-ae55-89633471fddf', '5bf1e7e3-6c32-48db-8c76-52adffdb24ab', 'Secondary', 2, 12.2) ON CONFLICT DO NOTHING;
INSERT INTO packaging_variant (id, item_variant_id, name, packaging_level, volume_per_unit) VALUES ('189a2965-7351-4f04-9dba-c5321982d25c', '5bf1e7e3-6c32-48db-8c76-52adffdb24ab', 'Tertiary', 3, 90) ON CONFLICT DO NOTHING;
INSERT INTO item (id, name, code, ven_category, type, legacy_record, is_active, is_vaccine, vaccine_doses, default_pack_size) VALUES ('914585cf-f3af-44dc-b0b9-16d447443755', 'Polio Vaccine - Novel Oral (nOPV) Monovalent type 2 - vial - 50 doses', 'POL-4-50', 'NOT_ASSIGNED', 'STOCK', '', 'True', 'True', 50, 1) ON CONFLICT DO NOTHING;
INSERT INTO item_link (id, item_id) VALUES ('914585cf-f3af-44dc-b0b9-16d447443755', '914585cf-f3af-44dc-b0b9-16d447443755') ON CONFLICT DO NOTHING;
INSERT INTO changelog (record_id, table_name, row_action) VALUES ('914585cf-f3af-44dc-b0b9-16d447443755', 'item', 'UPSERT');INSERT INTO master_list_line (id, master_list_id, item_link_id) VALUES (uuid_in(md5(random()::text || random()::text)::cstring), '43491ce9-bc89-4ee5-988d-9dbb2856e398', '914585cf-f3af-44dc-b0b9-16d447443755') ON CONFLICT DO NOTHING;
INSERT INTO item_variant (id, name, item_link_id, cold_storage_type_id) VALUES ('a0db755d-5015-4299-9b31-64cf5e13a49a', 'Novel Oral (nOPV) Monovalent type 2 (PT Bio Farma (Persero))', '914585cf-f3af-44dc-b0b9-16d447443755', (SELECT id FROM cold_storage_type WHERE name = '-20' or min_temperature = -20 and max_temperature = -20 LIMIT 1)) ON CONFLICT DO NOTHING;
INSERT INTO changelog (record_id, table_name, row_action) VALUES ('a0db755d-5015-4299-9b31-64cf5e13a49a', 'item_variant', 'UPSERT');INSERT INTO packaging_variant (id, item_variant_id, name, packaging_level, volume_per_unit) VALUES ('503682a7-6531-4cff-a576-8344c2aea05b', 'a0db755d-5015-4299-9b31-64cf5e13a49a', 'Primary', 1, 0.55) ON CONFLICT DO NOTHING;
INSERT INTO packaging_variant (id, item_variant_id, name, packaging_level, volume_per_unit) VALUES ('53739a3e-e094-46d4-8beb-e09748c5f78a', 'a0db755d-5015-4299-9b31-64cf5e13a49a', 'Secondary', 2, 0.55) ON CONFLICT DO NOTHING;
INSERT INTO packaging_variant (id, item_variant_id, name, packaging_level, volume_per_unit) VALUES ('58715ad9-a5b6-417b-91d5-4ae64df62940', 'a0db755d-5015-4299-9b31-64cf5e13a49a', 'Tertiary', 3, 2.71) ON CONFLICT DO NOTHING;
INSERT INTO item_variant (id, name, item_link_id, cold_storage_type_id) VALUES ('c349dc8f-a7b2-4215-8090-ec82c41808c0', 'Polio Sabin One and Three (GlaxoSmithKline Biologicals SA)', '8f1c9299-c4ce-4c2b-a60d-21f8e54ce766', (SELECT id FROM cold_storage_type WHERE name = '-20' or min_temperature = -20 and max_temperature = -20 LIMIT 1)) ON CONFLICT DO NOTHING;
INSERT INTO changelog (record_id, table_name, row_action) VALUES ('c349dc8f-a7b2-4215-8090-ec82c41808c0', 'item_variant', 'UPSERT');INSERT INTO packaging_variant (id, item_variant_id, name, packaging_level, volume_per_unit) VALUES ('374aaeac-2abc-4e7a-b9e7-1c53c2b9b8eb', 'c349dc8f-a7b2-4215-8090-ec82c41808c0', 'Primary', 1, 0.97) ON CONFLICT DO NOTHING;
INSERT INTO packaging_variant (id, item_variant_id, name, packaging_level, volume_per_unit) VALUES ('be3ad277-b801-49aa-bedb-6328168d0bb9', 'c349dc8f-a7b2-4215-8090-ec82c41808c0', 'Secondary', 2, 0.97) ON CONFLICT DO NOTHING;
INSERT INTO packaging_variant (id, item_variant_id, name, packaging_level, volume_per_unit) VALUES ('38a1549b-b589-4f93-a794-1b5df1410d25', 'c349dc8f-a7b2-4215-8090-ec82c41808c0', 'Tertiary', 3, 3.98) ON CONFLICT DO NOTHING;
INSERT INTO item_variant (id, name, item_link_id, cold_storage_type_id) VALUES ('7c7c1859-2017-46b8-b59c-cd15b034e50d', 'Poliomyelitis Vaccine (Oral), Bivalent types 1 and 3 (Serum Institute of India Pvt. Ltd.)', '8f1c9299-c4ce-4c2b-a60d-21f8e54ce766', (SELECT id FROM cold_storage_type WHERE name = '-20' or min_temperature = -20 and max_temperature = -20 LIMIT 1)) ON CONFLICT DO NOTHING;
INSERT INTO changelog (record_id, table_name, row_action) VALUES ('7c7c1859-2017-46b8-b59c-cd15b034e50d', 'item_variant', 'UPSERT');INSERT INTO packaging_variant (id, item_variant_id, name, packaging_level, volume_per_unit) VALUES ('cf63753a-3703-41bb-a4f2-1db6a65ac788', '7c7c1859-2017-46b8-b59c-cd15b034e50d', 'Primary', 1, 1.76) ON CONFLICT DO NOTHING;
INSERT INTO packaging_variant (id, item_variant_id, name, packaging_level, volume_per_unit) VALUES ('38e1fd05-ae61-47d4-91f1-30bf4e26cf65', '7c7c1859-2017-46b8-b59c-cd15b034e50d', 'Secondary', 2, 1.76) ON CONFLICT DO NOTHING;
INSERT INTO packaging_variant (id, item_variant_id, name, packaging_level, volume_per_unit) VALUES ('f0f0143f-e0f6-4668-b993-f33821abec46', '7c7c1859-2017-46b8-b59c-cd15b034e50d', 'Tertiary', 3, 11.52) ON CONFLICT DO NOTHING;
INSERT INTO item_variant (id, name, item_link_id, cold_storage_type_id) VALUES ('7df903d1-2950-4713-8771-2fd63f26c5f7', 'Bivalent Oral Poliomyelitis Vaccine Type 1&3 (bOPV 1&3) (PT Bio Farma (Persero))', '8f1c9299-c4ce-4c2b-a60d-21f8e54ce766', (SELECT id FROM cold_storage_type WHERE name = '-20' or min_temperature = -20 and max_temperature = -20 LIMIT 1)) ON CONFLICT DO NOTHING;
INSERT INTO changelog (record_id, table_name, row_action) VALUES ('7df903d1-2950-4713-8771-2fd63f26c5f7', 'item_variant', 'UPSERT');INSERT INTO packaging_variant (id, item_variant_id, name, packaging_level, volume_per_unit) VALUES ('2eb95514-267e-44bb-895e-179f945827b9', '7df903d1-2950-4713-8771-2fd63f26c5f7', 'Primary', 1, 1.4) ON CONFLICT DO NOTHING;
INSERT INTO packaging_variant (id, item_variant_id, name, packaging_level, volume_per_unit) VALUES ('f5632d03-f48e-4d0e-8ca2-c99d8f7c046d', '7df903d1-2950-4713-8771-2fd63f26c5f7', 'Secondary', 2, 1.4) ON CONFLICT DO NOTHING;
INSERT INTO packaging_variant (id, item_variant_id, name, packaging_level, volume_per_unit) VALUES ('51363d3e-21ff-41ab-85fc-0aa1d1d5f965', '7df903d1-2950-4713-8771-2fd63f26c5f7', 'Tertiary', 3, 6.22) ON CONFLICT DO NOTHING;
INSERT INTO item_variant (id, name, item_link_id, cold_storage_type_id) VALUES ('3f84d5fb-735b-4f16-8b19-7278bf49ef05', 'BIOPOLIO B1/3 (Bharat Biotech International Limited)', '8f1c9299-c4ce-4c2b-a60d-21f8e54ce766', (SELECT id FROM cold_storage_type WHERE name = '-20' or min_temperature = -20 and max_temperature = -20 LIMIT 1)) ON CONFLICT DO NOTHING;
INSERT INTO changelog (record_id, table_name, row_action) VALUES ('3f84d5fb-735b-4f16-8b19-7278bf49ef05', 'item_variant', 'UPSERT');INSERT INTO packaging_variant (id, item_variant_id, name, packaging_level, volume_per_unit) VALUES ('7986f930-2ec9-4911-8d3c-29cfd5332910', '3f84d5fb-735b-4f16-8b19-7278bf49ef05', 'Primary', 1, 0) ON CONFLICT DO NOTHING;
INSERT INTO packaging_variant (id, item_variant_id, name, packaging_level, volume_per_unit) VALUES ('fc1e719b-c923-4a0f-8620-b122e9bf71dd', '3f84d5fb-735b-4f16-8b19-7278bf49ef05', 'Secondary', 2, 0) ON CONFLICT DO NOTHING;
INSERT INTO packaging_variant (id, item_variant_id, name, packaging_level, volume_per_unit) VALUES ('1b2a8ff5-e266-4731-ad6e-591ac881dc8f', '3f84d5fb-735b-4f16-8b19-7278bf49ef05', 'Tertiary', 3, 0) ON CONFLICT DO NOTHING;
INSERT INTO item (id, name, code, ven_category, type, legacy_record, is_active, is_vaccine, vaccine_doses, default_pack_size) VALUES ('f83e8e80-ee2d-40f6-9f3c-6321394cac46', 'Polio Vaccine - Oral (OPV) Bivalent Types 1 and 3 - vial - 20 doses', 'POL-4-20', 'NOT_ASSIGNED', 'STOCK', '', 'True', 'True', 20, 1) ON CONFLICT DO NOTHING;
INSERT INTO item_link (id, item_id) VALUES ('f83e8e80-ee2d-40f6-9f3c-6321394cac46', 'f83e8e80-ee2d-40f6-9f3c-6321394cac46') ON CONFLICT DO NOTHING;
INSERT INTO changelog (record_id, table_name, row_action) VALUES ('f83e8e80-ee2d-40f6-9f3c-6321394cac46', 'item', 'UPSERT');INSERT INTO master_list_line (id, master_list_id, item_link_id) VALUES (uuid_in(md5(random()::text || random()::text)::cstring), '43491ce9-bc89-4ee5-988d-9dbb2856e398', 'f83e8e80-ee2d-40f6-9f3c-6321394cac46') ON CONFLICT DO NOTHING;
INSERT INTO item_variant (id, name, item_link_id, cold_storage_type_id) VALUES ('7a2acbd2-b039-4a5b-8f0a-e010aadbd2b3', 'Polio Sabin One and Three (GlaxoSmithKline Biologicals SA)', 'f83e8e80-ee2d-40f6-9f3c-6321394cac46', (SELECT id FROM cold_storage_type WHERE name = '-20' or min_temperature = -20 and max_temperature = -20 LIMIT 1)) ON CONFLICT DO NOTHING;
INSERT INTO changelog (record_id, table_name, row_action) VALUES ('7a2acbd2-b039-4a5b-8f0a-e010aadbd2b3', 'item_variant', 'UPSERT');INSERT INTO packaging_variant (id, item_variant_id, name, packaging_level, volume_per_unit) VALUES ('0c776168-d4b6-4183-b29e-c46a578ee138', '7a2acbd2-b039-4a5b-8f0a-e010aadbd2b3', 'Primary', 1, 0.48) ON CONFLICT DO NOTHING;
INSERT INTO packaging_variant (id, item_variant_id, name, packaging_level, volume_per_unit) VALUES ('a67a0fd0-dfea-4ad3-bcba-8c47706d7f85', '7a2acbd2-b039-4a5b-8f0a-e010aadbd2b3', 'Secondary', 2, 0.48) ON CONFLICT DO NOTHING;
INSERT INTO packaging_variant (id, item_variant_id, name, packaging_level, volume_per_unit) VALUES ('58759724-5080-4eba-b12c-916638fe4443', '7a2acbd2-b039-4a5b-8f0a-e010aadbd2b3', 'Tertiary', 3, 1.99) ON CONFLICT DO NOTHING;
INSERT INTO item_variant (id, name, item_link_id, cold_storage_type_id) VALUES ('bfc99b2d-52c1-49a7-936f-f19aa998b44d', 'Bivalent Oral Poliomyelitis Vaccine Type 1&3 (bOPV 1&3) (PT Bio Farma (Persero))', 'f83e8e80-ee2d-40f6-9f3c-6321394cac46', (SELECT id FROM cold_storage_type WHERE name = '-20' or min_temperature = -20 and max_temperature = -20 LIMIT 1)) ON CONFLICT DO NOTHING;
INSERT INTO changelog (record_id, table_name, row_action) VALUES ('bfc99b2d-52c1-49a7-936f-f19aa998b44d', 'item_variant', 'UPSERT');INSERT INTO packaging_variant (id, item_variant_id, name, packaging_level, volume_per_unit) VALUES ('a6984bcb-bbd0-4e71-9769-e4be012af777', 'bfc99b2d-52c1-49a7-936f-f19aa998b44d', 'Primary', 1, 0.55) ON CONFLICT DO NOTHING;
INSERT INTO packaging_variant (id, item_variant_id, name, packaging_level, volume_per_unit) VALUES ('2f8deb4d-9484-40eb-908b-4f927b250332', 'bfc99b2d-52c1-49a7-936f-f19aa998b44d', 'Secondary', 2, 0.55) ON CONFLICT DO NOTHING;
INSERT INTO packaging_variant (id, item_variant_id, name, packaging_level, volume_per_unit) VALUES ('d2183498-4dfd-4ba4-ac0e-0676f03a5b42', 'bfc99b2d-52c1-49a7-936f-f19aa998b44d', 'Tertiary', 3, 4.14) ON CONFLICT DO NOTHING;
INSERT INTO item_variant (id, name, item_link_id, cold_storage_type_id) VALUES ('28fdfc42-2e53-4059-87ab-fe4fe394cc1c', 'Bivalent type 1&3 Oral Poliomyelitis vaccine, IP (bOPV1&3) (Haffkine Bio Pharmaceutical Corporation Ltd)', 'f83e8e80-ee2d-40f6-9f3c-6321394cac46', (SELECT id FROM cold_storage_type WHERE name = '-20' or min_temperature = -20 and max_temperature = -20 LIMIT 1)) ON CONFLICT DO NOTHING;
INSERT INTO changelog (record_id, table_name, row_action) VALUES ('28fdfc42-2e53-4059-87ab-fe4fe394cc1c', 'item_variant', 'UPSERT');INSERT INTO packaging_variant (id, item_variant_id, name, packaging_level, volume_per_unit) VALUES ('75d9cb30-b239-4daf-b1a5-fbf9fd92482b', '28fdfc42-2e53-4059-87ab-fe4fe394cc1c', 'Primary', 1, 1) ON CONFLICT DO NOTHING;
INSERT INTO packaging_variant (id, item_variant_id, name, packaging_level, volume_per_unit) VALUES ('3800e2a7-98e0-4001-9b84-b73a5985d407', '28fdfc42-2e53-4059-87ab-fe4fe394cc1c', 'Secondary', 2, 1) ON CONFLICT DO NOTHING;
INSERT INTO packaging_variant (id, item_variant_id, name, packaging_level, volume_per_unit) VALUES ('5f974aab-0179-4faa-9097-da22d126a033', '28fdfc42-2e53-4059-87ab-fe4fe394cc1c', 'Tertiary', 3, 1) ON CONFLICT DO NOTHING;
INSERT INTO item_variant (id, name, item_link_id, cold_storage_type_id) VALUES ('bd777f5e-a918-4639-951b-b9ac9eefc339', 'BIOPOLIO B1/3 (Bharat Biotech International Limited)', 'f83e8e80-ee2d-40f6-9f3c-6321394cac46', (SELECT id FROM cold_storage_type WHERE name = '-20' or min_temperature = -20 and max_temperature = -20 LIMIT 1)) ON CONFLICT DO NOTHING;
INSERT INTO changelog (record_id, table_name, row_action) VALUES ('bd777f5e-a918-4639-951b-b9ac9eefc339', 'item_variant', 'UPSERT');INSERT INTO packaging_variant (id, item_variant_id, name, packaging_level, volume_per_unit) VALUES ('fa43b8aa-2808-4c67-b9f9-27d58bbd3f03', 'bd777f5e-a918-4639-951b-b9ac9eefc339', 'Primary', 1, 0.85) ON CONFLICT DO NOTHING;
INSERT INTO packaging_variant (id, item_variant_id, name, packaging_level, volume_per_unit) VALUES ('33d0015d-ffd1-48c2-8374-3d3148dffb7d', 'bd777f5e-a918-4639-951b-b9ac9eefc339', 'Secondary', 2, 0.85) ON CONFLICT DO NOTHING;
INSERT INTO packaging_variant (id, item_variant_id, name, packaging_level, volume_per_unit) VALUES ('7567d9e8-2b07-412c-a46d-eccf067fa670', 'bd777f5e-a918-4639-951b-b9ac9eefc339', 'Tertiary', 3, 5.42) ON CONFLICT DO NOTHING;
INSERT INTO item_variant (id, name, item_link_id, cold_storage_type_id) VALUES ('f1cf079c-582e-4d5d-8abe-1e2b7accd06b', 'none (Sanofi Pasteur SA)', 'f83e8e80-ee2d-40f6-9f3c-6321394cac46', (SELECT id FROM cold_storage_type WHERE name = '-20' or min_temperature = -20 and max_temperature = -20 LIMIT 1)) ON CONFLICT DO NOTHING;
INSERT INTO changelog (record_id, table_name, row_action) VALUES ('f1cf079c-582e-4d5d-8abe-1e2b7accd06b', 'item_variant', 'UPSERT');INSERT INTO packaging_variant (id, item_variant_id, name, packaging_level, volume_per_unit) VALUES ('d4cdafe7-7ab7-4674-97ba-fcc270d9dc2c', 'f1cf079c-582e-4d5d-8abe-1e2b7accd06b', 'Primary', 1, 0.49) ON CONFLICT DO NOTHING;
INSERT INTO packaging_variant (id, item_variant_id, name, packaging_level, volume_per_unit) VALUES ('d5ec7430-e933-4b0d-999f-889d7bfe84d5', 'f1cf079c-582e-4d5d-8abe-1e2b7accd06b', 'Secondary', 2, 0.49) ON CONFLICT DO NOTHING;
INSERT INTO packaging_variant (id, item_variant_id, name, packaging_level, volume_per_unit) VALUES ('112a49bc-7f39-44e5-a989-92a69d42dcf8', 'f1cf079c-582e-4d5d-8abe-1e2b7accd06b', 'Tertiary', 3, 2.42) ON CONFLICT DO NOTHING;
INSERT INTO item_variant (id, name, item_link_id, cold_storage_type_id) VALUES ('f7f74888-9310-44f0-b4a2-c654f65c2710', 'Poliomyelitis Vaccine (Oral), Bivalent types 1 and 3 (Serum Institute of India Pvt. Ltd.)', 'f83e8e80-ee2d-40f6-9f3c-6321394cac46', (SELECT id FROM cold_storage_type WHERE name = '-20' or min_temperature = -20 and max_temperature = -20 LIMIT 1)) ON CONFLICT DO NOTHING;
INSERT INTO changelog (record_id, table_name, row_action) VALUES ('f7f74888-9310-44f0-b4a2-c654f65c2710', 'item_variant', 'UPSERT');INSERT INTO packaging_variant (id, item_variant_id, name, packaging_level, volume_per_unit) VALUES ('b776e2a6-097d-4696-bc4e-0a56a06b58ba', 'f7f74888-9310-44f0-b4a2-c654f65c2710', 'Primary', 1, 0.88) ON CONFLICT DO NOTHING;
INSERT INTO packaging_variant (id, item_variant_id, name, packaging_level, volume_per_unit) VALUES ('99262010-bf8f-47cc-939c-1ad486008fa5', 'f7f74888-9310-44f0-b4a2-c654f65c2710', 'Secondary', 2, 0.88) ON CONFLICT DO NOTHING;
INSERT INTO packaging_variant (id, item_variant_id, name, packaging_level, volume_per_unit) VALUES ('573b6a45-25cc-4969-84b6-2d63ecdfa304', 'f7f74888-9310-44f0-b4a2-c654f65c2710', 'Tertiary', 3, 5.76) ON CONFLICT DO NOTHING;
INSERT INTO item_variant (id, name, item_link_id, cold_storage_type_id) VALUES ('1335ae5c-0199-4370-8c77-0f4cc7ae974c', 'Polio Sabin Mono T1 (GlaxoSmithKline Biologicals SA)', '8f1c9299-c4ce-4c2b-a60d-21f8e54ce766', (SELECT id FROM cold_storage_type WHERE name = '-20' or min_temperature = -20 and max_temperature = -20 LIMIT 1)) ON CONFLICT DO NOTHING;
INSERT INTO changelog (record_id, table_name, row_action) VALUES ('1335ae5c-0199-4370-8c77-0f4cc7ae974c', 'item_variant', 'UPSERT');INSERT INTO packaging_variant (id, item_variant_id, name, packaging_level, volume_per_unit) VALUES ('122725a8-46ba-46f3-8801-cfad2cc5fa37', '1335ae5c-0199-4370-8c77-0f4cc7ae974c', 'Primary', 1, 0.97) ON CONFLICT DO NOTHING;
INSERT INTO packaging_variant (id, item_variant_id, name, packaging_level, volume_per_unit) VALUES ('720e7e14-f677-4bbe-af9d-b266d1003e09', '1335ae5c-0199-4370-8c77-0f4cc7ae974c', 'Secondary', 2, 0.97) ON CONFLICT DO NOTHING;
INSERT INTO packaging_variant (id, item_variant_id, name, packaging_level, volume_per_unit) VALUES ('5c88a83b-d1e5-441c-821d-29577d0a5f45', '1335ae5c-0199-4370-8c77-0f4cc7ae974c', 'Tertiary', 3, 3.98) ON CONFLICT DO NOTHING;
INSERT INTO item_variant (id, name, item_link_id, cold_storage_type_id) VALUES ('db17a6cb-819c-4586-9da6-b8fe0b620357', 'ORAL MONOVALENT TYPE 1 POLIOMYELITIS VACCINE (Sanofi Pasteur SA)', 'f83e8e80-ee2d-40f6-9f3c-6321394cac46', (SELECT id FROM cold_storage_type WHERE name = '-20' or min_temperature = -20 and max_temperature = -20 LIMIT 1)) ON CONFLICT DO NOTHING;
INSERT INTO changelog (record_id, table_name, row_action) VALUES ('db17a6cb-819c-4586-9da6-b8fe0b620357', 'item_variant', 'UPSERT');INSERT INTO packaging_variant (id, item_variant_id, name, packaging_level, volume_per_unit) VALUES ('913ed8e6-a090-48db-a8b9-e99e5f9a7c61', 'db17a6cb-819c-4586-9da6-b8fe0b620357', 'Primary', 1, 0.48) ON CONFLICT DO NOTHING;
INSERT INTO packaging_variant (id, item_variant_id, name, packaging_level, volume_per_unit) VALUES ('b3b1aa91-5bec-4971-b8da-4e21cbdac61c', 'db17a6cb-819c-4586-9da6-b8fe0b620357', 'Secondary', 2, 0.48) ON CONFLICT DO NOTHING;
INSERT INTO packaging_variant (id, item_variant_id, name, packaging_level, volume_per_unit) VALUES ('0cf3f2b7-e2bc-46b0-bd76-de4dd10ead54', 'db17a6cb-819c-4586-9da6-b8fe0b620357', 'Tertiary', 3, 0.48) ON CONFLICT DO NOTHING;
INSERT INTO item_variant (id, name, item_link_id, cold_storage_type_id) VALUES ('e132fe4c-47d7-4dc1-8a11-1718bbe9eb54', 'Polio Sabin Mono T1 (GlaxoSmithKline Biologicals SA)', 'f83e8e80-ee2d-40f6-9f3c-6321394cac46', (SELECT id FROM cold_storage_type WHERE name = '-20' or min_temperature = -20 and max_temperature = -20 LIMIT 1)) ON CONFLICT DO NOTHING;
INSERT INTO changelog (record_id, table_name, row_action) VALUES ('e132fe4c-47d7-4dc1-8a11-1718bbe9eb54', 'item_variant', 'UPSERT');INSERT INTO packaging_variant (id, item_variant_id, name, packaging_level, volume_per_unit) VALUES ('5ece54ab-e350-4a6d-9b75-a0a936da934b', 'e132fe4c-47d7-4dc1-8a11-1718bbe9eb54', 'Primary', 1, 0.48) ON CONFLICT DO NOTHING;
INSERT INTO packaging_variant (id, item_variant_id, name, packaging_level, volume_per_unit) VALUES ('3a51c319-0b2b-4c19-b33b-ee7a9205fa04', 'e132fe4c-47d7-4dc1-8a11-1718bbe9eb54', 'Secondary', 2, 0.48) ON CONFLICT DO NOTHING;
INSERT INTO packaging_variant (id, item_variant_id, name, packaging_level, volume_per_unit) VALUES ('2ab294aa-e3c8-4698-b77f-54c112c09497', 'e132fe4c-47d7-4dc1-8a11-1718bbe9eb54', 'Tertiary', 3, 1.99) ON CONFLICT DO NOTHING;
INSERT INTO item_variant (id, name, item_link_id, cold_storage_type_id) VALUES ('0148e015-cb68-4cec-bdda-b692b5d04213', 'Monovalent type 1 Oral Poliomyelitis vaccine, IP (mOPV1) (Haffkine Bio Pharmaceutical Corporation Ltd)', 'f83e8e80-ee2d-40f6-9f3c-6321394cac46', (SELECT id FROM cold_storage_type WHERE name = '-20' or min_temperature = -20 and max_temperature = -20 LIMIT 1)) ON CONFLICT DO NOTHING;
INSERT INTO changelog (record_id, table_name, row_action) VALUES ('0148e015-cb68-4cec-bdda-b692b5d04213', 'item_variant', 'UPSERT');INSERT INTO packaging_variant (id, item_variant_id, name, packaging_level, volume_per_unit) VALUES ('6190a474-23d2-4431-8bb5-f5e93c92aa2e', '0148e015-cb68-4cec-bdda-b692b5d04213', 'Primary', 1, 0.94) ON CONFLICT DO NOTHING;
INSERT INTO packaging_variant (id, item_variant_id, name, packaging_level, volume_per_unit) VALUES ('8162f192-2bcc-4cc7-9131-2aa8b5071c74', '0148e015-cb68-4cec-bdda-b692b5d04213', 'Secondary', 2, 0.94) ON CONFLICT DO NOTHING;
INSERT INTO packaging_variant (id, item_variant_id, name, packaging_level, volume_per_unit) VALUES ('8cb67767-1576-4a1c-af16-d996142a9170', '0148e015-cb68-4cec-bdda-b692b5d04213', 'Tertiary', 3, 4.21) ON CONFLICT DO NOTHING;
INSERT INTO item_variant (id, name, item_link_id, cold_storage_type_id) VALUES ('2a250c41-ab79-4710-888d-6f1ed83073c1', 'Monovalent Oral Poliomyelitis Vaccine Type 1 (mOPV1) (PT Bio Farma (Persero))', 'f83e8e80-ee2d-40f6-9f3c-6321394cac46', (SELECT id FROM cold_storage_type WHERE name = '-20' or min_temperature = -20 and max_temperature = -20 LIMIT 1)) ON CONFLICT DO NOTHING;
INSERT INTO changelog (record_id, table_name, row_action) VALUES ('2a250c41-ab79-4710-888d-6f1ed83073c1', 'item_variant', 'UPSERT');INSERT INTO packaging_variant (id, item_variant_id, name, packaging_level, volume_per_unit) VALUES ('86ab9874-d24d-43ea-ac84-b0fd23b73f93', '2a250c41-ab79-4710-888d-6f1ed83073c1', 'Primary', 1, 0.55) ON CONFLICT DO NOTHING;
INSERT INTO packaging_variant (id, item_variant_id, name, packaging_level, volume_per_unit) VALUES ('a1311045-95f7-454d-8ec2-9a4a3b260601', '2a250c41-ab79-4710-888d-6f1ed83073c1', 'Secondary', 2, 0.55) ON CONFLICT DO NOTHING;
INSERT INTO packaging_variant (id, item_variant_id, name, packaging_level, volume_per_unit) VALUES ('b2b31c4e-d68b-473f-beb7-044c5363e2ca', '2a250c41-ab79-4710-888d-6f1ed83073c1', 'Tertiary', 3, 4.14) ON CONFLICT DO NOTHING;
INSERT INTO item_variant (id, name, item_link_id, cold_storage_type_id) VALUES ('722709f6-0d4f-4949-9315-b5aba99b7855', 'Polio Sabin Mono Two (oral) (GlaxoSmithKline Biologicals SA)', '8f1c9299-c4ce-4c2b-a60d-21f8e54ce766', (SELECT id FROM cold_storage_type WHERE name = '-20' or min_temperature = -20 and max_temperature = -20 LIMIT 1)) ON CONFLICT DO NOTHING;
INSERT INTO changelog (record_id, table_name, row_action) VALUES ('722709f6-0d4f-4949-9315-b5aba99b7855', 'item_variant', 'UPSERT');INSERT INTO packaging_variant (id, item_variant_id, name, packaging_level, volume_per_unit) VALUES ('1bf66c8e-4c31-4ba7-aec4-48ec7abaffaf', '722709f6-0d4f-4949-9315-b5aba99b7855', 'Primary', 1, 0.97) ON CONFLICT DO NOTHING;
INSERT INTO packaging_variant (id, item_variant_id, name, packaging_level, volume_per_unit) VALUES ('679c3c64-e56b-4186-8159-2c7a95d2a36a', '722709f6-0d4f-4949-9315-b5aba99b7855', 'Secondary', 2, 0.97) ON CONFLICT DO NOTHING;
INSERT INTO packaging_variant (id, item_variant_id, name, packaging_level, volume_per_unit) VALUES ('dde41739-d7f3-47e7-8eca-3db5266c5aab', '722709f6-0d4f-4949-9315-b5aba99b7855', 'Tertiary', 3, 7.71) ON CONFLICT DO NOTHING;
INSERT INTO item_variant (id, name, item_link_id, cold_storage_type_id) VALUES ('fd64f752-b160-48f0-8e8b-1f73b88af301', 'Polio Sabin Mono Two (oral) (GlaxoSmithKline Biologicals SA)', 'f83e8e80-ee2d-40f6-9f3c-6321394cac46', (SELECT id FROM cold_storage_type WHERE name = '-20' or min_temperature = -20 and max_temperature = -20 LIMIT 1)) ON CONFLICT DO NOTHING;
INSERT INTO changelog (record_id, table_name, row_action) VALUES ('fd64f752-b160-48f0-8e8b-1f73b88af301', 'item_variant', 'UPSERT');INSERT INTO packaging_variant (id, item_variant_id, name, packaging_level, volume_per_unit) VALUES ('4fbbb33e-9797-4af5-9dbf-e4de03505344', 'fd64f752-b160-48f0-8e8b-1f73b88af301', 'Primary', 1, 0.48) ON CONFLICT DO NOTHING;
INSERT INTO packaging_variant (id, item_variant_id, name, packaging_level, volume_per_unit) VALUES ('f801db68-9770-486c-a07b-d54b5ca83a9d', 'fd64f752-b160-48f0-8e8b-1f73b88af301', 'Secondary', 2, 0.48) ON CONFLICT DO NOTHING;
INSERT INTO packaging_variant (id, item_variant_id, name, packaging_level, volume_per_unit) VALUES ('31752b69-be95-4c97-92b1-436c08908f7b', 'fd64f752-b160-48f0-8e8b-1f73b88af301', 'Tertiary', 3, 3.85) ON CONFLICT DO NOTHING;
INSERT INTO item_variant (id, name, item_link_id, cold_storage_type_id) VALUES ('34cb4fa7-83cd-43dd-8784-0e5d4c17bd52', 'ORAL MONOVALENT TYPE 2 POLIOMYELITIS VACCINE (mOPV2) (Sanofi Pasteur SA)', 'f83e8e80-ee2d-40f6-9f3c-6321394cac46', (SELECT id FROM cold_storage_type WHERE name = '-20' or min_temperature = -20 and max_temperature = -20 LIMIT 1)) ON CONFLICT DO NOTHING;
INSERT INTO changelog (record_id, table_name, row_action) VALUES ('34cb4fa7-83cd-43dd-8784-0e5d4c17bd52', 'item_variant', 'UPSERT');INSERT INTO packaging_variant (id, item_variant_id, name, packaging_level, volume_per_unit) VALUES ('c636cb35-d18e-4b55-9333-f50cff16be67', '34cb4fa7-83cd-43dd-8784-0e5d4c17bd52', 'Primary', 1, 0.49) ON CONFLICT DO NOTHING;
INSERT INTO packaging_variant (id, item_variant_id, name, packaging_level, volume_per_unit) VALUES ('fca46736-bcdc-47bb-946e-8a7d9a57c79a', '34cb4fa7-83cd-43dd-8784-0e5d4c17bd52', 'Secondary', 2, 0.49) ON CONFLICT DO NOTHING;
INSERT INTO packaging_variant (id, item_variant_id, name, packaging_level, volume_per_unit) VALUES ('c5c05f0d-7580-40ac-b32e-62d9985a8d3d', '34cb4fa7-83cd-43dd-8784-0e5d4c17bd52', 'Tertiary', 3, 2.42) ON CONFLICT DO NOTHING;
INSERT INTO item_variant (id, name, item_link_id, cold_storage_type_id) VALUES ('1110d1e3-db71-4dff-a796-d623852b0c25', 'Polio Sabin Mono Three (oral) (GlaxoSmithKline Biologicals SA)', '8f1c9299-c4ce-4c2b-a60d-21f8e54ce766', (SELECT id FROM cold_storage_type WHERE name = '-20' or min_temperature = -20 and max_temperature = -20 LIMIT 1)) ON CONFLICT DO NOTHING;
INSERT INTO changelog (record_id, table_name, row_action) VALUES ('1110d1e3-db71-4dff-a796-d623852b0c25', 'item_variant', 'UPSERT');INSERT INTO packaging_variant (id, item_variant_id, name, packaging_level, volume_per_unit) VALUES ('bca59b62-39ff-4922-a818-e43b886308b5', '1110d1e3-db71-4dff-a796-d623852b0c25', 'Primary', 1, 0.97) ON CONFLICT DO NOTHING;
INSERT INTO packaging_variant (id, item_variant_id, name, packaging_level, volume_per_unit) VALUES ('ebf932f4-8f3c-4a39-b420-09edfccd47b2', '1110d1e3-db71-4dff-a796-d623852b0c25', 'Secondary', 2, 0.97) ON CONFLICT DO NOTHING;
INSERT INTO packaging_variant (id, item_variant_id, name, packaging_level, volume_per_unit) VALUES ('256a7418-647c-4494-b7cd-3a9eb8e25fcf', '1110d1e3-db71-4dff-a796-d623852b0c25', 'Tertiary', 3, 3.98) ON CONFLICT DO NOTHING;
INSERT INTO item_variant (id, name, item_link_id, cold_storage_type_id) VALUES ('be437732-28ae-4c81-b90f-f413511d0c6d', 'Polio Sabin Mono Three (oral) (GlaxoSmithKline Biologicals SA)', 'f83e8e80-ee2d-40f6-9f3c-6321394cac46', (SELECT id FROM cold_storage_type WHERE name = '-20' or min_temperature = -20 and max_temperature = -20 LIMIT 1)) ON CONFLICT DO NOTHING;
INSERT INTO changelog (record_id, table_name, row_action) VALUES ('be437732-28ae-4c81-b90f-f413511d0c6d', 'item_variant', 'UPSERT');INSERT INTO packaging_variant (id, item_variant_id, name, packaging_level, volume_per_unit) VALUES ('5301f395-d760-4b71-9018-8cacaa260c42', 'be437732-28ae-4c81-b90f-f413511d0c6d', 'Primary', 1, 0.48) ON CONFLICT DO NOTHING;
INSERT INTO packaging_variant (id, item_variant_id, name, packaging_level, volume_per_unit) VALUES ('c74009dd-2024-4eee-b720-82fcd0a77160', 'be437732-28ae-4c81-b90f-f413511d0c6d', 'Secondary', 2, 0.48) ON CONFLICT DO NOTHING;
INSERT INTO packaging_variant (id, item_variant_id, name, packaging_level, volume_per_unit) VALUES ('cba0e674-347e-457f-8117-4e4a43a8151e', 'be437732-28ae-4c81-b90f-f413511d0c6d', 'Tertiary', 3, 1.99) ON CONFLICT DO NOTHING;
INSERT INTO item_variant (id, name, item_link_id, cold_storage_type_id) VALUES ('512dd685-2b3c-47fb-87a8-53f61b469fa4', 'ORAL MONOVALENT TYPE 3 POLIOMYELITIS VACCINE (Sanofi Pasteur SA)', 'f83e8e80-ee2d-40f6-9f3c-6321394cac46', (SELECT id FROM cold_storage_type WHERE name = '-20' or min_temperature = -20 and max_temperature = -20 LIMIT 1)) ON CONFLICT DO NOTHING;
INSERT INTO changelog (record_id, table_name, row_action) VALUES ('512dd685-2b3c-47fb-87a8-53f61b469fa4', 'item_variant', 'UPSERT');INSERT INTO packaging_variant (id, item_variant_id, name, packaging_level, volume_per_unit) VALUES ('54a6b27c-dae0-458f-b987-faa13727c262', '512dd685-2b3c-47fb-87a8-53f61b469fa4', 'Primary', 1, 0.49) ON CONFLICT DO NOTHING;
INSERT INTO packaging_variant (id, item_variant_id, name, packaging_level, volume_per_unit) VALUES ('c9177fbe-a231-46c6-82fa-c75770ac113e', '512dd685-2b3c-47fb-87a8-53f61b469fa4', 'Secondary', 2, 0.49) ON CONFLICT DO NOTHING;
INSERT INTO packaging_variant (id, item_variant_id, name, packaging_level, volume_per_unit) VALUES ('22d2ef8f-7e5d-4078-9bc5-8e6d4e3db708', '512dd685-2b3c-47fb-87a8-53f61b469fa4', 'Tertiary', 3, 2.42) ON CONFLICT DO NOTHING;
INSERT INTO item_variant (id, name, item_link_id, cold_storage_type_id) VALUES ('9cdf7623-e4f0-4207-a599-4f77ec398672', 'Oral polio (PT Bio Farma (Persero))', '8f1c9299-c4ce-4c2b-a60d-21f8e54ce766', (SELECT id FROM cold_storage_type WHERE name = '-20' or min_temperature = -20 and max_temperature = -20 LIMIT 1)) ON CONFLICT DO NOTHING;
INSERT INTO changelog (record_id, table_name, row_action) VALUES ('9cdf7623-e4f0-4207-a599-4f77ec398672', 'item_variant', 'UPSERT');INSERT INTO packaging_variant (id, item_variant_id, name, packaging_level, volume_per_unit) VALUES ('4f41f030-9511-4945-ac27-679225993dab', '9cdf7623-e4f0-4207-a599-4f77ec398672', 'Primary', 1, 3.2) ON CONFLICT DO NOTHING;
INSERT INTO packaging_variant (id, item_variant_id, name, packaging_level, volume_per_unit) VALUES ('747d84af-1b80-4e66-afc5-a0386972e23b', '9cdf7623-e4f0-4207-a599-4f77ec398672', 'Secondary', 2, 3.2) ON CONFLICT DO NOTHING;
INSERT INTO packaging_variant (id, item_variant_id, name, packaging_level, volume_per_unit) VALUES ('ead4cf1f-c2d8-4f6b-af9b-04c93ef5839b', '9cdf7623-e4f0-4207-a599-4f77ec398672', 'Tertiary', 3, 3.2) ON CONFLICT DO NOTHING;
INSERT INTO item_variant (id, name, item_link_id, cold_storage_type_id) VALUES ('0a98fc73-54ff-483a-8be1-d0a732b51439', 'Polio sabin (GlaxoSmithKline Biologicals SA)', '8f1c9299-c4ce-4c2b-a60d-21f8e54ce766', (SELECT id FROM cold_storage_type WHERE name = '-20' or min_temperature = -20 and max_temperature = -20 LIMIT 1)) ON CONFLICT DO NOTHING;
INSERT INTO changelog (record_id, table_name, row_action) VALUES ('0a98fc73-54ff-483a-8be1-d0a732b51439', 'item_variant', 'UPSERT');INSERT INTO packaging_variant (id, item_variant_id, name, packaging_level, volume_per_unit) VALUES ('a5b849cc-3646-4a6f-8ae0-7857761f0dc7', '0a98fc73-54ff-483a-8be1-d0a732b51439', 'Primary', 1, 0) ON CONFLICT DO NOTHING;
INSERT INTO packaging_variant (id, item_variant_id, name, packaging_level, volume_per_unit) VALUES ('15c74d12-57d1-4fed-814a-b2ce7ca1d738', '0a98fc73-54ff-483a-8be1-d0a732b51439', 'Secondary', 2, 0) ON CONFLICT DO NOTHING;
INSERT INTO packaging_variant (id, item_variant_id, name, packaging_level, volume_per_unit) VALUES ('c4707f45-ff32-4655-921b-6b561b31020e', '0a98fc73-54ff-483a-8be1-d0a732b51439', 'Tertiary', 3, 0) ON CONFLICT DO NOTHING;
INSERT INTO item_variant (id, name, item_link_id, cold_storage_type_id) VALUES ('9469ace8-7f6c-46d7-9b35-2ef87e36af11', 'OPVERO (Sanofi Pasteur SA)', '8f1c9299-c4ce-4c2b-a60d-21f8e54ce766', (SELECT id FROM cold_storage_type WHERE name = '-20' or min_temperature = -20 and max_temperature = -20 LIMIT 1)) ON CONFLICT DO NOTHING;
INSERT INTO changelog (record_id, table_name, row_action) VALUES ('9469ace8-7f6c-46d7-9b35-2ef87e36af11', 'item_variant', 'UPSERT');INSERT INTO packaging_variant (id, item_variant_id, name, packaging_level, volume_per_unit) VALUES ('1b1d8004-818a-4304-a8eb-e6bc9a138b24', '9469ace8-7f6c-46d7-9b35-2ef87e36af11', 'Primary', 1, 0.97) ON CONFLICT DO NOTHING;
INSERT INTO packaging_variant (id, item_variant_id, name, packaging_level, volume_per_unit) VALUES ('9afa0831-0eb7-42c1-9041-fa08627a2cac', '9469ace8-7f6c-46d7-9b35-2ef87e36af11', 'Secondary', 2, 0.97) ON CONFLICT DO NOTHING;
INSERT INTO packaging_variant (id, item_variant_id, name, packaging_level, volume_per_unit) VALUES ('ae3ff57f-89d7-4371-be26-c93ffa7c0268', '9469ace8-7f6c-46d7-9b35-2ef87e36af11', 'Tertiary', 3, 0.97) ON CONFLICT DO NOTHING;
INSERT INTO item_variant (id, name, item_link_id, cold_storage_type_id) VALUES ('8aeb6b2b-b94a-47e4-be98-4f235b4a4060', 'OPVERO (Sanofi Pasteur SA)', '8f1c9299-c4ce-4c2b-a60d-21f8e54ce766', (SELECT id FROM cold_storage_type WHERE name = '-20' or min_temperature = -20 and max_temperature = -20 LIMIT 1)) ON CONFLICT DO NOTHING;
INSERT INTO changelog (record_id, table_name, row_action) VALUES ('8aeb6b2b-b94a-47e4-be98-4f235b4a4060', 'item_variant', 'UPSERT');INSERT INTO packaging_variant (id, item_variant_id, name, packaging_level, volume_per_unit) VALUES ('d23b7197-45e7-41b4-bf8e-61900004b474', '8aeb6b2b-b94a-47e4-be98-4f235b4a4060', 'Primary', 1, 0) ON CONFLICT DO NOTHING;
INSERT INTO packaging_variant (id, item_variant_id, name, packaging_level, volume_per_unit) VALUES ('38e28c85-3667-4d26-8c95-6498cd10845c', '8aeb6b2b-b94a-47e4-be98-4f235b4a4060', 'Secondary', 2, 0) ON CONFLICT DO NOTHING;
INSERT INTO packaging_variant (id, item_variant_id, name, packaging_level, volume_per_unit) VALUES ('3aaa95a8-f4f5-434d-9137-703fcdf95ea3', '8aeb6b2b-b94a-47e4-be98-4f235b4a4060', 'Tertiary', 3, 0) ON CONFLICT DO NOTHING;
INSERT INTO item_variant (id, name, item_link_id, cold_storage_type_id) VALUES ('f06593e0-3537-48e8-875e-ce24bb13970c', 'Poliomyelitis Vaccine (Oral), Trivalent types 1, 2 and 3 (Serum Institute of India Pvt. Ltd.)', '8f1c9299-c4ce-4c2b-a60d-21f8e54ce766', (SELECT id FROM cold_storage_type WHERE name = '-20' or min_temperature = -20 and max_temperature = -20 LIMIT 1)) ON CONFLICT DO NOTHING;
INSERT INTO changelog (record_id, table_name, row_action) VALUES ('f06593e0-3537-48e8-875e-ce24bb13970c', 'item_variant', 'UPSERT');INSERT INTO packaging_variant (id, item_variant_id, name, packaging_level, volume_per_unit) VALUES ('e18dfb2d-292a-4436-9fbc-845b45fe3056', 'f06593e0-3537-48e8-875e-ce24bb13970c', 'Primary', 1, 1.76) ON CONFLICT DO NOTHING;
INSERT INTO packaging_variant (id, item_variant_id, name, packaging_level, volume_per_unit) VALUES ('1dfd95eb-24f2-4824-bece-652b8b535d69', 'f06593e0-3537-48e8-875e-ce24bb13970c', 'Secondary', 2, 1.76) ON CONFLICT DO NOTHING;
INSERT INTO packaging_variant (id, item_variant_id, name, packaging_level, volume_per_unit) VALUES ('e2d089b8-0322-45ca-8ea6-cc6adeb9128e', 'f06593e0-3537-48e8-875e-ce24bb13970c', 'Tertiary', 3, 11.52) ON CONFLICT DO NOTHING;
INSERT INTO item_variant (id, name, item_link_id, cold_storage_type_id) VALUES ('f0893058-cef4-4896-ad54-6a26d09416bc', 'BIOPOLIO (Bharat Biotech International Limited)', '8f1c9299-c4ce-4c2b-a60d-21f8e54ce766', (SELECT id FROM cold_storage_type WHERE name = '-20' or min_temperature = -20 and max_temperature = -20 LIMIT 1)) ON CONFLICT DO NOTHING;
INSERT INTO changelog (record_id, table_name, row_action) VALUES ('f0893058-cef4-4896-ad54-6a26d09416bc', 'item_variant', 'UPSERT');INSERT INTO packaging_variant (id, item_variant_id, name, packaging_level, volume_per_unit) VALUES ('9d3e5889-f462-47ec-8b39-27d4973c8a6d', 'f0893058-cef4-4896-ad54-6a26d09416bc', 'Primary', 1, 1.7) ON CONFLICT DO NOTHING;
INSERT INTO packaging_variant (id, item_variant_id, name, packaging_level, volume_per_unit) VALUES ('15130dc7-dbb6-4400-97bb-5eb2b8527968', 'f0893058-cef4-4896-ad54-6a26d09416bc', 'Secondary', 2, 1.7) ON CONFLICT DO NOTHING;
INSERT INTO packaging_variant (id, item_variant_id, name, packaging_level, volume_per_unit) VALUES ('f93e67a9-eb1c-4441-93dc-efca015eb301', 'f0893058-cef4-4896-ad54-6a26d09416bc', 'Tertiary', 3, 9.83) ON CONFLICT DO NOTHING;
INSERT INTO item_variant (id, name, item_link_id, cold_storage_type_id) VALUES ('539705aa-fb11-4907-a61d-572da40ccbb0', 'Oral polio (PT Bio Farma (Persero))', 'f83e8e80-ee2d-40f6-9f3c-6321394cac46', (SELECT id FROM cold_storage_type WHERE name = '-20' or min_temperature = -20 and max_temperature = -20 LIMIT 1)) ON CONFLICT DO NOTHING;
INSERT INTO changelog (record_id, table_name, row_action) VALUES ('539705aa-fb11-4907-a61d-572da40ccbb0', 'item_variant', 'UPSERT');INSERT INTO packaging_variant (id, item_variant_id, name, packaging_level, volume_per_unit) VALUES ('156a9b48-444b-4abd-a5cd-193c8b3a0353', '539705aa-fb11-4907-a61d-572da40ccbb0', 'Primary', 1, 0.24) ON CONFLICT DO NOTHING;
INSERT INTO packaging_variant (id, item_variant_id, name, packaging_level, volume_per_unit) VALUES ('0943b886-c84f-4a64-8c72-a984b90eeb2a', '539705aa-fb11-4907-a61d-572da40ccbb0', 'Secondary', 2, 0.24) ON CONFLICT DO NOTHING;
INSERT INTO packaging_variant (id, item_variant_id, name, packaging_level, volume_per_unit) VALUES ('8ceb7591-6856-4f99-9fdf-8bd0f5f4f16b', '539705aa-fb11-4907-a61d-572da40ccbb0', 'Tertiary', 3, 0.24) ON CONFLICT DO NOTHING;
INSERT INTO item_variant (id, name, item_link_id, cold_storage_type_id) VALUES ('e2cfbce8-09ad-4bc7-8f95-aa60edf50655', 'Polio sabin (GlaxoSmithKline Biologicals SA)', 'f83e8e80-ee2d-40f6-9f3c-6321394cac46', (SELECT id FROM cold_storage_type WHERE name = '-20' or min_temperature = -20 and max_temperature = -20 LIMIT 1)) ON CONFLICT DO NOTHING;
INSERT INTO changelog (record_id, table_name, row_action) VALUES ('e2cfbce8-09ad-4bc7-8f95-aa60edf50655', 'item_variant', 'UPSERT');INSERT INTO packaging_variant (id, item_variant_id, name, packaging_level, volume_per_unit) VALUES ('d6c1fd85-1955-45a0-8c93-f26ca298e9f1', 'e2cfbce8-09ad-4bc7-8f95-aa60edf50655', 'Primary', 1, 0) ON CONFLICT DO NOTHING;
INSERT INTO packaging_variant (id, item_variant_id, name, packaging_level, volume_per_unit) VALUES ('0d0d916c-212b-41e0-ba68-17e80b98834b', 'e2cfbce8-09ad-4bc7-8f95-aa60edf50655', 'Secondary', 2, 0) ON CONFLICT DO NOTHING;
INSERT INTO packaging_variant (id, item_variant_id, name, packaging_level, volume_per_unit) VALUES ('af84f483-6831-4e42-b4da-89151a10ca5e', 'e2cfbce8-09ad-4bc7-8f95-aa60edf50655', 'Tertiary', 3, 0) ON CONFLICT DO NOTHING;
INSERT INTO item_variant (id, name, item_link_id, cold_storage_type_id) VALUES ('43ae3492-1531-4c76-a5da-2944b2edaa08', 'Polioviral vaccine (Haffkine Bio Pharmaceutical Corporation Ltd)', 'f83e8e80-ee2d-40f6-9f3c-6321394cac46', (SELECT id FROM cold_storage_type WHERE name = '-20' or min_temperature = -20 and max_temperature = -20 LIMIT 1)) ON CONFLICT DO NOTHING;
INSERT INTO changelog (record_id, table_name, row_action) VALUES ('43ae3492-1531-4c76-a5da-2944b2edaa08', 'item_variant', 'UPSERT');INSERT INTO packaging_variant (id, item_variant_id, name, packaging_level, volume_per_unit) VALUES ('0f2a6245-e820-4061-baa9-a040b0e0abfc', '43ae3492-1531-4c76-a5da-2944b2edaa08', 'Primary', 1, 1) ON CONFLICT DO NOTHING;
INSERT INTO packaging_variant (id, item_variant_id, name, packaging_level, volume_per_unit) VALUES ('584ba4b0-7f26-497c-aef6-fa53dd86a1ee', '43ae3492-1531-4c76-a5da-2944b2edaa08', 'Secondary', 2, 1) ON CONFLICT DO NOTHING;
INSERT INTO packaging_variant (id, item_variant_id, name, packaging_level, volume_per_unit) VALUES ('87c8f711-d23a-498f-80e7-859701270f49', '43ae3492-1531-4c76-a5da-2944b2edaa08', 'Tertiary', 3, 1) ON CONFLICT DO NOTHING;
INSERT INTO item_variant (id, name, item_link_id, cold_storage_type_id) VALUES ('cd2fb5ba-31fb-420f-9de2-3eb65ab7c88a', 'OPVERO (Sanofi Pasteur SA)', 'f83e8e80-ee2d-40f6-9f3c-6321394cac46', (SELECT id FROM cold_storage_type WHERE name = '-20' or min_temperature = -20 and max_temperature = -20 LIMIT 1)) ON CONFLICT DO NOTHING;
INSERT INTO changelog (record_id, table_name, row_action) VALUES ('cd2fb5ba-31fb-420f-9de2-3eb65ab7c88a', 'item_variant', 'UPSERT');INSERT INTO packaging_variant (id, item_variant_id, name, packaging_level, volume_per_unit) VALUES ('90d2ab7d-aa32-4996-ab87-91fc7f85f016', 'cd2fb5ba-31fb-420f-9de2-3eb65ab7c88a', 'Primary', 1, 0.48) ON CONFLICT DO NOTHING;
INSERT INTO packaging_variant (id, item_variant_id, name, packaging_level, volume_per_unit) VALUES ('2982a474-9442-4a17-bd3c-95635b32c299', 'cd2fb5ba-31fb-420f-9de2-3eb65ab7c88a', 'Secondary', 2, 0.48) ON CONFLICT DO NOTHING;
INSERT INTO packaging_variant (id, item_variant_id, name, packaging_level, volume_per_unit) VALUES ('0313d36e-9483-4152-8dbd-0bccd592711d', 'cd2fb5ba-31fb-420f-9de2-3eb65ab7c88a', 'Tertiary', 3, 0.48) ON CONFLICT DO NOTHING;
INSERT INTO item_variant (id, name, item_link_id, cold_storage_type_id) VALUES ('08ed54b3-7213-4229-8836-eeb4ea19c3c0', 'Poliomyelitis Vaccine (Oral), Trivalent types 1, 2 and 3 (Serum Institute of India Pvt. Ltd.)', 'f83e8e80-ee2d-40f6-9f3c-6321394cac46', (SELECT id FROM cold_storage_type WHERE name = '-20' or min_temperature = -20 and max_temperature = -20 LIMIT 1)) ON CONFLICT DO NOTHING;
INSERT INTO changelog (record_id, table_name, row_action) VALUES ('08ed54b3-7213-4229-8836-eeb4ea19c3c0', 'item_variant', 'UPSERT');INSERT INTO packaging_variant (id, item_variant_id, name, packaging_level, volume_per_unit) VALUES ('330784a3-d06a-481e-8c18-07f0acfa9798', '08ed54b3-7213-4229-8836-eeb4ea19c3c0', 'Primary', 1, 0.88) ON CONFLICT DO NOTHING;
INSERT INTO packaging_variant (id, item_variant_id, name, packaging_level, volume_per_unit) VALUES ('0a5b5dd3-edf8-4ded-b6a0-5f0458b796e9', '08ed54b3-7213-4229-8836-eeb4ea19c3c0', 'Secondary', 2, 0.88) ON CONFLICT DO NOTHING;
INSERT INTO packaging_variant (id, item_variant_id, name, packaging_level, volume_per_unit) VALUES ('7725d674-acfb-4ba4-83d3-9752af4b295c', '08ed54b3-7213-4229-8836-eeb4ea19c3c0', 'Tertiary', 3, 5.76) ON CONFLICT DO NOTHING;
INSERT INTO item_variant (id, name, item_link_id, cold_storage_type_id) VALUES ('6094e313-5f2b-4254-80c1-fbb8fc91bac2', 'BIOPOLIO (Bharat Biotech International Limited)', 'f83e8e80-ee2d-40f6-9f3c-6321394cac46', (SELECT id FROM cold_storage_type WHERE name = '-20' or min_temperature = -20 and max_temperature = -20 LIMIT 1)) ON CONFLICT DO NOTHING;
INSERT INTO changelog (record_id, table_name, row_action) VALUES ('6094e313-5f2b-4254-80c1-fbb8fc91bac2', 'item_variant', 'UPSERT');INSERT INTO packaging_variant (id, item_variant_id, name, packaging_level, volume_per_unit) VALUES ('c5d570a1-3b04-4031-9cc3-a49463496318', '6094e313-5f2b-4254-80c1-fbb8fc91bac2', 'Primary', 1, 0.85) ON CONFLICT DO NOTHING;
INSERT INTO packaging_variant (id, item_variant_id, name, packaging_level, volume_per_unit) VALUES ('6f653297-9fc4-4704-9f89-0d61536fd572', '6094e313-5f2b-4254-80c1-fbb8fc91bac2', 'Secondary', 2, 0.85) ON CONFLICT DO NOTHING;
INSERT INTO packaging_variant (id, item_variant_id, name, packaging_level, volume_per_unit) VALUES ('637f1201-ffb4-4e4a-86eb-926a5410038f', '6094e313-5f2b-4254-80c1-fbb8fc91bac2', 'Tertiary', 3, 4.92) ON CONFLICT DO NOTHING;
INSERT INTO item (id, name, code, ven_category, type, legacy_record, is_active, is_vaccine, vaccine_doses, default_pack_size) VALUES ('3815db95-fa88-4ad3-9de1-c4d1f5acad0a', 'Rabies - vial - 1 dose', 'RAB-4-1', 'NOT_ASSIGNED', 'STOCK', '', 'True', 'True', 1, 1) ON CONFLICT DO NOTHING;
INSERT INTO item_link (id, item_id) VALUES ('3815db95-fa88-4ad3-9de1-c4d1f5acad0a', '3815db95-fa88-4ad3-9de1-c4d1f5acad0a') ON CONFLICT DO NOTHING;
INSERT INTO changelog (record_id, table_name, row_action) VALUES ('3815db95-fa88-4ad3-9de1-c4d1f5acad0a', 'item', 'UPSERT');INSERT INTO master_list_line (id, master_list_id, item_link_id) VALUES (uuid_in(md5(random()::text || random()::text)::cstring), '43491ce9-bc89-4ee5-988d-9dbb2856e398', '3815db95-fa88-4ad3-9de1-c4d1f5acad0a') ON CONFLICT DO NOTHING;
INSERT INTO item_variant (id, name, item_link_id, cold_storage_type_id) VALUES ('c225b32d-b515-455e-bda5-4b25600ff529', 'Rabipur (Chiron Behring Vaccines Private Ltd.)', '3815db95-fa88-4ad3-9de1-c4d1f5acad0a', (SELECT id FROM cold_storage_type WHERE name = '+5' or min_temperature = 2 and max_temperature = 8 LIMIT 1)) ON CONFLICT DO NOTHING;
INSERT INTO changelog (record_id, table_name, row_action) VALUES ('c225b32d-b515-455e-bda5-4b25600ff529', 'item_variant', 'UPSERT');INSERT INTO packaging_variant (id, item_variant_id, name, packaging_level, volume_per_unit) VALUES ('6886a882-f822-4d3f-834e-89942c5da7a8', 'c225b32d-b515-455e-bda5-4b25600ff529', 'Primary', 1, 48) ON CONFLICT DO NOTHING;
INSERT INTO packaging_variant (id, item_variant_id, name, packaging_level, volume_per_unit) VALUES ('2bcf214c-f277-412b-81b8-c986516456bf', 'c225b32d-b515-455e-bda5-4b25600ff529', 'Secondary', 2, 48) ON CONFLICT DO NOTHING;
INSERT INTO packaging_variant (id, item_variant_id, name, packaging_level, volume_per_unit) VALUES ('0e832623-3d04-413c-949f-f5bec8b911b1', 'c225b32d-b515-455e-bda5-4b25600ff529', 'Tertiary', 3, 378.28) ON CONFLICT DO NOTHING;
INSERT INTO item_variant (id, name, item_link_id, cold_storage_type_id) VALUES ('84cda668-bfb7-4084-9f76-6a5b4c0d9365', 'Rabipur (Novartis Vaccines and Diagnostics GmbH)', '3815db95-fa88-4ad3-9de1-c4d1f5acad0a', (SELECT id FROM cold_storage_type WHERE name = '+5' or min_temperature = 2 and max_temperature = 8 LIMIT 1)) ON CONFLICT DO NOTHING;
INSERT INTO changelog (record_id, table_name, row_action) VALUES ('84cda668-bfb7-4084-9f76-6a5b4c0d9365', 'item_variant', 'UPSERT');INSERT INTO packaging_variant (id, item_variant_id, name, packaging_level, volume_per_unit) VALUES ('6540b1e6-ab60-40a9-b9aa-4f42c22d2907', '84cda668-bfb7-4084-9f76-6a5b4c0d9365', 'Primary', 1, 174) ON CONFLICT DO NOTHING;
INSERT INTO packaging_variant (id, item_variant_id, name, packaging_level, volume_per_unit) VALUES ('15a0fb17-6747-46e4-9f9c-8d8644ff6f3b', '84cda668-bfb7-4084-9f76-6a5b4c0d9365', 'Secondary', 2, 174) ON CONFLICT DO NOTHING;
INSERT INTO packaging_variant (id, item_variant_id, name, packaging_level, volume_per_unit) VALUES ('e7ef4b06-e655-455b-9dad-32d8539a0d69', '84cda668-bfb7-4084-9f76-6a5b4c0d9365', 'Tertiary', 3, 174) ON CONFLICT DO NOTHING;
INSERT INTO item_variant (id, name, item_link_id, cold_storage_type_id) VALUES ('bb42532e-9ab6-44cd-905e-210ea186c8b5', 'VERORAB (Sanofi Pasteur SA)', '3815db95-fa88-4ad3-9de1-c4d1f5acad0a', (SELECT id FROM cold_storage_type WHERE name = '+5' or min_temperature = 2 and max_temperature = 8 LIMIT 1)) ON CONFLICT DO NOTHING;
INSERT INTO changelog (record_id, table_name, row_action) VALUES ('bb42532e-9ab6-44cd-905e-210ea186c8b5', 'item_variant', 'UPSERT');INSERT INTO packaging_variant (id, item_variant_id, name, packaging_level, volume_per_unit) VALUES ('0bc95f34-4799-49b4-bd9f-ec26834f1242', 'bb42532e-9ab6-44cd-905e-210ea186c8b5', 'Primary', 1, 50.5) ON CONFLICT DO NOTHING;
INSERT INTO packaging_variant (id, item_variant_id, name, packaging_level, volume_per_unit) VALUES ('43bb182c-0124-472a-9c80-2f6bebfcd081', 'bb42532e-9ab6-44cd-905e-210ea186c8b5', 'Secondary', 2, 50.5) ON CONFLICT DO NOTHING;
INSERT INTO packaging_variant (id, item_variant_id, name, packaging_level, volume_per_unit) VALUES ('ae019ef0-d620-4823-9ea9-b10fb8521a92', 'bb42532e-9ab6-44cd-905e-210ea186c8b5', 'Tertiary', 3, 50.5) ON CONFLICT DO NOTHING;
INSERT INTO item (id, name, code, ven_category, type, legacy_record, is_active, is_vaccine, vaccine_doses, default_pack_size) VALUES ('b4206c6f-dd41-4739-a377-052602571a68', 'Rotavirus - 5 multi-monodoses (plastic tubes) - 1 dose', 'ROT-33-1', 'NOT_ASSIGNED', 'STOCK', '', 'True', 'True', 1, 1) ON CONFLICT DO NOTHING;
INSERT INTO item_link (id, item_id) VALUES ('b4206c6f-dd41-4739-a377-052602571a68', 'b4206c6f-dd41-4739-a377-052602571a68') ON CONFLICT DO NOTHING;
INSERT INTO changelog (record_id, table_name, row_action) VALUES ('b4206c6f-dd41-4739-a377-052602571a68', 'item', 'UPSERT');INSERT INTO master_list_line (id, master_list_id, item_link_id) VALUES (uuid_in(md5(random()::text || random()::text)::cstring), '43491ce9-bc89-4ee5-988d-9dbb2856e398', 'b4206c6f-dd41-4739-a377-052602571a68') ON CONFLICT DO NOTHING;
INSERT INTO item_variant (id, name, item_link_id, cold_storage_type_id) VALUES ('55fa7b08-8682-4498-b39b-2bb4a99aeefe', 'Rotarix (GlaxoSmithKline Biologicals SA)', 'b4206c6f-dd41-4739-a377-052602571a68', (SELECT id FROM cold_storage_type WHERE name = '+5' or min_temperature = 2 and max_temperature = 8 LIMIT 1)) ON CONFLICT DO NOTHING;
INSERT INTO changelog (record_id, table_name, row_action) VALUES ('55fa7b08-8682-4498-b39b-2bb4a99aeefe', 'item_variant', 'UPSERT');INSERT INTO packaging_variant (id, item_variant_id, name, packaging_level, volume_per_unit) VALUES ('1bbf0acc-b920-4631-8821-c7900462cb86', '55fa7b08-8682-4498-b39b-2bb4a99aeefe', 'Primary', 1, 11.8) ON CONFLICT DO NOTHING;
INSERT INTO packaging_variant (id, item_variant_id, name, packaging_level, volume_per_unit) VALUES ('d70eb31e-19f5-4951-b09e-3cbcdfecd0b1', '55fa7b08-8682-4498-b39b-2bb4a99aeefe', 'Secondary', 2, 11.8) ON CONFLICT DO NOTHING;
INSERT INTO packaging_variant (id, item_variant_id, name, packaging_level, volume_per_unit) VALUES ('8b31a6ca-7c75-4fd9-b0a3-9245c006b6af', '55fa7b08-8682-4498-b39b-2bb4a99aeefe', 'Tertiary', 3, 0.24) ON CONFLICT DO NOTHING;
INSERT INTO item_variant (id, name, item_link_id, cold_storage_type_id) VALUES ('9832ef5b-09aa-4deb-8d58-62194a8afe21', 'Rotasiil-Liquid (Serum Institute of India Pvt. Ltd.)', 'b4206c6f-dd41-4739-a377-052602571a68', (SELECT id FROM cold_storage_type WHERE name = '+5' or min_temperature = 2 and max_temperature = 8 LIMIT 1)) ON CONFLICT DO NOTHING;
INSERT INTO changelog (record_id, table_name, row_action) VALUES ('9832ef5b-09aa-4deb-8d58-62194a8afe21', 'item_variant', 'UPSERT');INSERT INTO packaging_variant (id, item_variant_id, name, packaging_level, volume_per_unit) VALUES ('416efcbe-9783-4e29-ab91-144bdb76113d', '9832ef5b-09aa-4deb-8d58-62194a8afe21', 'Primary', 1, 20.06) ON CONFLICT DO NOTHING;
INSERT INTO packaging_variant (id, item_variant_id, name, packaging_level, volume_per_unit) VALUES ('169131b1-27f1-4f59-9e6c-641a449f9c9c', '9832ef5b-09aa-4deb-8d58-62194a8afe21', 'Secondary', 2, 20.06) ON CONFLICT DO NOTHING;
INSERT INTO packaging_variant (id, item_variant_id, name, packaging_level, volume_per_unit) VALUES ('b29736ff-6590-435a-9bdc-98900a13216e', '9832ef5b-09aa-4deb-8d58-62194a8afe21', 'Tertiary', 3, 99.91) ON CONFLICT DO NOTHING;
INSERT INTO item (id, name, code, ven_category, type, legacy_record, is_active, is_vaccine, vaccine_doses, default_pack_size) VALUES ('9c037338-038c-493b-9e4a-b3f1093f1125', 'Rotavirus - applicator - 1 dose', 'ROT-10-1', 'NOT_ASSIGNED', 'STOCK', '', 'True', 'True', 1, 1) ON CONFLICT DO NOTHING;
INSERT INTO item_link (id, item_id) VALUES ('9c037338-038c-493b-9e4a-b3f1093f1125', '9c037338-038c-493b-9e4a-b3f1093f1125') ON CONFLICT DO NOTHING;
INSERT INTO changelog (record_id, table_name, row_action) VALUES ('9c037338-038c-493b-9e4a-b3f1093f1125', 'item', 'UPSERT');INSERT INTO master_list_line (id, master_list_id, item_link_id) VALUES (uuid_in(md5(random()::text || random()::text)::cstring), '43491ce9-bc89-4ee5-988d-9dbb2856e398', '9c037338-038c-493b-9e4a-b3f1093f1125') ON CONFLICT DO NOTHING;
INSERT INTO item_variant (id, name, item_link_id, cold_storage_type_id) VALUES ('742a2643-d664-4b55-acff-5b5ba8cbdf14', 'Rotarix (GlaxoSmithKline Biologicals SA)', '9c037338-038c-493b-9e4a-b3f1093f1125', (SELECT id FROM cold_storage_type WHERE name = '+5' or min_temperature = 2 and max_temperature = 8 LIMIT 1)) ON CONFLICT DO NOTHING;
INSERT INTO changelog (record_id, table_name, row_action) VALUES ('742a2643-d664-4b55-acff-5b5ba8cbdf14', 'item_variant', 'UPSERT');INSERT INTO packaging_variant (id, item_variant_id, name, packaging_level, volume_per_unit) VALUES ('ec6f366c-79da-4208-b967-cc3172cf6ec7', '742a2643-d664-4b55-acff-5b5ba8cbdf14', 'Primary', 1, 85.3) ON CONFLICT DO NOTHING;
INSERT INTO packaging_variant (id, item_variant_id, name, packaging_level, volume_per_unit) VALUES ('7651c67c-6217-4491-8b61-557dfe7cae26', '742a2643-d664-4b55-acff-5b5ba8cbdf14', 'Secondary', 2, 85.3) ON CONFLICT DO NOTHING;
INSERT INTO packaging_variant (id, item_variant_id, name, packaging_level, volume_per_unit) VALUES ('abf8a71e-fb2a-4f4b-bb48-d4bdba948110', '742a2643-d664-4b55-acff-5b5ba8cbdf14', 'Tertiary', 3, 123.33) ON CONFLICT DO NOTHING;
INSERT INTO item (id, name, code, ven_category, type, legacy_record, is_active, is_vaccine, vaccine_doses, default_pack_size) VALUES ('c1162ea1-22e7-4d0b-af0e-61e5f09c6b25', 'Rotavirus - plastic tube - 1 dose', 'ROT-12-1', 'NOT_ASSIGNED', 'STOCK', '', 'True', 'True', 1, 1) ON CONFLICT DO NOTHING;
INSERT INTO item_link (id, item_id) VALUES ('c1162ea1-22e7-4d0b-af0e-61e5f09c6b25', 'c1162ea1-22e7-4d0b-af0e-61e5f09c6b25') ON CONFLICT DO NOTHING;
INSERT INTO changelog (record_id, table_name, row_action) VALUES ('c1162ea1-22e7-4d0b-af0e-61e5f09c6b25', 'item', 'UPSERT');INSERT INTO master_list_line (id, master_list_id, item_link_id) VALUES (uuid_in(md5(random()::text || random()::text)::cstring), '43491ce9-bc89-4ee5-988d-9dbb2856e398', 'c1162ea1-22e7-4d0b-af0e-61e5f09c6b25') ON CONFLICT DO NOTHING;
INSERT INTO item_variant (id, name, item_link_id, cold_storage_type_id) VALUES ('3858b7da-395f-4f44-94a2-62c610f4c019', 'Rotarix (GlaxoSmithKline Biologicals SA)', 'c1162ea1-22e7-4d0b-af0e-61e5f09c6b25', (SELECT id FROM cold_storage_type WHERE name = '+5' or min_temperature = 2 and max_temperature = 8 LIMIT 1)) ON CONFLICT DO NOTHING;
INSERT INTO changelog (record_id, table_name, row_action) VALUES ('3858b7da-395f-4f44-94a2-62c610f4c019', 'item_variant', 'UPSERT');INSERT INTO packaging_variant (id, item_variant_id, name, packaging_level, volume_per_unit) VALUES ('cdddb9d1-ed9c-463c-9047-7e493d7df09f', '3858b7da-395f-4f44-94a2-62c610f4c019', 'Primary', 1, 17.13) ON CONFLICT DO NOTHING;
INSERT INTO packaging_variant (id, item_variant_id, name, packaging_level, volume_per_unit) VALUES ('b5fc8588-12c9-40da-a08a-a934a0653043', '3858b7da-395f-4f44-94a2-62c610f4c019', 'Secondary', 2, 17.13) ON CONFLICT DO NOTHING;
INSERT INTO packaging_variant (id, item_variant_id, name, packaging_level, volume_per_unit) VALUES ('94297a8f-d188-462f-8c79-4cec6d429241', '3858b7da-395f-4f44-94a2-62c610f4c019', 'Tertiary', 3, 24.67) ON CONFLICT DO NOTHING;
INSERT INTO item_variant (id, name, item_link_id, cold_storage_type_id) VALUES ('90d0d1c0-b963-4639-afcf-84e849cbdc20', 'Rotateq (Merck Vaccines)', 'c1162ea1-22e7-4d0b-af0e-61e5f09c6b25', (SELECT id FROM cold_storage_type WHERE name = '+5' or min_temperature = 2 and max_temperature = 8 LIMIT 1)) ON CONFLICT DO NOTHING;
INSERT INTO changelog (record_id, table_name, row_action) VALUES ('90d0d1c0-b963-4639-afcf-84e849cbdc20', 'item_variant', 'UPSERT');INSERT INTO packaging_variant (id, item_variant_id, name, packaging_level, volume_per_unit) VALUES ('25eb56eb-7ae4-4550-9fcf-98c2631362f2', '90d0d1c0-b963-4639-afcf-84e849cbdc20', 'Primary', 1, 46.3) ON CONFLICT DO NOTHING;
INSERT INTO packaging_variant (id, item_variant_id, name, packaging_level, volume_per_unit) VALUES ('801d04a8-7f60-4540-b7c2-482d2f44f7f9', '90d0d1c0-b963-4639-afcf-84e849cbdc20', 'Secondary', 2, 46.3) ON CONFLICT DO NOTHING;
INSERT INTO packaging_variant (id, item_variant_id, name, packaging_level, volume_per_unit) VALUES ('bbc9bbb7-2d3b-4c7b-a424-7f18fd3ff1d8', '90d0d1c0-b963-4639-afcf-84e849cbdc20', 'Tertiary', 3, 49.45) ON CONFLICT DO NOTHING;
INSERT INTO item_variant (id, name, item_link_id, cold_storage_type_id) VALUES ('21fada00-9266-4ce2-94a3-ed86d3cc6884', 'Rotasiil (Serum Institute of India Pvt. Ltd.)', 'b4206c6f-dd41-4739-a377-052602571a68', (SELECT id FROM cold_storage_type WHERE name = '+5' or min_temperature = 2 and max_temperature = 8 LIMIT 1)) ON CONFLICT DO NOTHING;
INSERT INTO changelog (record_id, table_name, row_action) VALUES ('21fada00-9266-4ce2-94a3-ed86d3cc6884', 'item_variant', 'UPSERT');INSERT INTO packaging_variant (id, item_variant_id, name, packaging_level, volume_per_unit) VALUES ('67c738ee-05e0-47d4-b127-a8f6de04f19b', '21fada00-9266-4ce2-94a3-ed86d3cc6884', 'Primary', 1, 17.58) ON CONFLICT DO NOTHING;
INSERT INTO packaging_variant (id, item_variant_id, name, packaging_level, volume_per_unit) VALUES ('60b35ab3-738e-4d66-9fd3-bef704ade479', '21fada00-9266-4ce2-94a3-ed86d3cc6884', 'Secondary', 2, 17.58) ON CONFLICT DO NOTHING;
INSERT INTO packaging_variant (id, item_variant_id, name, packaging_level, volume_per_unit) VALUES ('ea2727ef-be2e-4db4-92ac-50224e4ef9a6', '21fada00-9266-4ce2-94a3-ed86d3cc6884', 'Tertiary', 3, 86.4) ON CONFLICT DO NOTHING;
INSERT INTO item (id, name, code, ven_category, type, legacy_record, is_active, is_vaccine, vaccine_doses, default_pack_size) VALUES ('ac24e2df-a10e-4efb-af59-cd4a71036fce', 'Rotavirus - two vial set (active + excipient) - 1 dose Diluent', 'ROT-33-1_DIL', 'NOT_ASSIGNED', 'STOCK', '', 'True', 'False', 0, 1) ON CONFLICT DO NOTHING;
INSERT INTO item_link (id, item_id) VALUES ('ac24e2df-a10e-4efb-af59-cd4a71036fce', 'ac24e2df-a10e-4efb-af59-cd4a71036fce') ON CONFLICT DO NOTHING;
INSERT INTO changelog (record_id, table_name, row_action) VALUES ('ac24e2df-a10e-4efb-af59-cd4a71036fce', 'item', 'UPSERT');INSERT INTO item_variant (id, name, item_link_id, cold_storage_type_id) VALUES ('e8493d1e-8718-44d7-8406-580265d99c07', 'Rotasiil (Serum Institute of India Pvt. Ltd.)', 'ac24e2df-a10e-4efb-af59-cd4a71036fce', (SELECT id FROM cold_storage_type WHERE name = '+5' or min_temperature = 2 and max_temperature = 8 LIMIT 1)) ON CONFLICT DO NOTHING;
INSERT INTO changelog (record_id, table_name, row_action) VALUES ('e8493d1e-8718-44d7-8406-580265d99c07', 'item_variant', 'UPSERT');INSERT INTO packaging_variant (id, item_variant_id, name, packaging_level, volume_per_unit) VALUES ('29deb3d7-76b6-4898-973e-4ae7a179b2ee', 'e8493d1e-8718-44d7-8406-580265d99c07', 'Primary', 1, 17.6) ON CONFLICT DO NOTHING;
INSERT INTO packaging_variant (id, item_variant_id, name, packaging_level, volume_per_unit) VALUES ('cd2ad25b-7364-41f0-8441-d50e38efaf89', 'e8493d1e-8718-44d7-8406-580265d99c07', 'Secondary', 2, 17.6) ON CONFLICT DO NOTHING;
INSERT INTO packaging_variant (id, item_variant_id, name, packaging_level, volume_per_unit) VALUES ('d55e0e96-ccb0-42a9-8f6a-df22faba89dd', 'e8493d1e-8718-44d7-8406-580265d99c07', 'Tertiary', 3, 27) ON CONFLICT DO NOTHING;
INSERT INTO bundled_item (id, principal_item_variant_id, bundled_item_variant_id, ratio) VALUES ('dabb013b-0e9f-4ae3-91c9-e1d63a481496', '21fada00-9266-4ce2-94a3-ed86d3cc6884', 'e8493d1e-8718-44d7-8406-580265d99c07', 1) ON CONFLICT DO NOTHING;
INSERT INTO changelog (record_id, table_name, row_action) VALUES ('dabb013b-0e9f-4ae3-91c9-e1d63a481496', 'bundled_item', 'UPSERT');INSERT INTO item_variant (id, name, item_link_id, cold_storage_type_id) VALUES ('7b3ab874-4add-48c5-98fc-7bebb14a01a7', 'ROTASIIL®Thermo (Serum Institute of India Pvt. Ltd.)', 'b4206c6f-dd41-4739-a377-052602571a68', null) ON CONFLICT DO NOTHING;
INSERT INTO changelog (record_id, table_name, row_action) VALUES ('7b3ab874-4add-48c5-98fc-7bebb14a01a7', 'item_variant', 'UPSERT');INSERT INTO packaging_variant (id, item_variant_id, name, packaging_level, volume_per_unit) VALUES ('f4960aba-5e53-4ef0-8062-651ff7d9a621', '7b3ab874-4add-48c5-98fc-7bebb14a01a7', 'Primary', 1, 17.57) ON CONFLICT DO NOTHING;
INSERT INTO packaging_variant (id, item_variant_id, name, packaging_level, volume_per_unit) VALUES ('db0a3382-b232-45dd-8f95-e866d05bd939', '7b3ab874-4add-48c5-98fc-7bebb14a01a7', 'Secondary', 2, 17.57) ON CONFLICT DO NOTHING;
INSERT INTO packaging_variant (id, item_variant_id, name, packaging_level, volume_per_unit) VALUES ('018b957d-4d88-401f-a7d5-ee5dd204350d', '7b3ab874-4add-48c5-98fc-7bebb14a01a7', 'Tertiary', 3, 86.4) ON CONFLICT DO NOTHING;
INSERT INTO item_variant (id, name, item_link_id, cold_storage_type_id) VALUES ('9c18e271-9950-4d80-9544-6deda7178dc2', 'ROTASIIL®Thermo (Serum Institute of India Pvt. Ltd.)', 'ac24e2df-a10e-4efb-af59-cd4a71036fce', null) ON CONFLICT DO NOTHING;
INSERT INTO changelog (record_id, table_name, row_action) VALUES ('9c18e271-9950-4d80-9544-6deda7178dc2', 'item_variant', 'UPSERT');INSERT INTO packaging_variant (id, item_variant_id, name, packaging_level, volume_per_unit) VALUES ('dc140ca1-4474-4d32-9f6e-47f9533e26b0', '9c18e271-9950-4d80-9544-6deda7178dc2', 'Primary', 1, 882.3) ON CONFLICT DO NOTHING;
INSERT INTO packaging_variant (id, item_variant_id, name, packaging_level, volume_per_unit) VALUES ('4f0ce394-698d-4d93-a1ae-249db73fed6e', '9c18e271-9950-4d80-9544-6deda7178dc2', 'Secondary', 2, 882.3) ON CONFLICT DO NOTHING;
INSERT INTO packaging_variant (id, item_variant_id, name, packaging_level, volume_per_unit) VALUES ('208ba788-5cc2-4654-af2f-286a3996a81d', '9c18e271-9950-4d80-9544-6deda7178dc2', 'Tertiary', 3, 27) ON CONFLICT DO NOTHING;
INSERT INTO bundled_item (id, principal_item_variant_id, bundled_item_variant_id, ratio) VALUES ('f41d848a-63db-4749-92f6-74056a30690c', '7b3ab874-4add-48c5-98fc-7bebb14a01a7', '9c18e271-9950-4d80-9544-6deda7178dc2', 1) ON CONFLICT DO NOTHING;
INSERT INTO changelog (record_id, table_name, row_action) VALUES ('f41d848a-63db-4749-92f6-74056a30690c', 'bundled_item', 'UPSERT');INSERT INTO item (id, name, code, ven_category, type, legacy_record, is_active, is_vaccine, vaccine_doses, default_pack_size) VALUES ('f761bf62-339c-4ed8-b31d-63a09b160b54', 'Rotavirus - two vial set (active + excipient) - 2 doses', 'ROT-33-2', 'NOT_ASSIGNED', 'STOCK', '', 'True', 'True', 2, 1) ON CONFLICT DO NOTHING;
INSERT INTO item_link (id, item_id) VALUES ('f761bf62-339c-4ed8-b31d-63a09b160b54', 'f761bf62-339c-4ed8-b31d-63a09b160b54') ON CONFLICT DO NOTHING;
INSERT INTO changelog (record_id, table_name, row_action) VALUES ('f761bf62-339c-4ed8-b31d-63a09b160b54', 'item', 'UPSERT');INSERT INTO master_list_line (id, master_list_id, item_link_id) VALUES (uuid_in(md5(random()::text || random()::text)::cstring), '43491ce9-bc89-4ee5-988d-9dbb2856e398', 'f761bf62-339c-4ed8-b31d-63a09b160b54') ON CONFLICT DO NOTHING;
INSERT INTO item_variant (id, name, item_link_id, cold_storage_type_id) VALUES ('a5501d93-559a-475e-969e-8543869167d0', 'Rotasiil (Serum Institute of India Pvt. Ltd.)', 'f761bf62-339c-4ed8-b31d-63a09b160b54', (SELECT id FROM cold_storage_type WHERE name = '+5' or min_temperature = 2 and max_temperature = 8 LIMIT 1)) ON CONFLICT DO NOTHING;
INSERT INTO changelog (record_id, table_name, row_action) VALUES ('a5501d93-559a-475e-969e-8543869167d0', 'item_variant', 'UPSERT');INSERT INTO packaging_variant (id, item_variant_id, name, packaging_level, volume_per_unit) VALUES ('c9c13bc7-1b5a-46ca-a928-ca0b593d7ba5', 'a5501d93-559a-475e-969e-8543869167d0', 'Primary', 1, 10.54) ON CONFLICT DO NOTHING;
INSERT INTO packaging_variant (id, item_variant_id, name, packaging_level, volume_per_unit) VALUES ('49cddb4c-9793-40ec-9456-452e1ef83e0a', 'a5501d93-559a-475e-969e-8543869167d0', 'Secondary', 2, 10.54) ON CONFLICT DO NOTHING;
INSERT INTO packaging_variant (id, item_variant_id, name, packaging_level, volume_per_unit) VALUES ('54dd1bbe-abcb-49cf-a8df-1055e6264877', 'a5501d93-559a-475e-969e-8543869167d0', 'Tertiary', 3, 49.2) ON CONFLICT DO NOTHING;
INSERT INTO item_variant (id, name, item_link_id, cold_storage_type_id) VALUES ('08ebf8f5-f79e-4c5b-8aae-e3f29bc13d42', 'Rotasiil (Serum Institute of India Pvt. Ltd.)', 'ac24e2df-a10e-4efb-af59-cd4a71036fce', (SELECT id FROM cold_storage_type WHERE name = '+5' or min_temperature = 2 and max_temperature = 8 LIMIT 1)) ON CONFLICT DO NOTHING;
INSERT INTO changelog (record_id, table_name, row_action) VALUES ('08ebf8f5-f79e-4c5b-8aae-e3f29bc13d42', 'item_variant', 'UPSERT');INSERT INTO packaging_variant (id, item_variant_id, name, packaging_level, volume_per_unit) VALUES ('e097e223-4fd0-4481-be0f-4381cff470bf', '08ebf8f5-f79e-4c5b-8aae-e3f29bc13d42', 'Primary', 1, 10.5) ON CONFLICT DO NOTHING;
INSERT INTO packaging_variant (id, item_variant_id, name, packaging_level, volume_per_unit) VALUES ('e0e9e5ab-d451-4ab8-88ec-ed7d36eec96e', '08ebf8f5-f79e-4c5b-8aae-e3f29bc13d42', 'Secondary', 2, 10.5) ON CONFLICT DO NOTHING;
INSERT INTO packaging_variant (id, item_variant_id, name, packaging_level, volume_per_unit) VALUES ('31c9c878-884e-4972-b7d5-dd049960724b', '08ebf8f5-f79e-4c5b-8aae-e3f29bc13d42', 'Tertiary', 3, 15.4) ON CONFLICT DO NOTHING;
INSERT INTO bundled_item (id, principal_item_variant_id, bundled_item_variant_id, ratio) VALUES ('80d614de-7bae-4035-acf3-c03b25a3e453', 'a5501d93-559a-475e-969e-8543869167d0', '08ebf8f5-f79e-4c5b-8aae-e3f29bc13d42', 1) ON CONFLICT DO NOTHING;
INSERT INTO changelog (record_id, table_name, row_action) VALUES ('80d614de-7bae-4035-acf3-c03b25a3e453', 'bundled_item', 'UPSERT');INSERT INTO item_variant (id, name, item_link_id, cold_storage_type_id) VALUES ('4563995a-d931-4a59-a3f4-52062c3de502', 'ROTASIIL®Thermo (Serum Institute of India Pvt. Ltd.)', 'f761bf62-339c-4ed8-b31d-63a09b160b54', null) ON CONFLICT DO NOTHING;
INSERT INTO changelog (record_id, table_name, row_action) VALUES ('4563995a-d931-4a59-a3f4-52062c3de502', 'item_variant', 'UPSERT');INSERT INTO packaging_variant (id, item_variant_id, name, packaging_level, volume_per_unit) VALUES ('86528a10-904d-46eb-938a-8af903fef117', '4563995a-d931-4a59-a3f4-52062c3de502', 'Primary', 1, 10.54) ON CONFLICT DO NOTHING;
INSERT INTO packaging_variant (id, item_variant_id, name, packaging_level, volume_per_unit) VALUES ('077d9dca-de44-4f31-a61c-c20e54f2ccb0', '4563995a-d931-4a59-a3f4-52062c3de502', 'Secondary', 2, 10.54) ON CONFLICT DO NOTHING;
INSERT INTO packaging_variant (id, item_variant_id, name, packaging_level, volume_per_unit) VALUES ('49ecc5d5-e37f-4793-8659-409bb80f7ae8', '4563995a-d931-4a59-a3f4-52062c3de502', 'Tertiary', 3, 49.2) ON CONFLICT DO NOTHING;
INSERT INTO item_variant (id, name, item_link_id, cold_storage_type_id) VALUES ('b3368d1f-1164-44a1-9d90-0a2fa16ca60d', 'ROTASIIL®Thermo (Serum Institute of India Pvt. Ltd.)', 'ac24e2df-a10e-4efb-af59-cd4a71036fce', null) ON CONFLICT DO NOTHING;
INSERT INTO changelog (record_id, table_name, row_action) VALUES ('b3368d1f-1164-44a1-9d90-0a2fa16ca60d', 'item_variant', 'UPSERT');INSERT INTO packaging_variant (id, item_variant_id, name, packaging_level, volume_per_unit) VALUES ('ad0477a6-a308-4f82-bb12-de7cb79613d7', 'b3368d1f-1164-44a1-9d90-0a2fa16ca60d', 'Primary', 1, 10.5) ON CONFLICT DO NOTHING;
INSERT INTO packaging_variant (id, item_variant_id, name, packaging_level, volume_per_unit) VALUES ('109d0771-f9dc-4a2a-a929-eba303bae70c', 'b3368d1f-1164-44a1-9d90-0a2fa16ca60d', 'Secondary', 2, 10.5) ON CONFLICT DO NOTHING;
INSERT INTO packaging_variant (id, item_variant_id, name, packaging_level, volume_per_unit) VALUES ('e3f52083-1c4d-4784-8aad-0b08844311f0', 'b3368d1f-1164-44a1-9d90-0a2fa16ca60d', 'Tertiary', 3, 15.4) ON CONFLICT DO NOTHING;
INSERT INTO bundled_item (id, principal_item_variant_id, bundled_item_variant_id, ratio) VALUES ('47248d1c-7d32-4e8b-a199-198ac045dba2', '4563995a-d931-4a59-a3f4-52062c3de502', 'b3368d1f-1164-44a1-9d90-0a2fa16ca60d', 1) ON CONFLICT DO NOTHING;
INSERT INTO changelog (record_id, table_name, row_action) VALUES ('47248d1c-7d32-4e8b-a199-198ac045dba2', 'bundled_item', 'UPSERT');INSERT INTO item (id, name, code, ven_category, type, legacy_record, is_active, is_vaccine, vaccine_doses, default_pack_size) VALUES ('b7c4004b-5019-45e5-8bbb-4b57163c7586', 'Rotavirus - vial - 1 dose', 'ROT-4-1', 'NOT_ASSIGNED', 'STOCK', '', 'True', 'True', 1, 1) ON CONFLICT DO NOTHING;
INSERT INTO item_link (id, item_id) VALUES ('b7c4004b-5019-45e5-8bbb-4b57163c7586', 'b7c4004b-5019-45e5-8bbb-4b57163c7586') ON CONFLICT DO NOTHING;
INSERT INTO changelog (record_id, table_name, row_action) VALUES ('b7c4004b-5019-45e5-8bbb-4b57163c7586', 'item', 'UPSERT');INSERT INTO master_list_line (id, master_list_id, item_link_id) VALUES (uuid_in(md5(random()::text || random()::text)::cstring), '43491ce9-bc89-4ee5-988d-9dbb2856e398', 'b7c4004b-5019-45e5-8bbb-4b57163c7586') ON CONFLICT DO NOTHING;
INSERT INTO item_variant (id, name, item_link_id, cold_storage_type_id) VALUES ('cb5f440d-6909-48f4-abd5-c9e8023b55b2', 'Rotavac 50D (Bharat Biotech International Limited)', 'b7c4004b-5019-45e5-8bbb-4b57163c7586', (SELECT id FROM cold_storage_type WHERE name = '+5' or min_temperature = 2 and max_temperature = 8 LIMIT 1)) ON CONFLICT DO NOTHING;
INSERT INTO changelog (record_id, table_name, row_action) VALUES ('cb5f440d-6909-48f4-abd5-c9e8023b55b2', 'item_variant', 'UPSERT');INSERT INTO packaging_variant (id, item_variant_id, name, packaging_level, volume_per_unit) VALUES ('7c22e71b-61a2-49d0-adc5-23aa5354dad0', 'cb5f440d-6909-48f4-abd5-c9e8023b55b2', 'Primary', 1, 14.45) ON CONFLICT DO NOTHING;
INSERT INTO packaging_variant (id, item_variant_id, name, packaging_level, volume_per_unit) VALUES ('8da230c6-3249-4d7b-b36d-687592a9394b', 'cb5f440d-6909-48f4-abd5-c9e8023b55b2', 'Secondary', 2, 14.45) ON CONFLICT DO NOTHING;
INSERT INTO packaging_variant (id, item_variant_id, name, packaging_level, volume_per_unit) VALUES ('1093065e-0f05-4a0f-a6e5-12328ed57056', 'cb5f440d-6909-48f4-abd5-c9e8023b55b2', 'Tertiary', 3, 14.45) ON CONFLICT DO NOTHING;
INSERT INTO item (id, name, code, ven_category, type, legacy_record, is_active, is_vaccine, vaccine_doses, default_pack_size) VALUES ('a096e935-fa39-40b3-8c46-47f543d7f18b', 'Rotavirus - vial - 10 doses', 'ROT-4-10', 'NOT_ASSIGNED', 'STOCK', '', 'True', 'True', 10, 1) ON CONFLICT DO NOTHING;
INSERT INTO item_link (id, item_id) VALUES ('a096e935-fa39-40b3-8c46-47f543d7f18b', 'a096e935-fa39-40b3-8c46-47f543d7f18b') ON CONFLICT DO NOTHING;
INSERT INTO changelog (record_id, table_name, row_action) VALUES ('a096e935-fa39-40b3-8c46-47f543d7f18b', 'item', 'UPSERT');INSERT INTO master_list_line (id, master_list_id, item_link_id) VALUES (uuid_in(md5(random()::text || random()::text)::cstring), '43491ce9-bc89-4ee5-988d-9dbb2856e398', 'a096e935-fa39-40b3-8c46-47f543d7f18b') ON CONFLICT DO NOTHING;
INSERT INTO item_variant (id, name, item_link_id, cold_storage_type_id) VALUES ('93e50f6e-c2eb-403d-bd14-c4ba39022e8c', 'Rotavac (Bharat Biotech International Limited)', 'a096e935-fa39-40b3-8c46-47f543d7f18b', (SELECT id FROM cold_storage_type WHERE name = '-20' or min_temperature = -20 and max_temperature = -20 LIMIT 1)) ON CONFLICT DO NOTHING;
INSERT INTO changelog (record_id, table_name, row_action) VALUES ('93e50f6e-c2eb-403d-bd14-c4ba39022e8c', 'item_variant', 'UPSERT');INSERT INTO packaging_variant (id, item_variant_id, name, packaging_level, volume_per_unit) VALUES ('bd8f1bf6-d3db-42ae-ab53-ddeeccafe1d6', '93e50f6e-c2eb-403d-bd14-c4ba39022e8c', 'Primary', 1, 3.2) ON CONFLICT DO NOTHING;
INSERT INTO packaging_variant (id, item_variant_id, name, packaging_level, volume_per_unit) VALUES ('2202c3c8-d7a2-4076-8e20-35182d0f93dd', '93e50f6e-c2eb-403d-bd14-c4ba39022e8c', 'Secondary', 2, 3.2) ON CONFLICT DO NOTHING;
INSERT INTO packaging_variant (id, item_variant_id, name, packaging_level, volume_per_unit) VALUES ('efbfa33a-b4af-4702-806f-0c1dddb81be5', '93e50f6e-c2eb-403d-bd14-c4ba39022e8c', 'Tertiary', 3, 3.5) ON CONFLICT DO NOTHING;
INSERT INTO item (id, name, code, ven_category, type, legacy_record, is_active, is_vaccine, vaccine_doses, default_pack_size) VALUES ('8a80441b-7289-4cc7-b2be-f7734a4e1c26', 'Rotavirus - vial - 2 doses', 'ROT-4-2', 'NOT_ASSIGNED', 'STOCK', '', 'True', 'True', 2, 1) ON CONFLICT DO NOTHING;
INSERT INTO item_link (id, item_id) VALUES ('8a80441b-7289-4cc7-b2be-f7734a4e1c26', '8a80441b-7289-4cc7-b2be-f7734a4e1c26') ON CONFLICT DO NOTHING;
INSERT INTO changelog (record_id, table_name, row_action) VALUES ('8a80441b-7289-4cc7-b2be-f7734a4e1c26', 'item', 'UPSERT');INSERT INTO master_list_line (id, master_list_id, item_link_id) VALUES (uuid_in(md5(random()::text || random()::text)::cstring), '43491ce9-bc89-4ee5-988d-9dbb2856e398', '8a80441b-7289-4cc7-b2be-f7734a4e1c26') ON CONFLICT DO NOTHING;
INSERT INTO item_variant (id, name, item_link_id, cold_storage_type_id) VALUES ('9c79ecc3-7671-4964-aa24-350a964c8261', 'Rotasiil-Liquid (Serum Institute of India Pvt. Ltd.)', '8a80441b-7289-4cc7-b2be-f7734a4e1c26', (SELECT id FROM cold_storage_type WHERE name = '+5' or min_temperature = 2 and max_temperature = 8 LIMIT 1)) ON CONFLICT DO NOTHING;
INSERT INTO changelog (record_id, table_name, row_action) VALUES ('9c79ecc3-7671-4964-aa24-350a964c8261', 'item_variant', 'UPSERT');INSERT INTO packaging_variant (id, item_variant_id, name, packaging_level, volume_per_unit) VALUES ('5a879bc4-ca64-44f8-8538-98f07a555fad', '9c79ecc3-7671-4964-aa24-350a964c8261', 'Primary', 1, 14.3) ON CONFLICT DO NOTHING;
INSERT INTO packaging_variant (id, item_variant_id, name, packaging_level, volume_per_unit) VALUES ('6302ca51-f95a-4073-92a3-b5ca1af3c4b8', '9c79ecc3-7671-4964-aa24-350a964c8261', 'Secondary', 2, 14.3) ON CONFLICT DO NOTHING;
INSERT INTO packaging_variant (id, item_variant_id, name, packaging_level, volume_per_unit) VALUES ('965838fc-1b02-4225-9d45-f6e8f7f40ed9', '9c79ecc3-7671-4964-aa24-350a964c8261', 'Tertiary', 3, 0) ON CONFLICT DO NOTHING;
INSERT INTO item (id, name, code, ven_category, type, legacy_record, is_active, is_vaccine, vaccine_doses, default_pack_size) VALUES ('8c215105-e60b-4a44-88f7-d5c7423e875c', 'Rotavirus - vial - 5 doses', 'ROT-4-5', 'NOT_ASSIGNED', 'STOCK', '', 'True', 'True', 5, 1) ON CONFLICT DO NOTHING;
INSERT INTO item_link (id, item_id) VALUES ('8c215105-e60b-4a44-88f7-d5c7423e875c', '8c215105-e60b-4a44-88f7-d5c7423e875c') ON CONFLICT DO NOTHING;
INSERT INTO changelog (record_id, table_name, row_action) VALUES ('8c215105-e60b-4a44-88f7-d5c7423e875c', 'item', 'UPSERT');INSERT INTO master_list_line (id, master_list_id, item_link_id) VALUES (uuid_in(md5(random()::text || random()::text)::cstring), '43491ce9-bc89-4ee5-988d-9dbb2856e398', '8c215105-e60b-4a44-88f7-d5c7423e875c') ON CONFLICT DO NOTHING;
INSERT INTO item_variant (id, name, item_link_id, cold_storage_type_id) VALUES ('37ebf2dd-2651-481a-97d0-99b0438cb0bd', 'Rotavac (Bharat Biotech International Limited)', '8c215105-e60b-4a44-88f7-d5c7423e875c', (SELECT id FROM cold_storage_type WHERE name = '-20' or min_temperature = -20 and max_temperature = -20 LIMIT 1)) ON CONFLICT DO NOTHING;
INSERT INTO changelog (record_id, table_name, row_action) VALUES ('37ebf2dd-2651-481a-97d0-99b0438cb0bd', 'item_variant', 'UPSERT');INSERT INTO packaging_variant (id, item_variant_id, name, packaging_level, volume_per_unit) VALUES ('ed803ff7-691f-4bdf-b45c-4f6f0aadd274', '37ebf2dd-2651-481a-97d0-99b0438cb0bd', 'Primary', 1, 4.2) ON CONFLICT DO NOTHING;
INSERT INTO packaging_variant (id, item_variant_id, name, packaging_level, volume_per_unit) VALUES ('335cfb32-b5b7-4d89-9396-4a61beeb1ca4', '37ebf2dd-2651-481a-97d0-99b0438cb0bd', 'Secondary', 2, 4.2) ON CONFLICT DO NOTHING;
INSERT INTO packaging_variant (id, item_variant_id, name, packaging_level, volume_per_unit) VALUES ('f0fd1eaf-2705-4410-a28e-2f08043acb49', '37ebf2dd-2651-481a-97d0-99b0438cb0bd', 'Tertiary', 3, 5.15) ON CONFLICT DO NOTHING;
INSERT INTO item_variant (id, name, item_link_id, cold_storage_type_id) VALUES ('28f9eb38-2256-47ea-b3e1-0d12b7fdd98f', 'Rotavac 50D (Bharat Biotech International Limited)', '8c215105-e60b-4a44-88f7-d5c7423e875c', (SELECT id FROM cold_storage_type WHERE name = '+5' or min_temperature = 2 and max_temperature = 8 LIMIT 1)) ON CONFLICT DO NOTHING;
INSERT INTO changelog (record_id, table_name, row_action) VALUES ('28f9eb38-2256-47ea-b3e1-0d12b7fdd98f', 'item_variant', 'UPSERT');INSERT INTO packaging_variant (id, item_variant_id, name, packaging_level, volume_per_unit) VALUES ('2487ab65-6b78-4452-a4e6-75342075ae90', '28f9eb38-2256-47ea-b3e1-0d12b7fdd98f', 'Primary', 1, 3.2) ON CONFLICT DO NOTHING;
INSERT INTO packaging_variant (id, item_variant_id, name, packaging_level, volume_per_unit) VALUES ('39f72bb6-e6fc-4d7e-9b6e-bc74802f5a37', '28f9eb38-2256-47ea-b3e1-0d12b7fdd98f', 'Secondary', 2, 3.2) ON CONFLICT DO NOTHING;
INSERT INTO packaging_variant (id, item_variant_id, name, packaging_level, volume_per_unit) VALUES ('f2d6538c-cd44-4048-aa69-9318b50fcab7', '28f9eb38-2256-47ea-b3e1-0d12b7fdd98f', 'Tertiary', 3, 5.3) ON CONFLICT DO NOTHING;
INSERT INTO item (id, name, code, ven_category, type, legacy_record, is_active, is_vaccine, vaccine_doses, default_pack_size) VALUES ('634b9484-fcba-4b21-85e3-a3fbeea50d3e', 'Rubella - vial - 1 dose', 'RUB-4-1', 'NOT_ASSIGNED', 'STOCK', '', 'True', 'True', 1, 1) ON CONFLICT DO NOTHING;
INSERT INTO item_link (id, item_id) VALUES ('634b9484-fcba-4b21-85e3-a3fbeea50d3e', '634b9484-fcba-4b21-85e3-a3fbeea50d3e') ON CONFLICT DO NOTHING;
INSERT INTO changelog (record_id, table_name, row_action) VALUES ('634b9484-fcba-4b21-85e3-a3fbeea50d3e', 'item', 'UPSERT');INSERT INTO master_list_line (id, master_list_id, item_link_id) VALUES (uuid_in(md5(random()::text || random()::text)::cstring), '43491ce9-bc89-4ee5-988d-9dbb2856e398', '634b9484-fcba-4b21-85e3-a3fbeea50d3e') ON CONFLICT DO NOTHING;
INSERT INTO item_variant (id, name, item_link_id, cold_storage_type_id) VALUES ('c86d2547-b611-46f1-a566-7f52376ae3e8', 'Rubella Vaccine, Live, Attenuated (Serum Institute of India Pvt. Ltd.)', '634b9484-fcba-4b21-85e3-a3fbeea50d3e', (SELECT id FROM cold_storage_type WHERE name = '+5' or min_temperature = 2 and max_temperature = 8 LIMIT 1)) ON CONFLICT DO NOTHING;
INSERT INTO changelog (record_id, table_name, row_action) VALUES ('c86d2547-b611-46f1-a566-7f52376ae3e8', 'item_variant', 'UPSERT');INSERT INTO packaging_variant (id, item_variant_id, name, packaging_level, volume_per_unit) VALUES ('af71b1c4-570a-45c5-b18c-12bb037034d8', 'c86d2547-b611-46f1-a566-7f52376ae3e8', 'Primary', 1, 21.09) ON CONFLICT DO NOTHING;
INSERT INTO packaging_variant (id, item_variant_id, name, packaging_level, volume_per_unit) VALUES ('009bdc42-c127-4e71-be2d-a1123cf7d047', 'c86d2547-b611-46f1-a566-7f52376ae3e8', 'Secondary', 2, 21.09) ON CONFLICT DO NOTHING;
INSERT INTO packaging_variant (id, item_variant_id, name, packaging_level, volume_per_unit) VALUES ('40658a40-1003-45a1-b6e4-19fbbf72be1c', 'c86d2547-b611-46f1-a566-7f52376ae3e8', 'Tertiary', 3, 98.4) ON CONFLICT DO NOTHING;
INSERT INTO item (id, name, code, ven_category, type, legacy_record, is_active, is_vaccine, vaccine_doses, default_pack_size) VALUES ('a63728e3-087d-4b83-b35e-878b995c2714', 'Rubella - vial - 1 dose Diluent', 'RUB-4-1_DIL', 'NOT_ASSIGNED', 'STOCK', '', 'True', 'False', 0, 1) ON CONFLICT DO NOTHING;
INSERT INTO item_link (id, item_id) VALUES ('a63728e3-087d-4b83-b35e-878b995c2714', 'a63728e3-087d-4b83-b35e-878b995c2714') ON CONFLICT DO NOTHING;
INSERT INTO changelog (record_id, table_name, row_action) VALUES ('a63728e3-087d-4b83-b35e-878b995c2714', 'item', 'UPSERT');INSERT INTO item_variant (id, name, item_link_id, cold_storage_type_id) VALUES ('9b7f835f-666b-4f9e-83cb-b9af96e1746d', 'Rubella Vaccine, Live, Attenuated (Serum Institute of India Pvt. Ltd.)', 'a63728e3-087d-4b83-b35e-878b995c2714', (SELECT id FROM cold_storage_type WHERE name = '+5' or min_temperature = 2 and max_temperature = 8 LIMIT 1)) ON CONFLICT DO NOTHING;
INSERT INTO changelog (record_id, table_name, row_action) VALUES ('9b7f835f-666b-4f9e-83cb-b9af96e1746d', 'item_variant', 'UPSERT');INSERT INTO packaging_variant (id, item_variant_id, name, packaging_level, volume_per_unit) VALUES ('e36e607a-3818-44c9-96fe-31260a1a67e6', '9b7f835f-666b-4f9e-83cb-b9af96e1746d', 'Primary', 1, 12.5) ON CONFLICT DO NOTHING;
INSERT INTO packaging_variant (id, item_variant_id, name, packaging_level, volume_per_unit) VALUES ('bcb0a1a4-187d-48af-8b5f-c94597058693', '9b7f835f-666b-4f9e-83cb-b9af96e1746d', 'Secondary', 2, 12.5) ON CONFLICT DO NOTHING;
INSERT INTO packaging_variant (id, item_variant_id, name, packaging_level, volume_per_unit) VALUES ('936ef4c7-160c-4df8-8e1b-ab61c44d9878', '9b7f835f-666b-4f9e-83cb-b9af96e1746d', 'Tertiary', 3, 0) ON CONFLICT DO NOTHING;
INSERT INTO bundled_item (id, principal_item_variant_id, bundled_item_variant_id, ratio) VALUES ('9de26325-8430-4c33-a907-10cf691f771f', 'c86d2547-b611-46f1-a566-7f52376ae3e8', '9b7f835f-666b-4f9e-83cb-b9af96e1746d', 1) ON CONFLICT DO NOTHING;
INSERT INTO changelog (record_id, table_name, row_action) VALUES ('9de26325-8430-4c33-a907-10cf691f771f', 'bundled_item', 'UPSERT');INSERT INTO item (id, name, code, ven_category, type, legacy_record, is_active, is_vaccine, vaccine_doses, default_pack_size) VALUES ('303eb9ac-3474-4b7d-9861-756b5eaa7239', 'Rubella - vial - 10 doses', 'RUB-4-10', 'NOT_ASSIGNED', 'STOCK', '', 'True', 'True', 10, 1) ON CONFLICT DO NOTHING;
INSERT INTO item_link (id, item_id) VALUES ('303eb9ac-3474-4b7d-9861-756b5eaa7239', '303eb9ac-3474-4b7d-9861-756b5eaa7239') ON CONFLICT DO NOTHING;
INSERT INTO changelog (record_id, table_name, row_action) VALUES ('303eb9ac-3474-4b7d-9861-756b5eaa7239', 'item', 'UPSERT');INSERT INTO master_list_line (id, master_list_id, item_link_id) VALUES (uuid_in(md5(random()::text || random()::text)::cstring), '43491ce9-bc89-4ee5-988d-9dbb2856e398', '303eb9ac-3474-4b7d-9861-756b5eaa7239') ON CONFLICT DO NOTHING;
INSERT INTO item_variant (id, name, item_link_id, cold_storage_type_id) VALUES ('56e2e279-04b6-4acc-9dda-b40a4276aa27', 'Rubella Vaccine, Live, Attenuated (Serum Institute of India Pvt. Ltd.)', '303eb9ac-3474-4b7d-9861-756b5eaa7239', (SELECT id FROM cold_storage_type WHERE name = '+5' or min_temperature = 2 and max_temperature = 8 LIMIT 1)) ON CONFLICT DO NOTHING;
INSERT INTO changelog (record_id, table_name, row_action) VALUES ('56e2e279-04b6-4acc-9dda-b40a4276aa27', 'item_variant', 'UPSERT');INSERT INTO packaging_variant (id, item_variant_id, name, packaging_level, volume_per_unit) VALUES ('4acd4e9e-8fca-4770-bb49-7e60da5a57a4', '56e2e279-04b6-4acc-9dda-b40a4276aa27', 'Primary', 1, 2.11) ON CONFLICT DO NOTHING;
INSERT INTO packaging_variant (id, item_variant_id, name, packaging_level, volume_per_unit) VALUES ('d6e8ee8a-8d41-4fc9-8919-88fe67a35996', '56e2e279-04b6-4acc-9dda-b40a4276aa27', 'Secondary', 2, 2.11) ON CONFLICT DO NOTHING;
INSERT INTO packaging_variant (id, item_variant_id, name, packaging_level, volume_per_unit) VALUES ('3727f7ac-4236-4e50-a720-8b2b21cefd2d', '56e2e279-04b6-4acc-9dda-b40a4276aa27', 'Tertiary', 3, 9.84) ON CONFLICT DO NOTHING;
INSERT INTO item_variant (id, name, item_link_id, cold_storage_type_id) VALUES ('82c36ea1-38d9-45cd-be64-8dfe4c066343', 'Rubella Vaccine, Live, Attenuated (Serum Institute of India Pvt. Ltd.)', 'a63728e3-087d-4b83-b35e-878b995c2714', (SELECT id FROM cold_storage_type WHERE name = '+5' or min_temperature = 2 and max_temperature = 8 LIMIT 1)) ON CONFLICT DO NOTHING;
INSERT INTO changelog (record_id, table_name, row_action) VALUES ('82c36ea1-38d9-45cd-be64-8dfe4c066343', 'item_variant', 'UPSERT');INSERT INTO packaging_variant (id, item_variant_id, name, packaging_level, volume_per_unit) VALUES ('59e747c1-277d-48a7-bbe7-437440a8aeea', '82c36ea1-38d9-45cd-be64-8dfe4c066343', 'Primary', 1, 3.1) ON CONFLICT DO NOTHING;
INSERT INTO packaging_variant (id, item_variant_id, name, packaging_level, volume_per_unit) VALUES ('fa514875-1e7e-477f-85dd-ca05f0bc408d', '82c36ea1-38d9-45cd-be64-8dfe4c066343', 'Secondary', 2, 3.1) ON CONFLICT DO NOTHING;
INSERT INTO packaging_variant (id, item_variant_id, name, packaging_level, volume_per_unit) VALUES ('1560e4f0-37c5-4018-b83b-7479bdd232f5', '82c36ea1-38d9-45cd-be64-8dfe4c066343', 'Tertiary', 3, 0) ON CONFLICT DO NOTHING;
INSERT INTO bundled_item (id, principal_item_variant_id, bundled_item_variant_id, ratio) VALUES ('d93ccf4a-9810-4faa-b1db-0a997b5e44e8', '56e2e279-04b6-4acc-9dda-b40a4276aa27', '82c36ea1-38d9-45cd-be64-8dfe4c066343', 1) ON CONFLICT DO NOTHING;
INSERT INTO changelog (record_id, table_name, row_action) VALUES ('d93ccf4a-9810-4faa-b1db-0a997b5e44e8', 'bundled_item', 'UPSERT');INSERT INTO item (id, name, code, ven_category, type, legacy_record, is_active, is_vaccine, vaccine_doses, default_pack_size) VALUES ('c2af608a-ed05-4e52-a09e-7c780fecda74', 'Rubella - vial - 2 doses', 'RUB-4-2', 'NOT_ASSIGNED', 'STOCK', '', 'True', 'True', 2, 1) ON CONFLICT DO NOTHING;
INSERT INTO item_link (id, item_id) VALUES ('c2af608a-ed05-4e52-a09e-7c780fecda74', 'c2af608a-ed05-4e52-a09e-7c780fecda74') ON CONFLICT DO NOTHING;
INSERT INTO changelog (record_id, table_name, row_action) VALUES ('c2af608a-ed05-4e52-a09e-7c780fecda74', 'item', 'UPSERT');INSERT INTO master_list_line (id, master_list_id, item_link_id) VALUES (uuid_in(md5(random()::text || random()::text)::cstring), '43491ce9-bc89-4ee5-988d-9dbb2856e398', 'c2af608a-ed05-4e52-a09e-7c780fecda74') ON CONFLICT DO NOTHING;
INSERT INTO item_variant (id, name, item_link_id, cold_storage_type_id) VALUES ('b52c409c-8436-418b-b704-5b0531bc5e16', 'Rubella Vaccine, Live, Attenuated (Serum Institute of India Pvt. Ltd.)', 'c2af608a-ed05-4e52-a09e-7c780fecda74', (SELECT id FROM cold_storage_type WHERE name = '+5' or min_temperature = 2 and max_temperature = 8 LIMIT 1)) ON CONFLICT DO NOTHING;
INSERT INTO changelog (record_id, table_name, row_action) VALUES ('b52c409c-8436-418b-b704-5b0531bc5e16', 'item_variant', 'UPSERT');INSERT INTO packaging_variant (id, item_variant_id, name, packaging_level, volume_per_unit) VALUES ('1dfd81d0-87f9-4123-8a99-36d950cc8bb5', 'b52c409c-8436-418b-b704-5b0531bc5e16', 'Primary', 1, 10.55) ON CONFLICT DO NOTHING;
INSERT INTO packaging_variant (id, item_variant_id, name, packaging_level, volume_per_unit) VALUES ('7871002d-1006-4d4c-a9e0-24e832ad09d2', 'b52c409c-8436-418b-b704-5b0531bc5e16', 'Secondary', 2, 10.55) ON CONFLICT DO NOTHING;
INSERT INTO packaging_variant (id, item_variant_id, name, packaging_level, volume_per_unit) VALUES ('5bb3cd44-3bd6-4ccc-9637-7d7b812df3d3', 'b52c409c-8436-418b-b704-5b0531bc5e16', 'Tertiary', 3, 49.2) ON CONFLICT DO NOTHING;
INSERT INTO item_variant (id, name, item_link_id, cold_storage_type_id) VALUES ('25272272-327a-4672-bbc7-7dbba05552f8', 'Rubella Vaccine, Live, Attenuated (Serum Institute of India Pvt. Ltd.)', 'a63728e3-087d-4b83-b35e-878b995c2714', (SELECT id FROM cold_storage_type WHERE name = '+5' or min_temperature = 2 and max_temperature = 8 LIMIT 1)) ON CONFLICT DO NOTHING;
INSERT INTO changelog (record_id, table_name, row_action) VALUES ('25272272-327a-4672-bbc7-7dbba05552f8', 'item_variant', 'UPSERT');INSERT INTO packaging_variant (id, item_variant_id, name, packaging_level, volume_per_unit) VALUES ('311115bf-e592-4a2c-a3a9-05992ef7c1d3', '25272272-327a-4672-bbc7-7dbba05552f8', 'Primary', 1, 6.3) ON CONFLICT DO NOTHING;
INSERT INTO packaging_variant (id, item_variant_id, name, packaging_level, volume_per_unit) VALUES ('49502576-cc47-49cb-b777-7d88ccc162d8', '25272272-327a-4672-bbc7-7dbba05552f8', 'Secondary', 2, 6.3) ON CONFLICT DO NOTHING;
INSERT INTO packaging_variant (id, item_variant_id, name, packaging_level, volume_per_unit) VALUES ('7ca91c40-d6ff-4b34-b8de-13dbb7a7e78a', '25272272-327a-4672-bbc7-7dbba05552f8', 'Tertiary', 3, 0) ON CONFLICT DO NOTHING;
INSERT INTO bundled_item (id, principal_item_variant_id, bundled_item_variant_id, ratio) VALUES ('af6d2a3c-f11d-4d5f-abb5-86012bc8c5fc', 'b52c409c-8436-418b-b704-5b0531bc5e16', '25272272-327a-4672-bbc7-7dbba05552f8', 1) ON CONFLICT DO NOTHING;
INSERT INTO changelog (record_id, table_name, row_action) VALUES ('af6d2a3c-f11d-4d5f-abb5-86012bc8c5fc', 'bundled_item', 'UPSERT');INSERT INTO item (id, name, code, ven_category, type, legacy_record, is_active, is_vaccine, vaccine_doses, default_pack_size) VALUES ('886f9c8d-85ab-4baf-afc5-df047fb03708', 'Rubella - vial - 5 doses', 'RUB-4-5', 'NOT_ASSIGNED', 'STOCK', '', 'True', 'True', 5, 1) ON CONFLICT DO NOTHING;
INSERT INTO item_link (id, item_id) VALUES ('886f9c8d-85ab-4baf-afc5-df047fb03708', '886f9c8d-85ab-4baf-afc5-df047fb03708') ON CONFLICT DO NOTHING;
INSERT INTO changelog (record_id, table_name, row_action) VALUES ('886f9c8d-85ab-4baf-afc5-df047fb03708', 'item', 'UPSERT');INSERT INTO master_list_line (id, master_list_id, item_link_id) VALUES (uuid_in(md5(random()::text || random()::text)::cstring), '43491ce9-bc89-4ee5-988d-9dbb2856e398', '886f9c8d-85ab-4baf-afc5-df047fb03708') ON CONFLICT DO NOTHING;
INSERT INTO item_variant (id, name, item_link_id, cold_storage_type_id) VALUES ('6e3364af-05fa-4161-bb17-0a2f29315c55', 'Rubella Vaccine, Live, Attenuated (Serum Institute of India Pvt. Ltd.)', '886f9c8d-85ab-4baf-afc5-df047fb03708', (SELECT id FROM cold_storage_type WHERE name = '+5' or min_temperature = 2 and max_temperature = 8 LIMIT 1)) ON CONFLICT DO NOTHING;
INSERT INTO changelog (record_id, table_name, row_action) VALUES ('6e3364af-05fa-4161-bb17-0a2f29315c55', 'item_variant', 'UPSERT');INSERT INTO packaging_variant (id, item_variant_id, name, packaging_level, volume_per_unit) VALUES ('69a57bb1-c9cc-4cd1-92c7-2529992fbbe6', '6e3364af-05fa-4161-bb17-0a2f29315c55', 'Primary', 1, 4.22) ON CONFLICT DO NOTHING;
INSERT INTO packaging_variant (id, item_variant_id, name, packaging_level, volume_per_unit) VALUES ('a0a102e0-3246-4fdd-8c9d-ab713bd5d29a', '6e3364af-05fa-4161-bb17-0a2f29315c55', 'Secondary', 2, 4.22) ON CONFLICT DO NOTHING;
INSERT INTO packaging_variant (id, item_variant_id, name, packaging_level, volume_per_unit) VALUES ('bd62c84b-1e38-414b-8171-243e0c60b58a', '6e3364af-05fa-4161-bb17-0a2f29315c55', 'Tertiary', 3, 19.68) ON CONFLICT DO NOTHING;
INSERT INTO item_variant (id, name, item_link_id, cold_storage_type_id) VALUES ('40e72a23-02b9-4dbf-9817-ee86a681a02b', 'Rubella Vaccine, Live, Attenuated (Serum Institute of India Pvt. Ltd.)', 'a63728e3-087d-4b83-b35e-878b995c2714', (SELECT id FROM cold_storage_type WHERE name = '+5' or min_temperature = 2 and max_temperature = 8 LIMIT 1)) ON CONFLICT DO NOTHING;
INSERT INTO changelog (record_id, table_name, row_action) VALUES ('40e72a23-02b9-4dbf-9817-ee86a681a02b', 'item_variant', 'UPSERT');INSERT INTO packaging_variant (id, item_variant_id, name, packaging_level, volume_per_unit) VALUES ('2423cb0f-cf77-42a2-a602-97eb1a0add29', '40e72a23-02b9-4dbf-9817-ee86a681a02b', 'Primary', 1, 5.5) ON CONFLICT DO NOTHING;
INSERT INTO packaging_variant (id, item_variant_id, name, packaging_level, volume_per_unit) VALUES ('47d7d249-9dc6-4c59-9595-373577bb1c4d', '40e72a23-02b9-4dbf-9817-ee86a681a02b', 'Secondary', 2, 5.5) ON CONFLICT DO NOTHING;
INSERT INTO packaging_variant (id, item_variant_id, name, packaging_level, volume_per_unit) VALUES ('2833584d-5361-4d81-bc2f-7f32d79b0e93', '40e72a23-02b9-4dbf-9817-ee86a681a02b', 'Tertiary', 3, 0) ON CONFLICT DO NOTHING;
INSERT INTO bundled_item (id, principal_item_variant_id, bundled_item_variant_id, ratio) VALUES ('bee1d61a-2117-4e0f-8bdb-59260a0294d1', '6e3364af-05fa-4161-bb17-0a2f29315c55', '40e72a23-02b9-4dbf-9817-ee86a681a02b', 1) ON CONFLICT DO NOTHING;
INSERT INTO changelog (record_id, table_name, row_action) VALUES ('bee1d61a-2117-4e0f-8bdb-59260a0294d1', 'bundled_item', 'UPSERT');INSERT INTO item (id, name, code, ven_category, type, legacy_record, is_active, is_vaccine, vaccine_doses, default_pack_size) VALUES ('c9a993a8-5dcf-4139-8ad4-4ff43b88154d', 'Tetanus Toxoid - ampoule - 1 dose', 'TET-7-1', 'NOT_ASSIGNED', 'STOCK', '', 'True', 'True', 1, 1) ON CONFLICT DO NOTHING;
INSERT INTO item_link (id, item_id) VALUES ('c9a993a8-5dcf-4139-8ad4-4ff43b88154d', 'c9a993a8-5dcf-4139-8ad4-4ff43b88154d') ON CONFLICT DO NOTHING;
INSERT INTO changelog (record_id, table_name, row_action) VALUES ('c9a993a8-5dcf-4139-8ad4-4ff43b88154d', 'item', 'UPSERT');INSERT INTO master_list_line (id, master_list_id, item_link_id) VALUES (uuid_in(md5(random()::text || random()::text)::cstring), '43491ce9-bc89-4ee5-988d-9dbb2856e398', 'c9a993a8-5dcf-4139-8ad4-4ff43b88154d') ON CONFLICT DO NOTHING;
INSERT INTO item_variant (id, name, item_link_id, cold_storage_type_id) VALUES ('f56d1ff5-a97d-46b7-bdf6-6ff4dc331bf5', 'Tetanus  Toxoid Vaccine Adsorbed (Serum Institute of India Pvt. Ltd.)', 'c9a993a8-5dcf-4139-8ad4-4ff43b88154d', (SELECT id FROM cold_storage_type WHERE name = '+5' or min_temperature = 2 and max_temperature = 8 LIMIT 1)) ON CONFLICT DO NOTHING;
INSERT INTO changelog (record_id, table_name, row_action) VALUES ('f56d1ff5-a97d-46b7-bdf6-6ff4dc331bf5', 'item_variant', 'UPSERT');INSERT INTO packaging_variant (id, item_variant_id, name, packaging_level, volume_per_unit) VALUES ('d5e01151-7391-4e11-b555-4ad4ce3b43ea', 'f56d1ff5-a97d-46b7-bdf6-6ff4dc331bf5', 'Primary', 1, 12.18) ON CONFLICT DO NOTHING;
INSERT INTO packaging_variant (id, item_variant_id, name, packaging_level, volume_per_unit) VALUES ('9acb33f2-384a-4224-9a73-da02982c2b83', 'f56d1ff5-a97d-46b7-bdf6-6ff4dc331bf5', 'Secondary', 2, 12.18) ON CONFLICT DO NOTHING;
INSERT INTO packaging_variant (id, item_variant_id, name, packaging_level, volume_per_unit) VALUES ('c0ae2e48-1934-4f78-96ae-4da75541ea26', 'f56d1ff5-a97d-46b7-bdf6-6ff4dc331bf5', 'Tertiary', 3, 65.6) ON CONFLICT DO NOTHING;
INSERT INTO item_variant (id, name, item_link_id, cold_storage_type_id) VALUES ('7338e275-577a-42fd-b4b6-700561aa0519', 'TT vaccine (PT Bio Farma (Persero))', 'c9a993a8-5dcf-4139-8ad4-4ff43b88154d', (SELECT id FROM cold_storage_type WHERE name = '+5' or min_temperature = 2 and max_temperature = 8 LIMIT 1)) ON CONFLICT DO NOTHING;
INSERT INTO changelog (record_id, table_name, row_action) VALUES ('7338e275-577a-42fd-b4b6-700561aa0519', 'item_variant', 'UPSERT');INSERT INTO packaging_variant (id, item_variant_id, name, packaging_level, volume_per_unit) VALUES ('1d0122a7-7b50-447b-ab27-2072220be1ea', '7338e275-577a-42fd-b4b6-700561aa0519', 'Primary', 1, 12) ON CONFLICT DO NOTHING;
INSERT INTO packaging_variant (id, item_variant_id, name, packaging_level, volume_per_unit) VALUES ('1ee98637-7066-4910-ad60-b3a0c0e9ec1b', '7338e275-577a-42fd-b4b6-700561aa0519', 'Secondary', 2, 12) ON CONFLICT DO NOTHING;
INSERT INTO packaging_variant (id, item_variant_id, name, packaging_level, volume_per_unit) VALUES ('a6d22c1f-7319-46f4-83e7-e21b5eb59ffd', '7338e275-577a-42fd-b4b6-700561aa0519', 'Tertiary', 3, 12) ON CONFLICT DO NOTHING;
INSERT INTO item (id, name, code, ven_category, type, legacy_record, is_active, is_vaccine, vaccine_doses, default_pack_size) VALUES ('50bb599c-46e0-4cf1-8665-44eeec631106', 'Tetanus Toxoid - vial - 1 dose', 'TET-4-1', 'NOT_ASSIGNED', 'STOCK', '', 'True', 'True', 1, 1) ON CONFLICT DO NOTHING;
INSERT INTO item_link (id, item_id) VALUES ('50bb599c-46e0-4cf1-8665-44eeec631106', '50bb599c-46e0-4cf1-8665-44eeec631106') ON CONFLICT DO NOTHING;
INSERT INTO changelog (record_id, table_name, row_action) VALUES ('50bb599c-46e0-4cf1-8665-44eeec631106', 'item', 'UPSERT');INSERT INTO master_list_line (id, master_list_id, item_link_id) VALUES (uuid_in(md5(random()::text || random()::text)::cstring), '43491ce9-bc89-4ee5-988d-9dbb2856e398', '50bb599c-46e0-4cf1-8665-44eeec631106') ON CONFLICT DO NOTHING;
INSERT INTO item_variant (id, name, item_link_id, cold_storage_type_id) VALUES ('27846044-4bcc-4ace-9e4c-bfddc2935438', 'None used on labelling for supply through UN agencies.     Also marketed with labelled commercial name  BEtt. (Biological E. Limited)', '50bb599c-46e0-4cf1-8665-44eeec631106', (SELECT id FROM cold_storage_type WHERE name = '+5' or min_temperature = 2 and max_temperature = 8 LIMIT 1)) ON CONFLICT DO NOTHING;
INSERT INTO changelog (record_id, table_name, row_action) VALUES ('27846044-4bcc-4ace-9e4c-bfddc2935438', 'item_variant', 'UPSERT');INSERT INTO packaging_variant (id, item_variant_id, name, packaging_level, volume_per_unit) VALUES ('94f3d594-acc7-4d73-b380-a2a2d75a8185', '27846044-4bcc-4ace-9e4c-bfddc2935438', 'Primary', 1, 14.7) ON CONFLICT DO NOTHING;
INSERT INTO packaging_variant (id, item_variant_id, name, packaging_level, volume_per_unit) VALUES ('b577b298-834b-4ded-9864-f9f847071230', '27846044-4bcc-4ace-9e4c-bfddc2935438', 'Secondary', 2, 14.7) ON CONFLICT DO NOTHING;
INSERT INTO packaging_variant (id, item_variant_id, name, packaging_level, volume_per_unit) VALUES ('735b9287-34a4-4d0b-a9de-bf744c375780', '27846044-4bcc-4ace-9e4c-bfddc2935438', 'Tertiary', 3, 14.7) ON CONFLICT DO NOTHING;
INSERT INTO item (id, name, code, ven_category, type, legacy_record, is_active, is_vaccine, vaccine_doses, default_pack_size) VALUES ('f1cb41db-0eb5-4775-b617-4fbb2e53f112', 'Tetanus Toxoid - vial - 10 doses', 'TET-4-10', 'NOT_ASSIGNED', 'STOCK', '', 'True', 'True', 10, 1) ON CONFLICT DO NOTHING;
INSERT INTO item_link (id, item_id) VALUES ('f1cb41db-0eb5-4775-b617-4fbb2e53f112', 'f1cb41db-0eb5-4775-b617-4fbb2e53f112') ON CONFLICT DO NOTHING;
INSERT INTO changelog (record_id, table_name, row_action) VALUES ('f1cb41db-0eb5-4775-b617-4fbb2e53f112', 'item', 'UPSERT');INSERT INTO master_list_line (id, master_list_id, item_link_id) VALUES (uuid_in(md5(random()::text || random()::text)::cstring), '43491ce9-bc89-4ee5-988d-9dbb2856e398', 'f1cb41db-0eb5-4775-b617-4fbb2e53f112') ON CONFLICT DO NOTHING;
INSERT INTO item_variant (id, name, item_link_id, cold_storage_type_id) VALUES ('b914da04-99f4-48bb-8bb9-fadfb79c2b95', 'TT vaccine (PT Bio Farma (Persero))', 'f1cb41db-0eb5-4775-b617-4fbb2e53f112', (SELECT id FROM cold_storage_type WHERE name = '+5' or min_temperature = 2 and max_temperature = 8 LIMIT 1)) ON CONFLICT DO NOTHING;
INSERT INTO changelog (record_id, table_name, row_action) VALUES ('b914da04-99f4-48bb-8bb9-fadfb79c2b95', 'item_variant', 'UPSERT');INSERT INTO packaging_variant (id, item_variant_id, name, packaging_level, volume_per_unit) VALUES ('743fa475-8823-44cd-bf57-f22376032ee9', 'b914da04-99f4-48bb-8bb9-fadfb79c2b95', 'Primary', 1, 2.22) ON CONFLICT DO NOTHING;
INSERT INTO packaging_variant (id, item_variant_id, name, packaging_level, volume_per_unit) VALUES ('eb3d2de2-2a3f-49d1-8456-027b13b12374', 'b914da04-99f4-48bb-8bb9-fadfb79c2b95', 'Secondary', 2, 2.22) ON CONFLICT DO NOTHING;
INSERT INTO packaging_variant (id, item_variant_id, name, packaging_level, volume_per_unit) VALUES ('a79b1e79-25a7-4545-a6be-7119a1c96b04', 'b914da04-99f4-48bb-8bb9-fadfb79c2b95', 'Tertiary', 3, 2.22) ON CONFLICT DO NOTHING;
INSERT INTO item_variant (id, name, item_link_id, cold_storage_type_id) VALUES ('18e0bb69-c6e2-42aa-9f0b-25c432828d5b', 'Tetatox (National Center of Infectious and Parasitic Diseases)', 'f1cb41db-0eb5-4775-b617-4fbb2e53f112', (SELECT id FROM cold_storage_type WHERE name = '+5' or min_temperature = 2 and max_temperature = 8 LIMIT 1)) ON CONFLICT DO NOTHING;
INSERT INTO changelog (record_id, table_name, row_action) VALUES ('18e0bb69-c6e2-42aa-9f0b-25c432828d5b', 'item_variant', 'UPSERT');INSERT INTO packaging_variant (id, item_variant_id, name, packaging_level, volume_per_unit) VALUES ('19ff514c-8f5b-42f9-8f75-de556ae6d997', '18e0bb69-c6e2-42aa-9f0b-25c432828d5b', 'Primary', 1, 3.78) ON CONFLICT DO NOTHING;
INSERT INTO packaging_variant (id, item_variant_id, name, packaging_level, volume_per_unit) VALUES ('563fba9c-b56f-4493-80a5-f96b3da87221', '18e0bb69-c6e2-42aa-9f0b-25c432828d5b', 'Secondary', 2, 3.78) ON CONFLICT DO NOTHING;
INSERT INTO packaging_variant (id, item_variant_id, name, packaging_level, volume_per_unit) VALUES ('52b99442-ada3-4830-92d2-5d5597d72cd4', '18e0bb69-c6e2-42aa-9f0b-25c432828d5b', 'Tertiary', 3, 3.78) ON CONFLICT DO NOTHING;
INSERT INTO item_variant (id, name, item_link_id, cold_storage_type_id) VALUES ('65810760-bc61-4bb5-9e5a-3da61f6cfc03', 'TETAVAX (Sanofi Pasteur SA)', 'f1cb41db-0eb5-4775-b617-4fbb2e53f112', (SELECT id FROM cold_storage_type WHERE name = '+5' or min_temperature = 2 and max_temperature = 8 LIMIT 1)) ON CONFLICT DO NOTHING;
INSERT INTO changelog (record_id, table_name, row_action) VALUES ('65810760-bc61-4bb5-9e5a-3da61f6cfc03', 'item_variant', 'UPSERT');INSERT INTO packaging_variant (id, item_variant_id, name, packaging_level, volume_per_unit) VALUES ('32842bc0-c471-4c50-8a71-a4a4046552a6', '65810760-bc61-4bb5-9e5a-3da61f6cfc03', 'Primary', 1, 2.46) ON CONFLICT DO NOTHING;
INSERT INTO packaging_variant (id, item_variant_id, name, packaging_level, volume_per_unit) VALUES ('610876d6-5d58-4d57-b946-a0b315012fd8', '65810760-bc61-4bb5-9e5a-3da61f6cfc03', 'Secondary', 2, 2.46) ON CONFLICT DO NOTHING;
INSERT INTO packaging_variant (id, item_variant_id, name, packaging_level, volume_per_unit) VALUES ('f4542714-7a9b-49a8-9292-fd2e14af9965', '65810760-bc61-4bb5-9e5a-3da61f6cfc03', 'Tertiary', 3, 2.46) ON CONFLICT DO NOTHING;
INSERT INTO item_variant (id, name, item_link_id, cold_storage_type_id) VALUES ('77b6382a-be27-455c-ad08-5e182c7c7d4e', 'Tetanus  Toxoid Vaccine Adsorbed (Serum Institute of India Pvt. Ltd.)', 'f1cb41db-0eb5-4775-b617-4fbb2e53f112', (SELECT id FROM cold_storage_type WHERE name = '+5' or min_temperature = 2 and max_temperature = 8 LIMIT 1)) ON CONFLICT DO NOTHING;
INSERT INTO changelog (record_id, table_name, row_action) VALUES ('77b6382a-be27-455c-ad08-5e182c7c7d4e', 'item_variant', 'UPSERT');INSERT INTO packaging_variant (id, item_variant_id, name, packaging_level, volume_per_unit) VALUES ('75f2ff2b-4df9-4c3f-9667-e43442850845', '77b6382a-be27-455c-ad08-5e182c7c7d4e', 'Primary', 1, 2.11) ON CONFLICT DO NOTHING;
INSERT INTO packaging_variant (id, item_variant_id, name, packaging_level, volume_per_unit) VALUES ('2eaef84f-9c8c-4d13-8fae-26d169cc1e1f', '77b6382a-be27-455c-ad08-5e182c7c7d4e', 'Secondary', 2, 2.11) ON CONFLICT DO NOTHING;
INSERT INTO packaging_variant (id, item_variant_id, name, packaging_level, volume_per_unit) VALUES ('45ec8fe3-6e0f-4d19-878e-f530bc1e6bce', '77b6382a-be27-455c-ad08-5e182c7c7d4e', 'Tertiary', 3, 9.84) ON CONFLICT DO NOTHING;
INSERT INTO item_variant (id, name, item_link_id, cold_storage_type_id) VALUES ('4f2e4fd3-8d32-4313-a8a2-a3d8d90ba906', 'ShanTT (Shantha Biotechnics Private Limited (A Sanofi Company))', 'f1cb41db-0eb5-4775-b617-4fbb2e53f112', (SELECT id FROM cold_storage_type WHERE name = '+5' or min_temperature = 2 and max_temperature = 8 LIMIT 1)) ON CONFLICT DO NOTHING;
INSERT INTO changelog (record_id, table_name, row_action) VALUES ('4f2e4fd3-8d32-4313-a8a2-a3d8d90ba906', 'item_variant', 'UPSERT');INSERT INTO packaging_variant (id, item_variant_id, name, packaging_level, volume_per_unit) VALUES ('baac1c9f-65db-4391-97da-d0625c5903cc', '4f2e4fd3-8d32-4313-a8a2-a3d8d90ba906', 'Primary', 1, 4.36) ON CONFLICT DO NOTHING;
INSERT INTO packaging_variant (id, item_variant_id, name, packaging_level, volume_per_unit) VALUES ('cea93908-d924-49e3-9659-152b7119b17e', '4f2e4fd3-8d32-4313-a8a2-a3d8d90ba906', 'Secondary', 2, 4.36) ON CONFLICT DO NOTHING;
INSERT INTO packaging_variant (id, item_variant_id, name, packaging_level, volume_per_unit) VALUES ('0a99ece1-ebf5-4516-b669-7917d2481a06', '4f2e4fd3-8d32-4313-a8a2-a3d8d90ba906', 'Tertiary', 3, 4.36) ON CONFLICT DO NOTHING;
INSERT INTO item_variant (id, name, item_link_id, cold_storage_type_id) VALUES ('a20cd513-e479-4e43-9c5f-454a1cbbfec0', 'None used on labelling for supply through UN agencies.     Also marketed with labelled commercial name  BEtt. (Biological E. Limited)', 'f1cb41db-0eb5-4775-b617-4fbb2e53f112', (SELECT id FROM cold_storage_type WHERE name = '+5' or min_temperature = 2 and max_temperature = 8 LIMIT 1)) ON CONFLICT DO NOTHING;
INSERT INTO changelog (record_id, table_name, row_action) VALUES ('a20cd513-e479-4e43-9c5f-454a1cbbfec0', 'item_variant', 'UPSERT');INSERT INTO packaging_variant (id, item_variant_id, name, packaging_level, volume_per_unit) VALUES ('ce5fb059-6e65-4270-b671-55957aa93092', 'a20cd513-e479-4e43-9c5f-454a1cbbfec0', 'Primary', 1, 2.9) ON CONFLICT DO NOTHING;
INSERT INTO packaging_variant (id, item_variant_id, name, packaging_level, volume_per_unit) VALUES ('7b291a4f-caaa-4f71-9135-a8c16c792b5a', 'a20cd513-e479-4e43-9c5f-454a1cbbfec0', 'Secondary', 2, 2.9) ON CONFLICT DO NOTHING;
INSERT INTO packaging_variant (id, item_variant_id, name, packaging_level, volume_per_unit) VALUES ('4e35b917-b255-4360-800d-b87a9a43bef4', 'a20cd513-e479-4e43-9c5f-454a1cbbfec0', 'Tertiary', 3, 19.59) ON CONFLICT DO NOTHING;
INSERT INTO item (id, name, code, ven_category, type, legacy_record, is_active, is_vaccine, vaccine_doses, default_pack_size) VALUES ('943e5226-1dfe-449e-8db2-921a1b6d4a27', 'Tetanus Toxoid - vial - 20 doses', 'TET-4-20', 'NOT_ASSIGNED', 'STOCK', '', 'True', 'True', 20, 1) ON CONFLICT DO NOTHING;
INSERT INTO item_link (id, item_id) VALUES ('943e5226-1dfe-449e-8db2-921a1b6d4a27', '943e5226-1dfe-449e-8db2-921a1b6d4a27') ON CONFLICT DO NOTHING;
INSERT INTO changelog (record_id, table_name, row_action) VALUES ('943e5226-1dfe-449e-8db2-921a1b6d4a27', 'item', 'UPSERT');INSERT INTO master_list_line (id, master_list_id, item_link_id) VALUES (uuid_in(md5(random()::text || random()::text)::cstring), '43491ce9-bc89-4ee5-988d-9dbb2856e398', '943e5226-1dfe-449e-8db2-921a1b6d4a27') ON CONFLICT DO NOTHING;
INSERT INTO item_variant (id, name, item_link_id, cold_storage_type_id) VALUES ('5f5c97b8-d538-4803-a964-b9bab13b003a', 'TT vaccine (PT Bio Farma (Persero))', '943e5226-1dfe-449e-8db2-921a1b6d4a27', (SELECT id FROM cold_storage_type WHERE name = '+5' or min_temperature = 2 and max_temperature = 8 LIMIT 1)) ON CONFLICT DO NOTHING;
INSERT INTO changelog (record_id, table_name, row_action) VALUES ('5f5c97b8-d538-4803-a964-b9bab13b003a', 'item_variant', 'UPSERT');INSERT INTO packaging_variant (id, item_variant_id, name, packaging_level, volume_per_unit) VALUES ('4ccb1462-11ac-4dc4-827f-ed2b3cfe5188', '5f5c97b8-d538-4803-a964-b9bab13b003a', 'Primary', 1, 0.75) ON CONFLICT DO NOTHING;
INSERT INTO packaging_variant (id, item_variant_id, name, packaging_level, volume_per_unit) VALUES ('850b2aa0-d518-4267-8331-7217a3fd08bf', '5f5c97b8-d538-4803-a964-b9bab13b003a', 'Secondary', 2, 0.75) ON CONFLICT DO NOTHING;
INSERT INTO packaging_variant (id, item_variant_id, name, packaging_level, volume_per_unit) VALUES ('b243c4b6-e9a3-4bc7-b597-1ef5e48d5227', '5f5c97b8-d538-4803-a964-b9bab13b003a', 'Tertiary', 3, 0.75) ON CONFLICT DO NOTHING;
INSERT INTO item_variant (id, name, item_link_id, cold_storage_type_id) VALUES ('f49c32ff-387e-47f5-a253-04c3c5e16543', 'Tetatox (National Center of Infectious and Parasitic Diseases)', '943e5226-1dfe-449e-8db2-921a1b6d4a27', (SELECT id FROM cold_storage_type WHERE name = '+5' or min_temperature = 2 and max_temperature = 8 LIMIT 1)) ON CONFLICT DO NOTHING;
INSERT INTO changelog (record_id, table_name, row_action) VALUES ('f49c32ff-387e-47f5-a253-04c3c5e16543', 'item_variant', 'UPSERT');INSERT INTO packaging_variant (id, item_variant_id, name, packaging_level, volume_per_unit) VALUES ('4825d1de-af84-41bf-b746-399339c29b06', 'f49c32ff-387e-47f5-a253-04c3c5e16543', 'Primary', 1, 1.89) ON CONFLICT DO NOTHING;
INSERT INTO packaging_variant (id, item_variant_id, name, packaging_level, volume_per_unit) VALUES ('363d5442-9643-4275-859b-085d98741f2e', 'f49c32ff-387e-47f5-a253-04c3c5e16543', 'Secondary', 2, 1.89) ON CONFLICT DO NOTHING;
INSERT INTO packaging_variant (id, item_variant_id, name, packaging_level, volume_per_unit) VALUES ('d6ba6168-293c-4874-8abb-ceebd5605f72', 'f49c32ff-387e-47f5-a253-04c3c5e16543', 'Tertiary', 3, 1.89) ON CONFLICT DO NOTHING;
INSERT INTO item_variant (id, name, item_link_id, cold_storage_type_id) VALUES ('ff23cdb8-9f17-40d1-9e94-14bf282bc20a', 'TETAVAX (Sanofi Pasteur SA)', '943e5226-1dfe-449e-8db2-921a1b6d4a27', (SELECT id FROM cold_storage_type WHERE name = '+5' or min_temperature = 2 and max_temperature = 8 LIMIT 1)) ON CONFLICT DO NOTHING;
INSERT INTO changelog (record_id, table_name, row_action) VALUES ('ff23cdb8-9f17-40d1-9e94-14bf282bc20a', 'item_variant', 'UPSERT');INSERT INTO packaging_variant (id, item_variant_id, name, packaging_level, volume_per_unit) VALUES ('9a9784bf-8773-4d10-9dd3-5cd8c26c077a', 'ff23cdb8-9f17-40d1-9e94-14bf282bc20a', 'Primary', 1, 0) ON CONFLICT DO NOTHING;
INSERT INTO packaging_variant (id, item_variant_id, name, packaging_level, volume_per_unit) VALUES ('60e98feb-83dd-418d-8043-6d3b6693198e', 'ff23cdb8-9f17-40d1-9e94-14bf282bc20a', 'Secondary', 2, 0) ON CONFLICT DO NOTHING;
INSERT INTO packaging_variant (id, item_variant_id, name, packaging_level, volume_per_unit) VALUES ('6d7945b1-7ab0-4090-8cb6-5906672a7d66', 'ff23cdb8-9f17-40d1-9e94-14bf282bc20a', 'Tertiary', 3, 0) ON CONFLICT DO NOTHING;
INSERT INTO item_variant (id, name, item_link_id, cold_storage_type_id) VALUES ('3c3c4c21-4d28-4f25-af1d-0eb66ed45be4', 'Tetanus  Toxoid Vaccine Adsorbed (Serum Institute of India Pvt. Ltd.)', '943e5226-1dfe-449e-8db2-921a1b6d4a27', (SELECT id FROM cold_storage_type WHERE name = '+5' or min_temperature = 2 and max_temperature = 8 LIMIT 1)) ON CONFLICT DO NOTHING;
INSERT INTO changelog (record_id, table_name, row_action) VALUES ('3c3c4c21-4d28-4f25-af1d-0eb66ed45be4', 'item_variant', 'UPSERT');INSERT INTO packaging_variant (id, item_variant_id, name, packaging_level, volume_per_unit) VALUES ('cd86864d-bdd4-4468-b074-5dd28899f61d', '3c3c4c21-4d28-4f25-af1d-0eb66ed45be4', 'Primary', 1, 2.12) ON CONFLICT DO NOTHING;
INSERT INTO packaging_variant (id, item_variant_id, name, packaging_level, volume_per_unit) VALUES ('e567debe-4f73-499f-a04d-e82052bbbb81', '3c3c4c21-4d28-4f25-af1d-0eb66ed45be4', 'Secondary', 2, 2.12) ON CONFLICT DO NOTHING;
INSERT INTO packaging_variant (id, item_variant_id, name, packaging_level, volume_per_unit) VALUES ('2ff9f28e-ae52-41d3-9fea-971b9c929cfc', '3c3c4c21-4d28-4f25-af1d-0eb66ed45be4', 'Tertiary', 3, 9.84) ON CONFLICT DO NOTHING;
INSERT INTO item_variant (id, name, item_link_id, cold_storage_type_id) VALUES ('7ac04f8d-b8db-49c9-9145-838f6a2f9172', 'ShanTT (Shantha Biotechnics Private Limited (A Sanofi Company))', '943e5226-1dfe-449e-8db2-921a1b6d4a27', (SELECT id FROM cold_storage_type WHERE name = '+5' or min_temperature = 2 and max_temperature = 8 LIMIT 1)) ON CONFLICT DO NOTHING;
INSERT INTO changelog (record_id, table_name, row_action) VALUES ('7ac04f8d-b8db-49c9-9145-838f6a2f9172', 'item_variant', 'UPSERT');INSERT INTO packaging_variant (id, item_variant_id, name, packaging_level, volume_per_unit) VALUES ('012cfd3e-8e8a-44a6-af2c-75ee32a9b317', '7ac04f8d-b8db-49c9-9145-838f6a2f9172', 'Primary', 1, 2.6) ON CONFLICT DO NOTHING;
INSERT INTO packaging_variant (id, item_variant_id, name, packaging_level, volume_per_unit) VALUES ('6b8db519-017e-4c87-a139-2a387e079b24', '7ac04f8d-b8db-49c9-9145-838f6a2f9172', 'Secondary', 2, 2.6) ON CONFLICT DO NOTHING;
INSERT INTO packaging_variant (id, item_variant_id, name, packaging_level, volume_per_unit) VALUES ('0a41a9e9-92af-4cd8-a9a8-20da8b53819e', '7ac04f8d-b8db-49c9-9145-838f6a2f9172', 'Tertiary', 3, 2.6) ON CONFLICT DO NOTHING;
INSERT INTO item_variant (id, name, item_link_id, cold_storage_type_id) VALUES ('58b73adf-6012-4945-8ebb-b954b8918fdf', 'None used on labelling for supply through UN agencies.     Also marketed with labelled commercial name  BEtt. (Biological E. Limited)', '943e5226-1dfe-449e-8db2-921a1b6d4a27', (SELECT id FROM cold_storage_type WHERE name = '+5' or min_temperature = 2 and max_temperature = 8 LIMIT 1)) ON CONFLICT DO NOTHING;
INSERT INTO changelog (record_id, table_name, row_action) VALUES ('58b73adf-6012-4945-8ebb-b954b8918fdf', 'item_variant', 'UPSERT');INSERT INTO packaging_variant (id, item_variant_id, name, packaging_level, volume_per_unit) VALUES ('121c12f1-e945-4ff0-b926-707b9dce551e', '58b73adf-6012-4945-8ebb-b954b8918fdf', 'Primary', 1, 2.9) ON CONFLICT DO NOTHING;
INSERT INTO packaging_variant (id, item_variant_id, name, packaging_level, volume_per_unit) VALUES ('092db4d1-5a01-403a-9b85-12fec65d115d', '58b73adf-6012-4945-8ebb-b954b8918fdf', 'Secondary', 2, 2.9) ON CONFLICT DO NOTHING;
INSERT INTO packaging_variant (id, item_variant_id, name, packaging_level, volume_per_unit) VALUES ('e8f8e824-3424-4880-8d9e-1b9526a090c3', '58b73adf-6012-4945-8ebb-b954b8918fdf', 'Tertiary', 3, 15.28) ON CONFLICT DO NOTHING;
INSERT INTO item (id, name, code, ven_category, type, legacy_record, is_active, is_vaccine, vaccine_doses, default_pack_size) VALUES ('eec7cfbe-f965-415e-b03c-60f9d5627561', 'Typhoid (Conjugate) - vial - 1 dose', 'TYP-4-1', 'NOT_ASSIGNED', 'STOCK', '', 'True', 'True', 1, 1) ON CONFLICT DO NOTHING;
INSERT INTO item_link (id, item_id) VALUES ('eec7cfbe-f965-415e-b03c-60f9d5627561', 'eec7cfbe-f965-415e-b03c-60f9d5627561') ON CONFLICT DO NOTHING;
INSERT INTO changelog (record_id, table_name, row_action) VALUES ('eec7cfbe-f965-415e-b03c-60f9d5627561', 'item', 'UPSERT');INSERT INTO master_list_line (id, master_list_id, item_link_id) VALUES (uuid_in(md5(random()::text || random()::text)::cstring), '43491ce9-bc89-4ee5-988d-9dbb2856e398', 'eec7cfbe-f965-415e-b03c-60f9d5627561') ON CONFLICT DO NOTHING;
INSERT INTO item_variant (id, name, item_link_id, cold_storage_type_id) VALUES ('7677e853-7028-4213-bd6e-24a716625175', 'Typbar-TCV (Bharat Biotech International Limited)', 'eec7cfbe-f965-415e-b03c-60f9d5627561', (SELECT id FROM cold_storage_type WHERE name = '+5' or min_temperature = 2 and max_temperature = 8 LIMIT 1)) ON CONFLICT DO NOTHING;
INSERT INTO changelog (record_id, table_name, row_action) VALUES ('7677e853-7028-4213-bd6e-24a716625175', 'item_variant', 'UPSERT');INSERT INTO packaging_variant (id, item_variant_id, name, packaging_level, volume_per_unit) VALUES ('2d1735f5-3c78-4c94-b283-b70561add0c8', '7677e853-7028-4213-bd6e-24a716625175', 'Primary', 1, 14.18) ON CONFLICT DO NOTHING;
INSERT INTO packaging_variant (id, item_variant_id, name, packaging_level, volume_per_unit) VALUES ('8b2c313b-01d9-4d60-8441-adb59cefd9ca', '7677e853-7028-4213-bd6e-24a716625175', 'Secondary', 2, 14.18) ON CONFLICT DO NOTHING;
INSERT INTO packaging_variant (id, item_variant_id, name, packaging_level, volume_per_unit) VALUES ('4afce26f-3e1d-4477-9b24-4246805a8600', '7677e853-7028-4213-bd6e-24a716625175', 'Tertiary', 3, 143.87) ON CONFLICT DO NOTHING;
INSERT INTO item (id, name, code, ven_category, type, legacy_record, is_active, is_vaccine, vaccine_doses, default_pack_size) VALUES ('43dfea30-8bd1-4b22-b25f-e3781ef23943', 'Typhoid (Conjugate) - vial - 5 doses', 'TYP-4-5', 'NOT_ASSIGNED', 'STOCK', '', 'True', 'True', 5, 1) ON CONFLICT DO NOTHING;
INSERT INTO item_link (id, item_id) VALUES ('43dfea30-8bd1-4b22-b25f-e3781ef23943', '43dfea30-8bd1-4b22-b25f-e3781ef23943') ON CONFLICT DO NOTHING;
INSERT INTO changelog (record_id, table_name, row_action) VALUES ('43dfea30-8bd1-4b22-b25f-e3781ef23943', 'item', 'UPSERT');INSERT INTO master_list_line (id, master_list_id, item_link_id) VALUES (uuid_in(md5(random()::text || random()::text)::cstring), '43491ce9-bc89-4ee5-988d-9dbb2856e398', '43dfea30-8bd1-4b22-b25f-e3781ef23943') ON CONFLICT DO NOTHING;
INSERT INTO item_variant (id, name, item_link_id, cold_storage_type_id) VALUES ('5dab1ab7-130f-467a-94f1-d7065ef5c016', 'Typbar-TCV (Bharat Biotech International Limited)', '43dfea30-8bd1-4b22-b25f-e3781ef23943', (SELECT id FROM cold_storage_type WHERE name = '+5' or min_temperature = 2 and max_temperature = 8 LIMIT 1)) ON CONFLICT DO NOTHING;
INSERT INTO changelog (record_id, table_name, row_action) VALUES ('5dab1ab7-130f-467a-94f1-d7065ef5c016', 'item_variant', 'UPSERT');INSERT INTO packaging_variant (id, item_variant_id, name, packaging_level, volume_per_unit) VALUES ('f1f62352-e1b4-4128-bcc9-b5e745bb71b0', '5dab1ab7-130f-467a-94f1-d7065ef5c016', 'Primary', 1, 2.89) ON CONFLICT DO NOTHING;
INSERT INTO packaging_variant (id, item_variant_id, name, packaging_level, volume_per_unit) VALUES ('2aa4d9f3-e9c0-41c2-93ba-e52d546414a8', '5dab1ab7-130f-467a-94f1-d7065ef5c016', 'Secondary', 2, 2.89) ON CONFLICT DO NOTHING;
INSERT INTO packaging_variant (id, item_variant_id, name, packaging_level, volume_per_unit) VALUES ('68a31999-959c-49aa-b849-c9d45226a565', '5dab1ab7-130f-467a-94f1-d7065ef5c016', 'Tertiary', 3, 22.76) ON CONFLICT DO NOTHING;
INSERT INTO item (id, name, code, ven_category, type, legacy_record, is_active, is_vaccine, vaccine_doses, default_pack_size) VALUES ('e89611b8-4c17-4156-96f1-33e8e62d7de7', 'Typhoid (Polysaccharide) - vial - 20 doses', 'TYP-4-20', 'NOT_ASSIGNED', 'STOCK', '', 'True', 'True', 20, 1) ON CONFLICT DO NOTHING;
INSERT INTO item_link (id, item_id) VALUES ('e89611b8-4c17-4156-96f1-33e8e62d7de7', 'e89611b8-4c17-4156-96f1-33e8e62d7de7') ON CONFLICT DO NOTHING;
INSERT INTO changelog (record_id, table_name, row_action) VALUES ('e89611b8-4c17-4156-96f1-33e8e62d7de7', 'item', 'UPSERT');INSERT INTO master_list_line (id, master_list_id, item_link_id) VALUES (uuid_in(md5(random()::text || random()::text)::cstring), '43491ce9-bc89-4ee5-988d-9dbb2856e398', 'e89611b8-4c17-4156-96f1-33e8e62d7de7') ON CONFLICT DO NOTHING;
INSERT INTO item_variant (id, name, item_link_id, cold_storage_type_id) VALUES ('a8ce92fe-0590-4595-b1ff-613a9163df4a', 'Typhym-Vi (Sanofi Pasteur SA)', 'e89611b8-4c17-4156-96f1-33e8e62d7de7', (SELECT id FROM cold_storage_type WHERE name = '+5' or min_temperature = 2 and max_temperature = 8 LIMIT 1)) ON CONFLICT DO NOTHING;
INSERT INTO changelog (record_id, table_name, row_action) VALUES ('a8ce92fe-0590-4595-b1ff-613a9163df4a', 'item_variant', 'UPSERT');INSERT INTO packaging_variant (id, item_variant_id, name, packaging_level, volume_per_unit) VALUES ('f021d712-6430-4c37-ac9c-f6ebe8892b58', 'a8ce92fe-0590-4595-b1ff-613a9163df4a', 'Primary', 1, 1.57) ON CONFLICT DO NOTHING;
INSERT INTO packaging_variant (id, item_variant_id, name, packaging_level, volume_per_unit) VALUES ('8aedcabb-fade-436d-b40a-f4584c4f8cca', 'a8ce92fe-0590-4595-b1ff-613a9163df4a', 'Secondary', 2, 1.57) ON CONFLICT DO NOTHING;
INSERT INTO packaging_variant (id, item_variant_id, name, packaging_level, volume_per_unit) VALUES ('f0f39d9c-cc8d-4d55-a82d-8a0db7e87a76', 'a8ce92fe-0590-4595-b1ff-613a9163df4a', 'Tertiary', 3, 17.16) ON CONFLICT DO NOTHING;
INSERT INTO item (id, name, code, ven_category, type, legacy_record, is_active, is_vaccine, vaccine_doses, default_pack_size) VALUES ('db481bce-1d56-4211-8638-dc38c4ad9b3d', 'Yellow Fever - ampoule - 10 doses', 'YEL-7-10', 'NOT_ASSIGNED', 'STOCK', '', 'True', 'True', 10, 1) ON CONFLICT DO NOTHING;
INSERT INTO item_link (id, item_id) VALUES ('db481bce-1d56-4211-8638-dc38c4ad9b3d', 'db481bce-1d56-4211-8638-dc38c4ad9b3d') ON CONFLICT DO NOTHING;
INSERT INTO changelog (record_id, table_name, row_action) VALUES ('db481bce-1d56-4211-8638-dc38c4ad9b3d', 'item', 'UPSERT');INSERT INTO master_list_line (id, master_list_id, item_link_id) VALUES (uuid_in(md5(random()::text || random()::text)::cstring), '43491ce9-bc89-4ee5-988d-9dbb2856e398', 'db481bce-1d56-4211-8638-dc38c4ad9b3d') ON CONFLICT DO NOTHING;
INSERT INTO item_variant (id, name, item_link_id, cold_storage_type_id) VALUES ('9e0bd293-4a03-4fe7-9774-f9173ab80940', 'none (Chumakov Federal Scientific Center for Reserch & Development of Immune-And Biological Products)', 'db481bce-1d56-4211-8638-dc38c4ad9b3d', (SELECT id FROM cold_storage_type WHERE name = '+5' or min_temperature = 2 and max_temperature = 8 LIMIT 1)) ON CONFLICT DO NOTHING;
INSERT INTO changelog (record_id, table_name, row_action) VALUES ('9e0bd293-4a03-4fe7-9774-f9173ab80940', 'item_variant', 'UPSERT');INSERT INTO packaging_variant (id, item_variant_id, name, packaging_level, volume_per_unit) VALUES ('98796dfb-6297-4e07-8933-4b6a7ad64b82', '9e0bd293-4a03-4fe7-9774-f9173ab80940', 'Primary', 1, 3.61) ON CONFLICT DO NOTHING;
INSERT INTO packaging_variant (id, item_variant_id, name, packaging_level, volume_per_unit) VALUES ('b972a99b-3270-4590-bb59-2c8f9667c29a', '9e0bd293-4a03-4fe7-9774-f9173ab80940', 'Secondary', 2, 3.61) ON CONFLICT DO NOTHING;
INSERT INTO packaging_variant (id, item_variant_id, name, packaging_level, volume_per_unit) VALUES ('2c6e0bec-008a-422f-a949-3b9803e00266', '9e0bd293-4a03-4fe7-9774-f9173ab80940', 'Tertiary', 3, 3.6) ON CONFLICT DO NOTHING;
INSERT INTO item (id, name, code, ven_category, type, legacy_record, is_active, is_vaccine, vaccine_doses, default_pack_size) VALUES ('db1c9160-59b7-4f13-885f-5dbb3c4b910f', 'Yellow Fever - ampoule - 10 doses Diluent', 'YEL-7-10_DIL', 'NOT_ASSIGNED', 'STOCK', '', 'True', 'False', 0, 1) ON CONFLICT DO NOTHING;
INSERT INTO item_link (id, item_id) VALUES ('db1c9160-59b7-4f13-885f-5dbb3c4b910f', 'db1c9160-59b7-4f13-885f-5dbb3c4b910f') ON CONFLICT DO NOTHING;
INSERT INTO changelog (record_id, table_name, row_action) VALUES ('db1c9160-59b7-4f13-885f-5dbb3c4b910f', 'item', 'UPSERT');INSERT INTO item_variant (id, name, item_link_id, cold_storage_type_id) VALUES ('7b9fecad-72c1-48f6-9982-61764b0ae7f9', 'none (Chumakov Federal Scientific Center for Reserch & Development of Immune-And Biological Products)', 'db1c9160-59b7-4f13-885f-5dbb3c4b910f', (SELECT id FROM cold_storage_type WHERE name = '+5' or min_temperature = 2 and max_temperature = 8 LIMIT 1)) ON CONFLICT DO NOTHING;
INSERT INTO changelog (record_id, table_name, row_action) VALUES ('7b9fecad-72c1-48f6-9982-61764b0ae7f9', 'item_variant', 'UPSERT');INSERT INTO packaging_variant (id, item_variant_id, name, packaging_level, volume_per_unit) VALUES ('a99c8356-2155-4e3a-8fe0-7670b273aab3', '7b9fecad-72c1-48f6-9982-61764b0ae7f9', 'Primary', 1, 0) ON CONFLICT DO NOTHING;
INSERT INTO packaging_variant (id, item_variant_id, name, packaging_level, volume_per_unit) VALUES ('43bb2ef2-948e-459a-8657-4f1a642cf1a9', '7b9fecad-72c1-48f6-9982-61764b0ae7f9', 'Secondary', 2, 0) ON CONFLICT DO NOTHING;
INSERT INTO packaging_variant (id, item_variant_id, name, packaging_level, volume_per_unit) VALUES ('e5884455-7485-4891-8dd0-92d070644d02', '7b9fecad-72c1-48f6-9982-61764b0ae7f9', 'Tertiary', 3, 0) ON CONFLICT DO NOTHING;
INSERT INTO bundled_item (id, principal_item_variant_id, bundled_item_variant_id, ratio) VALUES ('d3dcf211-6bc4-4ef6-98d9-76a5f41a2c21', '9e0bd293-4a03-4fe7-9774-f9173ab80940', '7b9fecad-72c1-48f6-9982-61764b0ae7f9', 1) ON CONFLICT DO NOTHING;
INSERT INTO changelog (record_id, table_name, row_action) VALUES ('d3dcf211-6bc4-4ef6-98d9-76a5f41a2c21', 'bundled_item', 'UPSERT');INSERT INTO item (id, name, code, ven_category, type, legacy_record, is_active, is_vaccine, vaccine_doses, default_pack_size) VALUES ('d9a1821f-b148-4441-9132-8afbf2737604', 'Yellow Fever - ampoule - 2 doses', 'YEL-7-2', 'NOT_ASSIGNED', 'STOCK', '', 'True', 'True', 2, 1) ON CONFLICT DO NOTHING;
INSERT INTO item_link (id, item_id) VALUES ('d9a1821f-b148-4441-9132-8afbf2737604', 'd9a1821f-b148-4441-9132-8afbf2737604') ON CONFLICT DO NOTHING;
INSERT INTO changelog (record_id, table_name, row_action) VALUES ('d9a1821f-b148-4441-9132-8afbf2737604', 'item', 'UPSERT');INSERT INTO master_list_line (id, master_list_id, item_link_id) VALUES (uuid_in(md5(random()::text || random()::text)::cstring), '43491ce9-bc89-4ee5-988d-9dbb2856e398', 'd9a1821f-b148-4441-9132-8afbf2737604') ON CONFLICT DO NOTHING;
INSERT INTO item_variant (id, name, item_link_id, cold_storage_type_id) VALUES ('7816e232-f1f7-4c76-af26-a1ce9cbac04c', 'none (Chumakov Federal Scientific Center for Reserch & Development of Immune-And Biological Products)', 'd9a1821f-b148-4441-9132-8afbf2737604', (SELECT id FROM cold_storage_type WHERE name = '+5' or min_temperature = 2 and max_temperature = 8 LIMIT 1)) ON CONFLICT DO NOTHING;
INSERT INTO changelog (record_id, table_name, row_action) VALUES ('7816e232-f1f7-4c76-af26-a1ce9cbac04c', 'item_variant', 'UPSERT');INSERT INTO packaging_variant (id, item_variant_id, name, packaging_level, volume_per_unit) VALUES ('240ef3ce-8add-48bb-ab54-371dda3370b0', '7816e232-f1f7-4c76-af26-a1ce9cbac04c', 'Primary', 1, 7.2) ON CONFLICT DO NOTHING;
INSERT INTO packaging_variant (id, item_variant_id, name, packaging_level, volume_per_unit) VALUES ('bec52f38-418c-4041-8ed5-4652767d924a', '7816e232-f1f7-4c76-af26-a1ce9cbac04c', 'Secondary', 2, 7.2) ON CONFLICT DO NOTHING;
INSERT INTO packaging_variant (id, item_variant_id, name, packaging_level, volume_per_unit) VALUES ('2938ff8b-847a-44b8-b64a-1970b0cca4bb', '7816e232-f1f7-4c76-af26-a1ce9cbac04c', 'Tertiary', 3, 7.2) ON CONFLICT DO NOTHING;
INSERT INTO item_variant (id, name, item_link_id, cold_storage_type_id) VALUES ('2238f34e-07f6-462f-8b85-84790ebfec0c', 'none (Chumakov Federal Scientific Center for Reserch & Development of Immune-And Biological Products)', 'db1c9160-59b7-4f13-885f-5dbb3c4b910f', (SELECT id FROM cold_storage_type WHERE name = '+5' or min_temperature = 2 and max_temperature = 8 LIMIT 1)) ON CONFLICT DO NOTHING;
INSERT INTO changelog (record_id, table_name, row_action) VALUES ('2238f34e-07f6-462f-8b85-84790ebfec0c', 'item_variant', 'UPSERT');INSERT INTO packaging_variant (id, item_variant_id, name, packaging_level, volume_per_unit) VALUES ('ede390af-538c-42b1-ad6e-ebd5d786d44e', '2238f34e-07f6-462f-8b85-84790ebfec0c', 'Primary', 1, 0) ON CONFLICT DO NOTHING;
INSERT INTO packaging_variant (id, item_variant_id, name, packaging_level, volume_per_unit) VALUES ('db63ff09-2b64-4032-89b9-f69a40d163a7', '2238f34e-07f6-462f-8b85-84790ebfec0c', 'Secondary', 2, 0) ON CONFLICT DO NOTHING;
INSERT INTO packaging_variant (id, item_variant_id, name, packaging_level, volume_per_unit) VALUES ('ec28524c-b76b-43ea-afde-28e5cf32ce96', '2238f34e-07f6-462f-8b85-84790ebfec0c', 'Tertiary', 3, 0) ON CONFLICT DO NOTHING;
INSERT INTO bundled_item (id, principal_item_variant_id, bundled_item_variant_id, ratio) VALUES ('2e26cfde-d447-4b6b-ba29-6d392c60c7e4', '7816e232-f1f7-4c76-af26-a1ce9cbac04c', '2238f34e-07f6-462f-8b85-84790ebfec0c', 1) ON CONFLICT DO NOTHING;
INSERT INTO changelog (record_id, table_name, row_action) VALUES ('2e26cfde-d447-4b6b-ba29-6d392c60c7e4', 'bundled_item', 'UPSERT');INSERT INTO item (id, name, code, ven_category, type, legacy_record, is_active, is_vaccine, vaccine_doses, default_pack_size) VALUES ('4a1f0667-b9ed-4f01-b0ba-606134942143', 'Yellow Fever - ampoule - 5 doses', 'YEL-7-5', 'NOT_ASSIGNED', 'STOCK', '', 'True', 'True', 5, 1) ON CONFLICT DO NOTHING;
INSERT INTO item_link (id, item_id) VALUES ('4a1f0667-b9ed-4f01-b0ba-606134942143', '4a1f0667-b9ed-4f01-b0ba-606134942143') ON CONFLICT DO NOTHING;
INSERT INTO changelog (record_id, table_name, row_action) VALUES ('4a1f0667-b9ed-4f01-b0ba-606134942143', 'item', 'UPSERT');INSERT INTO master_list_line (id, master_list_id, item_link_id) VALUES (uuid_in(md5(random()::text || random()::text)::cstring), '43491ce9-bc89-4ee5-988d-9dbb2856e398', '4a1f0667-b9ed-4f01-b0ba-606134942143') ON CONFLICT DO NOTHING;
INSERT INTO item_variant (id, name, item_link_id, cold_storage_type_id) VALUES ('cf1708b2-596b-42a4-8727-266c91d699ae', 'none (Chumakov Federal Scientific Center for Reserch & Development of Immune-And Biological Products)', '4a1f0667-b9ed-4f01-b0ba-606134942143', (SELECT id FROM cold_storage_type WHERE name = '+5' or min_temperature = 2 and max_temperature = 8 LIMIT 1)) ON CONFLICT DO NOTHING;
INSERT INTO changelog (record_id, table_name, row_action) VALUES ('cf1708b2-596b-42a4-8727-266c91d699ae', 'item_variant', 'UPSERT');INSERT INTO packaging_variant (id, item_variant_id, name, packaging_level, volume_per_unit) VALUES ('fa61d9e9-c891-42ce-a82e-8251e34073fb', 'cf1708b2-596b-42a4-8727-266c91d699ae', 'Primary', 1, 5.99) ON CONFLICT DO NOTHING;
INSERT INTO packaging_variant (id, item_variant_id, name, packaging_level, volume_per_unit) VALUES ('4e4a30f7-190b-4349-a8d2-4afe6aa464e7', 'cf1708b2-596b-42a4-8727-266c91d699ae', 'Secondary', 2, 5.99) ON CONFLICT DO NOTHING;
INSERT INTO packaging_variant (id, item_variant_id, name, packaging_level, volume_per_unit) VALUES ('7e76f0d7-ee18-49b5-b09d-6d645e781ef7', 'cf1708b2-596b-42a4-8727-266c91d699ae', 'Tertiary', 3, 6) ON CONFLICT DO NOTHING;
INSERT INTO item_variant (id, name, item_link_id, cold_storage_type_id) VALUES ('191dd56a-f908-4bff-b082-daac44ea01af', 'none (Chumakov Federal Scientific Center for Reserch & Development of Immune-And Biological Products)', 'db1c9160-59b7-4f13-885f-5dbb3c4b910f', (SELECT id FROM cold_storage_type WHERE name = '+5' or min_temperature = 2 and max_temperature = 8 LIMIT 1)) ON CONFLICT DO NOTHING;
INSERT INTO changelog (record_id, table_name, row_action) VALUES ('191dd56a-f908-4bff-b082-daac44ea01af', 'item_variant', 'UPSERT');INSERT INTO packaging_variant (id, item_variant_id, name, packaging_level, volume_per_unit) VALUES ('844d4dac-c6a0-4c86-8d0c-1f7b1e81a7d1', '191dd56a-f908-4bff-b082-daac44ea01af', 'Primary', 1, 0) ON CONFLICT DO NOTHING;
INSERT INTO packaging_variant (id, item_variant_id, name, packaging_level, volume_per_unit) VALUES ('35307d39-fce1-4eb6-ba92-13a77844ba6e', '191dd56a-f908-4bff-b082-daac44ea01af', 'Secondary', 2, 0) ON CONFLICT DO NOTHING;
INSERT INTO packaging_variant (id, item_variant_id, name, packaging_level, volume_per_unit) VALUES ('bb15a9b4-5c58-4071-a202-ddb2c30cb6ea', '191dd56a-f908-4bff-b082-daac44ea01af', 'Tertiary', 3, 0) ON CONFLICT DO NOTHING;
INSERT INTO bundled_item (id, principal_item_variant_id, bundled_item_variant_id, ratio) VALUES ('410be3d9-4051-40e8-9ddd-8a7bfaf7392b', 'cf1708b2-596b-42a4-8727-266c91d699ae', '191dd56a-f908-4bff-b082-daac44ea01af', 1) ON CONFLICT DO NOTHING;
INSERT INTO changelog (record_id, table_name, row_action) VALUES ('410be3d9-4051-40e8-9ddd-8a7bfaf7392b', 'bundled_item', 'UPSERT');INSERT INTO item (id, name, code, ven_category, type, legacy_record, is_active, is_vaccine, vaccine_doses, default_pack_size) VALUES ('8a34ad31-142a-4b46-861f-97e2298ea123', 'Yellow Fever - two vial set (active + excipient) - 50 doses', 'YEL-33-50', 'NOT_ASSIGNED', 'STOCK', '', 'True', 'True', 50, 1) ON CONFLICT DO NOTHING;
INSERT INTO item_link (id, item_id) VALUES ('8a34ad31-142a-4b46-861f-97e2298ea123', '8a34ad31-142a-4b46-861f-97e2298ea123') ON CONFLICT DO NOTHING;
INSERT INTO changelog (record_id, table_name, row_action) VALUES ('8a34ad31-142a-4b46-861f-97e2298ea123', 'item', 'UPSERT');INSERT INTO master_list_line (id, master_list_id, item_link_id) VALUES (uuid_in(md5(random()::text || random()::text)::cstring), '43491ce9-bc89-4ee5-988d-9dbb2856e398', '8a34ad31-142a-4b46-861f-97e2298ea123') ON CONFLICT DO NOTHING;
INSERT INTO item_variant (id, name, item_link_id, cold_storage_type_id) VALUES ('37a4f611-b12d-49e1-b962-3c40c1bfb878', 'Yellow Fever (Bio-Manguinhos/Fiocruz)', '8a34ad31-142a-4b46-861f-97e2298ea123', (SELECT id FROM cold_storage_type WHERE name = '+5' or min_temperature = 2 and max_temperature = 8 LIMIT 1)) ON CONFLICT DO NOTHING;
INSERT INTO changelog (record_id, table_name, row_action) VALUES ('37a4f611-b12d-49e1-b962-3c40c1bfb878', 'item_variant', 'UPSERT');INSERT INTO packaging_variant (id, item_variant_id, name, packaging_level, volume_per_unit) VALUES ('5dc3025d-9e22-4410-ad3b-480a66e22d55', '37a4f611-b12d-49e1-b962-3c40c1bfb878', 'Primary', 1, 0.63) ON CONFLICT DO NOTHING;
INSERT INTO packaging_variant (id, item_variant_id, name, packaging_level, volume_per_unit) VALUES ('0ca0f93c-5530-4fb9-b177-bc62cad7a568', '37a4f611-b12d-49e1-b962-3c40c1bfb878', 'Secondary', 2, 0.63) ON CONFLICT DO NOTHING;
INSERT INTO packaging_variant (id, item_variant_id, name, packaging_level, volume_per_unit) VALUES ('51809b36-11b0-4351-b395-db61810b2e5a', '37a4f611-b12d-49e1-b962-3c40c1bfb878', 'Tertiary', 3, 0.63) ON CONFLICT DO NOTHING;
INSERT INTO item (id, name, code, ven_category, type, legacy_record, is_active, is_vaccine, vaccine_doses, default_pack_size) VALUES ('98bdf3e0-9ec7-4962-ba82-98517e0eee8f', 'Yellow Fever - vial - 10 doses', 'YEL-4-10', 'NOT_ASSIGNED', 'STOCK', '', 'True', 'True', 10, 1) ON CONFLICT DO NOTHING;
INSERT INTO item_link (id, item_id) VALUES ('98bdf3e0-9ec7-4962-ba82-98517e0eee8f', '98bdf3e0-9ec7-4962-ba82-98517e0eee8f') ON CONFLICT DO NOTHING;
INSERT INTO changelog (record_id, table_name, row_action) VALUES ('98bdf3e0-9ec7-4962-ba82-98517e0eee8f', 'item', 'UPSERT');INSERT INTO master_list_line (id, master_list_id, item_link_id) VALUES (uuid_in(md5(random()::text || random()::text)::cstring), '43491ce9-bc89-4ee5-988d-9dbb2856e398', '98bdf3e0-9ec7-4962-ba82-98517e0eee8f') ON CONFLICT DO NOTHING;
INSERT INTO item_variant (id, name, item_link_id, cold_storage_type_id) VALUES ('785c3a91-11cf-486f-b922-f50e5e76a18f', 'Stabilized Yellow Fever Vaccine (Institut Pasteur de Dakar)', '98bdf3e0-9ec7-4962-ba82-98517e0eee8f', (SELECT id FROM cold_storage_type WHERE name = '+5' or min_temperature = 2 and max_temperature = 8 LIMIT 1)) ON CONFLICT DO NOTHING;
INSERT INTO changelog (record_id, table_name, row_action) VALUES ('785c3a91-11cf-486f-b922-f50e5e76a18f', 'item_variant', 'UPSERT');INSERT INTO packaging_variant (id, item_variant_id, name, packaging_level, volume_per_unit) VALUES ('01bd8dae-8948-476b-9a29-a20e52e12bb3', '785c3a91-11cf-486f-b922-f50e5e76a18f', 'Primary', 1, 1.4) ON CONFLICT DO NOTHING;
INSERT INTO packaging_variant (id, item_variant_id, name, packaging_level, volume_per_unit) VALUES ('1adc0131-0146-4705-9989-94baf9ea8176', '785c3a91-11cf-486f-b922-f50e5e76a18f', 'Secondary', 2, 1.4) ON CONFLICT DO NOTHING;
INSERT INTO packaging_variant (id, item_variant_id, name, packaging_level, volume_per_unit) VALUES ('357c531d-a7e6-4322-b34a-2500fcb3ab87', '785c3a91-11cf-486f-b922-f50e5e76a18f', 'Tertiary', 3, 1.4) ON CONFLICT DO NOTHING;
INSERT INTO item_variant (id, name, item_link_id, cold_storage_type_id) VALUES ('0c8a208a-52b0-4440-90df-fcf4e21e4134', 'STAMARIL (Sanofi Pasteur SA)', '98bdf3e0-9ec7-4962-ba82-98517e0eee8f', (SELECT id FROM cold_storage_type WHERE name = '+5' or min_temperature = 2 and max_temperature = 8 LIMIT 1)) ON CONFLICT DO NOTHING;
INSERT INTO changelog (record_id, table_name, row_action) VALUES ('0c8a208a-52b0-4440-90df-fcf4e21e4134', 'item_variant', 'UPSERT');INSERT INTO packaging_variant (id, item_variant_id, name, packaging_level, volume_per_unit) VALUES ('274d5c73-1f15-4cdd-a8a6-42b1a3a4539d', '0c8a208a-52b0-4440-90df-fcf4e21e4134', 'Primary', 1, 2.44) ON CONFLICT DO NOTHING;
INSERT INTO packaging_variant (id, item_variant_id, name, packaging_level, volume_per_unit) VALUES ('d80fa63a-2ce5-4d59-b51b-519d5e694845', '0c8a208a-52b0-4440-90df-fcf4e21e4134', 'Secondary', 2, 2.44) ON CONFLICT DO NOTHING;
INSERT INTO packaging_variant (id, item_variant_id, name, packaging_level, volume_per_unit) VALUES ('b545c104-8eb6-479d-b5a9-964aa4ef4490', '0c8a208a-52b0-4440-90df-fcf4e21e4134', 'Tertiary', 3, 7.2) ON CONFLICT DO NOTHING;
INSERT INTO item_variant (id, name, item_link_id, cold_storage_type_id) VALUES ('e8f37e2a-2a2d-4d63-becf-6e14d0f14812', 'STAMARIL (Sanofi Pasteur SA)', 'db1c9160-59b7-4f13-885f-5dbb3c4b910f', (SELECT id FROM cold_storage_type WHERE name = '+5' or min_temperature = 2 and max_temperature = 8 LIMIT 1)) ON CONFLICT DO NOTHING;
INSERT INTO changelog (record_id, table_name, row_action) VALUES ('e8f37e2a-2a2d-4d63-becf-6e14d0f14812', 'item_variant', 'UPSERT');INSERT INTO packaging_variant (id, item_variant_id, name, packaging_level, volume_per_unit) VALUES ('f44a42c0-98ed-4436-894d-648aa3354719', 'e8f37e2a-2a2d-4d63-becf-6e14d0f14812', 'Primary', 1, 4.8) ON CONFLICT DO NOTHING;
INSERT INTO packaging_variant (id, item_variant_id, name, packaging_level, volume_per_unit) VALUES ('5bbaec43-67ed-41d8-8962-a16597eeb08b', 'e8f37e2a-2a2d-4d63-becf-6e14d0f14812', 'Secondary', 2, 4.8) ON CONFLICT DO NOTHING;
INSERT INTO packaging_variant (id, item_variant_id, name, packaging_level, volume_per_unit) VALUES ('7c874bae-23e8-4b37-a2b0-d1483ea51d07', 'e8f37e2a-2a2d-4d63-becf-6e14d0f14812', 'Tertiary', 3, 0) ON CONFLICT DO NOTHING;
INSERT INTO bundled_item (id, principal_item_variant_id, bundled_item_variant_id, ratio) VALUES ('0f58b1d2-48c3-4669-9675-d8dd096a2e22', '0c8a208a-52b0-4440-90df-fcf4e21e4134', 'e8f37e2a-2a2d-4d63-becf-6e14d0f14812', 1) ON CONFLICT DO NOTHING;
INSERT INTO changelog (record_id, table_name, row_action) VALUES ('0f58b1d2-48c3-4669-9675-d8dd096a2e22', 'bundled_item', 'UPSERT');INSERT INTO item (id, name, code, ven_category, type, legacy_record, is_active, is_vaccine, vaccine_doses, default_pack_size) VALUES ('c40e2557-45b8-4162-8d80-f08c8e36f04d', 'Yellow Fever - vial - 20 doses', 'YEL-4-20', 'NOT_ASSIGNED', 'STOCK', '', 'True', 'True', 20, 1) ON CONFLICT DO NOTHING;
INSERT INTO item_link (id, item_id) VALUES ('c40e2557-45b8-4162-8d80-f08c8e36f04d', 'c40e2557-45b8-4162-8d80-f08c8e36f04d') ON CONFLICT DO NOTHING;
INSERT INTO changelog (record_id, table_name, row_action) VALUES ('c40e2557-45b8-4162-8d80-f08c8e36f04d', 'item', 'UPSERT');INSERT INTO master_list_line (id, master_list_id, item_link_id) VALUES (uuid_in(md5(random()::text || random()::text)::cstring), '43491ce9-bc89-4ee5-988d-9dbb2856e398', 'c40e2557-45b8-4162-8d80-f08c8e36f04d') ON CONFLICT DO NOTHING;
INSERT INTO item_variant (id, name, item_link_id, cold_storage_type_id) VALUES ('6e0f9663-0939-4e42-9718-9318ab5613c4', 'Stabilized Yellow Fever Vaccine (Institut Pasteur de Dakar)', 'c40e2557-45b8-4162-8d80-f08c8e36f04d', (SELECT id FROM cold_storage_type WHERE name = '+5' or min_temperature = 2 and max_temperature = 8 LIMIT 1)) ON CONFLICT DO NOTHING;
INSERT INTO changelog (record_id, table_name, row_action) VALUES ('6e0f9663-0939-4e42-9718-9318ab5613c4', 'item_variant', 'UPSERT');INSERT INTO packaging_variant (id, item_variant_id, name, packaging_level, volume_per_unit) VALUES ('0619969c-f002-4509-b1a8-3c90f0aa6c1d', '6e0f9663-0939-4e42-9718-9318ab5613c4', 'Primary', 1, 0.7) ON CONFLICT DO NOTHING;
INSERT INTO packaging_variant (id, item_variant_id, name, packaging_level, volume_per_unit) VALUES ('6f20f2a2-88af-45e0-b8c6-046e0f498ecb', '6e0f9663-0939-4e42-9718-9318ab5613c4', 'Secondary', 2, 0.7) ON CONFLICT DO NOTHING;
INSERT INTO packaging_variant (id, item_variant_id, name, packaging_level, volume_per_unit) VALUES ('fe4269c9-a0df-4ce8-b759-db7bdbb4b713', '6e0f9663-0939-4e42-9718-9318ab5613c4', 'Tertiary', 3, 0.7) ON CONFLICT DO NOTHING;
INSERT INTO item (id, name, code, ven_category, type, legacy_record, is_active, is_vaccine, vaccine_doses, default_pack_size) VALUES ('2a87184a-c468-4615-bc20-c6df27d99a55', 'Yellow Fever - vial - 5 doses', 'YEL-4-5', 'NOT_ASSIGNED', 'STOCK', '', 'True', 'True', 5, 1) ON CONFLICT DO NOTHING;
INSERT INTO item_link (id, item_id) VALUES ('2a87184a-c468-4615-bc20-c6df27d99a55', '2a87184a-c468-4615-bc20-c6df27d99a55') ON CONFLICT DO NOTHING;
INSERT INTO changelog (record_id, table_name, row_action) VALUES ('2a87184a-c468-4615-bc20-c6df27d99a55', 'item', 'UPSERT');INSERT INTO master_list_line (id, master_list_id, item_link_id) VALUES (uuid_in(md5(random()::text || random()::text)::cstring), '43491ce9-bc89-4ee5-988d-9dbb2856e398', '2a87184a-c468-4615-bc20-c6df27d99a55') ON CONFLICT DO NOTHING;
INSERT INTO item_variant (id, name, item_link_id, cold_storage_type_id) VALUES ('99a71016-3396-43b6-8756-af2d6b1b1344', 'Stabilized Yellow Fever Vaccine (Institut Pasteur de Dakar)', '2a87184a-c468-4615-bc20-c6df27d99a55', (SELECT id FROM cold_storage_type WHERE name = '+5' or min_temperature = 2 and max_temperature = 8 LIMIT 1)) ON CONFLICT DO NOTHING;
INSERT INTO changelog (record_id, table_name, row_action) VALUES ('99a71016-3396-43b6-8756-af2d6b1b1344', 'item_variant', 'UPSERT');INSERT INTO packaging_variant (id, item_variant_id, name, packaging_level, volume_per_unit) VALUES ('eaef1bb7-4b9a-4a02-9d8e-80c4e765e8a0', '99a71016-3396-43b6-8756-af2d6b1b1344', 'Primary', 1, 2.8) ON CONFLICT DO NOTHING;
INSERT INTO packaging_variant (id, item_variant_id, name, packaging_level, volume_per_unit) VALUES ('0b4336c2-79b2-4c28-9c47-60db6199628a', '99a71016-3396-43b6-8756-af2d6b1b1344', 'Secondary', 2, 2.8) ON CONFLICT DO NOTHING;
INSERT INTO packaging_variant (id, item_variant_id, name, packaging_level, volume_per_unit) VALUES ('fda0f725-ed4f-4337-85a6-03d7be1989d3', '99a71016-3396-43b6-8756-af2d6b1b1344', 'Tertiary', 3, 2.8) ON CONFLICT DO NOTHING;
INSERT INTO item (id, name, code, ven_category, type, legacy_record, is_active, is_vaccine, vaccine_doses, default_pack_size) VALUES ('7044ff2d-484b-4e69-8d91-bff1917e4558', 'Yellow Fever - vial + ampoule - 10 doses', 'YEL-14-10', 'NOT_ASSIGNED', 'STOCK', '', 'True', 'True', 10, 1) ON CONFLICT DO NOTHING;
INSERT INTO item_link (id, item_id) VALUES ('7044ff2d-484b-4e69-8d91-bff1917e4558', '7044ff2d-484b-4e69-8d91-bff1917e4558') ON CONFLICT DO NOTHING;
INSERT INTO changelog (record_id, table_name, row_action) VALUES ('7044ff2d-484b-4e69-8d91-bff1917e4558', 'item', 'UPSERT');INSERT INTO master_list_line (id, master_list_id, item_link_id) VALUES (uuid_in(md5(random()::text || random()::text)::cstring), '43491ce9-bc89-4ee5-988d-9dbb2856e398', '7044ff2d-484b-4e69-8d91-bff1917e4558') ON CONFLICT DO NOTHING;
INSERT INTO item_variant (id, name, item_link_id, cold_storage_type_id) VALUES ('8a6a2fc8-36b5-474d-9cf2-1f5a4d04a08a', 'Yellow Fever (Bio-Manguinhos/Fiocruz)', '7044ff2d-484b-4e69-8d91-bff1917e4558', (SELECT id FROM cold_storage_type WHERE name = '+5' or min_temperature = 2 and max_temperature = 8 LIMIT 1)) ON CONFLICT DO NOTHING;
INSERT INTO changelog (record_id, table_name, row_action) VALUES ('8a6a2fc8-36b5-474d-9cf2-1f5a4d04a08a', 'item_variant', 'UPSERT');INSERT INTO packaging_variant (id, item_variant_id, name, packaging_level, volume_per_unit) VALUES ('514c51ce-6ce7-45b4-8acb-5f99f58fee4e', '8a6a2fc8-36b5-474d-9cf2-1f5a4d04a08a', 'Primary', 1, 2.96) ON CONFLICT DO NOTHING;
INSERT INTO packaging_variant (id, item_variant_id, name, packaging_level, volume_per_unit) VALUES ('06e942b0-4d0e-4537-a2a9-8f1a72e690ec', '8a6a2fc8-36b5-474d-9cf2-1f5a4d04a08a', 'Secondary', 2, 2.96) ON CONFLICT DO NOTHING;
INSERT INTO packaging_variant (id, item_variant_id, name, packaging_level, volume_per_unit) VALUES ('70c9aaad-e71f-4617-815f-415d412ee5e0', '8a6a2fc8-36b5-474d-9cf2-1f5a4d04a08a', 'Tertiary', 3, 2.96) ON CONFLICT DO NOTHING;
INSERT INTO item (id, name, code, ven_category, type, legacy_record, is_active, is_vaccine, vaccine_doses, default_pack_size) VALUES ('88ce48fe-cc63-4747-ab32-610f10a37193', 'Yellow Fever - vial + ampoule - 5 doses', 'YEL-14-5', 'NOT_ASSIGNED', 'STOCK', '', 'True', 'True', 5, 1) ON CONFLICT DO NOTHING;
INSERT INTO item_link (id, item_id) VALUES ('88ce48fe-cc63-4747-ab32-610f10a37193', '88ce48fe-cc63-4747-ab32-610f10a37193') ON CONFLICT DO NOTHING;
INSERT INTO changelog (record_id, table_name, row_action) VALUES ('88ce48fe-cc63-4747-ab32-610f10a37193', 'item', 'UPSERT');INSERT INTO master_list_line (id, master_list_id, item_link_id) VALUES (uuid_in(md5(random()::text || random()::text)::cstring), '43491ce9-bc89-4ee5-988d-9dbb2856e398', '88ce48fe-cc63-4747-ab32-610f10a37193') ON CONFLICT DO NOTHING;
INSERT INTO item_variant (id, name, item_link_id, cold_storage_type_id) VALUES ('fc4f3a9a-6b99-4632-a7db-273773308762', 'Yellow Fever (Bio-Manguinhos/Fiocruz)', '88ce48fe-cc63-4747-ab32-610f10a37193', (SELECT id FROM cold_storage_type WHERE name = '+5' or min_temperature = 2 and max_temperature = 8 LIMIT 1)) ON CONFLICT DO NOTHING;
INSERT INTO changelog (record_id, table_name, row_action) VALUES ('fc4f3a9a-6b99-4632-a7db-273773308762', 'item_variant', 'UPSERT');INSERT INTO packaging_variant (id, item_variant_id, name, packaging_level, volume_per_unit) VALUES ('0ffc37c8-2d58-4811-8597-24bd9879e34e', 'fc4f3a9a-6b99-4632-a7db-273773308762', 'Primary', 1, 6.31) ON CONFLICT DO NOTHING;
INSERT INTO packaging_variant (id, item_variant_id, name, packaging_level, volume_per_unit) VALUES ('67ef2090-8003-45d3-9d2c-6b8b944851d1', 'fc4f3a9a-6b99-4632-a7db-273773308762', 'Secondary', 2, 6.31) ON CONFLICT DO NOTHING;
INSERT INTO packaging_variant (id, item_variant_id, name, packaging_level, volume_per_unit) VALUES ('4c21acd7-bb62-4e68-b927-8304fa10df4b', 'fc4f3a9a-6b99-4632-a7db-273773308762', 'Tertiary', 3, 6.31) ON CONFLICT DO NOTHING;
COMMIT;
